{"train_samples": 3, "test_samples": 200, "source_model": "intfloat/multilingual-e5-base", "source_dim": 768, "target_dim": 512, "test_results": {"bleu": 0.16, "bleu1": 17.53, "bleu2": 0.26, "bleu3": 0.02, "bleu4": 0.01, "rougeL": 0.1018, "rouge1": 0.1197, "rouge2": 0.0026, "exact_match": 0.0}, "loss": {"X_Y_COS": 1.0, "X_Y_MSEloss": 5.49544811783223e-16, "X_Y_test_COS": 0.8999936580657959, "X_Y_test_MSEloss": 0.0006206772523000836, "X_Y_val_COS": 0.9010499119758606, "X_Y_val_MSEloss": 0.0006361797568388283}}