{"train_samples": 1000, "test_samples": 200, "source_model": "text-embedding-3-large", "source_dim": 3072, "target_dim": 512, "test_results": {"bleu": 0.18, "bleu1": 11.72, "bleu2": 0.66, "bleu3": 0.02, "bleu4": 0.01, "rougeL": 0.0919, "rouge1": 0.1034, "rouge2": 0.0065, "exact_match": 0.0}, "loss": {"X_Y_COS": 0.995570182800293, "X_Y_MSEloss": 3.3097716368502006e-05, "X_Y_test_COS": 0.8486979603767395, "X_Y_test_MSEloss": 0.001121734268963337, "X_Y_val_COS": 0.8533908128738403, "X_Y_val_MSEloss": 0.0010908000404015183}}