{"train_samples": 40, "test_samples": 200, "source_model": "sentence-transformers/gtr-t5-base", "source_dim": 768, "target_dim": 512, "test_results": {"bleu": 1.99, "bleu1": 21.8, "bleu2": 2.67, "bleu3": 0.83, "bleu4": 0.33, "rougeL": 0.1349, "rouge1": 0.1847, "rouge2": 0.0288, "exact_match": 0.0}, "loss": {"X_Y_COS": 1.0, "X_Y_MSEloss": 8.172728681689941e-16, "X_Y_test_COS": 0.8643401861190796, "X_Y_test_MSEloss": 0.0005111492937430739, "X_Y_val_COS": 0.8568505644798279, "X_Y_val_MSEloss": 0.0005333757144398987}}