{"train_samples": 40, "test_samples": 200, "source_model": "sentence-transformers/gtr-t5-base", "source_dim": 768, "target_dim": 512, "test_results": {"bleu": 0.1, "bleu1": 11.58, "bleu2": 0.12, "bleu3": 0.02, "bleu4": 0.01, "rougeL": 0.0102, "rouge1": 0.0105, "rouge2": 0.0, "exact_match": 0.0}, "loss": {"X_Y_COS": 1.0, "X_Y_MSEloss": 4.086155716630062e-14, "X_Y_test_COS": 0.8884735703468323, "X_Y_test_MSEloss": 0.0006612418219447136, "X_Y_val_COS": 0.8838840126991272, "X_Y_val_MSEloss": 0.0007120834197849035}}