{"train_samples": 3, "test_samples": 200, "source_model": "text-embedding-3-large", "source_dim": 3072, "target_dim": 512, "test_results": {"bleu": 0.07, "bleu1": 13.46, "bleu2": 0.06, "bleu3": 0.02, "bleu4": 0.01, "rougeL": 0.1001, "rouge1": 0.1148, "rouge2": 0.001, "exact_match": 0.0}, "loss": {"X_Y_COS": 0.9999999403953552, "X_Y_MSEloss": 2.0861073979361322e-10, "X_Y_test_COS": 0.777006208896637, "X_Y_test_MSEloss": 0.0029962253756821156, "X_Y_val_COS": 0.7838295102119446, "X_Y_val_MSEloss": 0.0029674675315618515}}