{"train_samples": 500, "test_samples": 200, "source_model": "text-embedding-ada-002", "source_dim": 1536, "target_dim": 512, "test_results": {"bleu": 0.17, "bleu1": 14.47, "bleu2": 0.61, "bleu3": 0.02, "bleu4": 0.01, "rougeL": 0.1045, "rouge1": 0.1292, "rouge2": 0.0075, "exact_match": 0.0}, "loss": {"X_Y_COS": 0.9721079468727112, "X_Y_MSEloss": 0.00010804168414324522, "X_Y_test_COS": 0.875140905380249, "X_Y_test_MSEloss": 0.00046941442997194827, "X_Y_val_COS": 0.8757467269897461, "X_Y_val_MSEloss": 0.00046719692181795835}}