{"train_samples": 500, "test_samples": 200, "source_model": "sentence-transformers/all-MiniLM-L6-v2", "source_dim": 384, "target_dim": 512, "test_results": {"bleu": 0.76, "bleu1": 17.68, "bleu2": 1.5, "bleu3": 0.24, "bleu4": 0.08, "rougeL": 0.1236, "rouge1": 0.1548, "rouge2": 0.0146, "exact_match": 0.0}, "loss": {"X_Y_COS": 0.9816211462020874, "X_Y_MSEloss": 0.0001062095325323753, "X_Y_test_COS": 0.5232983827590942, "X_Y_test_MSEloss": 0.0023060301318764687, "X_Y_val_COS": 0.5709397792816162, "X_Y_val_MSEloss": 0.0021749846637248993}}