{"train_samples": 5, "test_samples": 200, "source_model": "intfloat/multilingual-e5-base", "source_dim": 768, "target_dim": 512, "test_results": {"bleu": 0.19, "bleu1": 11.28, "bleu2": 0.6, "bleu3": 0.02, "bleu4": 0.01, "rougeL": 0.0983, "rouge1": 0.113, "rouge2": 0.0061, "exact_match": 0.0}, "loss": {"X_Y_COS": 1.0, "X_Y_MSEloss": 5.024571385146132e-16, "X_Y_test_COS": 0.8861919045448303, "X_Y_test_MSEloss": 0.0004202815762255341, "X_Y_val_COS": 0.8841213583946228, "X_Y_val_MSEloss": 0.00042792281601577997}}