{"train_samples": 20, "test_samples": 200, "source_model": "sentence-transformers/gtr-t5-base", "source_dim": 768, "target_dim": 512, "test_results": {"bleu": 0.11, "bleu1": 14.6, "bleu2": 0.04, "bleu3": 0.02, "bleu4": 0.01, "rougeL": 0.0007, "rouge1": 0.0007, "rouge2": 0.0, "exact_match": 0.0}, "loss": {"X_Y_COS": 0.9929723739624023, "X_Y_MSEloss": 2.680870602489449e-05, "X_Y_test_COS": 0.8601322174072266, "X_Y_test_MSEloss": 0.0005317869945429265, "X_Y_val_COS": 0.8615580797195435, "X_Y_val_MSEloss": 0.0005353768356144428}}