{"train_samples": 40, "test_samples": 200, "source_model": "google/flan-t5-base", "source_dim": 768, "target_dim": 512, "test_results": {"bleu": 0.11, "bleu1": 13.12, "bleu2": 0.11, "bleu3": 0.02, "bleu4": 0.01, "rougeL": 0.0212, "rouge1": 0.0229, "rouge2": 0.0003, "exact_match": 0.0}, "loss": {"X_Y_COS": 1.0, "X_Y_MSEloss": 1.756402369466198e-13, "X_Y_test_COS": 0.8914353847503662, "X_Y_test_MSEloss": 0.0004046047106385231, "X_Y_val_COS": 0.886399507522583, "X_Y_val_MSEloss": 0.00042074694647453725}}