{"train_samples": 500, "test_samples": 200, "source_model": "google-bert/bert-base-multilingual-cased", "source_dim": 768, "target_dim": 512, "test_results": {"bleu": 0.73, "bleu1": 16.52, "bleu2": 1.28, "bleu3": 0.39, "bleu4": 0.21, "rougeL": 0.053, "rouge1": 0.062, "rouge2": 0.0071, "exact_match": 0.0}, "loss": {"X_Y_COS": 0.9785169959068298, "X_Y_MSEloss": 0.00015888357302173972, "X_Y_test_COS": 0.8977034091949463, "X_Y_test_MSEloss": 0.0007629241445101798, "X_Y_val_COS": 0.8882079720497131, "X_Y_val_MSEloss": 0.000834113045129925}}