{"train_samples": 1000, "test_samples": 200, "source_model": "google/mt5-base", "source_dim": 768, "target_dim": 512, "test_results": {"bleu": 0.13, "bleu1": 13.15, "bleu2": 0.16, "bleu3": 0.02, "bleu4": 0.01, "rougeL": 0.0593, "rouge1": 0.0683, "rouge2": 0.0013, "exact_match": 0.0}, "loss": {"X_Y_COS": 0.9505696892738342, "X_Y_MSEloss": 0.0004072567680850625, "X_Y_test_COS": 0.8851010203361511, "X_Y_test_MSEloss": 0.0009199624182656407, "X_Y_val_COS": 0.881161630153656, "X_Y_val_MSEloss": 0.0009848343906924129}}