{"train_samples": 1000, "test_samples": 200, "source_model": "google/mt5-base", "source_dim": 768, "target_dim": 512, "test_results": {"bleu": 0.13, "bleu1": 14.32, "bleu2": 0.2, "bleu3": 0.02, "bleu4": 0.01, "rougeL": 0.0531, "rouge1": 0.0614, "rouge2": 0.0012, "exact_match": 0.0}, "loss": {"X_Y_COS": 0.9472529888153076, "X_Y_MSEloss": 0.00020208812202326953, "X_Y_test_COS": 0.8675826191902161, "X_Y_test_MSEloss": 0.0004990057786926627, "X_Y_val_COS": 0.8693295121192932, "X_Y_val_MSEloss": 0.0004912769072689116}}