{"train_samples": 500, "test_samples": 200, "source_model": "sentence-transformers/gtr-t5-base", "source_dim": 768, "target_dim": 512, "test_results": {"bleu": 0.17, "bleu1": 15.95, "bleu2": 0.63, "bleu3": 0.02, "bleu4": 0.01, "rougeL": 0.1163, "rouge1": 0.1467, "rouge2": 0.0083, "exact_match": 0.0}, "loss": {"X_Y_COS": 0.992907702922821, "X_Y_MSEloss": 4.754600013257004e-05, "X_Y_test_COS": 0.8776459693908691, "X_Y_test_MSEloss": 0.0008701320621185005, "X_Y_val_COS": 0.8800210356712341, "X_Y_val_MSEloss": 0.0008607433992438018}}