{"train_samples": 100, "test_samples": 200, "source_model": "google-bert/bert-base-multilingual-cased", "source_dim": 768, "target_dim": 512, "test_results": {"bleu": 2.73, "bleu1": 25.26, "bleu2": 3.24, "bleu3": 1.03, "bleu4": 0.72, "rougeL": 0.1507, "rouge1": 0.1966, "rouge2": 0.0306, "exact_match": 0.0}, "loss": {"X_Y_COS": 1.0, "X_Y_MSEloss": 5.021874235899837e-11, "X_Y_test_COS": 0.8264713287353516, "X_Y_test_MSEloss": 0.0006478713476099074, "X_Y_val_COS": 0.818505585193634, "X_Y_val_MSEloss": 0.0006775236688554287}}