{"train_samples": 50, "test_samples": 200, "source_model": "google-bert/bert-base-multilingual-cased", "source_dim": 768, "target_dim": 512, "test_results": {"bleu": 1.25, "bleu1": 22.29, "bleu2": 2.63, "bleu3": 0.43, "bleu4": 0.13, "rougeL": 0.1413, "rouge1": 0.1823, "rouge2": 0.0295, "exact_match": 0.0}, "loss": {"X_Y_COS": 1.0, "X_Y_MSEloss": 1.1429499924622832e-12, "X_Y_test_COS": 0.8204755783081055, "X_Y_test_MSEloss": 0.0006513249245472252, "X_Y_val_COS": 0.8174362182617188, "X_Y_val_MSEloss": 0.0006615979946218431}}