{"train_samples": 100, "test_samples": 200, "source_model": "text-embedding-ada-002", "source_dim": 1536, "target_dim": 512, "test_results": {"bleu": 1.31, "bleu1": 18.43, "bleu2": 1.19, "bleu3": 0.61, "bleu4": 0.36, "rougeL": 0.1073, "rouge1": 0.1449, "rouge2": 0.0114, "exact_match": 0.0}, "loss": {"X_Y_COS": 0.9150088429450989, "X_Y_MSEloss": 0.00034566569956950843, "X_Y_test_COS": 0.9099557399749756, "X_Y_test_MSEloss": 0.0003620829957071692, "X_Y_val_COS": 0.9124113321304321, "X_Y_val_MSEloss": 0.00035522851976566017, "reg_lambda": 10}}