{"train_samples": 100, "test_samples": 200, "source_model": "text-embedding-3-large", "source_dim": 3072, "target_dim": 512, "test_results": {"bleu": 0.19, "bleu1": 16.63, "bleu2": 0.7, "bleu3": 0.02, "bleu4": 0.01, "rougeL": 0.122, "rouge1": 0.1597, "rouge2": 0.0104, "exact_match": 0.0}, "loss": {"X_Y_COS": 1.0, "X_Y_MSEloss": 6.971838403357737e-15, "X_Y_test_COS": 0.9276227355003357, "X_Y_test_MSEloss": 0.0002913164789788425, "X_Y_val_COS": 0.928513765335083, "X_Y_val_MSEloss": 0.00028615150949917734}}