{"epoch": 0, "dev_acc": 61.0, "test_acc": 56.99999999999999, "test_f1": 56.879999999999995, "test_roc": 73.78}