{"train_samples": 3, "test_samples": 200, "source_model": "google/flan-t5-base", "source_dim": 768, "target_dim": 512, "test_results": {"bleu": 0.21, "bleu1": 15.97, "bleu2": 0.56, "bleu3": 0.02, "bleu4": 0.01, "rougeL": 0.0729, "rouge1": 0.0807, "rouge2": 0.0045, "exact_match": 0.0}, "loss": {"X_Y_COS": 1.0, "X_Y_MSEloss": 2.366715157187116e-10, "X_Y_test_COS": 0.8200259208679199, "X_Y_test_MSEloss": 0.0016532745212316513, "X_Y_val_COS": 0.8234564661979675, "X_Y_val_MSEloss": 0.0016115139005705714}}