{"train_samples": 10, "test_samples": 200, "source_model": "intfloat/multilingual-e5-base", "source_dim": 768, "target_dim": 512, "test_results": {"bleu": 0.18, "bleu1": 12.87, "bleu2": 1.03, "bleu3": 0.01, "bleu4": 0.01, "rougeL": 0.0872, "rouge1": 0.0984, "rouge2": 0.0097, "exact_match": 0.0}, "loss": {"X_Y_COS": 1.0, "X_Y_MSEloss": 2.098490033746402e-15, "X_Y_test_COS": 0.8330460786819458, "X_Y_test_MSEloss": 0.0005984613089822233, "X_Y_val_COS": 0.8435388207435608, "X_Y_val_MSEloss": 0.0005637529538944364}}