{"train_samples": 100, "test_samples": 200, "source_model": "sentence-transformers/gtr-t5-base", "source_dim": 768, "target_dim": 512, "test_results": {"bleu": 0.12, "bleu1": 10.57, "bleu2": 0.11, "bleu3": 0.02, "bleu4": 0.01, "rougeL": 0.0131, "rouge1": 0.0135, "rouge2": 0.0, "exact_match": 0.0}, "loss": {"X_Y_COS": 0.9735713005065918, "X_Y_MSEloss": 9.790969488676637e-05, "X_Y_test_COS": 0.7901639938354492, "X_Y_test_MSEloss": 0.0007790201925672591, "X_Y_val_COS": 0.7943657636642456, "X_Y_val_MSEloss": 0.0007544646505266428}}