{"train_samples": 500, "test_samples": 200, "source_model": "google-bert/bert-base-multilingual-cased", "source_dim": 768, "target_dim": 512, "test_results": {"bleu": 0.4, "bleu1": 23.84, "bleu2": 1.25, "bleu3": 0.07, "bleu4": 0.04, "rougeL": 0.1111, "rouge1": 0.1342, "rouge2": 0.0057, "exact_match": 0.0}, "loss": {"X_Y_COS": 0.9656490087509155, "X_Y_MSEloss": 0.00013286092143971473, "X_Y_test_COS": 0.8269861936569214, "X_Y_test_MSEloss": 0.0006743255071341991, "X_Y_val_COS": 0.8282002806663513, "X_Y_val_MSEloss": 0.0006641611107625067}}