{"train_samples": 1, "test_samples": 200, "source_model": "google/mt5-base", "source_dim": 768, "target_dim": 512, "test_results": {"bleu": 0.06, "bleu1": 3.63, "bleu2": 0.03, "bleu3": 0.01, "bleu4": 0.01, "rougeL": 0.0384, "rouge1": 0.0389, "rouge2": 0.0003, "exact_match": 0.0}, "loss": {"X_Y_COS": 0.9999998807907104, "X_Y_MSEloss": 7.539375412550503e-17, "X_Y_test_COS": 0.7486278414726257, "X_Y_test_MSEloss": 0.0018028640188276768, "X_Y_val_COS": 0.7496750354766846, "X_Y_val_MSEloss": 0.0018940552836284041}}