{"train_samples": 20, "test_samples": 200, "source_model": "intfloat/multilingual-e5-base", "source_dim": 768, "target_dim": 512, "test_results": {"bleu": 0.07, "bleu1": 7.56, "bleu2": 0.03, "bleu3": 0.02, "bleu4": 0.01, "rougeL": 0.0711, "rouge1": 0.0842, "rouge2": 0.0009, "exact_match": 0.0}, "loss": {"X_Y_COS": 1.0, "X_Y_MSEloss": 5.5905092702498646e-14, "X_Y_test_COS": 0.8990353345870972, "X_Y_test_MSEloss": 0.0003743126871995628, "X_Y_val_COS": 0.9001933336257935, "X_Y_val_MSEloss": 0.00037057106965221465}}