{"train_samples": 30, "test_samples": 200, "source_model": "text-embedding-3-large", "source_dim": 3072, "target_dim": 512, "test_results": {"bleu": 0.11, "bleu1": 13.35, "bleu2": 0.17, "bleu3": 0.02, "bleu4": 0.01, "rougeL": 0.0513, "rouge1": 0.0571, "rouge2": 0.0017, "exact_match": 0.0}, "loss": {"X_Y_COS": 1.0, "X_Y_MSEloss": 3.685567143747753e-16, "X_Y_test_COS": 0.8827728033065796, "X_Y_test_MSEloss": 0.0004705383616965264, "X_Y_val_COS": 0.8807929754257202, "X_Y_val_MSEloss": 0.0004694479866884649}}