{"train_samples": 5, "test_samples": 200, "source_model": "sentence-transformers/gtr-t5-base", "source_dim": 768, "target_dim": 512, "test_results": {"bleu": 0.15, "bleu1": 13.84, "bleu2": 0.33, "bleu3": 0.02, "bleu4": 0.01, "rougeL": 0.0766, "rouge1": 0.0882, "rouge2": 0.0031, "exact_match": 0.0}, "loss": {"X_Y_COS": 1.0, "X_Y_MSEloss": 1.690304424206701e-10, "X_Y_test_COS": 0.914423942565918, "X_Y_test_MSEloss": 0.0008035945938900113, "X_Y_val_COS": 0.9129366874694824, "X_Y_val_MSEloss": 0.0008015944040380418}}