{"train_samples": 5, "test_samples": 200, "source_model": "sentence-transformers/gtr-t5-base", "source_dim": 768, "target_dim": 512, "test_results": {"bleu": 0.13, "bleu1": 14.46, "bleu2": 0.28, "bleu3": 0.02, "bleu4": 0.01, "rougeL": 0.0798, "rouge1": 0.0916, "rouge2": 0.003, "exact_match": 0.0}, "loss": {"X_Y_COS": 1.0, "X_Y_MSEloss": 4.100672844906464e-16, "X_Y_test_COS": 0.8878368735313416, "X_Y_test_MSEloss": 0.0007021137862466276, "X_Y_val_COS": 0.8875964879989624, "X_Y_val_MSEloss": 0.0006870021461509168}}