{"train_samples": 30, "test_samples": 200, "source_model": "sentence-transformers/gtr-t5-base", "source_dim": 768, "target_dim": 512, "test_results": {"bleu": 0.09, "bleu1": 7.65, "bleu2": 0.06, "bleu3": 0.02, "bleu4": 0.01, "rougeL": 0.0587, "rouge1": 0.0667, "rouge2": 0.0014, "exact_match": 0.0}, "loss": {"X_Y_COS": 1.0, "X_Y_MSEloss": 1.5284265172943456e-11, "X_Y_test_COS": 0.860624372959137, "X_Y_test_MSEloss": 0.0010651306947693229, "X_Y_val_COS": 0.8535088300704956, "X_Y_val_MSEloss": 0.001155329286120832}}