{"train_samples": 10, "test_samples": 200, "source_model": "google-t5/t5-base", "source_dim": 768, "target_dim": 512, "test_results": {"bleu": 0.22, "bleu1": 20.71, "bleu2": 1.04, "bleu3": 0.03, "bleu4": 0.02, "rougeL": 0.1081, "rouge1": 0.1207, "rouge2": 0.0078, "exact_match": 0.0}, "loss": {"X_Y_COS": 1.0, "X_Y_MSEloss": 2.1438069375268043e-10, "X_Y_test_COS": 0.9057884216308594, "X_Y_test_MSEloss": 0.0008529549813829362, "X_Y_val_COS": 0.9105468392372131, "X_Y_val_MSEloss": 0.000834226724691689}}