{"train_samples": 50, "test_samples": 200, "source_model": "google-bert/bert-base-multilingual-cased", "source_dim": 768, "target_dim": 512, "test_results": {"bleu": 0.53, "bleu1": 16.09, "bleu2": 0.96, "bleu3": 0.17, "bleu4": 0.09, "rougeL": 0.0594, "rouge1": 0.0678, "rouge2": 0.0063, "exact_match": 0.0}, "loss": {"X_Y_COS": 1.0, "X_Y_MSEloss": 3.4856557744322725e-13, "X_Y_test_COS": 0.8624246716499329, "X_Y_test_MSEloss": 0.0005085026496089995, "X_Y_val_COS": 0.8634617924690247, "X_Y_val_MSEloss": 0.0005055597866885364}}