{"train_samples": 1, "test_samples": 200, "source_model": "google-t5/t5-base", "source_dim": 768, "target_dim": 512, "test_results": {"bleu": 0.19, "bleu1": 16.87, "bleu2": 1.25, "bleu3": 0.01, "bleu4": 0.01, "rougeL": 0.1259, "rouge1": 0.1454, "rouge2": 0.0115, "exact_match": 0.0}, "loss": {"X_Y_COS": 1.0, "X_Y_MSEloss": 5.560709094742418e-17, "X_Y_test_COS": 0.7809088826179504, "X_Y_test_MSEloss": 0.0016312673687934875, "X_Y_val_COS": 0.7854795455932617, "X_Y_val_MSEloss": 0.0015754303894937038}}