{"train_samples": 5, "test_samples": 200, "source_model": "google-bert/bert-base-multilingual-cased", "source_dim": 768, "target_dim": 512, "test_results": {"bleu": 0.24, "bleu1": 19.5, "bleu2": 0.73, "bleu3": 0.02, "bleu4": 0.01, "rougeL": 0.0977, "rouge1": 0.1195, "rouge2": 0.0078, "exact_match": 0.0}, "loss": {"X_Y_COS": 1.0, "X_Y_MSEloss": 3.3328806239611914e-16, "X_Y_test_COS": 0.8133279085159302, "X_Y_test_MSEloss": 0.0006799566326662898, "X_Y_val_COS": 0.8191202878952026, "X_Y_val_MSEloss": 0.0006661327206529677}}