{"train_samples": 10, "test_samples": 200, "source_model": "intfloat/multilingual-e5-base", "source_dim": 768, "target_dim": 512, "test_results": {"bleu": 0.2, "bleu1": 18.91, "bleu2": 0.76, "bleu3": 0.03, "bleu4": 0.02, "rougeL": 0.0927, "rouge1": 0.102, "rouge2": 0.0034, "exact_match": 0.0}, "loss": {"X_Y_COS": 1.0, "X_Y_MSEloss": 2.6818882113325377e-15, "X_Y_test_COS": 0.8970465660095215, "X_Y_test_MSEloss": 0.0003817796241492033, "X_Y_val_COS": 0.9030383825302124, "X_Y_val_MSEloss": 0.0003610123530961573}}