{"train_samples": 1000, "test_samples": 200, "source_model": "sentence-transformers/gtr-t5-base", "source_dim": 768, "target_dim": 512, "test_results": {"bleu": 0.2, "bleu1": 10.32, "bleu2": 0.3, "bleu3": 0.03, "bleu4": 0.02, "rougeL": 0.0615, "rouge1": 0.0708, "rouge2": 0.0018, "exact_match": 0.0}, "loss": {"X_Y_COS": 0.9042895436286926, "X_Y_MSEloss": 0.0004420103214215487, "X_Y_test_COS": 0.012422923929989338, "X_Y_test_MSEloss": 0.007868216373026371, "X_Y_val_COS": 0.048163335770368576, "X_Y_val_MSEloss": 0.008776694536209106}}