{"train_samples": 100, "test_samples": 200, "source_model": "google/mt5-base", "source_dim": 768, "target_dim": 512, "test_results": {"bleu": 0.21, "bleu1": 20.82, "bleu2": 1.0, "bleu3": 0.02, "bleu4": 0.01, "rougeL": 0.1275, "rouge1": 0.1659, "rouge2": 0.0141, "exact_match": 0.0}, "loss": {"X_Y_COS": 0.9999998211860657, "X_Y_MSEloss": 6.537833052711051e-10, "X_Y_test_COS": 0.8841220140457153, "X_Y_test_MSEloss": 0.00043861300218850374, "X_Y_val_COS": 0.8897955417633057, "X_Y_val_MSEloss": 0.00041562027763575315}}