{"train_samples": 100, "test_samples": 200, "source_model": "google/mt5-base", "source_dim": 768, "target_dim": 512, "test_results": {"bleu": 0.14, "bleu1": 11.92, "bleu2": 0.28, "bleu3": 0.02, "bleu4": 0.01, "rougeL": 0.0604, "rouge1": 0.069, "rouge2": 0.0075, "exact_match": 0.0}, "loss": {"X_Y_COS": 0.9999998211860657, "X_Y_MSEloss": 5.098317878982073e-10, "X_Y_test_COS": 0.8856161832809448, "X_Y_test_MSEloss": 0.0004348931252025068, "X_Y_val_COS": 0.8814078569412231, "X_Y_val_MSEloss": 0.00044884043745696545}}