{"train_samples": 10, "test_samples": 200, "source_model": "text-embedding-3-large", "source_dim": 3072, "target_dim": 512, "test_results": {"bleu": 0.47, "bleu1": 18.37, "bleu2": 1.05, "bleu3": 0.11, "bleu4": 0.02, "rougeL": 0.1205, "rouge1": 0.1583, "rouge2": 0.0119, "exact_match": 0.0}, "loss": {"X_Y_COS": 1.0, "X_Y_MSEloss": 1.3673134059845977e-16, "X_Y_test_COS": 0.8216514587402344, "X_Y_test_MSEloss": 0.0011090711923316121, "X_Y_val_COS": 0.8261865973472595, "X_Y_val_MSEloss": 0.001113683101721108}}