{"train_samples": 500, "test_samples": 200, "source_model": "google-bert/bert-base-multilingual-cased", "source_dim": 768, "target_dim": 512, "test_results": {"bleu": 0.57, "bleu1": 23.66, "bleu2": 1.86, "bleu3": 0.24, "bleu4": 0.01, "rougeL": 0.1427, "rouge1": 0.1938, "rouge2": 0.0231, "exact_match": 0.0}, "loss": {"X_Y_COS": 0.9795995950698853, "X_Y_MSEloss": 7.959187496453524e-05, "X_Y_test_COS": 0.893578290939331, "X_Y_test_MSEloss": 0.0004120179219171405, "X_Y_val_COS": 0.8959909081459045, "X_Y_val_MSEloss": 0.0004036645113956183}}