{"train_samples": 50, "test_samples": 200, "source_model": "google/mt5-base", "source_dim": 768, "target_dim": 512, "test_results": {"bleu": 0.18, "bleu1": 14.82, "bleu2": 0.71, "bleu3": 0.02, "bleu4": 0.01, "rougeL": 0.1067, "rouge1": 0.1363, "rouge2": 0.0075, "exact_match": 0.0}, "loss": {"X_Y_COS": 1.0, "X_Y_MSEloss": 1.1753873048470087e-11, "X_Y_test_COS": 0.903494119644165, "X_Y_test_MSEloss": 0.0003627565165515989, "X_Y_val_COS": 0.9049345254898071, "X_Y_val_MSEloss": 0.0003571859560906887}}