{"train_samples": 100, "test_samples": 200, "source_model": "text-embedding-ada-002", "source_dim": 1536, "target_dim": 512, "test_results": {"bleu": 0.08, "bleu1": 11.18, "bleu2": 0.03, "bleu3": 0.02, "bleu4": 0.01, "rougeL": 0.0404, "rouge1": 0.0446, "rouge2": 0.0, "exact_match": 0.0}, "loss": {"X_Y_COS": 1.0, "X_Y_MSEloss": 2.2386709153110473e-10, "X_Y_test_COS": 0.8519970774650574, "X_Y_test_MSEloss": 0.000540853594429791, "X_Y_val_COS": 0.8506845831871033, "X_Y_val_MSEloss": 0.0005455843056552112}}