{"train_samples": 30, "test_samples": 200, "source_model": "text-embedding-ada-002", "source_dim": 1536, "target_dim": 512, "test_results": {"bleu": 1.09, "bleu1": 20.61, "bleu2": 2.15, "bleu3": 0.38, "bleu4": 0.09, "rougeL": 0.135, "rouge1": 0.1719, "rouge2": 0.0254, "exact_match": 0.0}, "loss": {"X_Y_COS": 1.0, "X_Y_MSEloss": 1.3063821671568249e-13, "X_Y_test_COS": 0.8335580229759216, "X_Y_test_MSEloss": 0.0005966767785139382, "X_Y_val_COS": 0.8303678035736084, "X_Y_val_MSEloss": 0.0006073222029954195}}