{"train_samples": 1000, "test_samples": 200, "source_model": "random", "source_dim": 768, "target_dim": 512, "test_results": {"bleu": 0.12, "bleu1": 11.73, "bleu2": 0.4, "bleu3": 0.01, "bleu4": 0.01, "rougeL": 0.066, "rouge1": 0.0823, "rouge2": 0.0029, "exact_match": 0.0}, "loss": {"X_Y_COS": 0.6708813309669495, "X_Y_MSEloss": 0.0016692705685272813, "X_Y_test_COS": -0.04824589192867279, "X_Y_test_MSEloss": 0.0019977230112999678, "X_Y_val_COS": 0.006220836658030748, "X_Y_val_MSEloss": 0.0019709111656993628, "reg_lambda": 10}}