{"train_samples": 40, "test_samples": 200, "source_model": "google-bert/bert-base-multilingual-cased", "source_dim": 768, "target_dim": 512, "test_results": {"bleu": 0.86, "bleu1": 20.52, "bleu2": 1.31, "bleu3": 0.26, "bleu4": 0.11, "rougeL": 0.1172, "rouge1": 0.1493, "rouge2": 0.0115, "exact_match": 0.0}, "loss": {"X_Y_COS": 1.0, "X_Y_MSEloss": 1.0517754473349933e-13, "X_Y_test_COS": 0.8776044249534607, "X_Y_test_MSEloss": 0.000455788365798071, "X_Y_val_COS": 0.8742818832397461, "X_Y_val_MSEloss": 0.0004680336860474199}}