{"train_samples": 500, "test_samples": 200, "source_model": "sentence-transformers/gtr-t5-base", "source_dim": 768, "target_dim": 512, "test_results": {"bleu": 0.26, "bleu1": 14.0, "bleu2": 0.83, "bleu3": 0.04, "bleu4": 0.02, "rougeL": 0.0731, "rouge1": 0.0845, "rouge2": 0.0074, "exact_match": 0.0}, "loss": {"X_Y_COS": 0.9887328147888184, "X_Y_MSEloss": 4.4185864680912346e-05, "X_Y_test_COS": 0.8602699041366577, "X_Y_test_MSEloss": 0.0005658745067194104, "X_Y_val_COS": 0.8563979864120483, "X_Y_val_MSEloss": 0.0005851722089573741}}