{"train_samples": 1000, "test_samples": 200, "source_model": "text-embedding-ada-002", "source_dim": 1536, "target_dim": 512, "test_results": {"bleu": 26.5, "bleu1": 43.98, "bleu2": 26.55, "bleu3": 23.08, "bleu4": 21.1, "rougeL": 0.3822, "rouge1": 0.4325, "rouge2": 0.2713, "exact_match": 0.0}, "loss": {"X_Y_COS": 0.9529216289520264, "X_Y_MSEloss": 0.00018028644262813032, "X_Y_test_COS": 0.9367280602455139, "X_Y_test_MSEloss": 0.00023883875110186636, "X_Y_val_COS": 0.9365294575691223, "X_Y_val_MSEloss": 0.00023990566842257977, "reg_lambda": 1}}