{"train_samples": 100, "test_samples": 200, "source_model": "google-bert/bert-base-multilingual-cased", "source_dim": 768, "target_dim": 512, "test_results": {"bleu": 0.11, "bleu1": 8.93, "bleu2": 0.07, "bleu3": 0.02, "bleu4": 0.01, "rougeL": 0.008, "rouge1": 0.008, "rouge2": 0.0, "exact_match": 0.0}, "loss": {"X_Y_COS": 1.0, "X_Y_MSEloss": 1.0673652933723687e-10, "X_Y_test_COS": 0.8343456983566284, "X_Y_test_MSEloss": 0.0006199486670084298, "X_Y_val_COS": 0.8355976939201355, "X_Y_val_MSEloss": 0.0006163025391288102}}