{"train_samples": 100, "test_samples": 200, "source_model": "google/mt5-base", "source_dim": 768, "target_dim": 512, "test_results": {"bleu": 3.15, "bleu1": 25.76, "bleu2": 4.29, "bleu3": 1.19, "bleu4": 0.76, "rougeL": 0.1679, "rouge1": 0.2235, "rouge2": 0.0429, "exact_match": 0.0}, "loss": {"X_Y_COS": 0.9999982118606567, "X_Y_MSEloss": 7.176034877431903e-09, "X_Y_test_COS": 0.8534808158874512, "X_Y_test_MSEloss": 0.0005417066277004778, "X_Y_val_COS": 0.8477734923362732, "X_Y_val_MSEloss": 0.0005648616934195161}}