{"train_samples": 100, "test_samples": 200, "source_model": "google/mt5-base", "source_dim": 768, "target_dim": 512, "test_results": {"bleu": 4.27, "bleu1": 27.06, "bleu2": 5.25, "bleu3": 2.01, "bleu4": 1.24, "rougeL": 0.1772, "rouge1": 0.2368, "rouge2": 0.048, "exact_match": 0.0}, "loss": {"X_Y_COS": 0.9999851584434509, "X_Y_MSEloss": 3.946602760152018e-07, "X_Y_test_COS": 0.8472967147827148, "X_Y_test_MSEloss": 0.0011449090670794249, "X_Y_val_COS": 0.8421828746795654, "X_Y_val_MSEloss": 0.0011847639689221978}}