{"train_samples": 5, "test_samples": 200, "source_model": "google/flan-t5-base", "source_dim": 768, "target_dim": 512, "test_results": {"bleu": 0.1, "bleu1": 13.98, "bleu2": 0.04, "bleu3": 0.02, "bleu4": 0.01, "rougeL": 0.0004, "rouge1": 0.0004, "rouge2": 0.0, "exact_match": 0.0}, "loss": {"X_Y_COS": 1.0, "X_Y_MSEloss": 3.2464313825732334e-16, "X_Y_test_COS": 0.8526713848114014, "X_Y_test_MSEloss": 0.0005482661072164774, "X_Y_val_COS": 0.8531660437583923, "X_Y_val_MSEloss": 0.0005461021210066974}}