{"train_samples": 300, "test_samples": 200, "source_model": "google-bert/bert-base-multilingual-cased", "source_dim": 768, "target_dim": 512, "test_results": {"bleu": 20.37, "bleu1": 37.73, "bleu2": 19.71, "bleu3": 16.99, "bleu4": 15.68, "rougeL": 0.3106, "rouge1": 0.3609, "rouge2": 0.1985, "exact_match": 0.0}, "loss": {"X_Y_COS": 0.9550049304962158, "X_Y_MSEloss": 0.00017542864952702075, "X_Y_test_COS": 0.929657518863678, "X_Y_test_MSEloss": 0.0002666297950781882, "X_Y_val_COS": 0.9308361411094666, "X_Y_val_MSEloss": 0.00026293721748515964, "reg_lambda": 1}}