{"train_samples": 1000, "test_samples": 200, "source_model": "sentence-transformers/all-MiniLM-L6-v2", "source_dim": 384, "target_dim": 512, "test_results": {"bleu": 0.08, "bleu1": 9.37, "bleu2": 0.03, "bleu3": 0.02, "bleu4": 0.01, "rougeL": 0.1966, "rouge1": 0.2644, "rouge2": 0.0232, "exact_match": 0.0}, "loss": {"X_Y_COS": 0.9512155055999756, "X_Y_MSEloss": 0.00018935988191515207, "X_Y_test_COS": 0.8740376234054565, "X_Y_test_MSEloss": 0.0004845106741413474, "X_Y_val_COS": 0.8722373843193054, "X_Y_val_MSEloss": 0.0004898496554233134}}