{"train_samples": 1000, "test_samples": 200, "source_model": "google-t5/t5-base", "source_dim": 768, "target_dim": 512, "test_results": {"bleu": 5.17, "bleu1": 34.04, "bleu2": 7.41, "bleu3": 2.75, "bleu4": 1.13, "rougeL": 0.2352, "rouge1": 0.3379, "rouge2": 0.0804, "exact_match": 0.0}, "loss": {"X_Y_COS": 0.9761626124382019, "X_Y_MSEloss": 9.282066457672045e-05, "X_Y_test_COS": 0.9174825549125671, "X_Y_test_MSEloss": 0.00032155081862583756, "X_Y_val_COS": 0.9119948148727417, "X_Y_val_MSEloss": 0.000340247672284022}}