{"train_samples": 100, "test_samples": 200, "source_model": "text-embedding-3-large", "source_dim": 3072, "target_dim": 512, "test_results": {"bleu": 2.95, "bleu1": 24.27, "bleu2": 3.56, "bleu3": 1.31, "bleu4": 0.66, "rougeL": 0.1723, "rouge1": 0.2422, "rouge2": 0.0411, "exact_match": 0.0}, "loss": {"X_Y_COS": 1.0, "X_Y_MSEloss": 1.2159452725301126e-14, "X_Y_test_COS": 0.8793003559112549, "X_Y_test_MSEloss": 0.0004677092074416578, "X_Y_val_COS": 0.8758642673492432, "X_Y_val_MSEloss": 0.0004849474353250116}}