{"epoch": 4, "dev_acc": 51.5, "test_acc": 44.5, "test_f1": 54.690000000000005, "test_roc": 45.300000000000004}