{"train_samples": 10, "test_samples": 200, "source_model": "sentence-transformers/gtr-t5-base", "source_dim": 768, "target_dim": 512, "test_results": {"bleu": 0.1, "bleu1": 12.25, "bleu2": 0.27, "bleu3": 0.02, "bleu4": 0.01, "rougeL": 0.0495, "rouge1": 0.055, "rouge2": 0.002, "exact_match": 0.0}, "loss": {"X_Y_COS": 1.0, "X_Y_MSEloss": 2.3703852769507705e-10, "X_Y_test_COS": 0.9087350368499756, "X_Y_test_MSEloss": 0.0013624966377392411, "X_Y_val_COS": 0.9119178652763367, "X_Y_val_MSEloss": 0.0014186816988512874}}