{"train_samples": 40, "test_samples": 200, "source_model": "google/flan-t5-base", "source_dim": 768, "target_dim": 512, "test_results": {"bleu": 1.15, "bleu1": 18.22, "bleu2": 1.75, "bleu3": 0.6, "bleu4": 0.37, "rougeL": 0.0665, "rouge1": 0.0806, "rouge2": 0.0094, "exact_match": 0.0}, "loss": {"X_Y_COS": 1.0, "X_Y_MSEloss": 2.986807578608114e-14, "X_Y_test_COS": 0.9117891192436218, "X_Y_test_MSEloss": 0.00033276077010668814, "X_Y_val_COS": 0.9092550277709961, "X_Y_val_MSEloss": 0.0003428647469263524}}