{"train_samples": 500, "test_samples": 200, "source_model": "google/mt5-base", "source_dim": 768, "target_dim": 512, "test_results": {"bleu": 0.88, "bleu1": 18.13, "bleu2": 1.67, "bleu3": 0.52, "bleu4": 0.21, "rougeL": 0.0581, "rouge1": 0.0641, "rouge2": 0.0045, "exact_match": 0.0}, "loss": {"X_Y_COS": 0.9829236268997192, "X_Y_MSEloss": 0.00018819968681782484, "X_Y_test_COS": 0.9228004217147827, "X_Y_test_MSEloss": 0.0007725704926997423, "X_Y_val_COS": 0.9252027869224548, "X_Y_val_MSEloss": 0.0007490027346648276}}