{"train_samples": 1, "test_samples": 200, "source_model": "random", "source_dim": 768, "target_dim": 512, "test_results": {"bleu": 0.41, "bleu1": 15.62, "bleu2": 1.72, "bleu3": 0.04, "bleu4": 0.02, "rougeL": 0.1331, "rouge1": 0.1414, "rouge2": 0.0093, "exact_match": 0.0}, "loss": {"X_Y_COS": 1.0000001192092896, "X_Y_MSEloss": 3.2814387248876616e-16, "X_Y_test_COS": 0.06809111684560776, "X_Y_test_MSEloss": 0.0019608137663453817, "X_Y_val_COS": -0.11119554191827774, "X_Y_val_MSEloss": 0.0019682489801198244}}