{"train_samples": 10, "test_samples": 200, "source_model": "text-embedding-3-large", "source_dim": 3072, "target_dim": 512, "test_results": {"bleu": 0.83, "bleu1": 21.39, "bleu2": 1.02, "bleu3": 0.2, "bleu4": 0.11, "rougeL": 0.1287, "rouge1": 0.1734, "rouge2": 0.0117, "exact_match": 0.0}, "loss": {"X_Y_COS": 1.0, "X_Y_MSEloss": 1.1983683171410932e-16, "X_Y_test_COS": 0.8987236022949219, "X_Y_test_MSEloss": 0.0005403821705840528, "X_Y_val_COS": 0.8989816904067993, "X_Y_val_MSEloss": 0.0005246843793429434}}