{"train_samples": 500, "test_samples": 200, "source_model": "text-embedding-ada-002", "source_dim": 1536, "target_dim": 512, "test_results": {"bleu": 3.61, "bleu1": 28.26, "bleu2": 4.41, "bleu3": 1.47, "bleu4": 1.0, "rougeL": 0.1876, "rouge1": 0.2452, "rouge2": 0.0449, "exact_match": 0.0}, "loss": {"X_Y_COS": 0.9740514159202576, "X_Y_MSEloss": 0.00010064824891742319, "X_Y_test_COS": 0.8504656553268433, "X_Y_test_MSEloss": 0.0005626596976071596, "X_Y_val_COS": 0.8472664952278137, "X_Y_val_MSEloss": 0.0005735686281695962}}