{"train_samples": 5, "test_samples": 200, "source_model": "text-embedding-ada-002", "source_dim": 1536, "target_dim": 512, "test_results": {"bleu": 0.05, "bleu1": 9.42, "bleu2": 0.02, "bleu3": 0.01, "bleu4": 0.0, "rougeL": 0.2049, "rouge1": 0.2759, "rouge2": 0.0121, "exact_match": 0.0}, "loss": {"X_Y_COS": 1.0, "X_Y_MSEloss": 1.0830119853154937e-15, "X_Y_test_COS": 0.8686932921409607, "X_Y_test_MSEloss": 0.00047918123891577125, "X_Y_val_COS": 0.8697997331619263, "X_Y_val_MSEloss": 0.00047551855095662177}}