{"train_samples": 1000, "test_samples": 200, "source_model": "text-embedding-3-large", "source_dim": 3072, "target_dim": 512, "test_results": {"bleu": 2.8, "bleu1": 23.57, "bleu2": 4.37, "bleu3": 1.36, "bleu4": 0.44, "rougeL": 0.1859, "rouge1": 0.2342, "rouge2": 0.0491, "exact_match": 0.0}, "loss": {"X_Y_COS": 0.9857828617095947, "X_Y_MSEloss": 5.615265399683267e-05, "X_Y_test_COS": 0.9194725751876831, "X_Y_test_MSEloss": 0.0003122794150840491, "X_Y_val_COS": 0.9184519648551941, "X_Y_val_MSEloss": 0.00031537486938759685}}