{"train_samples": 50, "test_samples": 200, "source_model": "google/flan-t5-base", "source_dim": 768, "target_dim": 512, "test_results": {"bleu": 1.96, "bleu1": 22.38, "bleu2": 3.03, "bleu3": 0.95, "bleu4": 0.35, "rougeL": 0.1553, "rouge1": 0.1998, "rouge2": 0.0362, "exact_match": 0.0}, "loss": {"X_Y_COS": 1.0, "X_Y_MSEloss": 4.800252534874205e-13, "X_Y_test_COS": 0.8872029185295105, "X_Y_test_MSEloss": 0.0004189473984297365, "X_Y_val_COS": 0.8920326232910156, "X_Y_val_MSEloss": 0.0004013540456071496}}