{"train_samples": 500, "test_samples": 200, "source_model": "text-embedding-3-large", "source_dim": 3072, "target_dim": 512, "test_results": {"bleu": 0.13, "bleu1": 10.67, "bleu2": 0.29, "bleu3": 0.02, "bleu4": 0.01, "rougeL": 0.0809, "rouge1": 0.0967, "rouge2": 0.0028, "exact_match": 0.0}, "loss": {"X_Y_COS": 1.0, "X_Y_MSEloss": 4.679736598234285e-10, "X_Y_test_COS": 0.8648243546485901, "X_Y_test_MSEloss": 0.0009343435522168875, "X_Y_val_COS": 0.8723991513252258, "X_Y_val_MSEloss": 0.000873403565492481}}