{"train_samples": 50, "test_samples": 200, "source_model": "sentence-transformers/all-MiniLM-L6-v2", "source_dim": 384, "target_dim": 512, "test_results": {"bleu": 0.21, "bleu1": 15.01, "bleu2": 0.85, "bleu3": 0.03, "bleu4": 0.01, "rougeL": 0.0732, "rouge1": 0.0904, "rouge2": 0.0069, "exact_match": 0.0}, "loss": {"X_Y_COS": 1.0, "X_Y_MSEloss": 2.6828792398808253e-15, "X_Y_test_COS": 0.6031574010848999, "X_Y_test_MSEloss": 0.0022729660850018263, "X_Y_val_COS": 0.5315099954605103, "X_Y_val_MSEloss": 0.002415731316432357}}