{"train_samples": 50, "test_samples": 200, "source_model": "sentence-transformers/all-MiniLM-L6-v2", "source_dim": 384, "target_dim": 512, "test_results": {"bleu": 0.14, "bleu1": 14.25, "bleu2": 0.61, "bleu3": 0.01, "bleu4": 0.01, "rougeL": 0.0741, "rouge1": 0.0956, "rouge2": 0.0063, "exact_match": 0.0}, "loss": {"X_Y_COS": 1.0, "X_Y_MSEloss": 1.046880100884467e-15, "X_Y_test_COS": 0.6206169128417969, "X_Y_test_MSEloss": 0.0011324406368657947, "X_Y_val_COS": 0.547747015953064, "X_Y_val_MSEloss": 0.0011897353688254952}}