{"train_samples": 1000, "test_samples": 200, "source_model": "google/mt5-base", "source_dim": 768, "target_dim": 512, "test_results": {"bleu": 0.12, "bleu1": 9.72, "bleu2": 0.18, "bleu3": 0.02, "bleu4": 0.01, "rougeL": 0.0618, "rouge1": 0.0682, "rouge2": 0.0025, "exact_match": 0.0}, "loss": {"X_Y_COS": 0.8761497735977173, "X_Y_MSEloss": 0.0005147067713551223, "X_Y_test_COS": -0.07106541097164154, "X_Y_test_MSEloss": 0.009787255898118019, "X_Y_val_COS": -0.022967638447880745, "X_Y_val_MSEloss": 0.009740002453327179}}