{"train_samples": 1000, "test_samples": 200, "source_model": "text-embedding-3-large", "source_dim": 3072, "target_dim": 512, "test_results": {"bleu": 6.28, "bleu1": 30.57, "bleu2": 7.21, "bleu3": 3.51, "bleu4": 2.55, "rougeL": 0.2103, "rouge1": 0.2847, "rouge2": 0.0764, "exact_match": 0.0}, "loss": {"X_Y_COS": 0.9999999403953552, "X_Y_MSEloss": 6.334338054081456e-10, "X_Y_test_COS": 0.8253095149993896, "X_Y_test_MSEloss": 0.0006845563766546547, "X_Y_val_COS": 0.8260349035263062, "X_Y_val_MSEloss": 0.0006836081738583744}}