{"train_samples": 40, "test_samples": 200, "source_model": "google-bert/bert-base-multilingual-cased", "source_dim": 768, "target_dim": 512, "test_results": {"bleu": 1.21, "bleu1": 19.99, "bleu2": 1.64, "bleu3": 0.45, "bleu4": 0.21, "rougeL": 0.1395, "rouge1": 0.1774, "rouge2": 0.0222, "exact_match": 0.0}, "loss": {"X_Y_COS": 1.0, "X_Y_MSEloss": 1.089722184558807e-13, "X_Y_test_COS": 0.8689334392547607, "X_Y_test_MSEloss": 0.0004848758690059185, "X_Y_val_COS": 0.8746055960655212, "X_Y_val_MSEloss": 0.0004649859620258212}}