{"train_samples": 40, "test_samples": 200, "source_model": "google-bert/bert-base-multilingual-cased", "source_dim": 768, "target_dim": 512, "test_results": {"bleu": 0.97, "bleu1": 20.08, "bleu2": 1.78, "bleu3": 0.36, "bleu4": 0.11, "rougeL": 0.135, "rouge1": 0.1705, "rouge2": 0.0177, "exact_match": 0.0}, "loss": {"X_Y_COS": 1.0, "X_Y_MSEloss": 2.378486296805704e-10, "X_Y_test_COS": 0.8623929619789124, "X_Y_test_MSEloss": 0.00102237518876791, "X_Y_val_COS": 0.8690856099128723, "X_Y_val_MSEloss": 0.0009618572657927871}}