{"train_samples": 10, "test_samples": 200, "source_model": "intfloat/multilingual-e5-base", "source_dim": 768, "target_dim": 512, "test_results": {"bleu": 0.17, "bleu1": 14.91, "bleu2": 0.58, "bleu3": 0.02, "bleu4": 0.01, "rougeL": 0.113, "rouge1": 0.1395, "rouge2": 0.0085, "exact_match": 0.0}, "loss": {"X_Y_COS": 1.0, "X_Y_MSEloss": 8.663650343193694e-15, "X_Y_test_COS": 0.8679422736167908, "X_Y_test_MSEloss": 0.0008204696932807565, "X_Y_val_COS": 0.8687006235122681, "X_Y_val_MSEloss": 0.0008024285780265927}}