{"train_samples": 1000, "test_samples": 200, "source_model": "google/flan-t5-base", "source_dim": 768, "target_dim": 512, "test_results": {"bleu": 0.11, "bleu1": 14.41, "bleu2": 0.13, "bleu3": 0.02, "bleu4": 0.01, "rougeL": 0.0128, "rouge1": 0.0139, "rouge2": 0.0, "exact_match": 0.0}, "loss": {"X_Y_COS": 0.9446973204612732, "X_Y_MSEloss": 0.00021083620958961546, "X_Y_test_COS": 0.8497450351715088, "X_Y_test_MSEloss": 0.0005693934508599341, "X_Y_val_COS": 0.8486475944519043, "X_Y_val_MSEloss": 0.0005710272234864533}}