{"train_samples": 3, "test_samples": 200, "source_model": "intfloat/multilingual-e5-base", "source_dim": 768, "target_dim": 512, "test_results": {"bleu": 0.09, "bleu1": 12.08, "bleu2": 0.05, "bleu3": 0.01, "bleu4": 0.01, "rougeL": 0.0437, "rouge1": 0.0485, "rouge2": 0.0, "exact_match": 0.0}, "loss": {"X_Y_COS": 1.0, "X_Y_MSEloss": 3.527893019407549e-16, "X_Y_test_COS": 0.8578208684921265, "X_Y_test_MSEloss": 0.0005169932846911252, "X_Y_val_COS": 0.8597987294197083, "X_Y_val_MSEloss": 0.0005105733871459961}}