{"train_samples": 30, "test_samples": 200, "source_model": "google/flan-t5-base", "source_dim": 768, "target_dim": 512, "test_results": {"bleu": 1.24, "bleu1": 21.48, "bleu2": 2.21, "bleu3": 0.42, "bleu4": 0.17, "rougeL": 0.1444, "rouge1": 0.1869, "rouge2": 0.0233, "exact_match": 0.0}, "loss": {"X_Y_COS": 1.0, "X_Y_MSEloss": 3.6836836071708554e-14, "X_Y_test_COS": 0.8856416344642639, "X_Y_test_MSEloss": 0.00042419193778187037, "X_Y_val_COS": 0.8886346220970154, "X_Y_val_MSEloss": 0.00041352614061906934}}