{"train_samples": 40, "test_samples": 200, "source_model": "intfloat/multilingual-e5-base", "source_dim": 768, "target_dim": 512, "test_results": {"bleu": 0.18, "bleu1": 14.33, "bleu2": 0.83, "bleu3": 0.02, "bleu4": 0.01, "rougeL": 0.1162, "rouge1": 0.1452, "rouge2": 0.0087, "exact_match": 0.0}, "loss": {"X_Y_COS": 1.0, "X_Y_MSEloss": 1.534211126197338e-12, "X_Y_test_COS": 0.875536322593689, "X_Y_test_MSEloss": 0.00045622795005328953, "X_Y_val_COS": 0.8750298619270325, "X_Y_val_MSEloss": 0.00045846402645111084}}