{"train_samples": 40, "test_samples": 200, "source_model": "google-t5/t5-base", "source_dim": 768, "target_dim": 512, "test_results": {"bleu": 0.99, "bleu1": 24.28, "bleu2": 2.57, "bleu3": 0.36, "bleu4": 0.05, "rougeL": 0.1416, "rouge1": 0.1865, "rouge2": 0.0239, "exact_match": 0.0}, "loss": {"X_Y_COS": 1.0, "X_Y_MSEloss": 1.1093872572161007e-14, "X_Y_test_COS": 0.8603358268737793, "X_Y_test_MSEloss": 0.0005103777511976659, "X_Y_val_COS": 0.8577440977096558, "X_Y_val_MSEloss": 0.0005199352744966745}}