{"train_samples": 500, "test_samples": 200, "source_model": "google-t5/t5-base", "source_dim": 768, "target_dim": 512, "test_results": {"bleu": 0.61, "bleu1": 24.88, "bleu2": 1.28, "bleu3": 0.16, "bleu4": 0.07, "rougeL": 0.1198, "rouge1": 0.1489, "rouge2": 0.0053, "exact_match": 0.0}, "loss": {"X_Y_COS": 0.9593867659568787, "X_Y_MSEloss": 0.00015625816013198346, "X_Y_test_COS": 0.8646253943443298, "X_Y_test_MSEloss": 0.0005120965652167797, "X_Y_val_COS": 0.8637373447418213, "X_Y_val_MSEloss": 0.0005164045142009854}}