{"train_samples": 10, "test_samples": 200, "source_model": "sentence-transformers/all-MiniLM-L6-v2", "source_dim": 384, "target_dim": 512, "test_results": {"bleu": 0.08, "bleu1": 8.18, "bleu2": 0.03, "bleu3": 0.02, "bleu4": 0.01, "rougeL": 0.2126, "rouge1": 0.2979, "rouge2": 0.019, "exact_match": 0.0}, "loss": {"X_Y_COS": 1.0, "X_Y_MSEloss": 3.250416937287861e-16, "X_Y_test_COS": 0.8696737289428711, "X_Y_test_MSEloss": 0.0004980071680620313, "X_Y_val_COS": 0.8696204423904419, "X_Y_val_MSEloss": 0.0004967070417478681}}