{"train_samples": 40, "test_samples": 200, "source_model": "intfloat/multilingual-e5-base", "source_dim": 768, "target_dim": 512, "test_results": {"bleu": 0.1, "bleu1": 9.33, "bleu2": 0.07, "bleu3": 0.02, "bleu4": 0.01, "rougeL": 0.0934, "rouge1": 0.1048, "rouge2": 0.0012, "exact_match": 0.0}, "loss": {"X_Y_COS": 1.0, "X_Y_MSEloss": 3.8544688274466665e-12, "X_Y_test_COS": 0.81452476978302, "X_Y_test_MSEloss": 0.000659623125102371, "X_Y_val_COS": 0.8123747706413269, "X_Y_val_MSEloss": 0.0006666583940386772}}