{"train_samples": 10, "test_samples": 200, "source_model": "google-bert/bert-base-multilingual-cased", "source_dim": 768, "target_dim": 512, "test_results": {"bleu": 0.44, "bleu1": 19.34, "bleu2": 0.97, "bleu3": 0.09, "bleu4": 0.02, "rougeL": 0.1194, "rouge1": 0.1587, "rouge2": 0.0139, "exact_match": 0.0}, "loss": {"X_Y_COS": 1.0, "X_Y_MSEloss": 4.574911239601978e-16, "X_Y_test_COS": 0.8837608098983765, "X_Y_test_MSEloss": 0.00043378351256251335, "X_Y_val_COS": 0.8839141130447388, "X_Y_val_MSEloss": 0.00043245323467999697}}