{"train_samples": 30, "test_samples": 200, "source_model": "sentence-transformers/gtr-t5-base", "source_dim": 768, "target_dim": 512, "test_results": {"bleu": 0.55, "bleu1": 19.75, "bleu2": 1.13, "bleu3": 0.12, "bleu4": 0.05, "rougeL": 0.1174, "rouge1": 0.1562, "rouge2": 0.0114, "exact_match": 0.0}, "loss": {"X_Y_COS": 1.0, "X_Y_MSEloss": 5.005517908393238e-16, "X_Y_test_COS": 0.8884340524673462, "X_Y_test_MSEloss": 0.0004482140939217061, "X_Y_val_COS": 0.8900926113128662, "X_Y_val_MSEloss": 0.0004436520393937826}}