{"train_samples": 40, "test_samples": 200, "source_model": "text-embedding-3-large", "source_dim": 3072, "target_dim": 512, "test_results": {"bleu": 1.07, "bleu1": 21.06, "bleu2": 1.53, "bleu3": 0.38, "bleu4": 0.13, "rougeL": 0.1196, "rouge1": 0.1596, "rouge2": 0.0136, "exact_match": 0.0}, "loss": {"X_Y_COS": 1.0, "X_Y_MSEloss": 1.6759949759745222e-15, "X_Y_test_COS": 0.8481091260910034, "X_Y_test_MSEloss": 0.0006574448198080063, "X_Y_val_COS": 0.844642698764801, "X_Y_val_MSEloss": 0.00067911233054474}}