{"train_samples": 20, "test_samples": 200, "source_model": "google/flan-t5-base", "source_dim": 768, "target_dim": 512, "test_results": {"bleu": 0.6, "bleu1": 16.35, "bleu2": 0.94, "bleu3": 0.2, "bleu4": 0.12, "rougeL": 0.0558, "rouge1": 0.0658, "rouge2": 0.0053, "exact_match": 0.0}, "loss": {"X_Y_COS": 1.0, "X_Y_MSEloss": 1.6675568337539749e-15, "X_Y_test_COS": 0.8697226047515869, "X_Y_test_MSEloss": 0.0004798054287675768, "X_Y_val_COS": 0.8743175864219666, "X_Y_val_MSEloss": 0.00046520965406671166}}