{"train_samples": 5, "test_samples": 200, "source_model": "google-bert/bert-base-multilingual-cased", "source_dim": 768, "target_dim": 512, "test_results": {"bleu": 0.28, "bleu1": 20.74, "bleu2": 1.08, "bleu3": 0.03, "bleu4": 0.01, "rougeL": 0.1104, "rouge1": 0.1451, "rouge2": 0.0091, "exact_match": 0.0}, "loss": {"X_Y_COS": 1.0, "X_Y_MSEloss": 3.207142818106027e-16, "X_Y_test_COS": 0.8295538425445557, "X_Y_test_MSEloss": 0.0006322890403680503, "X_Y_val_COS": 0.8303642868995667, "X_Y_val_MSEloss": 0.0006307597504928708}}