{"train_samples": 40, "test_samples": 200, "source_model": "text-embedding-3-large", "source_dim": 3072, "target_dim": 512, "test_results": {"bleu": 10.89, "bleu1": 26.74, "bleu2": 9.99, "bleu3": 8.42, "bleu4": 7.66, "rougeL": 0.1974, "rouge1": 0.234, "rouge2": 0.0945, "exact_match": 0.0}, "loss": {"X_Y_COS": 1.0, "X_Y_MSEloss": 1.602042541052999e-15, "X_Y_test_COS": 0.9079391360282898, "X_Y_test_MSEloss": 0.0004227707104291767, "X_Y_val_COS": 0.9070228338241577, "X_Y_val_MSEloss": 0.0004340062150731683}}