{"train_samples": 1, "test_samples": 200, "source_model": "sentence-transformers/all-MiniLM-L6-v2", "source_dim": 384, "target_dim": 512, "test_results": {"bleu": 0.03, "bleu1": 4.11, "bleu2": 0.03, "bleu3": 0.02, "bleu4": 0.01, "rougeL": 0.0261, "rouge1": 0.0265, "rouge2": 0.0, "exact_match": 0.0}, "loss": {"X_Y_COS": 1.0, "X_Y_MSEloss": 2.5531502015433086e-17, "X_Y_test_COS": 0.8748478293418884, "X_Y_test_MSEloss": 0.00203988840803504, "X_Y_val_COS": 0.8833306431770325, "X_Y_val_MSEloss": 0.002063806401565671}}