{"train_samples": 40, "test_samples": 200, "source_model": "google-t5/t5-base", "source_dim": 768, "target_dim": 512, "test_results": {"bleu": 0.14, "bleu1": 11.75, "bleu2": 0.06, "bleu3": 0.03, "bleu4": 0.02, "rougeL": 0.0024, "rouge1": 0.0035, "rouge2": 0.0, "exact_match": 0.0}, "loss": {"X_Y_COS": 0.987231433391571, "X_Y_MSEloss": 4.821744005312212e-05, "X_Y_test_COS": 0.8557473421096802, "X_Y_test_MSEloss": 0.0005400195368565619, "X_Y_val_COS": 0.8622020483016968, "X_Y_val_MSEloss": 0.0005144671304151416}}