{"train_samples": 50, "test_samples": 200, "source_model": "intfloat/multilingual-e5-base", "source_dim": 768, "target_dim": 512, "test_results": {"bleu": 0.56, "bleu1": 20.45, "bleu2": 1.4, "bleu3": 0.19, "bleu4": 0.03, "rougeL": 0.1284, "rouge1": 0.1671, "rouge2": 0.0178, "exact_match": 0.0}, "loss": {"X_Y_COS": 1.0, "X_Y_MSEloss": 2.8012930516907453e-12, "X_Y_test_COS": 0.8945435881614685, "X_Y_test_MSEloss": 0.00039387374999932945, "X_Y_val_COS": 0.8976866006851196, "X_Y_val_MSEloss": 0.00038175276131369174}}