{"train_samples": 50, "test_samples": 200, "source_model": "random", "source_dim": 768, "target_dim": 512, "test_results": {"bleu": 0.48, "bleu1": 14.01, "bleu2": 1.35, "bleu3": 0.14, "bleu4": 0.03, "rougeL": 0.0921, "rouge1": 0.1038, "rouge2": 0.0076, "exact_match": 0.0}, "loss": {"X_Y_COS": 1.0, "X_Y_MSEloss": 1.752595659405636e-15, "X_Y_test_COS": 0.06271582841873169, "X_Y_test_MSEloss": 0.0020077477674931288, "X_Y_val_COS": -0.04077686369419098, "X_Y_val_MSEloss": 0.0021156510338187218}}