{"train_samples": 1000, "test_samples": 200, "source_model": "google-bert/bert-base-multilingual-cased", "source_dim": 768, "target_dim": 512, "test_results": {"bleu": 0.4, "bleu1": 18.16, "bleu2": 1.1, "bleu3": 0.09, "bleu4": 0.03, "rougeL": 0.1176, "rouge1": 0.1299, "rouge2": 0.008, "exact_match": 0.0}, "loss": {"X_Y_COS": 0.9535812139511108, "X_Y_MSEloss": 0.00017843360546976328, "X_Y_test_COS": 0.8797687888145447, "X_Y_test_MSEloss": 0.0004572315374389291, "X_Y_val_COS": 0.8851602673530579, "X_Y_val_MSEloss": 0.0004383600316941738}}