{"train_samples": 40, "test_samples": 200, "source_model": "google-t5/t5-base", "source_dim": 768, "target_dim": 512, "test_results": {"bleu": 1.86, "bleu1": 23.52, "bleu2": 3.37, "bleu3": 0.87, "bleu4": 0.29, "rougeL": 0.1607, "rouge1": 0.2047, "rouge2": 0.0339, "exact_match": 0.0}, "loss": {"X_Y_COS": 1.0, "X_Y_MSEloss": 2.4511501162116645e-10, "X_Y_test_COS": 0.8910946249961853, "X_Y_test_MSEloss": 0.0007850502151995897, "X_Y_val_COS": 0.8912002444267273, "X_Y_val_MSEloss": 0.0007772118551656604}}