{"epoch": 5, "dev_acc": 41.5, "test_acc": 28.999999999999996, "test_f1": 28.939999999999998, "test_roc": 50.660000000000004}