{"train_samples": 30, "test_samples": 200, "source_model": "sentence-transformers/all-MiniLM-L6-v2", "source_dim": 384, "target_dim": 512, "test_results": {"bleu": 0.18, "bleu1": 16.51, "bleu2": 0.62, "bleu3": 0.02, "bleu4": 0.01, "rougeL": 0.1153, "rouge1": 0.1483, "rouge2": 0.0068, "exact_match": 0.0}, "loss": {"X_Y_COS": 1.0, "X_Y_MSEloss": 7.737999609423512e-16, "X_Y_test_COS": 0.9183874130249023, "X_Y_test_MSEloss": 0.0003525911597535014, "X_Y_val_COS": 0.915026843547821, "X_Y_val_MSEloss": 0.0003510462411213666}}