{"train_samples": 3, "test_samples": 200, "source_model": "text-embedding-3-large", "source_dim": 3072, "target_dim": 512, "test_results": {"bleu": 0.08, "bleu1": 9.51, "bleu2": 0.09, "bleu3": 0.02, "bleu4": 0.01, "rougeL": 0.0421, "rouge1": 0.0462, "rouge2": 0.0044, "exact_match": 0.0}, "loss": {"X_Y_COS": 1.0, "X_Y_MSEloss": 1.205182564852856e-16, "X_Y_test_COS": 0.8963225483894348, "X_Y_test_MSEloss": 0.0008366404217667878, "X_Y_val_COS": 0.8961083292961121, "X_Y_val_MSEloss": 0.0008343805675394833}}