{"train_samples": 1, "test_samples": 200, "source_model": "google/flan-t5-base", "source_dim": 768, "target_dim": 512, "test_results": {"bleu": 0.05, "bleu1": 9.81, "bleu2": 0.01, "bleu3": 0.01, "bleu4": 0.0, "rougeL": 0.0595, "rouge1": 0.0646, "rouge2": 0.0076, "exact_match": 0.0}, "loss": {"X_Y_COS": 1.0, "X_Y_MSEloss": 4.107150264672795e-16, "X_Y_test_COS": 0.782916247844696, "X_Y_test_MSEloss": 0.0008518158574588597, "X_Y_val_COS": 0.7907903790473938, "X_Y_val_MSEloss": 0.0008409955771639943}}