{"train_samples": 10, "test_samples": 200, "source_model": "google/mt5-base", "source_dim": 768, "target_dim": 512, "test_results": {"bleu": 0.16, "bleu1": 13.61, "bleu2": 0.43, "bleu3": 0.01, "bleu4": 0.01, "rougeL": 0.0549, "rouge1": 0.0668, "rouge2": 0.006, "exact_match": 0.0}, "loss": {"X_Y_COS": 1.0, "X_Y_MSEloss": 1.5873716127691993e-15, "X_Y_test_COS": 0.8685367107391357, "X_Y_test_MSEloss": 0.0004830660473089665, "X_Y_val_COS": 0.8615830540657043, "X_Y_val_MSEloss": 0.0005011842004023492}}