{"train_samples": 30, "test_samples": 200, "source_model": "sentence-transformers/gtr-t5-base", "source_dim": 768, "target_dim": 512, "test_results": {"bleu": 13.34, "bleu1": 27.35, "bleu2": 12.1, "bleu3": 10.92, "bleu4": 10.32, "rougeL": 0.2076, "rouge1": 0.2392, "rouge2": 0.1145, "exact_match": 0.0}, "loss": {"X_Y_COS": 0.9804463982582092, "X_Y_MSEloss": 0.00015511983656324446, "X_Y_test_COS": 0.9093121290206909, "X_Y_test_MSEloss": 0.0004634027136489749, "X_Y_val_COS": 0.9130950570106506, "X_Y_val_MSEloss": 0.00045275702723301947, "reg_lambda": 1}}