{"train_samples": 1000, "test_samples": 200, "source_model": "sentence-transformers/gtr-t5-base", "source_dim": 768, "target_dim": 512, "test_results": {"bleu": 0.25, "bleu1": 17.75, "bleu2": 1.25, "bleu3": 0.02, "bleu4": 0.01, "rougeL": 0.1507, "rouge1": 0.1704, "rouge2": 0.0152, "exact_match": 0.0}, "loss": {"X_Y_COS": 0.9807577133178711, "X_Y_MSEloss": 0.00014839234063401818, "X_Y_test_COS": 0.9253029823303223, "X_Y_test_MSEloss": 0.0005787351983599365, "X_Y_val_COS": 0.9270893931388855, "X_Y_val_MSEloss": 0.0005613992689177394}}