{"train_samples": 30, "test_samples": 200, "source_model": "text-embedding-ada-002", "source_dim": 1536, "target_dim": 512, "test_results": {"bleu": 7.36, "bleu1": 22.28, "bleu2": 6.33, "bleu3": 5.1, "bleu4": 4.57, "rougeL": 0.162, "rouge1": 0.1993, "rouge2": 0.0651, "exact_match": 0.0}, "loss": {"X_Y_COS": 0.9453621506690979, "X_Y_MSEloss": 0.000219024732359685, "X_Y_test_COS": 0.9077900648117065, "X_Y_test_MSEloss": 0.00034848551149480045, "X_Y_val_COS": 0.9101203083992004, "X_Y_val_MSEloss": 0.0003411713114473969, "reg_lambda": 1}}