{"train_samples": 3, "test_samples": 200, "source_model": "sentence-transformers/gtr-t5-base", "source_dim": 768, "target_dim": 512, "test_results": {"bleu": 0.18, "bleu1": 18.72, "bleu2": 0.76, "bleu3": 0.01, "bleu4": 0.01, "rougeL": 0.0944, "rouge1": 0.1163, "rouge2": 0.0045, "exact_match": 0.0}, "loss": {"X_Y_COS": 1.0, "X_Y_MSEloss": 2.956248218057955e-16, "X_Y_test_COS": 0.7973898649215698, "X_Y_test_MSEloss": 0.001220965408720076, "X_Y_val_COS": 0.7984340786933899, "X_Y_val_MSEloss": 0.0012244536774232984}}