{"train_samples": 20, "test_samples": 200, "source_model": "intfloat/multilingual-e5-base", "source_dim": 768, "target_dim": 512, "test_results": {"bleu": 0.04, "bleu1": 11.36, "bleu2": 0.02, "bleu3": 0.01, "bleu4": 0.01, "rougeL": 0.0073, "rouge1": 0.0073, "rouge2": 0.0, "exact_match": 0.0}, "loss": {"X_Y_COS": 1.0, "X_Y_MSEloss": 2.356493333799392e-10, "X_Y_test_COS": 0.9171619415283203, "X_Y_test_MSEloss": 0.0007600048556923866, "X_Y_val_COS": 0.9148745536804199, "X_Y_val_MSEloss": 0.0008056110236793756}}