{"train_samples": 20, "test_samples": 200, "source_model": "intfloat/multilingual-e5-base", "source_dim": 768, "target_dim": 512, "test_results": {"bleu": 0.04, "bleu1": 11.44, "bleu2": 0.02, "bleu3": 0.01, "bleu4": 0.01, "rougeL": 0.0079, "rouge1": 0.0082, "rouge2": 0.0003, "exact_match": 0.0}, "loss": {"X_Y_COS": 1.0, "X_Y_MSEloss": 5.4031974207335853e-14, "X_Y_test_COS": 0.8935056328773499, "X_Y_test_MSEloss": 0.0006139353499747813, "X_Y_val_COS": 0.89043790102005, "X_Y_val_MSEloss": 0.0006554062711074948}}