{"train_samples": 20, "test_samples": 200, "source_model": "google/mt5-base", "source_dim": 768, "target_dim": 512, "test_results": {"bleu": 10.42, "bleu1": 25.64, "bleu2": 9.29, "bleu3": 7.56, "bleu4": 6.86, "rougeL": 0.1959, "rouge1": 0.231, "rouge2": 0.0934, "exact_match": 0.0}, "loss": {"X_Y_COS": 1.0, "X_Y_MSEloss": 1.2701085571730636e-13, "X_Y_test_COS": 0.8985128402709961, "X_Y_test_MSEloss": 0.0003764530993066728, "X_Y_val_COS": 0.9036076664924622, "X_Y_val_MSEloss": 0.0003621997602749616}}