{"train_samples": 50, "test_samples": 200, "source_model": "text-embedding-3-large", "source_dim": 3072, "target_dim": 512, "test_results": {"bleu": 0.11, "bleu1": 11.79, "bleu2": 0.12, "bleu3": 0.02, "bleu4": 0.01, "rougeL": 0.0291, "rouge1": 0.0322, "rouge2": 0.0003, "exact_match": 0.0}, "loss": {"X_Y_COS": 1.0, "X_Y_MSEloss": 1.96717769230712e-15, "X_Y_test_COS": 0.893779456615448, "X_Y_test_MSEloss": 0.00042165376362390816, "X_Y_val_COS": 0.8957514762878418, "X_Y_val_MSEloss": 0.0004112522292416543}}