{"train_samples": 50, "test_samples": 200, "source_model": "google/mt5-base", "source_dim": 768, "target_dim": 512, "test_results": {"bleu": 0.23, "bleu1": 16.3, "bleu2": 1.37, "bleu3": 0.03, "bleu4": 0.01, "rougeL": 0.1281, "rouge1": 0.1473, "rouge2": 0.0122, "exact_match": 0.0}, "loss": {"X_Y_COS": 1.0, "X_Y_MSEloss": 8.51300752113815e-10, "X_Y_test_COS": 0.9124064445495605, "X_Y_test_MSEloss": 0.0006292912294156849, "X_Y_val_COS": 0.9091018438339233, "X_Y_val_MSEloss": 0.0006630277493968606}}