{"train_samples": 40, "test_samples": 200, "source_model": "google/flan-t5-base", "source_dim": 768, "target_dim": 512, "test_results": {"bleu": 0.57, "bleu1": 19.58, "bleu2": 1.77, "bleu3": 0.24, "bleu4": 0.03, "rougeL": 0.141, "rouge1": 0.1713, "rouge2": 0.0159, "exact_match": 0.0}, "loss": {"X_Y_COS": 1.0, "X_Y_MSEloss": 2.55545251626188e-10, "X_Y_test_COS": 0.9408940076828003, "X_Y_test_MSEloss": 0.000519436493050307, "X_Y_val_COS": 0.9428515434265137, "X_Y_val_MSEloss": 0.0005274907452985644}}