{"train_samples": 1000, "test_samples": 200, "source_model": "text-embedding-3-large", "source_dim": 3072, "target_dim": 512, "test_results": {"bleu": 0.39, "bleu1": 22.85, "bleu2": 1.24, "bleu3": 0.07, "bleu4": 0.04, "rougeL": 0.1126, "rouge1": 0.138, "rouge2": 0.0059, "exact_match": 0.0}, "loss": {"X_Y_COS": 0.9936876893043518, "X_Y_MSEloss": 2.4864622901077382e-05, "X_Y_test_COS": 0.8242681622505188, "X_Y_test_MSEloss": 0.0006794875953346491, "X_Y_val_COS": 0.8290439248085022, "X_Y_val_MSEloss": 0.0006610315758734941}}