{"train_samples": 40, "test_samples": 200, "source_model": "google/mt5-base", "source_dim": 768, "target_dim": 512, "test_results": {"bleu": 11.07, "bleu1": 26.45, "bleu2": 10.05, "bleu3": 8.25, "bleu4": 7.52, "rougeL": 0.2089, "rouge1": 0.2515, "rouge2": 0.0992, "exact_match": 0.0}, "loss": {"X_Y_COS": 1.0, "X_Y_MSEloss": 8.294637754424627e-10, "X_Y_test_COS": 0.8842905163764954, "X_Y_test_MSEloss": 0.0009828641777858138, "X_Y_val_COS": 0.8829005360603333, "X_Y_val_MSEloss": 0.0009889703942462802}}