{"train_samples": 40, "test_samples": 200, "source_model": "text-embedding-ada-002", "source_dim": 1536, "target_dim": 512, "test_results": {"bleu": 0.09, "bleu1": 9.62, "bleu2": 0.05, "bleu3": 0.01, "bleu4": 0.01, "rougeL": 0.0069, "rouge1": 0.0069, "rouge2": 0.0, "exact_match": 0.0}, "loss": {"X_Y_COS": 1.0, "X_Y_MSEloss": 2.0203854052009557e-13, "X_Y_test_COS": 0.9008887410163879, "X_Y_test_MSEloss": 0.00036812297184951603, "X_Y_val_COS": 0.9035948514938354, "X_Y_val_MSEloss": 0.00035817601019516587}}