{"train_samples": 50, "test_samples": 200, "source_model": "google-t5/t5-base", "source_dim": 768, "target_dim": 512, "test_results": {"bleu": 1.66, "bleu1": 24.51, "bleu2": 3.03, "bleu3": 0.67, "bleu4": 0.24, "rougeL": 0.1598, "rouge1": 0.2061, "rouge2": 0.0339, "exact_match": 0.0}, "loss": {"X_Y_COS": 1.0, "X_Y_MSEloss": 1.0460520253816052e-12, "X_Y_test_COS": 0.8392138481140137, "X_Y_test_MSEloss": 0.0005818228237330914, "X_Y_val_COS": 0.8393903970718384, "X_Y_val_MSEloss": 0.0005803652456961572}}