{"train_samples": 40, "test_samples": 200, "source_model": "text-embedding-ada-002", "source_dim": 1536, "target_dim": 512, "test_results": {"bleu": 0.1, "bleu1": 8.58, "bleu2": 0.11, "bleu3": 0.02, "bleu4": 0.01, "rougeL": 0.085, "rouge1": 0.0963, "rouge2": 0.0005, "exact_match": 0.0}, "loss": {"X_Y_COS": 1.0, "X_Y_MSEloss": 8.74659719651838e-13, "X_Y_test_COS": 0.8149035573005676, "X_Y_test_MSEloss": 0.0006588365649804473, "X_Y_val_COS": 0.8173090219497681, "X_Y_val_MSEloss": 0.0006506892968900502}}