{"train_samples": 1000, "test_samples": 200, "source_model": "sentence-transformers/all-MiniLM-L6-v2", "source_dim": 384, "target_dim": 512, "test_results": {"bleu": 0.32, "bleu1": 14.95, "bleu2": 0.94, "bleu3": 0.06, "bleu4": 0.02, "rougeL": 0.1132, "rouge1": 0.1397, "rouge2": 0.0087, "exact_match": 0.0}, "loss": {"X_Y_COS": 0.9474450349807739, "X_Y_MSEloss": 0.00020897189097013324, "X_Y_test_COS": 0.8580931425094604, "X_Y_test_MSEloss": 0.0005420298548415303, "X_Y_val_COS": 0.855641782283783, "X_Y_val_MSEloss": 0.0005566810723394156}}