{"train_samples": 1000, "test_samples": 200, "source_model": "sentence-transformers/all-MiniLM-L6-v2", "source_dim": 384, "target_dim": 512, "test_results": {"bleu": 0.26, "bleu1": 14.25, "bleu2": 0.78, "bleu3": 0.03, "bleu4": 0.02, "rougeL": 0.1049, "rouge1": 0.1247, "rouge2": 0.0083, "exact_match": 0.0}, "loss": {"X_Y_COS": 0.9495623707771301, "X_Y_MSEloss": 0.0003419520508032292, "X_Y_test_COS": 0.8579522371292114, "X_Y_test_MSEloss": 0.0009016802068799734, "X_Y_val_COS": 0.8614059090614319, "X_Y_val_MSEloss": 0.0008789298008196056}}