{"train_samples": 30, "test_samples": 200, "source_model": "text-embedding-ada-002", "source_dim": 1536, "target_dim": 512, "test_results": {"bleu": 0.17, "bleu1": 15.1, "bleu2": 0.93, "bleu3": 0.01, "bleu4": 0.01, "rougeL": 0.0893, "rouge1": 0.1021, "rouge2": 0.0087, "exact_match": 0.0}, "loss": {"X_Y_COS": 1.0, "X_Y_MSEloss": 2.4503101235312172e-14, "X_Y_test_COS": 0.8453326225280762, "X_Y_test_MSEloss": 0.0005579633289016783, "X_Y_val_COS": 0.8551211357116699, "X_Y_val_MSEloss": 0.0005251392140053213}}