{"train_samples": 100, "test_samples": 200, "source_model": "text-embedding-ada-002", "source_dim": 1536, "target_dim": 512, "test_results": {"bleu": 0.18, "bleu1": 14.02, "bleu2": 0.83, "bleu3": 0.02, "bleu4": 0.01, "rougeL": 0.1101, "rouge1": 0.1379, "rouge2": 0.0083, "exact_match": 0.0}, "loss": {"X_Y_COS": 1.0, "X_Y_MSEloss": 4.5063279496826425e-11, "X_Y_test_COS": 0.9021077752113342, "X_Y_test_MSEloss": 0.00036655052099376917, "X_Y_val_COS": 0.9059841632843018, "X_Y_val_MSEloss": 0.0003525552456267178}}