{"train_samples": 10, "test_samples": 200, "source_model": "sentence-transformers/all-MiniLM-L6-v2", "source_dim": 384, "target_dim": 512, "test_results": {"bleu": 0.29, "bleu1": 15.8, "bleu2": 0.99, "bleu3": 0.04, "bleu4": 0.01, "rougeL": 0.0989, "rouge1": 0.125, "rouge2": 0.0156, "exact_match": 0.0}, "loss": {"X_Y_COS": 1.0, "X_Y_MSEloss": 1.9438478373711153e-16, "X_Y_test_COS": 0.7237168550491333, "X_Y_test_MSEloss": 0.001044904813170433, "X_Y_val_COS": 0.6683593392372131, "X_Y_val_MSEloss": 0.0010663967113941908}}