{"train_samples": 3, "test_samples": 200, "source_model": "text-embedding-ada-002", "source_dim": 1536, "target_dim": 512, "test_results": {"bleu": 0.15, "bleu1": 18.13, "bleu2": 0.5, "bleu3": 0.01, "bleu4": 0.01, "rougeL": 0.0881, "rouge1": 0.1012, "rouge2": 0.0024, "exact_match": 0.0}, "loss": {"X_Y_COS": 1.0, "X_Y_MSEloss": 8.360048959184046e-16, "X_Y_test_COS": 0.7946649789810181, "X_Y_test_MSEloss": 0.0007197275408543646, "X_Y_val_COS": 0.7957608699798584, "X_Y_val_MSEloss": 0.0007156274514272809}}