{"train_samples": 100, "test_samples": 200, "source_model": "text-embedding-3-large", "source_dim": 3072, "target_dim": 512, "test_results": {"bleu": 0.14, "bleu1": 11.28, "bleu2": 0.41, "bleu3": 0.02, "bleu4": 0.01, "rougeL": 0.088, "rouge1": 0.1134, "rouge2": 0.0051, "exact_match": 0.0}, "loss": {"X_Y_COS": 1.0, "X_Y_MSEloss": 1.622501438758306e-10, "X_Y_test_COS": 0.858757734298706, "X_Y_test_MSEloss": 0.000981443328782916, "X_Y_val_COS": 0.8641930818557739, "X_Y_val_MSEloss": 0.0009242813684977591}}