{"train_samples": 3, "test_samples": 200, "source_model": "sentence-transformers/gtr-t5-base", "source_dim": 768, "target_dim": 512, "test_results": {"bleu": 0.05, "bleu1": 8.55, "bleu2": 0.02, "bleu3": 0.01, "bleu4": 0.0, "rougeL": 0.0, "rouge1": 0.0, "rouge2": 0.0, "exact_match": 0.0}, "loss": {"X_Y_COS": 1.0, "X_Y_MSEloss": 3.5488700550440977e-16, "X_Y_test_COS": 0.802728533744812, "X_Y_test_MSEloss": 0.0007730972720310092, "X_Y_val_COS": 0.806829571723938, "X_Y_val_MSEloss": 0.0007760535227134824}}