{"train_samples": 20, "test_samples": 200, "source_model": "google-bert/bert-base-multilingual-cased", "source_dim": 768, "target_dim": 512, "test_results": {"bleu": 0.15, "bleu1": 13.84, "bleu2": 0.52, "bleu3": 0.02, "bleu4": 0.01, "rougeL": 0.0913, "rouge1": 0.1064, "rouge2": 0.0026, "exact_match": 0.0}, "loss": {"X_Y_COS": 1.0, "X_Y_MSEloss": 1.779651981337338e-10, "X_Y_test_COS": 0.9266274571418762, "X_Y_test_MSEloss": 0.0005737162427976727, "X_Y_val_COS": 0.9244598150253296, "X_Y_val_MSEloss": 0.0005757281905971467}}