{"train_samples": 10, "test_samples": 200, "source_model": "text-embedding-ada-002", "source_dim": 1536, "target_dim": 512, "test_results": {"bleu": 0.57, "bleu1": 14.99, "bleu2": 0.65, "bleu3": 0.12, "bleu4": 0.09, "rougeL": 0.0987, "rouge1": 0.1282, "rouge2": 0.0064, "exact_match": 0.0}, "loss": {"X_Y_COS": 1.0, "X_Y_MSEloss": 2.2731874715908873e-10, "X_Y_test_COS": 0.8726701140403748, "X_Y_test_MSEloss": 0.001030058367177844, "X_Y_val_COS": 0.874135434627533, "X_Y_val_MSEloss": 0.0010005818912759423}}