{"train_samples": 40, "test_samples": 200, "source_model": "google-bert/bert-base-multilingual-cased", "source_dim": 768, "target_dim": 512, "test_results": {"bleu": 0.19, "bleu1": 15.8, "bleu2": 0.8, "bleu3": 0.02, "bleu4": 0.01, "rougeL": 0.1147, "rouge1": 0.154, "rouge2": 0.0089, "exact_match": 0.0}, "loss": {"X_Y_COS": 1.0, "X_Y_MSEloss": 2.1294566110441338e-10, "X_Y_test_COS": 0.8965759873390198, "X_Y_test_MSEloss": 0.0007106162374839187, "X_Y_val_COS": 0.9004085063934326, "X_Y_val_MSEloss": 0.0006724928971379995}}