{"train_samples": 500, "test_samples": 200, "source_model": "google/flan-t5-base", "source_dim": 768, "target_dim": 512, "test_results": {"bleu": 0.32, "bleu1": 20.91, "bleu2": 1.32, "bleu3": 0.03, "bleu4": 0.02, "rougeL": 0.1457, "rouge1": 0.1845, "rouge2": 0.0151, "exact_match": 0.0}, "loss": {"X_Y_COS": 0.9906778931617737, "X_Y_MSEloss": 3.6543773603625596e-05, "X_Y_test_COS": 0.925736665725708, "X_Y_test_MSEloss": 0.0002918347017839551, "X_Y_val_COS": 0.9254125952720642, "X_Y_val_MSEloss": 0.0002917146193794906}}