{"train_samples": 500, "test_samples": 200, "source_model": "google-t5/t5-base", "source_dim": 768, "target_dim": 512, "test_results": {"bleu": 0.29, "bleu1": 17.11, "bleu2": 1.12, "bleu3": 0.03, "bleu4": 0.02, "rougeL": 0.1275, "rouge1": 0.159, "rouge2": 0.0097, "exact_match": 0.0}, "loss": {"X_Y_COS": 0.9872199892997742, "X_Y_MSEloss": 5.037383016315289e-05, "X_Y_test_COS": 0.9257919192314148, "X_Y_test_MSEloss": 0.0002906865847762674, "X_Y_val_COS": 0.9258108139038086, "X_Y_val_MSEloss": 0.00028849142836406827}}