{"train_samples": 1000, "test_samples": 200, "source_model": "random", "source_dim": 768, "target_dim": 512, "test_results": {"bleu": 0.15, "bleu1": 10.21, "bleu2": 0.33, "bleu3": 0.02, "bleu4": 0.01, "rougeL": 0.0656, "rouge1": 0.0711, "rouge2": 0.0034, "exact_match": 0.0}, "loss": {"X_Y_COS": 0.9044285416603088, "X_Y_MSEloss": 0.0004361457540653646, "X_Y_test_COS": -0.015307324007153511, "X_Y_test_MSEloss": 0.007662682328373194, "X_Y_val_COS": -0.020953794941306114, "X_Y_val_MSEloss": 0.007332168519496918}}