{"train_samples": 3000, "test_samples": 200, "source_model": "sentence-transformers/gtr-t5-base", "source_dim": 768, "target_dim": 512, "test_results": {"bleu": 0.13, "bleu1": 12.73, "bleu2": 0.16, "bleu3": 0.02, "bleu4": 0.01, "rougeL": 0.0676, "rouge1": 0.077, "rouge2": 0.0063, "exact_match": 0.0}, "loss": {"X_Y_COS": 0.9443600177764893, "X_Y_MSEloss": 0.0002124217280652374, "X_Y_test_COS": 0.9157734513282776, "X_Y_test_MSEloss": 0.000318289763526991, "X_Y_val_COS": 0.9162946343421936, "X_Y_val_MSEloss": 0.00031722194398753345}}