{"train_samples": 1000, "test_samples": 200, "source_model": "text-embedding-ada-002", "source_dim": 1536, "target_dim": 512, "test_results": {"bleu": 0.13, "bleu1": 10.26, "bleu2": 0.21, "bleu3": 0.02, "bleu4": 0.01, "rougeL": 0.069, "rouge1": 0.0773, "rouge2": 0.0023, "exact_match": 0.0}, "loss": {"X_Y_COS": 1.0, "X_Y_MSEloss": 4.735891800250469e-12, "X_Y_test_COS": 0.031206617131829262, "X_Y_test_MSEloss": 0.0060233259573578835, "X_Y_val_COS": 0.010574531741440296, "X_Y_val_MSEloss": 0.0058220610953867435}}