{"train_samples": 50, "test_samples": 200, "source_model": "text-embedding-3-large", "source_dim": 3072, "target_dim": 512, "test_results": {"bleu": 0.15, "bleu1": 12.9, "bleu2": 0.49, "bleu3": 0.02, "bleu4": 0.01, "rougeL": 0.1005, "rouge1": 0.1351, "rouge2": 0.0058, "exact_match": 0.0}, "loss": {"X_Y_COS": 1.0, "X_Y_MSEloss": 1.556434263766328e-15, "X_Y_test_COS": 0.9038406610488892, "X_Y_test_MSEloss": 0.0006898247520439327, "X_Y_val_COS": 0.9072450399398804, "X_Y_val_MSEloss": 0.0006648597191087902}}