{"train_samples": 5, "test_samples": 200, "source_model": "text-embedding-ada-002", "source_dim": 1536, "target_dim": 512, "test_results": {"bleu": 0.57, "bleu1": 17.54, "bleu2": 0.87, "bleu3": 0.13, "bleu4": 0.05, "rougeL": 0.1091, "rouge1": 0.1361, "rouge2": 0.0099, "exact_match": 0.0}, "loss": {"X_Y_COS": 1.0, "X_Y_MSEloss": 1.3351850227787685e-15, "X_Y_test_COS": 0.8044503331184387, "X_Y_test_MSEloss": 0.0006899912259541452, "X_Y_val_COS": 0.8016597032546997, "X_Y_val_MSEloss": 0.0006990832043811679}}