{"train_samples": 1, "test_samples": 200, "source_model": "google-t5/t5-base", "source_dim": 768, "target_dim": 512, "test_results": {"bleu": 0.28, "bleu1": 10.29, "bleu2": 1.0, "bleu3": 0.06, "bleu4": 0.03, "rougeL": 0.0927, "rouge1": 0.1023, "rouge2": 0.0111, "exact_match": 0.0}, "loss": {"X_Y_COS": 1.0, "X_Y_MSEloss": 1.9146466456732014e-07, "X_Y_test_COS": 0.8354815244674683, "X_Y_test_MSEloss": 0.0008179891156032681, "X_Y_val_COS": 0.8374738693237305, "X_Y_val_MSEloss": 0.0008127812761813402, "reg_lambda": 0.01}}