{"train_samples": 500, "test_samples": 200, "source_model": "text-embedding-ada-002", "source_dim": 1536, "target_dim": 512, "test_results": {"bleu": 5.36, "bleu1": 27.02, "bleu2": 6.06, "bleu3": 3.29, "bleu4": 2.3, "rougeL": 0.1993, "rouge1": 0.2478, "rouge2": 0.0659, "exact_match": 0.0}, "loss": {"X_Y_COS": 0.9747030735015869, "X_Y_MSEloss": 9.811733616515994e-05, "X_Y_test_COS": 0.8849288821220398, "X_Y_test_MSEloss": 0.00043490223470143974, "X_Y_val_COS": 0.8865447044372559, "X_Y_val_MSEloss": 0.0004291661025490612}}