{"train_samples": 40, "test_samples": 200, "source_model": "google/flan-t5-base", "source_dim": 768, "target_dim": 512, "test_results": {"bleu": 0.15, "bleu1": 15.29, "bleu2": 0.39, "bleu3": 0.01, "bleu4": 0.01, "rougeL": 0.0696, "rouge1": 0.078, "rouge2": 0.0032, "exact_match": 0.0}, "loss": {"X_Y_COS": 1.0, "X_Y_MSEloss": 2.850939157059834e-13, "X_Y_test_COS": 0.8801476955413818, "X_Y_test_MSEloss": 0.00044311111560091376, "X_Y_val_COS": 0.8790104985237122, "X_Y_val_MSEloss": 0.00044761644676327705}}