{"train_samples": 1000, "test_samples": 200, "source_model": "google-t5/t5-base", "source_dim": 768, "target_dim": 512, "test_results": {"bleu": 3.98, "bleu1": 32.82, "bleu2": 6.49, "bleu3": 2.02, "bleu4": 0.58, "rougeL": 0.2452, "rouge1": 0.3168, "rouge2": 0.0764, "exact_match": 0.0}, "loss": {"X_Y_COS": 0.972750186920166, "X_Y_MSEloss": 0.0001314205874223262, "X_Y_test_COS": 0.9343754649162292, "X_Y_test_MSEloss": 0.0003265527484472841, "X_Y_val_COS": 0.9331693649291992, "X_Y_val_MSEloss": 0.0003113298735115677}}