{"train_samples": 5, "test_samples": 200, "source_model": "google/flan-t5-base", "source_dim": 768, "target_dim": 512, "test_results": {"bleu": 0.99, "bleu1": 18.61, "bleu2": 1.31, "bleu3": 0.31, "bleu4": 0.13, "rougeL": 0.112, "rouge1": 0.1508, "rouge2": 0.0103, "exact_match": 0.0}, "loss": {"X_Y_COS": 1.0, "X_Y_MSEloss": 3.785779082341817e-16, "X_Y_test_COS": 0.8359699249267578, "X_Y_test_MSEloss": 0.0006127727683633566, "X_Y_val_COS": 0.8325443863868713, "X_Y_val_MSEloss": 0.0006286440184339881}}