{"train_samples": 100, "test_samples": 200, "source_model": "text-embedding-ada-002", "source_dim": 1536, "target_dim": 512, "test_results": {"bleu": 0.1, "bleu1": 9.05, "bleu2": 0.12, "bleu3": 0.02, "bleu4": 0.01, "rougeL": 0.007, "rouge1": 0.007, "rouge2": 0.0004, "exact_match": 0.0}, "loss": {"X_Y_COS": 1.0, "X_Y_MSEloss": 9.100074582768514e-10, "X_Y_test_COS": 0.8718127012252808, "X_Y_test_MSEloss": 0.0011838399805128574, "X_Y_val_COS": 0.8689773082733154, "X_Y_val_MSEloss": 0.0012433549854904413}}