{"train_samples": 500, "test_samples": 200, "source_model": "intfloat/multilingual-e5-base", "source_dim": 768, "target_dim": 512, "test_results": {"bleu": 0.23, "bleu1": 17.33, "bleu2": 0.96, "bleu3": 0.02, "bleu4": 0.01, "rougeL": 0.1362, "rouge1": 0.1516, "rouge2": 0.0097, "exact_match": 0.0}, "loss": {"X_Y_COS": 0.9860912561416626, "X_Y_MSEloss": 0.00010879182809730992, "X_Y_test_COS": 0.9127749800682068, "X_Y_test_MSEloss": 0.0006752443150617182, "X_Y_val_COS": 0.9186598062515259, "X_Y_val_MSEloss": 0.000632631650660187}}