{"train_samples": 500, "test_samples": 200, "source_model": "intfloat/multilingual-e5-base", "source_dim": 768, "target_dim": 512, "test_results": {"bleu": 0.34, "bleu1": 19.13, "bleu2": 1.1, "bleu3": 0.05, "bleu4": 0.03, "rougeL": 0.1337, "rouge1": 0.1558, "rouge2": 0.0116, "exact_match": 0.0}, "loss": {"X_Y_COS": 0.9825909733772278, "X_Y_MSEloss": 6.783437129342929e-05, "X_Y_test_COS": 0.9172731637954712, "X_Y_test_MSEloss": 0.00032096062204800546, "X_Y_val_COS": 0.9202902913093567, "X_Y_val_MSEloss": 0.00030868660542182624}}