{"train_samples": 1, "test_samples": 200, "source_model": "google-t5/t5-base", "source_dim": 768, "target_dim": 512, "test_results": {"bleu": 0.04, "bleu1": 14.5, "bleu2": 0.03, "bleu3": 0.01, "bleu4": 0.01, "rougeL": 0.0004, "rouge1": 0.0004, "rouge2": 0.0, "exact_match": 0.0}, "loss": {"X_Y_COS": 1.0, "X_Y_MSEloss": 7.334921511418016e-16, "X_Y_test_COS": 0.7920928597450256, "X_Y_test_MSEloss": 0.0010675018420442939, "X_Y_val_COS": 0.7959635853767395, "X_Y_val_MSEloss": 0.0010925645474344492}}