{"train_samples": 500, "test_samples": 200, "source_model": "sentence-transformers/all-MiniLM-L6-v2", "source_dim": 384, "target_dim": 512, "test_results": {"bleu": 0.16, "bleu1": 13.84, "bleu2": 0.6, "bleu3": 0.02, "bleu4": 0.01, "rougeL": 0.0978, "rouge1": 0.1167, "rouge2": 0.0077, "exact_match": 0.0}, "loss": {"X_Y_COS": 0.9860191941261292, "X_Y_MSEloss": 0.00010276625835103914, "X_Y_test_COS": 0.8349887132644653, "X_Y_test_MSEloss": 0.0012807301245629787, "X_Y_val_COS": 0.8386788368225098, "X_Y_val_MSEloss": 0.0012609389377757907}}