{"train_samples": 500, "test_samples": 200, "source_model": "sentence-transformers/all-MiniLM-L6-v2", "source_dim": 384, "target_dim": 512, "test_results": {"bleu": 0.17, "bleu1": 14.21, "bleu2": 0.61, "bleu3": 0.02, "bleu4": 0.01, "rougeL": 0.0959, "rouge1": 0.1167, "rouge2": 0.0062, "exact_match": 0.0}, "loss": {"X_Y_COS": 0.9854763150215149, "X_Y_MSEloss": 6.179371121106669e-05, "X_Y_test_COS": 0.8315801620483398, "X_Y_test_MSEloss": 0.0007199743413366377, "X_Y_val_COS": 0.8372068405151367, "X_Y_val_MSEloss": 0.0007129046716727316}}