{"train_samples": 40, "test_samples": 200, "source_model": "google/mt5-base", "source_dim": 768, "target_dim": 512, "test_results": {"bleu": 2.76, "bleu1": 24.75, "bleu2": 3.41, "bleu3": 1.2, "bleu4": 0.57, "rougeL": 0.1575, "rouge1": 0.215, "rouge2": 0.0344, "exact_match": 0.0}, "loss": {"X_Y_COS": 1.0, "X_Y_MSEloss": 4.8698167894045685e-12, "X_Y_test_COS": 0.8697593212127686, "X_Y_test_MSEloss": 0.00047388780512847006, "X_Y_val_COS": 0.86277836561203, "X_Y_val_MSEloss": 0.000501319591421634}}