{"train_samples": 1000, "test_samples": 200, "source_model": "google-t5/t5-base", "source_dim": 768, "target_dim": 512, "test_results": {"bleu": 0.51, "bleu1": 15.81, "bleu2": 1.38, "bleu3": 0.14, "bleu4": 0.03, "rougeL": 0.1149, "rouge1": 0.1302, "rouge2": 0.0097, "exact_match": 0.0}, "loss": {"X_Y_COS": 0.889089822769165, "X_Y_MSEloss": 0.00048663216875866055, "X_Y_test_COS": -0.035672154277563095, "X_Y_test_MSEloss": 0.007834485732018948, "X_Y_val_COS": 0.10149183124303818, "X_Y_val_MSEloss": 0.007459050044417381}}