{"train_samples": 1000, "test_samples": 200, "source_model": "text-embedding-3-large", "source_dim": 3072, "target_dim": 512, "test_results": {"bleu": 12.39, "bleu1": 46.04, "bleu2": 17.62, "bleu3": 7.49, "bleu4": 3.88, "rougeL": 0.3876, "rouge1": 0.4986, "rouge2": 0.1979, "exact_match": 0.0}, "loss": {"X_Y_COS": 0.9981207847595215, "X_Y_MSEloss": 7.640949661436025e-06, "X_Y_test_COS": 0.9442390203475952, "X_Y_test_MSEloss": 0.00021818846289534122, "X_Y_val_COS": 0.942491888999939, "X_Y_val_MSEloss": 0.00022378940775524825}}