{"train_samples": 20, "test_samples": 200, "source_model": "google/flan-t5-base", "source_dim": 768, "target_dim": 512, "test_results": {"bleu": 0.09, "bleu1": 9.21, "bleu2": 0.09, "bleu3": 0.02, "bleu4": 0.01, "rougeL": 0.0836, "rouge1": 0.0963, "rouge2": 0.0022, "exact_match": 0.0}, "loss": {"X_Y_COS": 1.0, "X_Y_MSEloss": 6.907569676840863e-13, "X_Y_test_COS": 0.7940365672111511, "X_Y_test_MSEloss": 0.0007373372791334987, "X_Y_val_COS": 0.7965723872184753, "X_Y_val_MSEloss": 0.0007263133302330971}}