{"train_samples": 40, "test_samples": 200, "source_model": "text-embedding-ada-002", "source_dim": 1536, "target_dim": 512, "test_results": {"bleu": 0.42, "bleu1": 17.98, "bleu2": 1.12, "bleu3": 0.15, "bleu4": 0.03, "rougeL": 0.1136, "rouge1": 0.1334, "rouge2": 0.0087, "exact_match": 0.0}, "loss": {"X_Y_COS": 1.0, "X_Y_MSEloss": 2.0744441320968976e-13, "X_Y_test_COS": 0.9172255992889404, "X_Y_test_MSEloss": 0.00031016726279631257, "X_Y_val_COS": 0.919601559638977, "X_Y_val_MSEloss": 0.0003022208111360669}}