{"train_samples": 40, "test_samples": 200, "source_model": "text-embedding-ada-002", "source_dim": 1536, "target_dim": 512, "test_results": {"bleu": 0.19, "bleu1": 14.45, "bleu2": 0.57, "bleu3": 0.02, "bleu4": 0.01, "rougeL": 0.1037, "rouge1": 0.1157, "rouge2": 0.0072, "exact_match": 0.0}, "loss": {"X_Y_COS": 1.0, "X_Y_MSEloss": 5.094714650155652e-10, "X_Y_test_COS": 0.9267191290855408, "X_Y_test_MSEloss": 0.0006454952526837587, "X_Y_val_COS": 0.9288708567619324, "X_Y_val_MSEloss": 0.0006409671623259783}}