{"train_samples": 40, "test_samples": 200, "source_model": "google/mt5-base", "source_dim": 768, "target_dim": 512, "test_results": {"bleu": 0.23, "bleu1": 16.91, "bleu2": 1.23, "bleu3": 0.03, "bleu4": 0.01, "rougeL": 0.1274, "rouge1": 0.1476, "rouge2": 0.0111, "exact_match": 0.0}, "loss": {"X_Y_COS": 1.0, "X_Y_MSEloss": 1.3118567343539667e-09, "X_Y_test_COS": 0.9120582938194275, "X_Y_test_MSEloss": 0.0006332392804324627, "X_Y_val_COS": 0.9093162417411804, "X_Y_val_MSEloss": 0.0006637411424890161}}