{"train_samples": 20, "test_samples": 200, "source_model": "sentence-transformers/all-MiniLM-L6-v2", "source_dim": 384, "target_dim": 512, "test_results": {"bleu": 0.14, "bleu1": 10.38, "bleu2": 0.38, "bleu3": 0.02, "bleu4": 0.01, "rougeL": 0.0484, "rouge1": 0.0546, "rouge2": 0.0039, "exact_match": 0.0}, "loss": {"X_Y_COS": 1.0, "X_Y_MSEloss": 3.738026276451376e-16, "X_Y_test_COS": 0.9045026302337646, "X_Y_test_MSEloss": 0.00042735974420793355, "X_Y_val_COS": 0.8990774154663086, "X_Y_val_MSEloss": 0.0004464125959202647}}