{"train_samples": 100, "test_samples": 200, "source_model": "sentence-transformers/gtr-t5-base", "source_dim": 768, "target_dim": 512, "test_results": {"bleu": 0.24, "bleu1": 18.69, "bleu2": 1.05, "bleu3": 0.02, "bleu4": 0.01, "rougeL": 0.1045, "rouge1": 0.1187, "rouge2": 0.0074, "exact_match": 0.0}, "loss": {"X_Y_COS": 1.0, "X_Y_MSEloss": 1.7821791134867149e-12, "X_Y_test_COS": 0.8921458721160889, "X_Y_test_MSEloss": 0.00040453928522765636, "X_Y_val_COS": 0.8987716436386108, "X_Y_val_MSEloss": 0.0003825395542662591}}