{"train_samples": 6000, "test_samples": 200, "source_model": "google-t5/t5-base", "source_dim": 768, "target_dim": 512, "test_results": {"bleu": 0.24, "bleu1": 18.89, "bleu2": 1.14, "bleu3": 0.02, "bleu4": 0.01, "rougeL": 0.1502, "rouge1": 0.1775, "rouge2": 0.0125, "exact_match": 0.0}, "loss": {"X_Y_COS": 0.9658889770507812, "X_Y_MSEloss": 0.00013278028927743435, "X_Y_test_COS": 0.9600986838340759, "X_Y_test_MSEloss": 0.00015422706201206893, "X_Y_val_COS": 0.9614225625991821, "X_Y_val_MSEloss": 0.000149501851410605}}