{"train_samples": 3, "test_samples": 200, "source_model": "google/flan-t5-base", "source_dim": 768, "target_dim": 512, "test_results": {"bleu": 0.41, "bleu1": 14.46, "bleu2": 0.62, "bleu3": 0.14, "bleu4": 0.06, "rougeL": 0.0701, "rouge1": 0.0818, "rouge2": 0.0023, "exact_match": 0.0}, "loss": {"X_Y_COS": 1.0, "X_Y_MSEloss": 5.959966280062409e-16, "X_Y_test_COS": 0.8777410984039307, "X_Y_test_MSEloss": 0.0010860128095373511, "X_Y_val_COS": 0.8761775493621826, "X_Y_val_MSEloss": 0.0010990166338160634}}