{"train_samples": 10, "test_samples": 200, "source_model": "google-bert/bert-base-multilingual-cased", "source_dim": 768, "target_dim": 512, "test_results": {"bleu": 0.12, "bleu1": 15.83, "bleu2": 0.35, "bleu3": 0.01, "bleu4": 0.01, "rougeL": 0.0561, "rouge1": 0.0659, "rouge2": 0.0019, "exact_match": 0.0}, "loss": {"X_Y_COS": 1.0, "X_Y_MSEloss": 5.279360483867001e-16, "X_Y_test_COS": 0.864611029624939, "X_Y_test_MSEloss": 0.0004984859260730445, "X_Y_val_COS": 0.8681443333625793, "X_Y_val_MSEloss": 0.0004886433598585427}}