{"train_samples": 30, "test_samples": 200, "source_model": "google-bert/bert-base-multilingual-cased", "source_dim": 768, "target_dim": 512, "test_results": {"bleu": 0.58, "bleu1": 16.26, "bleu2": 1.04, "bleu3": 0.18, "bleu4": 0.09, "rougeL": 0.0787, "rouge1": 0.089, "rouge2": 0.0068, "exact_match": 0.0}, "loss": {"X_Y_COS": 1.0, "X_Y_MSEloss": 1.9164462632939236e-14, "X_Y_test_COS": 0.839329183101654, "X_Y_test_MSEloss": 0.0005825585685670376, "X_Y_val_COS": 0.8474293351173401, "X_Y_val_MSEloss": 0.0005544127197936177}}