{"train_samples": 50, "test_samples": 200, "source_model": "intfloat/multilingual-e5-base", "source_dim": 768, "target_dim": 512, "test_results": {"bleu": 0.05, "bleu1": 9.11, "bleu2": 0.02, "bleu3": 0.01, "bleu4": 0.0, "rougeL": 0.2133, "rouge1": 0.3049, "rouge2": 0.0236, "exact_match": 0.0}, "loss": {"X_Y_COS": 1.0, "X_Y_MSEloss": 6.643499118885732e-12, "X_Y_test_COS": 0.8835046291351318, "X_Y_test_MSEloss": 0.00042972920346073806, "X_Y_val_COS": 0.882441520690918, "X_Y_val_MSEloss": 0.00043334573274478316}}