{"train_samples": 20, "test_samples": 200, "source_model": "text-embedding-3-large", "source_dim": 3072, "target_dim": 512, "test_results": {"bleu": 0.56, "bleu1": 18.34, "bleu2": 1.17, "bleu3": 0.22, "bleu4": 0.02, "rougeL": 0.1257, "rouge1": 0.1705, "rouge2": 0.0185, "exact_match": 0.0}, "loss": {"X_Y_COS": 1.0, "X_Y_MSEloss": 2.2122510054856277e-16, "X_Y_test_COS": 0.9134190678596497, "X_Y_test_MSEloss": 0.0004869679396506399, "X_Y_val_COS": 0.9127836227416992, "X_Y_val_MSEloss": 0.0004927656846120954}}