{"train_samples": 100, "test_samples": 200, "source_model": "intfloat/multilingual-e5-base", "source_dim": 768, "target_dim": 512, "test_results": {"bleu": 0.17, "bleu1": 17.65, "bleu2": 0.51, "bleu3": 0.01, "bleu4": 0.01, "rougeL": 0.1019, "rouge1": 0.1228, "rouge2": 0.0019, "exact_match": 0.0}, "loss": {"X_Y_COS": 0.9999998807907104, "X_Y_MSEloss": 3.7485747839127725e-10, "X_Y_test_COS": 0.9105001091957092, "X_Y_test_MSEloss": 0.0003369853657204658, "X_Y_val_COS": 0.9114707708358765, "X_Y_val_MSEloss": 0.0003334495995659381}}