{"train_samples": 10, "test_samples": 200, "source_model": "google-bert/bert-base-multilingual-cased", "source_dim": 768, "target_dim": 512, "test_results": {"bleu": 0.25, "bleu1": 16.22, "bleu2": 1.14, "bleu3": 0.02, "bleu4": 0.01, "rougeL": 0.1143, "rouge1": 0.1522, "rouge2": 0.0125, "exact_match": 0.0}, "loss": {"X_Y_COS": 1.0, "X_Y_MSEloss": 7.441070092181149e-15, "X_Y_test_COS": 0.8912515044212341, "X_Y_test_MSEloss": 0.0008077797247096896, "X_Y_val_COS": 0.8961097598075867, "X_Y_val_MSEloss": 0.0007997898501344025}}