{"train_samples": 50, "test_samples": 200, "source_model": "text-embedding-3-large", "source_dim": 3072, "target_dim": 512, "test_results": {"bleu": 0.65, "bleu1": 14.63, "bleu2": 1.14, "bleu3": 0.31, "bleu4": 0.17, "rougeL": 0.066, "rouge1": 0.0755, "rouge2": 0.0105, "exact_match": 0.0}, "loss": {"X_Y_COS": 1.0, "X_Y_MSEloss": 1.6759292250419916e-15, "X_Y_test_COS": 0.9035404920578003, "X_Y_test_MSEloss": 0.00041823278297670186, "X_Y_val_COS": 0.9011011123657227, "X_Y_val_MSEloss": 0.0004372734983917326}}