{"train_samples": 100, "test_samples": 200, "source_model": "google-bert/bert-base-multilingual-cased", "source_dim": 768, "target_dim": 512, "test_results": {"bleu": 0.25, "bleu1": 13.28, "bleu2": 0.67, "bleu3": 0.03, "bleu4": 0.02, "rougeL": 0.1025, "rouge1": 0.1235, "rouge2": 0.0085, "exact_match": 0.0}, "loss": {"X_Y_COS": 1.0, "X_Y_MSEloss": 5.909172456908252e-11, "X_Y_test_COS": 0.8484900593757629, "X_Y_test_MSEloss": 0.0005680985632352531, "X_Y_val_COS": 0.8540884256362915, "X_Y_val_MSEloss": 0.0005481253610923886}}