{"train_samples": 500, "test_samples": 200, "source_model": "text-embedding-ada-002", "source_dim": 1536, "target_dim": 512, "test_results": {"bleu": 3.83, "bleu1": 28.03, "bleu2": 5.02, "bleu3": 1.86, "bleu4": 0.84, "rougeL": 0.2006, "rouge1": 0.2926, "rouge2": 0.0608, "exact_match": 0.0}, "loss": {"X_Y_COS": 0.9770786762237549, "X_Y_MSEloss": 8.939102553995326e-05, "X_Y_test_COS": 0.8902152180671692, "X_Y_test_MSEloss": 0.00041212968062609434, "X_Y_val_COS": 0.8886128067970276, "X_Y_val_MSEloss": 0.00042045535519719124}}