{"train_samples": 5, "test_samples": 200, "source_model": "text-embedding-3-large", "source_dim": 3072, "target_dim": 512, "test_results": {"bleu": 0.1, "bleu1": 8.0, "bleu2": 0.1, "bleu3": 0.02, "bleu4": 0.01, "rougeL": 0.0495, "rouge1": 0.0562, "rouge2": 0.0075, "exact_match": 0.0}, "loss": {"X_Y_COS": 1.0, "X_Y_MSEloss": 1.8048426642103266e-10, "X_Y_test_COS": 0.8813678026199341, "X_Y_test_MSEloss": 0.0012652251170948148, "X_Y_val_COS": 0.8775597810745239, "X_Y_val_MSEloss": 0.0013469187542796135}}