{"train_samples": 40, "test_samples": 200, "source_model": "google-t5/t5-base", "source_dim": 768, "target_dim": 512, "test_results": {"bleu": 1.66, "bleu1": 22.6, "bleu2": 3.01, "bleu3": 0.68, "bleu4": 0.24, "rougeL": 0.1588, "rouge1": 0.2073, "rouge2": 0.0351, "exact_match": 0.0}, "loss": {"X_Y_COS": 1.0, "X_Y_MSEloss": 2.518986267404516e-13, "X_Y_test_COS": 0.895343542098999, "X_Y_test_MSEloss": 0.0003880517033394426, "X_Y_val_COS": 0.8959929943084717, "X_Y_val_MSEloss": 0.0003857940318994224}}