{"train_samples": 1, "test_samples": 200, "source_model": "google/mt5-base", "source_dim": 768, "target_dim": 512, "test_results": {"bleu": 0.15, "bleu1": 12.0, "bleu2": 0.31, "bleu3": 0.03, "bleu4": 0.01, "rougeL": 0.0932, "rouge1": 0.1131, "rouge2": 0.0034, "exact_match": 0.0}, "loss": {"X_Y_COS": 1.0, "X_Y_MSEloss": 7.06152839280189e-18, "X_Y_test_COS": 0.8208264112472534, "X_Y_test_MSEloss": 0.00167690753005445, "X_Y_val_COS": 0.8231038451194763, "X_Y_val_MSEloss": 0.0016351602971553802}}