{"train_samples": 50, "test_samples": 200, "source_model": "sentence-transformers/gtr-t5-base", "source_dim": 768, "target_dim": 512, "test_results": {"bleu": 0.25, "bleu1": 18.04, "bleu2": 1.2, "bleu3": 0.02, "bleu4": 0.01, "rougeL": 0.1436, "rouge1": 0.1682, "rouge2": 0.0124, "exact_match": 0.0}, "loss": {"X_Y_COS": 1.0, "X_Y_MSEloss": 1.8360147251280864e-14, "X_Y_test_COS": 0.9302414655685425, "X_Y_test_MSEloss": 0.0002704438229557127, "X_Y_val_COS": 0.9331786036491394, "X_Y_val_MSEloss": 0.00025909897522069514}}