{"train_samples": 500, "test_samples": 200, "source_model": "intfloat/multilingual-e5-base", "source_dim": 768, "target_dim": 512, "test_results": {"bleu": 25.05, "bleu1": 42.23, "bleu2": 24.73, "bleu3": 21.16, "bleu4": 19.35, "rougeL": 0.3707, "rouge1": 0.4198, "rouge2": 0.2567, "exact_match": 0.0}, "loss": {"X_Y_COS": 0.9799516797065735, "X_Y_MSEloss": 7.886585808591917e-05, "X_Y_test_COS": 0.9072956442832947, "X_Y_test_MSEloss": 0.00036242231726646423, "X_Y_val_COS": 0.9053482413291931, "X_Y_val_MSEloss": 0.0003695928317029029}}