{"train_samples": 50, "test_samples": 200, "source_model": "sentence-transformers/all-MiniLM-L6-v2", "source_dim": 384, "target_dim": 512, "test_results": {"bleu": 0.48, "bleu1": 17.86, "bleu2": 1.07, "bleu3": 0.14, "bleu4": 0.04, "rougeL": 0.1191, "rouge1": 0.1495, "rouge2": 0.0145, "exact_match": 0.0}, "loss": {"X_Y_COS": 1.0, "X_Y_MSEloss": 3.730757924813588e-10, "X_Y_test_COS": 0.8504807353019714, "X_Y_test_MSEloss": 0.0011664163321256638, "X_Y_val_COS": 0.8518399000167847, "X_Y_val_MSEloss": 0.001147664850577712}}