{"train_samples": 1000, "test_samples": 200, "source_model": "google-bert/bert-base-multilingual-cased", "source_dim": 768, "target_dim": 512, "test_results": {"bleu": 1.0, "bleu1": 16.46, "bleu2": 1.72, "bleu3": 0.38, "bleu4": 0.11, "rougeL": 0.1199, "rouge1": 0.1358, "rouge2": 0.0124, "exact_match": 0.0}, "loss": {"X_Y_COS": 0.8985340595245361, "X_Y_MSEloss": 0.00046018173452466726, "X_Y_test_COS": 0.030019326135516167, "X_Y_test_MSEloss": 0.00832685548812151, "X_Y_val_COS": 0.025122161954641342, "X_Y_val_MSEloss": 0.008580837398767471}}