{"train_samples": 300, "test_samples": 200, "source_model": "text-embedding-3-large", "source_dim": 3072, "target_dim": 512, "test_results": {"bleu": 20.09, "bleu1": 37.62, "bleu2": 19.59, "bleu3": 16.36, "bleu4": 15.03, "rougeL": 0.3196, "rouge1": 0.3723, "rouge2": 0.2007, "exact_match": 0.0}, "loss": {"X_Y_COS": 0.9981954097747803, "X_Y_MSEloss": 8.797224836598616e-06, "X_Y_test_COS": 0.9186644554138184, "X_Y_test_MSEloss": 0.0003225918917451054, "X_Y_val_COS": 0.9177989959716797, "X_Y_val_MSEloss": 0.0003239296202082187, "reg_lambda": 0.1}}