{"train_samples": 1, "test_samples": 200, "source_model": "text-embedding-3-large", "source_dim": 3072, "target_dim": 512, "test_results": {"bleu": 0.08, "bleu1": 9.73, "bleu2": 0.09, "bleu3": 0.02, "bleu4": 0.01, "rougeL": 0.0311, "rouge1": 0.0333, "rouge2": 0.001, "exact_match": 0.0}, "loss": {"X_Y_COS": 0.9999999403953552, "X_Y_MSEloss": 1.424316341054648e-17, "X_Y_test_COS": 0.8302257061004639, "X_Y_test_MSEloss": 0.0031010042876005173, "X_Y_val_COS": 0.8288896083831787, "X_Y_val_MSEloss": 0.003070899285376072}}