{"train_samples": 40, "test_samples": 200, "source_model": "sentence-transformers/gtr-t5-base", "source_dim": 768, "target_dim": 512, "test_results": {"bleu": 0.43, "bleu1": 14.66, "bleu2": 0.54, "bleu3": 0.14, "bleu4": 0.09, "rougeL": 0.0484, "rouge1": 0.0547, "rouge2": 0.0028, "exact_match": 0.0}, "loss": {"X_Y_COS": 1.0, "X_Y_MSEloss": 2.296014350866571e-10, "X_Y_test_COS": 0.8679483532905579, "X_Y_test_MSEloss": 0.001242838567122817, "X_Y_val_COS": 0.8698512315750122, "X_Y_val_MSEloss": 0.0012155098374933004}}