{"train_samples": 3, "test_samples": 200, "source_model": "text-embedding-3-large", "source_dim": 3072, "target_dim": 512, "test_results": {"bleu": 0.27, "bleu1": 19.45, "bleu2": 0.47, "bleu3": 0.07, "bleu4": 0.02, "rougeL": 0.085, "rouge1": 0.1016, "rouge2": 0.0037, "exact_match": 0.0}, "loss": {"X_Y_COS": 1.0, "X_Y_MSEloss": 9.695072939823717e-17, "X_Y_test_COS": 0.8409931063652039, "X_Y_test_MSEloss": 0.0012291460298001766, "X_Y_val_COS": 0.8421816229820251, "X_Y_val_MSEloss": 0.0012200878700241446}}