{"train_samples": 500, "test_samples": 200, "source_model": "google/mt5-base", "source_dim": 768, "target_dim": 512, "test_results": {"bleu": 7.24, "bleu1": 33.42, "bleu2": 9.0, "bleu3": 4.13, "bleu4": 2.66, "rougeL": 0.2362, "rouge1": 0.3016, "rouge2": 0.0839, "exact_match": 0.0}, "loss": {"X_Y_COS": 0.969481348991394, "X_Y_MSEloss": 0.00023606387549079955, "X_Y_test_COS": 0.8618972301483154, "X_Y_test_MSEloss": 0.0010145349660888314, "X_Y_val_COS": 0.8636478781700134, "X_Y_val_MSEloss": 0.0009949172381311655}}