{"train_samples": 30, "test_samples": 200, "source_model": "sentence-transformers/all-MiniLM-L6-v2", "source_dim": 384, "target_dim": 512, "test_results": {"bleu": 0.08, "bleu1": 8.6, "bleu2": 0.03, "bleu3": 0.02, "bleu4": 0.01, "rougeL": 0.0405, "rouge1": 0.0436, "rouge2": 0.0006, "exact_match": 0.0}, "loss": {"X_Y_COS": 1.0, "X_Y_MSEloss": 8.506022911544708e-16, "X_Y_test_COS": 0.8335016965866089, "X_Y_test_MSEloss": 0.0006279620574787259, "X_Y_val_COS": 0.8256274461746216, "X_Y_val_MSEloss": 0.0006552700651809573}}