{"train_samples": 1, "test_samples": 200, "source_model": "google/mt5-base", "source_dim": 768, "target_dim": 512, "test_results": {"bleu": 0.13, "bleu1": 12.74, "bleu2": 0.06, "bleu3": 0.03, "bleu4": 0.02, "rougeL": 0.0223, "rouge1": 0.0223, "rouge2": 0.0, "exact_match": 0.0}, "loss": {"X_Y_COS": 1.0, "X_Y_MSEloss": 3.835727291752423e-16, "X_Y_test_COS": 0.796355128288269, "X_Y_test_MSEloss": 0.0008464824059046805, "X_Y_val_COS": 0.7957112193107605, "X_Y_val_MSEloss": 0.0008503590361215174}}