{"train_samples": 500, "test_samples": 200, "source_model": "sentence-transformers/all-MiniLM-L6-v2", "source_dim": 384, "target_dim": 512, "test_results": {"bleu": 0.1, "bleu1": 7.55, "bleu2": 0.09, "bleu3": 0.02, "bleu4": 0.01, "rougeL": 0.0278, "rouge1": 0.0292, "rouge2": 0.0022, "exact_match": 0.0}, "loss": {"X_Y_COS": 0.9789119362831116, "X_Y_MSEloss": 8.621862798463553e-05, "X_Y_test_COS": 0.7489959597587585, "X_Y_test_MSEloss": 0.0011306250235065818, "X_Y_val_COS": 0.7444179654121399, "X_Y_val_MSEloss": 0.0011556401150301099}}