{"train_samples": 5, "test_samples": 200, "source_model": "intfloat/multilingual-e5-base", "source_dim": 768, "target_dim": 512, "test_results": {"bleu": 0.07, "bleu1": 7.35, "bleu2": 0.03, "bleu3": 0.02, "bleu4": 0.01, "rougeL": 0.0552, "rouge1": 0.0681, "rouge2": 0.0027, "exact_match": 0.0}, "loss": {"X_Y_COS": 1.0, "X_Y_MSEloss": 4.441031329541331e-16, "X_Y_test_COS": 0.8869386315345764, "X_Y_test_MSEloss": 0.00041859628981910646, "X_Y_val_COS": 0.8886823654174805, "X_Y_val_MSEloss": 0.000412584311561659}}