{"train_samples": 10, "test_samples": 200, "source_model": "google-bert/bert-base-multilingual-cased", "source_dim": 768, "target_dim": 512, "test_results": {"bleu": 0.19, "bleu1": 18.54, "bleu2": 0.61, "bleu3": 0.03, "bleu4": 0.01, "rougeL": 0.0918, "rouge1": 0.1004, "rouge2": 0.0023, "exact_match": 0.0}, "loss": {"X_Y_COS": 1.0, "X_Y_MSEloss": 4.2038549574696345e-16, "X_Y_test_COS": 0.8922762870788574, "X_Y_test_MSEloss": 0.0004110480076633394, "X_Y_val_COS": 0.8974456787109375, "X_Y_val_MSEloss": 0.00039260214543901384}}