{"train_samples": 40, "test_samples": 200, "source_model": "google/mt5-base", "source_dim": 768, "target_dim": 512, "test_results": {"bleu": 1.56, "bleu1": 23.04, "bleu2": 2.69, "bleu3": 0.5, "bleu4": 0.21, "rougeL": 0.148, "rouge1": 0.1954, "rouge2": 0.0209, "exact_match": 0.0}, "loss": {"X_Y_COS": 0.9999998211860657, "X_Y_MSEloss": 4.821443244651391e-09, "X_Y_test_COS": 0.8392283320426941, "X_Y_test_MSEloss": 0.0011829744325950742, "X_Y_val_COS": 0.8377730250358582, "X_Y_val_MSEloss": 0.001181333907879889}}