{"train_samples": 50, "test_samples": 200, "source_model": "google/mt5-base", "source_dim": 768, "target_dim": 512, "test_results": {"bleu": 0.1, "bleu1": 9.49, "bleu2": 0.12, "bleu3": 0.02, "bleu4": 0.01, "rougeL": 0.0807, "rouge1": 0.0921, "rouge2": 0.0012, "exact_match": 0.0}, "loss": {"X_Y_COS": 1.0, "X_Y_MSEloss": 1.2765471839315534e-11, "X_Y_test_COS": 0.7984488010406494, "X_Y_test_MSEloss": 0.0007183155394159257, "X_Y_val_COS": 0.8017974495887756, "X_Y_val_MSEloss": 0.0007011592388153076}}