{"train_samples": 40, "test_samples": 200, "source_model": "text-embedding-ada-002", "source_dim": 1536, "target_dim": 512, "test_results": {"bleu": 1.05, "bleu1": 19.61, "bleu2": 2.05, "bleu3": 0.39, "bleu4": 0.1, "rougeL": 0.1243, "rouge1": 0.1618, "rouge2": 0.0256, "exact_match": 0.0}, "loss": {"X_Y_COS": 1.0, "X_Y_MSEloss": 3.192196940809966e-13, "X_Y_test_COS": 0.8351438641548157, "X_Y_test_MSEloss": 0.0005919741233810782, "X_Y_val_COS": 0.8326205015182495, "X_Y_val_MSEloss": 0.0006006699404679239}}