{"train_samples": 20, "test_samples": 200, "source_model": "google/mt5-base", "source_dim": 768, "target_dim": 512, "test_results": {"bleu": 0.18, "bleu1": 14.71, "bleu2": 0.72, "bleu3": 0.02, "bleu4": 0.01, "rougeL": 0.1005, "rouge1": 0.1331, "rouge2": 0.0086, "exact_match": 0.0}, "loss": {"X_Y_COS": 1.0, "X_Y_MSEloss": 4.432005367631213e-14, "X_Y_test_COS": 0.9026983380317688, "X_Y_test_MSEloss": 0.0003652973100543022, "X_Y_val_COS": 0.9045138359069824, "X_Y_val_MSEloss": 0.00035821765777654946}}