{"train_samples": 20, "test_samples": 200, "source_model": "text-embedding-ada-002", "source_dim": 1536, "target_dim": 512, "test_results": {"bleu": 0.35, "bleu1": 16.4, "bleu2": 0.55, "bleu3": 0.06, "bleu4": 0.03, "rougeL": 0.1056, "rouge1": 0.1433, "rouge2": 0.0089, "exact_match": 0.0}, "loss": {"X_Y_COS": 1.0, "X_Y_MSEloss": 2.0533015459883903e-14, "X_Y_test_COS": 0.8866074681282043, "X_Y_test_MSEloss": 0.0004179151146672666, "X_Y_val_COS": 0.8873006105422974, "X_Y_val_MSEloss": 0.0004154892230872065}}