{"train_samples": 20, "test_samples": 200, "source_model": "text-embedding-3-large", "source_dim": 3072, "target_dim": 512, "test_results": {"bleu": 0.38, "bleu1": 17.85, "bleu2": 1.22, "bleu3": 0.11, "bleu4": 0.02, "rougeL": 0.122, "rouge1": 0.1589, "rouge2": 0.0159, "exact_match": 0.0}, "loss": {"X_Y_COS": 1.0, "X_Y_MSEloss": 2.1467053460958238e-16, "X_Y_test_COS": 0.883743405342102, "X_Y_test_MSEloss": 0.0005108028999529779, "X_Y_val_COS": 0.8835939764976501, "X_Y_val_MSEloss": 0.0005036962684243917}}