{"train_samples": 20, "test_samples": 200, "source_model": "text-embedding-3-large", "source_dim": 3072, "target_dim": 512, "test_results": {"bleu": 0.1, "bleu1": 11.98, "bleu2": 0.09, "bleu3": 0.02, "bleu4": 0.01, "rougeL": 0.0177, "rouge1": 0.018, "rouge2": 0.0, "exact_match": 0.0}, "loss": {"X_Y_COS": 1.0, "X_Y_MSEloss": 3.314620711200757e-16, "X_Y_test_COS": 0.8836496472358704, "X_Y_test_MSEloss": 0.00047061554505489767, "X_Y_val_COS": 0.881406307220459, "X_Y_val_MSEloss": 0.00047106441343203187}}