{"train_samples": 100, "test_samples": 200, "source_model": "google/mt5-base", "source_dim": 768, "target_dim": 512, "test_results": {"bleu": 1.98, "bleu1": 23.77, "bleu2": 2.85, "bleu3": 0.91, "bleu4": 0.53, "rougeL": 0.1655, "rouge1": 0.2003, "rouge2": 0.0231, "exact_match": 0.0}, "loss": {"X_Y_COS": 0.9999998211860657, "X_Y_MSEloss": 7.708957916463532e-10, "X_Y_test_COS": 0.9111738204956055, "X_Y_test_MSEloss": 0.0005416615167632699, "X_Y_val_COS": 0.9116789698600769, "X_Y_val_MSEloss": 0.0005533596267923713}}