{"train_samples": 3, "test_samples": 200, "source_model": "sentence-transformers/gtr-t5-base", "source_dim": 768, "target_dim": 512, "test_results": {"bleu": 7.59, "bleu1": 20.43, "bleu2": 9.0, "bleu3": 7.94, "bleu4": 7.39, "rougeL": 0.1513, "rouge1": 0.168, "rouge2": 0.0669, "exact_match": 0.0}, "loss": {"X_Y_COS": 1.0, "X_Y_MSEloss": 1.7265971985480633e-10, "X_Y_test_COS": 0.8726769089698792, "X_Y_test_MSEloss": 0.0022225326392799616, "X_Y_val_COS": 0.872758150100708, "X_Y_val_MSEloss": 0.0021592837292701006}}