{"train_samples": 3, "test_samples": 200, "source_model": "intfloat/multilingual-e5-base", "source_dim": 768, "target_dim": 512, "test_results": {"bleu": 0.14, "bleu1": 18.92, "bleu2": 0.41, "bleu3": 0.01, "bleu4": 0.01, "rougeL": 0.111, "rouge1": 0.1349, "rouge2": 0.0041, "exact_match": 0.0}, "loss": {"X_Y_COS": 1.0, "X_Y_MSEloss": 3.154201141320265e-16, "X_Y_test_COS": 0.8584455847740173, "X_Y_test_MSEloss": 0.0005159018910489976, "X_Y_val_COS": 0.861323356628418, "X_Y_val_MSEloss": 0.0005050293984822929}}