{"train_samples": 2000, "test_samples": 200, "source_model": "google-bert/bert-base-multilingual-cased", "source_dim": 768, "target_dim": 512, "test_results": {"bleu": 0.2, "bleu1": 17.47, "bleu2": 1.08, "bleu3": 0.02, "bleu4": 0.01, "rougeL": 0.1293, "rouge1": 0.1675, "rouge2": 0.0095, "exact_match": 0.0}, "loss": {"X_Y_COS": 0.9519400000572205, "X_Y_MSEloss": 0.0001845509686972946, "X_Y_test_COS": 0.9238654971122742, "X_Y_test_MSEloss": 0.00028894044226035476, "X_Y_val_COS": 0.9234763979911804, "X_Y_val_MSEloss": 0.00029090166208334267}}