{"train_samples": 40, "test_samples": 200, "source_model": "google/mt5-base", "source_dim": 768, "target_dim": 512, "test_results": {"bleu": 0.18, "bleu1": 20.64, "bleu2": 0.7, "bleu3": 0.01, "bleu4": 0.01, "rougeL": 0.1133, "rouge1": 0.1352, "rouge2": 0.0056, "exact_match": 0.0}, "loss": {"X_Y_COS": 1.0, "X_Y_MSEloss": 3.67643285606456e-12, "X_Y_test_COS": 0.8443024158477783, "X_Y_test_MSEloss": 0.0005658780573867261, "X_Y_val_COS": 0.8440792560577393, "X_Y_val_MSEloss": 0.0005663862684741616}}