{"train_samples": 40, "test_samples": 200, "source_model": "sentence-transformers/gtr-t5-base", "source_dim": 768, "target_dim": 512, "test_results": {"bleu": 0.23, "bleu1": 20.2, "bleu2": 1.03, "bleu3": 0.03, "bleu4": 0.01, "rougeL": 0.107, "rouge1": 0.1185, "rouge2": 0.0066, "exact_match": 0.0}, "loss": {"X_Y_COS": 1.0, "X_Y_MSEloss": 5.075684872402064e-10, "X_Y_test_COS": 0.9065455198287964, "X_Y_test_MSEloss": 0.0009003480081446469, "X_Y_val_COS": 0.9113838076591492, "X_Y_val_MSEloss": 0.000860545493196696}}