{"train_samples": 40, "test_samples": 200, "source_model": "sentence-transformers/gtr-t5-base", "source_dim": 768, "target_dim": 512, "test_results": {"bleu": 0.21, "bleu1": 19.01, "bleu2": 0.66, "bleu3": 0.02, "bleu4": 0.01, "rougeL": 0.1005, "rouge1": 0.112, "rouge2": 0.0042, "exact_match": 0.0}, "loss": {"X_Y_COS": 1.0, "X_Y_MSEloss": 1.0139381637086237e-14, "X_Y_test_COS": 0.8989182710647583, "X_Y_test_MSEloss": 0.0003796710225287825, "X_Y_val_COS": 0.9051209688186646, "X_Y_val_MSEloss": 0.00035829623811878264}}