{"train_samples": 500, "test_samples": 200, "source_model": "text-embedding-3-large", "source_dim": 3072, "target_dim": 512, "test_results": {"bleu": 0.89, "bleu1": 18.93, "bleu2": 0.94, "bleu3": 0.25, "bleu4": 0.2, "rougeL": 0.0814, "rouge1": 0.097, "rouge2": 0.0121, "exact_match": 0.0}, "loss": {"X_Y_COS": 1.0, "X_Y_MSEloss": 3.6580988238554824e-10, "X_Y_test_COS": 0.8653222322463989, "X_Y_test_MSEloss": 0.0005139604327268898, "X_Y_val_COS": 0.8580148220062256, "X_Y_val_MSEloss": 0.0005398895009420812}}