{"train_samples": 1, "test_samples": 200, "source_model": "text-embedding-ada-002", "source_dim": 1536, "target_dim": 512, "test_results": {"bleu": 0.03, "bleu1": 33.19, "bleu2": 0.51, "bleu3": 0.05, "bleu4": 0.03, "rougeL": 0.0507, "rouge1": 0.0512, "rouge2": 0.0006, "exact_match": 0.0}, "loss": {"X_Y_COS": 1.0, "X_Y_MSEloss": 7.148990367957409e-16, "X_Y_test_COS": 0.7946864366531372, "X_Y_test_MSEloss": 0.0007332253153435886, "X_Y_val_COS": 0.799902617931366, "X_Y_val_MSEloss": 0.0007201270782388747}}