{"train_samples": 10, "test_samples": 200, "source_model": "intfloat/multilingual-e5-base", "source_dim": 768, "target_dim": 512, "test_results": {"bleu": 0.04, "bleu1": 12.97, "bleu2": 0.02, "bleu3": 0.01, "bleu4": 0.01, "rougeL": 0.0123, "rouge1": 0.0123, "rouge2": 0.0, "exact_match": 0.0}, "loss": {"X_Y_COS": 1.0, "X_Y_MSEloss": 1.9294173203565634e-10, "X_Y_test_COS": 0.9173832535743713, "X_Y_test_MSEloss": 0.000767043384257704, "X_Y_val_COS": 0.9130088686943054, "X_Y_val_MSEloss": 0.0008344800444319844}}