{"train_samples": 30, "test_samples": 200, "source_model": "text-embedding-3-large", "source_dim": 3072, "target_dim": 512, "test_results": {"bleu": 0.45, "bleu1": 15.37, "bleu2": 0.61, "bleu3": 0.19, "bleu4": 0.1, "rougeL": 0.0608, "rouge1": 0.0675, "rouge2": 0.003, "exact_match": 0.0}, "loss": {"X_Y_COS": 1.0, "X_Y_MSEloss": 3.8586135925916423e-16, "X_Y_test_COS": 0.8833041191101074, "X_Y_test_MSEloss": 0.0006144145154394209, "X_Y_val_COS": 0.8855515718460083, "X_Y_val_MSEloss": 0.0006233250023797154}}