{"train_samples": 100, "test_samples": 200, "source_model": "google/mt5-base", "source_dim": 768, "target_dim": 512, "test_results": {"bleu": 0.26, "bleu1": 17.18, "bleu2": 1.38, "bleu3": 0.02, "bleu4": 0.01, "rougeL": 0.1436, "rouge1": 0.1682, "rouge2": 0.0149, "exact_match": 0.0}, "loss": {"X_Y_COS": 1.0, "X_Y_MSEloss": 4.625083139826042e-14, "X_Y_test_COS": 0.9246855974197388, "X_Y_test_MSEloss": 0.0005672277766279876, "X_Y_val_COS": 0.9262722730636597, "X_Y_val_MSEloss": 0.0005550019559450448}}