{"train_samples": 100, "test_samples": 200, "source_model": "google/mt5-base", "source_dim": 768, "target_dim": 512, "test_results": {"bleu": 0.27, "bleu1": 19.33, "bleu2": 1.52, "bleu3": 0.02, "bleu4": 0.01, "rougeL": 0.1489, "rouge1": 0.1735, "rouge2": 0.0165, "exact_match": 0.0}, "loss": {"X_Y_COS": 1.0, "X_Y_MSEloss": 3.7983233225347135e-10, "X_Y_test_COS": 0.9235168099403381, "X_Y_test_MSEloss": 0.00029155370430089533, "X_Y_val_COS": 0.9242973327636719, "X_Y_val_MSEloss": 0.00028557301266118884}}