{"train_samples": 50, "test_samples": 200, "source_model": "sentence-transformers/gtr-t5-base", "source_dim": 768, "target_dim": 512, "test_results": {"bleu": 0.04, "bleu1": 11.17, "bleu2": 0.02, "bleu3": 0.01, "bleu4": 0.01, "rougeL": 0.0089, "rouge1": 0.0089, "rouge2": 0.0003, "exact_match": 0.0}, "loss": {"X_Y_COS": 1.0, "X_Y_MSEloss": 6.746023824191066e-14, "X_Y_test_COS": 0.8867940306663513, "X_Y_test_MSEloss": 0.0006723689148202538, "X_Y_val_COS": 0.8814193606376648, "X_Y_val_MSEloss": 0.0007217602105811238}}