{"train_samples": 50, "test_samples": 200, "source_model": "sentence-transformers/gtr-t5-base", "source_dim": 768, "target_dim": 512, "test_results": {"bleu": 0.08, "bleu1": 10.89, "bleu2": 0.04, "bleu3": 0.02, "bleu4": 0.01, "rougeL": 0.0097, "rouge1": 0.01, "rouge2": 0.0, "exact_match": 0.0}, "loss": {"X_Y_COS": 1.0, "X_Y_MSEloss": 1.0246201803676414e-10, "X_Y_test_COS": 0.9120646715164185, "X_Y_test_MSEloss": 0.0008330756099894643, "X_Y_val_COS": 0.9079533219337463, "X_Y_val_MSEloss": 0.0008918087114579976}}