{"epoch": 0, "dev_acc": 49.5, "test_acc": 44.0, "test_f1": 48.620000000000005, "test_roc": 42.870000000000005}