{"train_samples": 100, "test_samples": 200, "source_model": "google-bert/bert-base-multilingual-cased", "source_dim": 768, "target_dim": 512, "test_results": {"bleu": 0.18, "bleu1": 14.94, "bleu2": 0.78, "bleu3": 0.02, "bleu4": 0.01, "rougeL": 0.1192, "rouge1": 0.1532, "rouge2": 0.0095, "exact_match": 0.0}, "loss": {"X_Y_COS": 0.9999998211860657, "X_Y_MSEloss": 5.334709118898218e-09, "X_Y_test_COS": 0.8864576816558838, "X_Y_test_MSEloss": 0.0007732902886345983, "X_Y_val_COS": 0.8902758359909058, "X_Y_val_MSEloss": 0.0007332430686801672}}