{"train_samples": 20, "test_samples": 200, "source_model": "google/mt5-base", "source_dim": 768, "target_dim": 512, "test_results": {"bleu": 0.2, "bleu1": 14.17, "bleu2": 0.53, "bleu3": 0.02, "bleu4": 0.01, "rougeL": 0.1059, "rouge1": 0.1148, "rouge2": 0.0055, "exact_match": 0.0}, "loss": {"X_Y_COS": 1.0, "X_Y_MSEloss": 5.350696624596869e-14, "X_Y_test_COS": 0.9020909667015076, "X_Y_test_MSEloss": 0.00036598785663954914, "X_Y_val_COS": 0.9012811183929443, "X_Y_val_MSEloss": 0.00036703748628497124}}