{"train_samples": 1000, "test_samples": 200, "source_model": "text-embedding-3-large", "source_dim": 3072, "target_dim": 512, "test_results": {"bleu": 0.12, "bleu1": 10.0, "bleu2": 0.15, "bleu3": 0.02, "bleu4": 0.01, "rougeL": 0.0675, "rouge1": 0.077, "rouge2": 0.0025, "exact_match": 0.0}, "loss": {"X_Y_COS": 1.0, "X_Y_MSEloss": 8.716955651223712e-14, "X_Y_test_COS": -0.0433657169342041, "X_Y_test_MSEloss": 0.0030048310291022062, "X_Y_val_COS": -0.04390332102775574, "X_Y_val_MSEloss": 0.0031642508693039417}}