{"train_samples": 30, "test_samples": 200, "source_model": "text-embedding-3-large", "source_dim": 3072, "target_dim": 512, "test_results": {"bleu": 0.44, "bleu1": 20.63, "bleu2": 1.16, "bleu3": 0.13, "bleu4": 0.01, "rougeL": 0.1258, "rouge1": 0.1721, "rouge2": 0.0176, "exact_match": 0.0}, "loss": {"X_Y_COS": 1.0, "X_Y_MSEloss": 3.8734345515862244e-16, "X_Y_test_COS": 0.8955746293067932, "X_Y_test_MSEloss": 0.0004891068092547357, "X_Y_val_COS": 0.8905867338180542, "X_Y_val_MSEloss": 0.0005113485967740417}}