{"train_samples": 5, "test_samples": 200, "source_model": "google-t5/t5-base", "source_dim": 768, "target_dim": 512, "test_results": {"bleu": 0.04, "bleu1": 8.39, "bleu2": 0.02, "bleu3": 0.01, "bleu4": 0.01, "rougeL": 0.011, "rouge1": 0.0113, "rouge2": 0.0, "exact_match": 0.0}, "loss": {"X_Y_COS": 1.0, "X_Y_MSEloss": 1.9376737714349446e-10, "X_Y_test_COS": 0.8647881150245667, "X_Y_test_MSEloss": 0.0010789099615067244, "X_Y_val_COS": 0.8605848550796509, "X_Y_val_MSEloss": 0.0011406013509258628}}