{"train_samples": 100, "test_samples": 200, "source_model": "text-embedding-3-large", "source_dim": 3072, "target_dim": 512, "test_results": {"bleu": 0.2, "bleu1": 15.52, "bleu2": 0.76, "bleu3": 0.02, "bleu4": 0.01, "rougeL": 0.0888, "rouge1": 0.0968, "rouge2": 0.0057, "exact_match": 0.0}, "loss": {"X_Y_COS": 1.0, "X_Y_MSEloss": 2.2131910193401438e-10, "X_Y_test_COS": 0.8626455664634705, "X_Y_test_MSEloss": 0.0012883609160780907, "X_Y_val_COS": 0.8718339204788208, "X_Y_val_MSEloss": 0.0012165105435997248}}