{"train_samples": 30, "test_samples": 200, "source_model": "google-bert/bert-base-multilingual-cased", "source_dim": 768, "target_dim": 512, "test_results": {"bleu": 0.26, "bleu1": 18.23, "bleu2": 0.62, "bleu3": 0.03, "bleu4": 0.02, "rougeL": 0.113, "rouge1": 0.1488, "rouge2": 0.0085, "exact_match": 0.0}, "loss": {"X_Y_COS": 1.0, "X_Y_MSEloss": 1.9633142903313985e-14, "X_Y_test_COS": 0.8802303671836853, "X_Y_test_MSEloss": 0.0004444840888027102, "X_Y_val_COS": 0.880595326423645, "X_Y_val_MSEloss": 0.00044277921551838517}}