{"train_samples": 1000, "test_samples": 200, "source_model": "google-t5/t5-base", "source_dim": 768, "target_dim": 512, "test_results": {"bleu": 4.14, "bleu1": 33.19, "bleu2": 6.84, "bleu3": 2.11, "bleu4": 0.61, "rougeL": 0.2506, "rouge1": 0.3198, "rouge2": 0.0794, "exact_match": 0.0}, "loss": {"X_Y_COS": 0.9818406105041504, "X_Y_MSEloss": 7.103184179868549e-05, "X_Y_test_COS": 0.9358997941017151, "X_Y_test_MSEloss": 0.00025111017748713493, "X_Y_val_COS": 0.9334800243377686, "X_Y_val_MSEloss": 0.00025945535162463784}}