{"train_samples": 10, "test_samples": 200, "source_model": "google/mt5-base", "source_dim": 768, "target_dim": 512, "test_results": {"bleu": 0.08, "bleu1": 10.9, "bleu2": 0.07, "bleu3": 0.02, "bleu4": 0.01, "rougeL": 0.0063, "rouge1": 0.0069, "rouge2": 0.0, "exact_match": 0.0}, "loss": {"X_Y_COS": 1.0, "X_Y_MSEloss": 1.752771101104836e-15, "X_Y_test_COS": 0.8135085105895996, "X_Y_test_MSEloss": 0.0006616152822971344, "X_Y_val_COS": 0.8120532035827637, "X_Y_val_MSEloss": 0.0006636495236307383}}