{"train_samples": 1000, "test_samples": 200, "source_model": "google/mt5-base", "source_dim": 768, "target_dim": 512, "test_results": {"bleu": 0.84, "bleu1": 21.51, "bleu2": 1.64, "bleu3": 0.43, "bleu4": 0.13, "rougeL": 0.0779, "rouge1": 0.0897, "rouge2": 0.0081, "exact_match": 0.0}, "loss": {"X_Y_COS": 0.9605847597122192, "X_Y_MSEloss": 0.00038506175042130053, "X_Y_test_COS": 0.9128745198249817, "X_Y_test_MSEloss": 0.0008434630581177771, "X_Y_val_COS": 0.9168980121612549, "X_Y_val_MSEloss": 0.000802744587417692}}