{"train_samples": 1000, "test_samples": 200, "source_model": "google/mt5-base", "source_dim": 768, "target_dim": 512, "test_results": {"bleu": 0.96, "bleu1": 22.21, "bleu2": 2.06, "bleu3": 0.46, "bleu4": 0.16, "rougeL": 0.0866, "rouge1": 0.0979, "rouge2": 0.0126, "exact_match": 0.0}, "loss": {"X_Y_COS": 0.954877495765686, "X_Y_MSEloss": 0.0001732493401505053, "X_Y_test_COS": 0.9037107825279236, "X_Y_test_MSEloss": 0.0003635181055869907, "X_Y_val_COS": 0.9051939249038696, "X_Y_val_MSEloss": 0.00035944610135629773}}