{"train_samples": 5, "test_samples": 200, "source_model": "google-t5/t5-base", "source_dim": 768, "target_dim": 512, "test_results": {"bleu": 0.2, "bleu1": 16.91, "bleu2": 0.74, "bleu3": 0.03, "bleu4": 0.01, "rougeL": 0.1161, "rouge1": 0.1446, "rouge2": 0.0092, "exact_match": 0.0}, "loss": {"X_Y_COS": 1.0, "X_Y_MSEloss": 1.5510451256695035e-10, "X_Y_test_COS": 0.9329670667648315, "X_Y_test_MSEloss": 0.0006074124248698354, "X_Y_val_COS": 0.9321838021278381, "X_Y_val_MSEloss": 0.0006529688835144043}}