{"train_samples": 500, "test_samples": 200, "source_model": "google/mt5-base", "source_dim": 768, "target_dim": 512, "test_results": {"bleu": 0.12, "bleu1": 12.16, "bleu2": 0.13, "bleu3": 0.02, "bleu4": 0.01, "rougeL": 0.0518, "rouge1": 0.0567, "rouge2": 0.0009, "exact_match": 0.0}, "loss": {"X_Y_COS": 0.9723771810531616, "X_Y_MSEloss": 0.00021492673840839416, "X_Y_test_COS": 0.8553588390350342, "X_Y_test_MSEloss": 0.0011004542466253042, "X_Y_val_COS": 0.8452685475349426, "X_Y_val_MSEloss": 0.0012109902454540133}}