{"train_samples": 20, "test_samples": 200, "source_model": "google-t5/t5-base", "source_dim": 768, "target_dim": 512, "test_results": {"bleu": 0.23, "bleu1": 18.44, "bleu2": 0.87, "bleu3": 0.02, "bleu4": 0.01, "rougeL": 0.1141, "rouge1": 0.1297, "rouge2": 0.0071, "exact_match": 0.0}, "loss": {"X_Y_COS": 1.0, "X_Y_MSEloss": 2.5043669915625344e-10, "X_Y_test_COS": 0.9119574427604675, "X_Y_test_MSEloss": 0.0007962672389112413, "X_Y_val_COS": 0.9170951843261719, "X_Y_val_MSEloss": 0.000768014753703028}}