{"train_samples": 50, "test_samples": 200, "source_model": "google-t5/t5-base", "source_dim": 768, "target_dim": 512, "test_results": {"bleu": 0.53, "bleu1": 15.63, "bleu2": 1.11, "bleu3": 0.22, "bleu4": 0.1, "rougeL": 0.0555, "rouge1": 0.0586, "rouge2": 0.0029, "exact_match": 0.0}, "loss": {"X_Y_COS": 1.0, "X_Y_MSEloss": 9.752041535415756e-11, "X_Y_test_COS": 0.9250113368034363, "X_Y_test_MSEloss": 0.0007544783293269575, "X_Y_val_COS": 0.9260132908821106, "X_Y_val_MSEloss": 0.0007539475336670876}}