{"train_samples": 50, "test_samples": 200, "source_model": "sentence-transformers/all-MiniLM-L6-v2", "source_dim": 384, "target_dim": 512, "test_results": {"bleu": 0.14, "bleu1": 12.83, "bleu2": 0.51, "bleu3": 0.02, "bleu4": 0.01, "rougeL": 0.0763, "rouge1": 0.0902, "rouge2": 0.0015, "exact_match": 0.0}, "loss": {"X_Y_COS": 1.0, "X_Y_MSEloss": 3.714818730404801e-10, "X_Y_test_COS": 0.9121469855308533, "X_Y_test_MSEloss": 0.0007700957939960063, "X_Y_val_COS": 0.9092345833778381, "X_Y_val_MSEloss": 0.0007695271051488817}}