{"train_samples": 30, "test_samples": 200, "source_model": "text-embedding-3-large", "source_dim": 3072, "target_dim": 512, "test_results": {"bleu": 1.04, "bleu1": 20.38, "bleu2": 1.96, "bleu3": 0.4, "bleu4": 0.1, "rougeL": 0.132, "rouge1": 0.1708, "rouge2": 0.0213, "exact_match": 0.0}, "loss": {"X_Y_COS": 1.0, "X_Y_MSEloss": 5.013105206018269e-16, "X_Y_test_COS": 0.8306887745857239, "X_Y_test_MSEloss": 0.0006470063235610723, "X_Y_val_COS": 0.8289662003517151, "X_Y_val_MSEloss": 0.0006465277401730418}}