{"train_samples": 1000, "test_samples": 200, "source_model": "google/flan-t5-base", "source_dim": 768, "target_dim": 512, "test_results": {"bleu": 2.94, "bleu1": 32.61, "bleu2": 4.77, "bleu3": 1.22, "bleu4": 0.41, "rougeL": 0.1969, "rouge1": 0.2892, "rouge2": 0.0498, "exact_match": 0.0}, "loss": {"X_Y_COS": 0.9730677008628845, "X_Y_MSEloss": 0.0001045176904881373, "X_Y_test_COS": 0.8944365382194519, "X_Y_test_MSEloss": 0.00041254490497522056, "X_Y_val_COS": 0.8948089480400085, "X_Y_val_MSEloss": 0.0004099803336430341}}