{"epoch": 2, "dev_acc": 57.99999999999999, "test_acc": 51.5, "test_f1": 54.03, "test_roc": 52.019999999999996}