{"train_samples": 500, "test_samples": 200, "source_model": "text-embedding-3-large", "source_dim": 3072, "target_dim": 512, "test_results": {"bleu": 0.22, "bleu1": 16.66, "bleu2": 0.85, "bleu3": 0.03, "bleu4": 0.02, "rougeL": 0.0721, "rouge1": 0.0838, "rouge2": 0.0056, "exact_match": 0.0}, "loss": {"X_Y_COS": 1.0, "X_Y_MSEloss": 3.819139882815792e-12, "X_Y_test_COS": 0.838336706161499, "X_Y_test_MSEloss": 0.0006113297422416508, "X_Y_val_COS": 0.8462490439414978, "X_Y_val_MSEloss": 0.000581414788030088}}