{"train_samples": 500, "test_samples": 200, "source_model": "text-embedding-3-large", "source_dim": 3072, "target_dim": 512, "test_results": {"bleu": 0.21, "bleu1": 13.7, "bleu2": 0.61, "bleu3": 0.02, "bleu4": 0.01, "rougeL": 0.0775, "rouge1": 0.0926, "rouge2": 0.0049, "exact_match": 0.0}, "loss": {"X_Y_COS": 0.9999999403953552, "X_Y_MSEloss": 1.7789660855527245e-09, "X_Y_test_COS": 0.6905393600463867, "X_Y_test_MSEloss": 0.0023936948273330927, "X_Y_val_COS": 0.7038825154304504, "X_Y_val_MSEloss": 0.002298582112416625}}