{"train_samples": 3, "test_samples": 200, "source_model": "google/flan-t5-base", "source_dim": 768, "target_dim": 512, "test_results": {"bleu": 0.12, "bleu1": 12.33, "bleu2": 0.14, "bleu3": 0.01, "bleu4": 0.01, "rougeL": 0.0762, "rouge1": 0.0953, "rouge2": 0.0019, "exact_match": 0.0}, "loss": {"X_Y_COS": 1.0, "X_Y_MSEloss": 3.8903741517401264e-16, "X_Y_test_COS": 0.848954975605011, "X_Y_test_MSEloss": 0.0006057966384105384, "X_Y_val_COS": 0.8518342971801758, "X_Y_val_MSEloss": 0.0005985302850604057}}