{"train_samples": 1000, "test_samples": 200, "source_model": "text-embedding-ada-002", "source_dim": 1536, "target_dim": 512, "test_results": {"bleu": 1.23, "bleu1": 8.7, "bleu2": 1.07, "bleu3": 0.62, "bleu4": 0.39, "rougeL": 0.0445, "rouge1": 0.0487, "rouge2": 0.0021, "exact_match": 0.0}, "loss": {"X_Y_COS": 1.0, "X_Y_MSEloss": 3.862313247005034e-12, "X_Y_test_COS": 0.007424080278724432, "X_Y_test_MSEloss": 0.005825210828334093, "X_Y_val_COS": -0.062059734016656876, "X_Y_val_MSEloss": 0.005537595599889755}}