{"train_samples": 1000, "test_samples": 200, "source_model": "intfloat/multilingual-e5-base", "source_dim": 768, "target_dim": 512, "test_results": {"bleu": 6.39, "bleu1": 29.58, "bleu2": 7.11, "bleu3": 3.84, "bleu4": 2.9, "rougeL": 0.202, "rouge1": 0.2588, "rouge2": 0.0773, "exact_match": 0.0}, "loss": {"X_Y_COS": 0.9345436692237854, "X_Y_MSEloss": 0.00024808841408230364, "X_Y_test_COS": 0.8450831174850464, "X_Y_test_MSEloss": 0.000578352774027735, "X_Y_val_COS": 0.8435100317001343, "X_Y_val_MSEloss": 0.0005860324017703533}}