{"train_samples": 10, "test_samples": 200, "source_model": "sentence-transformers/all-MiniLM-L6-v2", "source_dim": 384, "target_dim": 512, "test_results": {"bleu": 0.36, "bleu1": 17.59, "bleu2": 1.09, "bleu3": 0.1, "bleu4": 0.01, "rougeL": 0.0906, "rouge1": 0.1173, "rouge2": 0.0099, "exact_match": 0.0}, "loss": {"X_Y_COS": 1.0, "X_Y_MSEloss": 2.2479055339113174e-16, "X_Y_test_COS": 0.6952943205833435, "X_Y_test_MSEloss": 0.0011037568328902125, "X_Y_val_COS": 0.6817213296890259, "X_Y_val_MSEloss": 0.0010972130112349987}}