{"train_samples": 1000, "test_samples": 200, "source_model": "intfloat/multilingual-e5-base", "source_dim": 768, "target_dim": 512, "test_results": {"bleu": 0.09, "bleu1": 12.32, "bleu2": 0.08, "bleu3": 0.02, "bleu4": 0.01, "rougeL": 0.0166, "rouge1": 0.0182, "rouge2": 0.0004, "exact_match": 0.0}, "loss": {"X_Y_COS": 0.9564993381500244, "X_Y_MSEloss": 0.0002600096049718559, "X_Y_test_COS": 0.893561065196991, "X_Y_test_MSEloss": 0.0006364191649481654, "X_Y_val_COS": 0.8883816599845886, "X_Y_val_MSEloss": 0.0006830230122432113}}