{"train_samples": 8000, "test_samples": 200, "source_model": "sentence-transformers/all-MiniLM-L6-v2", "source_dim": 384, "target_dim": 512, "test_results": {"bleu": 27.46, "bleu1": 45.72, "bleu2": 27.54, "bleu3": 23.38, "bleu4": 21.13, "rougeL": 0.4041, "rouge1": 0.4616, "rouge2": 0.2854, "exact_match": 0.0}, "loss": {"X_Y_COS": 0.9332326054573059, "X_Y_MSEloss": 0.0003244329709559679, "X_Y_test_COS": 0.9306710362434387, "X_Y_test_MSEloss": 0.00034227874130010605, "X_Y_val_COS": 0.9193951487541199, "X_Y_val_MSEloss": 0.00036139346775598824}}