{"train_samples": 30, "test_samples": 200, "source_model": "intfloat/multilingual-e5-base", "source_dim": 768, "target_dim": 512, "test_results": {"bleu": 0.11, "bleu1": 12.19, "bleu2": 0.15, "bleu3": 0.02, "bleu4": 0.01, "rougeL": 0.0503, "rouge1": 0.0587, "rouge2": 0.0053, "exact_match": 0.0}, "loss": {"X_Y_COS": 1.0, "X_Y_MSEloss": 2.353358122524768e-13, "X_Y_test_COS": 0.9169303774833679, "X_Y_test_MSEloss": 0.00031138802296482027, "X_Y_val_COS": 0.9162943959236145, "X_Y_val_MSEloss": 0.00031389514333568513}}