{"train_samples": 30, "test_samples": 200, "source_model": "intfloat/multilingual-e5-base", "source_dim": 768, "target_dim": 512, "test_results": {"bleu": 0.13, "bleu1": 9.91, "bleu2": 0.32, "bleu3": 0.02, "bleu4": 0.01, "rougeL": 0.0449, "rouge1": 0.0517, "rouge2": 0.0023, "exact_match": 0.0}, "loss": {"X_Y_COS": 1.0, "X_Y_MSEloss": 2.0785097547184467e-14, "X_Y_test_COS": 0.9068203568458557, "X_Y_test_MSEloss": 0.0006322638946585357, "X_Y_val_COS": 0.9022319912910461, "X_Y_val_MSEloss": 0.0006891576340422034}}