{"train_samples": 40, "test_samples": 200, "source_model": "google-bert/bert-base-multilingual-cased", "source_dim": 768, "target_dim": 512, "test_results": {"bleu": 2.14, "bleu1": 22.14, "bleu2": 2.47, "bleu3": 0.9, "bleu4": 0.43, "rougeL": 0.1483, "rouge1": 0.2042, "rouge2": 0.0283, "exact_match": 0.0}, "loss": {"X_Y_COS": 1.0, "X_Y_MSEloss": 7.575324373863823e-13, "X_Y_test_COS": 0.8601667881011963, "X_Y_test_MSEloss": 0.0005109179764986038, "X_Y_val_COS": 0.8582924604415894, "X_Y_val_MSEloss": 0.0005178411956876516}}