{"train_samples": 1000, "test_samples": 200, "source_model": "sentence-transformers/gtr-t5-base", "source_dim": 768, "target_dim": 512, "test_results": {"bleu": 0.14, "bleu1": 10.43, "bleu2": 0.29, "bleu3": 0.02, "bleu4": 0.01, "rougeL": 0.0619, "rouge1": 0.0702, "rouge2": 0.0027, "exact_match": 0.0}, "loss": {"X_Y_COS": 0.8877648711204529, "X_Y_MSEloss": 0.00048542709555476904, "X_Y_test_COS": 0.08236868679523468, "X_Y_test_MSEloss": 0.009632525034248829, "X_Y_val_COS": -0.04352486506104469, "X_Y_val_MSEloss": 0.010407860390841961}}