{"train_samples": 10, "test_samples": 200, "source_model": "sentence-transformers/all-MiniLM-L6-v2", "source_dim": 384, "target_dim": 512, "test_results": {"bleu": 0.49, "bleu1": 20.54, "bleu2": 1.05, "bleu3": 0.1, "bleu4": 0.03, "rougeL": 0.1281, "rouge1": 0.1687, "rouge2": 0.0107, "exact_match": 0.0}, "loss": {"X_Y_COS": 1.0, "X_Y_MSEloss": 2.325270611637769e-16, "X_Y_test_COS": 0.8909152150154114, "X_Y_test_MSEloss": 0.0004841462359763682, "X_Y_val_COS": 0.8921059966087341, "X_Y_val_MSEloss": 0.0004761884920299053}}