{"train_samples": 10, "test_samples": 200, "source_model": "google-bert/bert-base-multilingual-cased", "source_dim": 768, "target_dim": 512, "test_results": {"bleu": 0.45, "bleu1": 17.97, "bleu2": 0.93, "bleu3": 0.19, "bleu4": 0.02, "rougeL": 0.1066, "rouge1": 0.1325, "rouge2": 0.0093, "exact_match": 0.0}, "loss": {"X_Y_COS": 1.0, "X_Y_MSEloss": 4.3180236167542855e-16, "X_Y_test_COS": 0.8734447360038757, "X_Y_test_MSEloss": 0.0004753166576847434, "X_Y_val_COS": 0.8737072348594666, "X_Y_val_MSEloss": 0.0004730231303256005}}