{"train_samples": 100, "test_samples": 200, "source_model": "google-t5/t5-base", "source_dim": 768, "target_dim": 512, "test_results": {"bleu": 2.41, "bleu1": 26.99, "bleu2": 3.31, "bleu3": 0.85, "bleu4": 0.45, "rougeL": 0.1774, "rouge1": 0.2361, "rouge2": 0.0355, "exact_match": 0.0}, "loss": {"X_Y_COS": 0.9999998211860657, "X_Y_MSEloss": 6.18428253051917e-10, "X_Y_test_COS": 0.9078230261802673, "X_Y_test_MSEloss": 0.00034960240009240806, "X_Y_val_COS": 0.9108569025993347, "X_Y_val_MSEloss": 0.0003376769891474396}}