{"train_samples": 5, "test_samples": 200, "source_model": "sentence-transformers/all-MiniLM-L6-v2", "source_dim": 384, "target_dim": 512, "test_results": {"bleu": 0.2, "bleu1": 13.66, "bleu2": 0.76, "bleu3": 0.02, "bleu4": 0.01, "rougeL": 0.1052, "rouge1": 0.125, "rouge2": 0.009, "exact_match": 0.0}, "loss": {"X_Y_COS": 1.0, "X_Y_MSEloss": 2.799625765589897e-12, "X_Y_test_COS": 0.9266400933265686, "X_Y_test_MSEloss": 0.001051389379426837, "X_Y_val_COS": 0.9273396134376526, "X_Y_val_MSEloss": 0.0011127295438200235}}