{"train_samples": 20, "test_samples": 200, "source_model": "google-bert/bert-base-multilingual-cased", "source_dim": 768, "target_dim": 512, "test_results": {"bleu": 0.21, "bleu1": 19.18, "bleu2": 0.74, "bleu3": 0.02, "bleu4": 0.01, "rougeL": 0.0968, "rouge1": 0.107, "rouge2": 0.0045, "exact_match": 0.0}, "loss": {"X_Y_COS": 1.0, "X_Y_MSEloss": 1.5825423602995473e-15, "X_Y_test_COS": 0.8935206532478333, "X_Y_test_MSEloss": 0.00040049871313385665, "X_Y_val_COS": 0.8987287878990173, "X_Y_val_MSEloss": 0.00038196667446754873}}