{"train_samples": 40, "test_samples": 200, "source_model": "google-t5/t5-base", "source_dim": 768, "target_dim": 512, "test_results": {"bleu": 0.33, "bleu1": 17.07, "bleu2": 0.85, "bleu3": 0.06, "bleu4": 0.03, "rougeL": 0.0621, "rouge1": 0.0703, "rouge2": 0.0034, "exact_match": 0.0}, "loss": {"X_Y_COS": 1.0, "X_Y_MSEloss": 7.974399305222136e-15, "X_Y_test_COS": 0.8998568654060364, "X_Y_test_MSEloss": 0.0003738818340934813, "X_Y_val_COS": 0.8986029028892517, "X_Y_val_MSEloss": 0.00037903740303590894}}