{"train_samples": 20, "test_samples": 200, "source_model": "text-embedding-ada-002", "source_dim": 1536, "target_dim": 512, "test_results": {"bleu": 0.18, "bleu1": 15.49, "bleu2": 0.72, "bleu3": 0.02, "bleu4": 0.01, "rougeL": 0.1117, "rouge1": 0.1494, "rouge2": 0.0083, "exact_match": 0.0}, "loss": {"X_Y_COS": 1.0, "X_Y_MSEloss": 1.1998131065331808e-14, "X_Y_test_COS": 0.9179287552833557, "X_Y_test_MSEloss": 0.0005476133665069938, "X_Y_val_COS": 0.9199075102806091, "X_Y_val_MSEloss": 0.0005311371642164886}}