{"train_samples": 1000, "test_samples": 200, "source_model": "random", "source_dim": 768, "target_dim": 512, "test_results": {"bleu": 1.13, "bleu1": 8.62, "bleu2": 1.08, "bleu3": 0.61, "bleu4": 0.31, "rougeL": 0.0443, "rouge1": 0.049, "rouge2": 0.0018, "exact_match": 0.0}, "loss": {"X_Y_COS": 0.9014847874641418, "X_Y_MSEloss": 0.00045140853035263717, "X_Y_test_COS": -0.020136551931500435, "X_Y_test_MSEloss": 0.008726482279598713, "X_Y_val_COS": -0.08698314428329468, "X_Y_val_MSEloss": 0.009612999856472015}}