{"train_samples": 100, "test_samples": 200, "source_model": "google-t5/t5-base", "source_dim": 768, "target_dim": 512, "test_results": {"bleu": 2.43, "bleu1": 26.62, "bleu2": 4.07, "bleu3": 1.22, "bleu4": 0.52, "rougeL": 0.1984, "rouge1": 0.2341, "rouge2": 0.0425, "exact_match": 0.0}, "loss": {"X_Y_COS": 0.9999998807907104, "X_Y_MSEloss": 3.5395833486440154e-10, "X_Y_test_COS": 0.925670325756073, "X_Y_test_MSEloss": 0.00044986847206018865, "X_Y_val_COS": 0.9275363087654114, "X_Y_val_MSEloss": 0.0004516148183029145}}