{"train_samples": 100, "test_samples": 200, "source_model": "google-t5/t5-base", "source_dim": 768, "target_dim": 512, "test_results": {"bleu": 2.35, "bleu1": 24.82, "bleu2": 3.84, "bleu3": 1.15, "bleu4": 0.51, "rougeL": 0.1845, "rouge1": 0.2237, "rouge2": 0.0317, "exact_match": 0.0}, "loss": {"X_Y_COS": 0.9999998211860657, "X_Y_MSEloss": 7.2835057984832474e-09, "X_Y_test_COS": 0.9484338164329529, "X_Y_test_MSEloss": 0.0004449247498996556, "X_Y_val_COS": 0.948707103729248, "X_Y_val_MSEloss": 0.00046316071529872715}}