{"train_samples": 100, "test_samples": 200, "source_model": "sentence-transformers/gtr-t5-base", "source_dim": 768, "target_dim": 512, "test_results": {"bleu": 0.09, "bleu1": 8.9, "bleu2": 0.06, "bleu3": 0.02, "bleu4": 0.01, "rougeL": 0.0093, "rouge1": 0.0101, "rouge2": 0.0, "exact_match": 0.0}, "loss": {"X_Y_COS": 0.983628511428833, "X_Y_MSEloss": 6.195742753334343e-05, "X_Y_test_COS": 0.8535579442977905, "X_Y_test_MSEloss": 0.0005529584013856947, "X_Y_val_COS": 0.8541964292526245, "X_Y_val_MSEloss": 0.00054334377637133}}