{"train_samples": 40, "test_samples": 200, "source_model": "sentence-transformers/all-MiniLM-L6-v2", "source_dim": 384, "target_dim": 512, "test_results": {"bleu": 0.12, "bleu1": 13.66, "bleu2": 0.25, "bleu3": 0.02, "bleu4": 0.01, "rougeL": 0.0852, "rouge1": 0.0986, "rouge2": 0.0023, "exact_match": 0.0}, "loss": {"X_Y_COS": 1.0, "X_Y_MSEloss": 6.314080473881567e-15, "X_Y_test_COS": 0.8937588930130005, "X_Y_test_MSEloss": 0.0006467403145506978, "X_Y_val_COS": 0.8896790146827698, "X_Y_val_MSEloss": 0.0006317358929663897}}