{"train_samples": 1000, "test_samples": 200, "source_model": "sentence-transformers/all-MiniLM-L6-v2", "source_dim": 384, "target_dim": 512, "test_results": {"bleu": 0.23, "bleu1": 16.2, "bleu2": 1.12, "bleu3": 0.02, "bleu4": 0.01, "rougeL": 0.1305, "rouge1": 0.1496, "rouge2": 0.0124, "exact_match": 0.0}, "loss": {"X_Y_COS": 0.9635239839553833, "X_Y_MSEloss": 0.00029417852056212723, "X_Y_test_COS": 0.8985427021980286, "X_Y_test_MSEloss": 0.0007352268439717591, "X_Y_val_COS": 0.9021013379096985, "X_Y_val_MSEloss": 0.0007434543804265559}}