{"train_samples": 20, "test_samples": 200, "source_model": "intfloat/multilingual-e5-base", "source_dim": 768, "target_dim": 512, "test_results": {"bleu": 0.18, "bleu1": 14.63, "bleu2": 1.06, "bleu3": 0.01, "bleu4": 0.01, "rougeL": 0.0871, "rouge1": 0.0966, "rouge2": 0.0075, "exact_match": 0.0}, "loss": {"X_Y_COS": 1.0, "X_Y_MSEloss": 2.5163321066049536e-14, "X_Y_test_COS": 0.8411277532577515, "X_Y_test_MSEloss": 0.0005721490015275776, "X_Y_val_COS": 0.8512405157089233, "X_Y_val_MSEloss": 0.0005382768576964736}}