{"train_samples": 500, "test_samples": 200, "source_model": "google/flan-t5-base", "source_dim": 768, "target_dim": 512, "test_results": {"bleu": 0.2, "bleu1": 16.21, "bleu2": 0.98, "bleu3": 0.02, "bleu4": 0.01, "rougeL": 0.122, "rouge1": 0.1546, "rouge2": 0.0101, "exact_match": 0.0}, "loss": {"X_Y_COS": 0.9894336462020874, "X_Y_MSEloss": 4.1757604776648805e-05, "X_Y_test_COS": 0.9141024351119995, "X_Y_test_MSEloss": 0.00033619560417719185, "X_Y_val_COS": 0.9143262505531311, "X_Y_val_MSEloss": 0.000334936601575464}}