{"train_samples": 20, "test_samples": 200, "source_model": "sentence-transformers/gtr-t5-base", "source_dim": 768, "target_dim": 512, "test_results": {"bleu": 0.23, "bleu1": 13.59, "bleu2": 1.05, "bleu3": 0.02, "bleu4": 0.01, "rougeL": 0.1367, "rouge1": 0.152, "rouge2": 0.0111, "exact_match": 0.0}, "loss": {"X_Y_COS": 1.0, "X_Y_MSEloss": 2.779015573570057e-15, "X_Y_test_COS": 0.9322315454483032, "X_Y_test_MSEloss": 0.0005546368192881346, "X_Y_val_COS": 0.934113621711731, "X_Y_val_MSEloss": 0.0005428366712294519}}