{"train_samples": 1000, "test_samples": 200, "source_model": "text-embedding-3-large", "source_dim": 3072, "target_dim": 512, "test_results": {"bleu": 0.2, "bleu1": 14.54, "bleu2": 0.67, "bleu3": 0.02, "bleu4": 0.01, "rougeL": 0.1182, "rouge1": 0.133, "rouge2": 0.0081, "exact_match": 0.0}, "loss": {"X_Y_COS": 0.9953921437263489, "X_Y_MSEloss": 1.8623262803885154e-05, "X_Y_test_COS": 0.8922457695007324, "X_Y_test_MSEloss": 0.0004210768674965948, "X_Y_val_COS": 0.8941819667816162, "X_Y_val_MSEloss": 0.00041446651448495686}}