{"train_samples": 100, "test_samples": 200, "source_model": "intfloat/multilingual-e5-base", "source_dim": 768, "target_dim": 512, "test_results": {"bleu": 0.08, "bleu1": 10.37, "bleu2": 0.06, "bleu3": 0.02, "bleu4": 0.01, "rougeL": 0.0084, "rouge1": 0.0084, "rouge2": 0.0, "exact_match": 0.0}, "loss": {"X_Y_COS": 1.0, "X_Y_MSEloss": 3.4579783481092363e-10, "X_Y_test_COS": 0.9037427306175232, "X_Y_test_MSEloss": 0.000360056379577145, "X_Y_val_COS": 0.9000822305679321, "X_Y_val_MSEloss": 0.0003733889607246965}}