{"train_samples": 50, "test_samples": 200, "source_model": "google/flan-t5-base", "source_dim": 768, "target_dim": 512, "test_results": {"bleu": 0.8, "bleu1": 19.28, "bleu2": 1.49, "bleu3": 0.22, "bleu4": 0.07, "rougeL": 0.1238, "rouge1": 0.1634, "rouge2": 0.0148, "exact_match": 0.0}, "loss": {"X_Y_COS": 1.0, "X_Y_MSEloss": 7.313904527590093e-14, "X_Y_test_COS": 0.9191910624504089, "X_Y_test_MSEloss": 0.0003070879611186683, "X_Y_val_COS": 0.914700448513031, "X_Y_val_MSEloss": 0.00032479214132763445}}