{"train_samples": 3, "test_samples": 200, "source_model": "google-t5/t5-base", "source_dim": 768, "target_dim": 512, "test_results": {"bleu": 0.12, "bleu1": 14.84, "bleu2": 0.27, "bleu3": 0.01, "bleu4": 0.01, "rougeL": 0.063, "rouge1": 0.0699, "rouge2": 0.003, "exact_match": 0.0}, "loss": {"X_Y_COS": 1.0, "X_Y_MSEloss": 2.3673640825450093e-10, "X_Y_test_COS": 0.8169385194778442, "X_Y_test_MSEloss": 0.0016706762835383415, "X_Y_val_COS": 0.8211597800254822, "X_Y_val_MSEloss": 0.0016219679964706302}}