{"train_samples": 5, "test_samples": 200, "source_model": "sentence-transformers/all-MiniLM-L6-v2", "source_dim": 384, "target_dim": 512, "test_results": {"bleu": 0.19, "bleu1": 11.28, "bleu2": 0.65, "bleu3": 0.02, "bleu4": 0.01, "rougeL": 0.1046, "rouge1": 0.1167, "rouge2": 0.0073, "exact_match": 0.0}, "loss": {"X_Y_COS": 1.0, "X_Y_MSEloss": 1.9035544800702283e-16, "X_Y_test_COS": 0.8819923400878906, "X_Y_test_MSEloss": 0.0005284696817398071, "X_Y_val_COS": 0.8811104893684387, "X_Y_val_MSEloss": 0.0005264280480332673}}