{"train_samples": 40, "test_samples": 200, "source_model": "google-bert/bert-base-multilingual-cased", "source_dim": 768, "target_dim": 512, "test_results": {"bleu": 0.16, "bleu1": 11.66, "bleu2": 0.14, "bleu3": 0.03, "bleu4": 0.02, "rougeL": 0.0174, "rouge1": 0.0183, "rouge2": 0.0003, "exact_match": 0.0}, "loss": {"X_Y_COS": 1.0, "X_Y_MSEloss": 1.96824544509977e-13, "X_Y_test_COS": 0.8774064183235168, "X_Y_test_MSEloss": 0.0004531404993031174, "X_Y_val_COS": 0.8772251605987549, "X_Y_val_MSEloss": 0.0004535778134595603}}