{"train_samples": 6000, "test_samples": 200, "source_model": "google/mt5-base", "source_dim": 768, "target_dim": 512, "test_results": {"bleu": 0.25, "bleu1": 19.03, "bleu2": 1.18, "bleu3": 0.02, "bleu4": 0.01, "rougeL": 0.1542, "rouge1": 0.176, "rouge2": 0.0133, "exact_match": 0.0}, "loss": {"X_Y_COS": 0.9486865401268005, "X_Y_MSEloss": 0.00019696159870363772, "X_Y_test_COS": 0.9401634931564331, "X_Y_test_MSEloss": 0.0002294027799507603, "X_Y_val_COS": 0.9421940445899963, "X_Y_val_MSEloss": 0.00022129956050775945}}