{"train_samples": 100, "test_samples": 200, "source_model": "sentence-transformers/all-MiniLM-L6-v2", "source_dim": 384, "target_dim": 512, "test_results": {"bleu": 0.24, "bleu1": 16.84, "bleu2": 1.2, "bleu3": 0.02, "bleu4": 0.01, "rougeL": 0.1287, "rouge1": 0.1486, "rouge2": 0.0109, "exact_match": 0.0}, "loss": {"X_Y_COS": 1.0, "X_Y_MSEloss": 4.1656964336334035e-12, "X_Y_test_COS": 0.8993753790855408, "X_Y_test_MSEloss": 0.0004056685429532081, "X_Y_val_COS": 0.9045263528823853, "X_Y_val_MSEloss": 0.0003965264477301389}}