{"train_samples": 1000, "test_samples": 200, "source_model": "google-bert/bert-base-multilingual-cased", "source_dim": 768, "target_dim": 512, "test_results": {"bleu": 4.98, "bleu1": 30.73, "bleu2": 5.58, "bleu3": 2.36, "bleu4": 1.61, "rougeL": 0.1892, "rouge1": 0.2505, "rouge2": 0.0531, "exact_match": 0.0}, "loss": {"X_Y_COS": 0.9480963945388794, "X_Y_MSEloss": 0.00019855299615301192, "X_Y_test_COS": 0.8640343546867371, "X_Y_test_MSEloss": 0.0005112545914016664, "X_Y_val_COS": 0.8582450151443481, "X_Y_val_MSEloss": 0.0005342909717001021}}