{"train_samples": 3, "test_samples": 200, "source_model": "sentence-transformers/all-MiniLM-L6-v2", "source_dim": 384, "target_dim": 512, "test_results": {"bleu": 7.98, "bleu1": 21.79, "bleu2": 7.85, "bleu3": 6.73, "bleu4": 6.16, "rougeL": 0.1457, "rouge1": 0.1594, "rouge2": 0.0675, "exact_match": 0.0}, "loss": {"X_Y_COS": 1.0, "X_Y_MSEloss": 1.4831507201753396e-16, "X_Y_test_COS": 0.5804652571678162, "X_Y_test_MSEloss": 0.0014159095007926226, "X_Y_val_COS": 0.5810202956199646, "X_Y_val_MSEloss": 0.0014172170776873827}}