{"train_samples": 1000, "test_samples": 200, "source_model": "google-t5/t5-base", "source_dim": 768, "target_dim": 512, "test_results": {"bleu": 0.57, "bleu1": 15.92, "bleu2": 1.32, "bleu3": 0.11, "bleu4": 0.06, "rougeL": 0.1181, "rouge1": 0.1347, "rouge2": 0.0072, "exact_match": 0.0}, "loss": {"X_Y_COS": 0.891771137714386, "X_Y_MSEloss": 0.0004842895723413676, "X_Y_test_COS": 0.03176752105355263, "X_Y_test_MSEloss": 0.007724090479314327, "X_Y_val_COS": 0.041920918971300125, "X_Y_val_MSEloss": 0.007613468449562788}}