{"train_samples": 1000, "test_samples": 200, "source_model": "sentence-transformers/all-MiniLM-L6-v2", "source_dim": 384, "target_dim": 512, "test_results": {"bleu": 0.2, "bleu1": 17.15, "bleu2": 0.95, "bleu3": 0.02, "bleu4": 0.01, "rougeL": 0.1329, "rouge1": 0.1728, "rouge2": 0.0123, "exact_match": 0.0}, "loss": {"X_Y_COS": 0.9605358242988586, "X_Y_MSEloss": 0.0002975042152684182, "X_Y_test_COS": 0.8891976475715637, "X_Y_test_MSEloss": 0.0007859054021537304, "X_Y_val_COS": 0.8913523554801941, "X_Y_val_MSEloss": 0.0007599063101224601}}