{"train_samples": 20, "test_samples": 200, "source_model": "google/mt5-base", "source_dim": 768, "target_dim": 512, "test_results": {"bleu": 0.73, "bleu1": 15.56, "bleu2": 1.31, "bleu3": 0.39, "bleu4": 0.2, "rougeL": 0.0634, "rouge1": 0.0801, "rouge2": 0.0081, "exact_match": 0.0}, "loss": {"X_Y_COS": 1.0, "X_Y_MSEloss": 1.4795953904352815e-13, "X_Y_test_COS": 0.8608115911483765, "X_Y_test_MSEloss": 0.0005032542394474149, "X_Y_val_COS": 0.8479252457618713, "X_Y_val_MSEloss": 0.0005487065645866096}}