{"train_samples": 5, "test_samples": 200, "source_model": "google-t5/t5-base", "source_dim": 768, "target_dim": 512, "test_results": {"bleu": 0.46, "bleu1": 17.28, "bleu2": 0.95, "bleu3": 0.1, "bleu4": 0.03, "rougeL": 0.1135, "rouge1": 0.1449, "rouge2": 0.0107, "exact_match": 0.0}, "loss": {"X_Y_COS": 1.0, "X_Y_MSEloss": 4.3232177816055265e-16, "X_Y_test_COS": 0.8029921054840088, "X_Y_test_MSEloss": 0.000694303133059293, "X_Y_val_COS": 0.8010046482086182, "X_Y_val_MSEloss": 0.0006999238976277411}}