{"train_samples": 500, "test_samples": 200, "source_model": "text-embedding-3-large", "source_dim": 3072, "target_dim": 512, "test_results": {"bleu": 23.7, "bleu1": 40.88, "bleu2": 23.52, "bleu3": 19.84, "bleu4": 18.12, "rougeL": 0.3592, "rouge1": 0.4102, "rouge2": 0.2397, "exact_match": 0.0}, "loss": {"X_Y_COS": 0.999980628490448, "X_Y_MSEloss": 8.077832802655394e-08, "X_Y_test_COS": 0.9102468490600586, "X_Y_test_MSEloss": 0.0003602232609409839, "X_Y_val_COS": 0.9064948558807373, "X_Y_val_MSEloss": 0.000367038999684155}}