{"train_samples": 10, "test_samples": 200, "source_model": "sentence-transformers/all-MiniLM-L6-v2", "source_dim": 384, "target_dim": 512, "test_results": {"bleu": 0.11, "bleu1": 11.16, "bleu2": 0.09, "bleu3": 0.02, "bleu4": 0.01, "rougeL": 0.0539, "rouge1": 0.0626, "rouge2": 0.0076, "exact_match": 0.0}, "loss": {"X_Y_COS": 1.0, "X_Y_MSEloss": 2.0465368179403064e-16, "X_Y_test_COS": 0.8812577724456787, "X_Y_test_MSEloss": 0.000559458916541189, "X_Y_val_COS": 0.8756124973297119, "X_Y_val_MSEloss": 0.0005726346862502396}}