{"train_samples": 1000, "test_samples": 200, "source_model": "google/flan-t5-base", "source_dim": 768, "target_dim": 512, "test_results": {"bleu": 0.12, "bleu1": 12.0, "bleu2": 0.18, "bleu3": 0.02, "bleu4": 0.01, "rougeL": 0.0245, "rouge1": 0.0262, "rouge2": 0.0003, "exact_match": 0.0}, "loss": {"X_Y_COS": 0.970974326133728, "X_Y_MSEloss": 0.0002444397541694343, "X_Y_test_COS": 0.9079679846763611, "X_Y_test_MSEloss": 0.0007763818721286952, "X_Y_val_COS": 0.9068576097488403, "X_Y_val_MSEloss": 0.0007925268728286028}}