{"train_samples": 1000, "test_samples": 200, "source_model": "text-embedding-3-large", "source_dim": 3072, "target_dim": 512, "test_results": {"bleu": 0.2, "bleu1": 9.39, "bleu2": 0.36, "bleu3": 0.03, "bleu4": 0.02, "rougeL": 0.0633, "rouge1": 0.0718, "rouge2": 0.0037, "exact_match": 0.0}, "loss": {"X_Y_COS": 0.9529495239257812, "X_Y_MSEloss": 0.00027167878579348326, "X_Y_test_COS": 0.14345206320285797, "X_Y_test_MSEloss": 0.0019921697676181793, "X_Y_val_COS": 0.1993243396282196, "X_Y_val_MSEloss": 0.0018993096891790628}}