{"train_samples": 1000, "test_samples": 200, "source_model": "text-embedding-3-large", "source_dim": 3072, "target_dim": 512, "test_results": {"bleu": 3.4, "bleu1": 27.44, "bleu2": 4.94, "bleu3": 1.49, "bleu4": 0.66, "rougeL": 0.2062, "rouge1": 0.2601, "rouge2": 0.0607, "exact_match": 0.0}, "loss": {"X_Y_COS": 0.9518797993659973, "X_Y_MSEloss": 0.00027711642906069756, "X_Y_test_COS": 0.9125241041183472, "X_Y_test_MSEloss": 0.00044907390838488936, "X_Y_val_COS": 0.9184934496879578, "X_Y_val_MSEloss": 0.00046461171586997807}}