{"train_samples": 10, "test_samples": 200, "source_model": "intfloat/multilingual-e5-base", "source_dim": 768, "target_dim": 512, "test_results": {"bleu": 0.5, "bleu1": 17.51, "bleu2": 1.0, "bleu3": 0.14, "bleu4": 0.06, "rougeL": 0.0923, "rouge1": 0.1058, "rouge2": 0.0095, "exact_match": 0.0}, "loss": {"X_Y_COS": 1.0, "X_Y_MSEloss": 1.4418196945745069e-15, "X_Y_test_COS": 0.8969849944114685, "X_Y_test_MSEloss": 0.0003817527904175222, "X_Y_val_COS": 0.8983452320098877, "X_Y_val_MSEloss": 0.000376879092073068}}