{"train_samples": 500, "test_samples": 200, "source_model": "intfloat/multilingual-e5-base", "source_dim": 768, "target_dim": 512, "test_results": {"bleu": 1.26, "bleu1": 21.52, "bleu2": 2.13, "bleu3": 0.44, "bleu4": 0.14, "rougeL": 0.1422, "rouge1": 0.1916, "rouge2": 0.0258, "exact_match": 0.0}, "loss": {"X_Y_COS": 0.9814440011978149, "X_Y_MSEloss": 7.226944580907002e-05, "X_Y_test_COS": 0.9156451225280762, "X_Y_test_MSEloss": 0.00032680630101822317, "X_Y_val_COS": 0.9132542014122009, "X_Y_val_MSEloss": 0.000337336357915774}}