{"epoch": 0, "dev_acc": 55.50000000000001, "test_acc": 53.0, "test_f1": 36.49, "test_roc": 49.669999999999995}