{"train_samples": 10, "test_samples": 200, "source_model": "text-embedding-ada-002", "source_dim": 1536, "target_dim": 512, "test_results": {"bleu": 0.16, "bleu1": 12.98, "bleu2": 0.76, "bleu3": 0.01, "bleu4": 0.01, "rougeL": 0.0952, "rouge1": 0.1104, "rouge2": 0.0087, "exact_match": 0.0}, "loss": {"X_Y_COS": 1.0, "X_Y_MSEloss": 1.0763187309662903e-15, "X_Y_test_COS": 0.834117591381073, "X_Y_test_MSEloss": 0.0005940409610047936, "X_Y_val_COS": 0.8434647917747498, "X_Y_val_MSEloss": 0.0005637492286041379}}