{"train_samples": 5, "test_samples": 200, "source_model": "google/mt5-base", "source_dim": 768, "target_dim": 512, "test_results": {"bleu": 0.19, "bleu1": 16.87, "bleu2": 0.55, "bleu3": 0.02, "bleu4": 0.01, "rougeL": 0.089, "rouge1": 0.0999, "rouge2": 0.0036, "exact_match": 0.0}, "loss": {"X_Y_COS": 1.0, "X_Y_MSEloss": 1.9191011280117465e-10, "X_Y_test_COS": 0.8921807408332825, "X_Y_test_MSEloss": 0.0010580586967989802, "X_Y_val_COS": 0.8957304358482361, "X_Y_val_MSEloss": 0.0010389145463705063}}