{"train_samples": 5, "test_samples": 200, "source_model": "google/mt5-base", "source_dim": 768, "target_dim": 512, "test_results": {"bleu": 0.19, "bleu1": 17.18, "bleu2": 0.53, "bleu3": 0.02, "bleu4": 0.01, "rougeL": 0.0862, "rouge1": 0.0957, "rouge2": 0.0016, "exact_match": 0.0}, "loss": {"X_Y_COS": 1.0, "X_Y_MSEloss": 4.493396494527368e-16, "X_Y_test_COS": 0.8813326358795166, "X_Y_test_MSEloss": 0.000439381692558527, "X_Y_val_COS": 0.8816202282905579, "X_Y_val_MSEloss": 0.0004332818789407611}}