{"train_samples": 1000, "test_samples": 200, "source_model": "text-embedding-ada-002", "source_dim": 1536, "target_dim": 512, "test_results": {"bleu": 28.46, "bleu1": 46.7, "bleu2": 28.67, "bleu3": 24.27, "bleu4": 21.96, "rougeL": 0.4145, "rouge1": 0.4701, "rouge2": 0.2957, "exact_match": 0.0}, "loss": {"X_Y_COS": 0.9683009386062622, "X_Y_MSEloss": 0.00012284147669561207, "X_Y_test_COS": 0.9312267899513245, "X_Y_test_MSEloss": 0.00026225909823551774, "X_Y_val_COS": 0.9254466891288757, "X_Y_val_MSEloss": 0.0002832917380146682}}