{"train_samples": 500, "test_samples": 200, "source_model": "intfloat/multilingual-e5-base", "source_dim": 768, "target_dim": 512, "test_results": {"bleu": 0.18, "bleu1": 14.42, "bleu2": 0.71, "bleu3": 0.02, "bleu4": 0.01, "rougeL": 0.0978, "rouge1": 0.1179, "rouge2": 0.0082, "exact_match": 0.0}, "loss": {"X_Y_COS": 0.9689257144927979, "X_Y_MSEloss": 0.00012012875231448561, "X_Y_test_COS": 0.8561370372772217, "X_Y_test_MSEloss": 0.0005509364418685436, "X_Y_val_COS": 0.8608373999595642, "X_Y_val_MSEloss": 0.0005319857154972851}}