{"train_samples": 500, "test_samples": 200, "source_model": "intfloat/multilingual-e5-base", "source_dim": 768, "target_dim": 512, "test_results": {"bleu": 0.29, "bleu1": 13.69, "bleu2": 0.68, "bleu3": 0.07, "bleu4": 0.02, "rougeL": 0.0902, "rouge1": 0.1098, "rouge2": 0.0065, "exact_match": 0.0}, "loss": {"X_Y_COS": 0.9767631888389587, "X_Y_MSEloss": 0.00014663809270132333, "X_Y_test_COS": 0.8584473133087158, "X_Y_test_MSEloss": 0.000915082695428282, "X_Y_val_COS": 0.8625036478042603, "X_Y_val_MSEloss": 0.0008834024774841964}}