{"train_samples": 10, "test_samples": 200, "source_model": "text-embedding-ada-002", "source_dim": 1536, "target_dim": 512, "test_results": {"bleu": 0.04, "bleu1": 11.39, "bleu2": 0.02, "bleu3": 0.01, "bleu4": 0.01, "rougeL": 0.0058, "rouge1": 0.0058, "rouge2": 0.0, "exact_match": 0.0}, "loss": {"X_Y_COS": 1.0, "X_Y_MSEloss": 2.696668089229178e-15, "X_Y_test_COS": 0.8181211948394775, "X_Y_test_MSEloss": 0.0006457178387790918, "X_Y_val_COS": 0.8180418014526367, "X_Y_val_MSEloss": 0.0006461796001531184}}