{"train_samples": 5, "test_samples": 200, "source_model": "google-bert/bert-base-multilingual-cased", "source_dim": 768, "target_dim": 512, "test_results": {"bleu": 0.31, "bleu1": 12.93, "bleu2": 1.03, "bleu3": 0.04, "bleu4": 0.02, "rougeL": 0.1235, "rouge1": 0.1325, "rouge2": 0.0114, "exact_match": 0.0}, "loss": {"X_Y_COS": 1.0, "X_Y_MSEloss": 3.2661341630197565e-16, "X_Y_test_COS": 0.9211727380752563, "X_Y_test_MSEloss": 0.0006145494990050793, "X_Y_val_COS": 0.9211238622665405, "X_Y_val_MSEloss": 0.0006174898589961231}}