{"train_samples": 10, "test_samples": 200, "source_model": "google/flan-t5-base", "source_dim": 768, "target_dim": 512, "test_results": {"bleu": 0.58, "bleu1": 15.79, "bleu2": 1.16, "bleu3": 0.38, "bleu4": 0.24, "rougeL": 0.0583, "rouge1": 0.068, "rouge2": 0.0061, "exact_match": 0.0}, "loss": {"X_Y_COS": 1.0, "X_Y_MSEloss": 4.998063489061808e-16, "X_Y_test_COS": 0.848753035068512, "X_Y_test_MSEloss": 0.0005510867922566831, "X_Y_val_COS": 0.8399023413658142, "X_Y_val_MSEloss": 0.0005811935989186168}}