{"train_samples": 1000, "test_samples": 200, "source_model": "intfloat/multilingual-e5-base", "source_dim": 768, "target_dim": 512, "test_results": {"bleu": 1.82, "bleu1": 26.6, "bleu2": 3.87, "bleu3": 0.8, "bleu4": 0.17, "rougeL": 0.1847, "rouge1": 0.2506, "rouge2": 0.0446, "exact_match": 0.0}, "loss": {"X_Y_COS": 0.960893988609314, "X_Y_MSEloss": 0.00015080167213454843, "X_Y_test_COS": 0.894884467124939, "X_Y_test_MSEloss": 0.00040131440619006753, "X_Y_val_COS": 0.894831657409668, "X_Y_val_MSEloss": 0.0004028769617434591}}