{"train_samples": 1000, "test_samples": 200, "source_model": "sentence-transformers/gtr-t5-base", "source_dim": 768, "target_dim": 512, "test_results": {"bleu": 5.0, "bleu1": 27.84, "bleu2": 5.55, "bleu3": 2.61, "bleu4": 1.85, "rougeL": 0.1936, "rouge1": 0.2463, "rouge2": 0.062, "exact_match": 0.0}, "loss": {"X_Y_COS": 0.9705012440681458, "X_Y_MSEloss": 0.00011434976477175951, "X_Y_test_COS": 0.8998414278030396, "X_Y_test_MSEloss": 0.000387233798392117, "X_Y_val_COS": 0.9010923504829407, "X_Y_val_MSEloss": 0.0003844074090011418}}