{"train_samples": 500, "test_samples": 200, "source_model": "google-bert/bert-base-multilingual-cased", "source_dim": 768, "target_dim": 512, "test_results": {"bleu": 5.2, "bleu1": 28.78, "bleu2": 5.92, "bleu3": 2.69, "bleu4": 1.91, "rougeL": 0.1914, "rouge1": 0.2473, "rouge2": 0.0546, "exact_match": 0.0}, "loss": {"X_Y_COS": 0.9766604900360107, "X_Y_MSEloss": 0.00017853495955932885, "X_Y_test_COS": 0.817484438419342, "X_Y_test_MSEloss": 0.0014432003954425454, "X_Y_val_COS": 0.8177604675292969, "X_Y_val_MSEloss": 0.0014533267822116613}}