{"train_samples": 50, "test_samples": 200, "source_model": "sentence-transformers/all-MiniLM-L6-v2", "source_dim": 384, "target_dim": 512, "test_results": {"bleu": 0.54, "bleu1": 17.04, "bleu2": 1.33, "bleu3": 0.19, "bleu4": 0.02, "rougeL": 0.1153, "rouge1": 0.1484, "rouge2": 0.016, "exact_match": 0.0}, "loss": {"X_Y_COS": 1.0, "X_Y_MSEloss": 1.105705162642739e-15, "X_Y_test_COS": 0.5982567667961121, "X_Y_test_MSEloss": 0.001182576292194426, "X_Y_val_COS": 0.5273672342300415, "X_Y_val_MSEloss": 0.0012506198836490512}}