{"train_samples": 1, "test_samples": 200, "source_model": "text-embedding-ada-002", "source_dim": 1536, "target_dim": 512, "test_results": {"bleu": 0.04, "bleu1": 8.57, "bleu2": 0.02, "bleu3": 0.01, "bleu4": 0.01, "rougeL": 0.0072, "rouge1": 0.0072, "rouge2": 0.0, "exact_match": 0.0}, "loss": {"X_Y_COS": 1.0, "X_Y_MSEloss": 4.2364888869960766e-17, "X_Y_test_COS": 0.7121200561523438, "X_Y_test_MSEloss": 0.0015807428862899542, "X_Y_val_COS": 0.7128940224647522, "X_Y_val_MSEloss": 0.0015579804312437773}}