{"train_samples": 5, "test_samples": 200, "source_model": "text-embedding-3-large", "source_dim": 3072, "target_dim": 512, "test_results": {"bleu": 0.45, "bleu1": 21.42, "bleu2": 0.95, "bleu3": 0.08, "bleu4": 0.03, "rougeL": 0.1436, "rouge1": 0.1912, "rouge2": 0.0128, "exact_match": 0.0}, "loss": {"X_Y_COS": 1.0, "X_Y_MSEloss": 9.773078718565428e-17, "X_Y_test_COS": 0.8949383497238159, "X_Y_test_MSEloss": 0.0007048609550110996, "X_Y_val_COS": 0.8951936960220337, "X_Y_val_MSEloss": 0.0006848012562841177}}