{"train_samples": 300, "test_samples": 200, "source_model": "google-t5/t5-base", "source_dim": 768, "target_dim": 512, "test_results": {"bleu": 26.07, "bleu1": 45.46, "bleu2": 26.54, "bleu3": 22.01, "bleu4": 19.75, "rougeL": 0.3877, "rouge1": 0.4434, "rouge2": 0.268, "exact_match": 0.0}, "loss": {"X_Y_COS": 0.9993959665298462, "X_Y_MSEloss": 2.451131422276376e-06, "X_Y_test_COS": 0.9322233200073242, "X_Y_test_MSEloss": 0.0002633899566717446, "X_Y_val_COS": 0.9276164174079895, "X_Y_val_MSEloss": 0.0002797167981043458, "reg_lambda": 0.01}}