{"train_samples": 500, "test_samples": 200, "source_model": "sentence-transformers/all-MiniLM-L6-v2", "source_dim": 384, "target_dim": 512, "test_results": {"bleu": 0.29, "bleu1": 12.85, "bleu2": 0.64, "bleu3": 0.12, "bleu4": 0.03, "rougeL": 0.0363, "rouge1": 0.0393, "rouge2": 0.0031, "exact_match": 0.0}, "loss": {"X_Y_COS": 0.984265148639679, "X_Y_MSEloss": 7.687689503654838e-05, "X_Y_test_COS": 0.6584562659263611, "X_Y_test_MSEloss": 0.001801412901841104, "X_Y_val_COS": 0.6156855821609497, "X_Y_val_MSEloss": 0.001952711259946227}}