{"train_samples": 20, "test_samples": 200, "source_model": "sentence-transformers/gtr-t5-base", "source_dim": 768, "target_dim": 512, "test_results": {"bleu": 0.39, "bleu1": 15.03, "bleu2": 0.65, "bleu3": 0.09, "bleu4": 0.05, "rougeL": 0.1116, "rouge1": 0.1379, "rouge2": 0.0088, "exact_match": 0.0}, "loss": {"X_Y_COS": 1.0, "X_Y_MSEloss": 1.9410588414370267e-10, "X_Y_test_COS": 0.9420608878135681, "X_Y_test_MSEloss": 0.0005593911628238857, "X_Y_val_COS": 0.9426467418670654, "X_Y_val_MSEloss": 0.0005931484047323465}}