{"train_samples": 20, "test_samples": 200, "source_model": "google/flan-t5-base", "source_dim": 768, "target_dim": 512, "test_results": {"bleu": 0.07, "bleu1": 8.6, "bleu2": 0.04, "bleu3": 0.02, "bleu4": 0.01, "rougeL": 0.0126, "rouge1": 0.0135, "rouge2": 0.0, "exact_match": 0.0}, "loss": {"X_Y_COS": 1.0, "X_Y_MSEloss": 4.178299179357584e-15, "X_Y_test_COS": 0.8821109533309937, "X_Y_test_MSEloss": 0.0004358942969702184, "X_Y_val_COS": 0.878971517086029, "X_Y_val_MSEloss": 0.00044724150211550295}}