{"train_samples": 100, "test_samples": 200, "source_model": "google/flan-t5-base", "source_dim": 768, "target_dim": 512, "test_results": {"bleu": 0.27, "bleu1": 20.4, "bleu2": 1.46, "bleu3": 0.02, "bleu4": 0.01, "rougeL": 0.1518, "rouge1": 0.1751, "rouge2": 0.0151, "exact_match": 0.0}, "loss": {"X_Y_COS": 1.0, "X_Y_MSEloss": 1.5096019920224357e-11, "X_Y_test_COS": 0.9314404726028442, "X_Y_test_MSEloss": 0.00026266794884577394, "X_Y_val_COS": 0.9339534044265747, "X_Y_val_MSEloss": 0.0002540387213230133}}