{"train_samples": 1, "test_samples": 200, "source_model": "random", "source_dim": 768, "target_dim": 512, "test_results": {"bleu": 0.39, "bleu1": 15.44, "bleu2": 1.55, "bleu3": 0.04, "bleu4": 0.02, "rougeL": 0.1346, "rouge1": 0.1429, "rouge2": 0.0097, "exact_match": 0.0}, "loss": {"X_Y_COS": 1.0000001192092896, "X_Y_MSEloss": 2.732917128904722e-16, "X_Y_test_COS": 0.015681864693760872, "X_Y_test_MSEloss": 0.001957063330337405, "X_Y_val_COS": -0.029720010235905647, "X_Y_val_MSEloss": 0.001955800922587514}}