{"train_samples": 1000, "test_samples": 200, "source_model": "google-t5/t5-base", "source_dim": 768, "target_dim": 512, "test_results": {"bleu": 0.23, "bleu1": 14.71, "bleu2": 0.49, "bleu3": 0.03, "bleu4": 0.02, "rougeL": 0.0455, "rouge1": 0.0495, "rouge2": 0.0028, "exact_match": 0.0}, "loss": {"X_Y_COS": 0.9661545753479004, "X_Y_MSEloss": 0.00013056684110779315, "X_Y_test_COS": 0.9080009460449219, "X_Y_test_MSEloss": 0.00035182599094696343, "X_Y_val_COS": 0.9099189043045044, "X_Y_val_MSEloss": 0.00034417439019307494}}