{"train_samples": 50, "test_samples": 200, "source_model": "sentence-transformers/gtr-t5-base", "source_dim": 768, "target_dim": 512, "test_results": {"bleu": 1.04, "bleu1": 16.6, "bleu2": 1.44, "bleu3": 0.61, "bleu4": 0.34, "rougeL": 0.0632, "rouge1": 0.0704, "rouge2": 0.0087, "exact_match": 0.0}, "loss": {"X_Y_COS": 1.0, "X_Y_MSEloss": 1.0978110273325657e-15, "X_Y_test_COS": 0.9015065431594849, "X_Y_test_MSEloss": 0.0003807884349953383, "X_Y_val_COS": 0.8986809253692627, "X_Y_val_MSEloss": 0.0003936731372959912}}