{"train_samples": 10, "test_samples": 200, "source_model": "google/mt5-base", "source_dim": 768, "target_dim": 512, "test_results": {"bleu": 0.13, "bleu1": 14.96, "bleu2": 0.76, "bleu3": 0.02, "bleu4": 0.01, "rougeL": 0.0479, "rouge1": 0.0544, "rouge2": 0.0037, "exact_match": 0.0}, "loss": {"X_Y_COS": 1.0, "X_Y_MSEloss": 2.6937915786895417e-10, "X_Y_test_COS": 0.9067557454109192, "X_Y_test_MSEloss": 0.0009972359985113144, "X_Y_val_COS": 0.9123759269714355, "X_Y_val_MSEloss": 0.0009644109522923827}}