{"train_samples": 10, "test_samples": 200, "source_model": "google/mt5-base", "source_dim": 768, "target_dim": 512, "test_results": {"bleu": 0.35, "bleu1": 14.63, "bleu2": 0.87, "bleu3": 0.07, "bleu4": 0.03, "rougeL": 0.0881, "rouge1": 0.1043, "rouge2": 0.0124, "exact_match": 0.0}, "loss": {"X_Y_COS": 1.0, "X_Y_MSEloss": 1.2167076657101125e-15, "X_Y_test_COS": 0.8718768358230591, "X_Y_test_MSEloss": 0.0004697699041571468, "X_Y_val_COS": 0.8773633241653442, "X_Y_val_MSEloss": 0.000454212335171178}}