{"train_samples": 100, "test_samples": 200, "source_model": "sentence-transformers/gtr-t5-base", "source_dim": 768, "target_dim": 512, "test_results": {"bleu": 16.15, "bleu1": 31.33, "bleu2": 15.33, "bleu3": 13.33, "bleu4": 12.38, "rougeL": 0.2569, "rouge1": 0.2998, "rouge2": 0.1485, "exact_match": 0.0}, "loss": {"X_Y_COS": 0.9999993443489075, "X_Y_MSEloss": 1.7221765347130713e-08, "X_Y_test_COS": 0.8917078375816345, "X_Y_test_MSEloss": 0.0009071845561265945, "X_Y_val_COS": 0.8840446472167969, "X_Y_val_MSEloss": 0.0009552742121741176}}