{"train_samples": 500, "test_samples": 200, "source_model": "google/flan-t5-base", "source_dim": 768, "target_dim": 512, "test_results": {"bleu": 0.2, "bleu1": 19.33, "bleu2": 0.81, "bleu3": 0.01, "bleu4": 0.01, "rougeL": 0.1042, "rouge1": 0.1238, "rouge2": 0.0033, "exact_match": 0.0}, "loss": {"X_Y_COS": 0.9873307347297668, "X_Y_MSEloss": 4.966623964719474e-05, "X_Y_test_COS": 0.9000301361083984, "X_Y_test_MSEloss": 0.0003948147059418261, "X_Y_val_COS": 0.9010961055755615, "X_Y_val_MSEloss": 0.0003873470996040851}}