{"train_samples": 5, "test_samples": 200, "source_model": "text-embedding-ada-002", "source_dim": 1536, "target_dim": 512, "test_results": {"bleu": 0.13, "bleu1": 14.9, "bleu2": 0.33, "bleu3": 0.01, "bleu4": 0.01, "rougeL": 0.0467, "rouge1": 0.0532, "rouge2": 0.0028, "exact_match": 0.0}, "loss": {"X_Y_COS": 1.0, "X_Y_MSEloss": 2.8419339104246433e-10, "X_Y_test_COS": 0.8384354710578918, "X_Y_test_MSEloss": 0.0014059889363124967, "X_Y_val_COS": 0.8426745533943176, "X_Y_val_MSEloss": 0.0013662655837833881}}