{"train_samples": 1, "test_samples": 200, "source_model": "intfloat/multilingual-e5-base", "source_dim": 768, "target_dim": 512, "test_results": {"bleu": 0.09, "bleu1": 9.47, "bleu2": 0.06, "bleu3": 0.02, "bleu4": 0.01, "rougeL": 0.0588, "rouge1": 0.0664, "rouge2": 0.0051, "exact_match": 0.0}, "loss": {"X_Y_COS": 1.0, "X_Y_MSEloss": 7.94551315238016e-18, "X_Y_test_COS": 0.7938146591186523, "X_Y_test_MSEloss": 0.001530835754238069, "X_Y_val_COS": 0.7972908020019531, "X_Y_val_MSEloss": 0.0015278349164873362}}