{"train_samples": 30, "test_samples": 200, "source_model": "intfloat/multilingual-e5-base", "source_dim": 768, "target_dim": 512, "test_results": {"bleu": 0.29, "bleu1": 16.7, "bleu2": 0.84, "bleu3": 0.05, "bleu4": 0.03, "rougeL": 0.102, "rouge1": 0.1191, "rouge2": 0.0069, "exact_match": 0.0}, "loss": {"X_Y_COS": 1.0, "X_Y_MSEloss": 4.0957737418648166e-13, "X_Y_test_COS": 0.9157295227050781, "X_Y_test_MSEloss": 0.0005097335670143366, "X_Y_val_COS": 0.9194287657737732, "X_Y_val_MSEloss": 0.0005048835300840437}}