{"train_samples": 500, "test_samples": 200, "source_model": "intfloat/multilingual-e5-base", "source_dim": 768, "target_dim": 512, "test_results": {"bleu": 0.93, "bleu1": 16.86, "bleu2": 1.37, "bleu3": 0.41, "bleu4": 0.25, "rougeL": 0.0707, "rouge1": 0.0846, "rouge2": 0.006, "exact_match": 0.0}, "loss": {"X_Y_COS": 0.9705623984336853, "X_Y_MSEloss": 0.00011402844393160194, "X_Y_test_COS": 0.8667669296264648, "X_Y_test_MSEloss": 0.0005091156926937401, "X_Y_val_COS": 0.8615221977233887, "X_Y_val_MSEloss": 0.000529274984728545}}