{"train_samples": 10, "test_samples": 200, "source_model": "google-t5/t5-base", "source_dim": 768, "target_dim": 512, "test_results": {"bleu": 0.46, "bleu1": 18.52, "bleu2": 1.14, "bleu3": 0.14, "bleu4": 0.02, "rougeL": 0.1183, "rouge1": 0.1531, "rouge2": 0.0117, "exact_match": 0.0}, "loss": {"X_Y_COS": 1.0, "X_Y_MSEloss": 6.511759540804118e-16, "X_Y_test_COS": 0.8785400390625, "X_Y_test_MSEloss": 0.0004468962433747947, "X_Y_val_COS": 0.8785905838012695, "X_Y_val_MSEloss": 0.00044674379751086235}}