{"train_samples": 1000, "test_samples": 200, "source_model": "random", "source_dim": 768, "target_dim": 512, "test_results": {"bleu": 0.4, "bleu1": 16.46, "bleu2": 1.69, "bleu3": 0.08, "bleu4": 0.01, "rougeL": 0.1242, "rouge1": 0.14, "rouge2": 0.0122, "exact_match": 0.0}, "loss": {"X_Y_COS": 0.894521176815033, "X_Y_MSEloss": 0.0004870126722380519, "X_Y_test_COS": 0.005203664302825928, "X_Y_test_MSEloss": 0.007434907369315624, "X_Y_val_COS": 0.013142318464815617, "X_Y_val_MSEloss": 0.006989266723394394}}