{"train_samples": 30, "test_samples": 200, "source_model": "sentence-transformers/gtr-t5-base", "source_dim": 768, "target_dim": 512, "test_results": {"bleu": 0.47, "bleu1": 19.22, "bleu2": 1.29, "bleu3": 0.09, "bleu4": 0.02, "rougeL": 0.121, "rouge1": 0.1599, "rouge2": 0.0133, "exact_match": 0.0}, "loss": {"X_Y_COS": 1.0, "X_Y_MSEloss": 5.627306266126899e-16, "X_Y_test_COS": 0.8381079435348511, "X_Y_test_MSEloss": 0.0006078964215703309, "X_Y_val_COS": 0.8364394903182983, "X_Y_val_MSEloss": 0.0006143013015389442}}