{"train_samples": 500, "test_samples": 200, "source_model": "sentence-transformers/all-MiniLM-L6-v2", "source_dim": 384, "target_dim": 512, "test_results": {"bleu": 0.11, "bleu1": 8.36, "bleu2": 0.12, "bleu3": 0.02, "bleu4": 0.01, "rougeL": 0.0295, "rouge1": 0.0313, "rouge2": 0.0024, "exact_match": 0.0}, "loss": {"X_Y_COS": 0.9785870313644409, "X_Y_MSEloss": 0.00018945489136967808, "X_Y_test_COS": 0.755035400390625, "X_Y_test_MSEloss": 0.0024103715550154448, "X_Y_val_COS": 0.7320874333381653, "X_Y_val_MSEloss": 0.0025845502968877554}}