{"train_samples": 40, "test_samples": 200, "source_model": "google-t5/t5-base", "source_dim": 768, "target_dim": 512, "test_results": {"bleu": 0.53, "bleu1": 16.62, "bleu2": 1.06, "bleu3": 0.14, "bleu4": 0.09, "rougeL": 0.0548, "rouge1": 0.0628, "rouge2": 0.0051, "exact_match": 0.0}, "loss": {"X_Y_COS": 1.0, "X_Y_MSEloss": 2.6244914574924394e-10, "X_Y_test_COS": 0.8876919150352478, "X_Y_test_MSEloss": 0.001027880236506462, "X_Y_val_COS": 0.8905174136161804, "X_Y_val_MSEloss": 0.00099894346203655}}