{"train_samples": 1, "test_samples": 200, "source_model": "google/mt5-base", "source_dim": 768, "target_dim": 512, "test_results": {"bleu": 0.11, "bleu1": 7.76, "bleu2": 0.2, "bleu3": 0.01, "bleu4": 0.01, "rougeL": 0.0089, "rouge1": 0.0089, "rouge2": 0.0, "exact_match": 0.0}, "loss": {"X_Y_COS": 1.0, "X_Y_MSEloss": 4.1539019834987e-16, "X_Y_test_COS": 0.8556542992591858, "X_Y_test_MSEloss": 0.0005798692582175136, "X_Y_val_COS": 0.848406195640564, "X_Y_val_MSEloss": 0.0005803335225209594}}