{"train_samples": 100, "test_samples": 200, "source_model": "google-t5/t5-base", "source_dim": 768, "target_dim": 512, "test_results": {"bleu": 0.12, "bleu1": 11.44, "bleu2": 0.13, "bleu3": 0.02, "bleu4": 0.01, "rougeL": 0.0516, "rouge1": 0.0579, "rouge2": 0.0016, "exact_match": 0.0}, "loss": {"X_Y_COS": 0.9999998211860657, "X_Y_MSEloss": 3.62597707415091e-09, "X_Y_test_COS": 0.8805649280548096, "X_Y_test_MSEloss": 0.0008853592444211245, "X_Y_val_COS": 0.879512369632721, "X_Y_val_MSEloss": 0.0009225999820046127}}