{"train_samples": 20, "test_samples": 200, "source_model": "google-t5/t5-base", "source_dim": 768, "target_dim": 512, "test_results": {"bleu": 0.2, "bleu1": 14.82, "bleu2": 0.56, "bleu3": 0.02, "bleu4": 0.01, "rougeL": 0.1082, "rouge1": 0.1228, "rouge2": 0.0059, "exact_match": 0.0}, "loss": {"X_Y_COS": 1.0, "X_Y_MSEloss": 1.9714407244273563e-14, "X_Y_test_COS": 0.9096543788909912, "X_Y_test_MSEloss": 0.00033755696495063603, "X_Y_val_COS": 0.9132276773452759, "X_Y_val_MSEloss": 0.0003250970330554992}}