{"train_samples": 100, "test_samples": 200, "source_model": "google-bert/bert-base-multilingual-cased", "source_dim": 768, "target_dim": 512, "test_results": {"bleu": 0.41, "bleu1": 14.89, "bleu2": 0.84, "bleu3": 0.15, "bleu4": 0.04, "rougeL": 0.0927, "rouge1": 0.1066, "rouge2": 0.0032, "exact_match": 0.0}, "loss": {"X_Y_COS": 0.9999998211860657, "X_Y_MSEloss": 5.8788924839348056e-09, "X_Y_test_COS": 0.9122544527053833, "X_Y_test_MSEloss": 0.0006714765331707895, "X_Y_val_COS": 0.9133610129356384, "X_Y_val_MSEloss": 0.0006447149207815528}}