{"train_samples": 1000, "test_samples": 200, "source_model": "random", "source_dim": 768, "target_dim": 512, "test_results": {"bleu": 0.57, "bleu1": 16.0, "bleu2": 1.38, "bleu3": 0.09, "bleu4": 0.05, "rougeL": 0.1336, "rouge1": 0.1587, "rouge2": 0.0119, "exact_match": 0.0}, "loss": {"X_Y_COS": 0.7342034578323364, "X_Y_MSEloss": 0.00086624437244609, "X_Y_test_COS": 0.0013435471337288618, "X_Y_test_MSEloss": 0.004562532063573599, "X_Y_val_COS": -0.07936680316925049, "X_Y_val_MSEloss": 0.004141675774008036}}