{"train_samples": 20, "test_samples": 200, "source_model": "text-embedding-ada-002", "source_dim": 1536, "target_dim": 512, "test_results": {"bleu": 0.23, "bleu1": 16.59, "bleu2": 1.05, "bleu3": 0.02, "bleu4": 0.01, "rougeL": 0.1352, "rouge1": 0.1496, "rouge2": 0.0103, "exact_match": 0.0}, "loss": {"X_Y_COS": 1.0, "X_Y_MSEloss": 8.85366270315241e-15, "X_Y_test_COS": 0.9326716661453247, "X_Y_test_MSEloss": 0.0002542228903621435, "X_Y_val_COS": 0.9354649186134338, "X_Y_val_MSEloss": 0.00024418317480012774}}