{"train_samples": 30, "test_samples": 200, "source_model": "google/flan-t5-base", "source_dim": 768, "target_dim": 512, "test_results": {"bleu": 0.25, "bleu1": 19.43, "bleu2": 1.29, "bleu3": 0.02, "bleu4": 0.01, "rougeL": 0.1079, "rouge1": 0.126, "rouge2": 0.0078, "exact_match": 0.0}, "loss": {"X_Y_COS": 1.0, "X_Y_MSEloss": 1.7331762761085834e-11, "X_Y_test_COS": 0.9090573191642761, "X_Y_test_MSEloss": 0.0008249093662016094, "X_Y_val_COS": 0.9142321348190308, "X_Y_val_MSEloss": 0.0007951222360134125}}