{"train_samples": 5, "test_samples": 200, "source_model": "sentence-transformers/gtr-t5-base", "source_dim": 768, "target_dim": 512, "test_results": {"bleu": 0.14, "bleu1": 15.96, "bleu2": 0.59, "bleu3": 0.01, "bleu4": 0.01, "rougeL": 0.1074, "rouge1": 0.1303, "rouge2": 0.0056, "exact_match": 0.0}, "loss": {"X_Y_COS": 0.9999999403953552, "X_Y_MSEloss": 1.9559209807340494e-10, "X_Y_test_COS": 0.8450707793235779, "X_Y_test_MSEloss": 0.0018247952684760094, "X_Y_val_COS": 0.8517699241638184, "X_Y_val_MSEloss": 0.0017855276819318533}}