{"train_samples": 20, "test_samples": 200, "source_model": "text-embedding-3-large", "source_dim": 3072, "target_dim": 512, "test_results": {"bleu": 0.23, "bleu1": 16.47, "bleu2": 1.07, "bleu3": 0.02, "bleu4": 0.01, "rougeL": 0.129, "rouge1": 0.1467, "rouge2": 0.0112, "exact_match": 0.0}, "loss": {"X_Y_COS": 1.0, "X_Y_MSEloss": 2.4715354668762536e-16, "X_Y_test_COS": 0.9332467317581177, "X_Y_test_MSEloss": 0.00031667499570176005, "X_Y_val_COS": 0.9361286759376526, "X_Y_val_MSEloss": 0.0003002722514793277}}