{"cosine_similarities": {"X_Y_COS": 0.6501062512397766, "X_Y_test_COS": 0.6303339004516602, "X_Y_COS_LOSS": 0.3498937487602234, "X_Y_MSE_LOSS": 0.056696049869060516, "X_Y_test_COS_LOSS": 0.36966609954833984, "X_Y_test_MSE_LOSS": 0.05871189013123512}, "rouge_results": {"X_vs_gold": {"rouge1_f": 0.017029458906974822, "rouge2_f": 0.0018746001726633002, "rougeL_f": 0.014622932467329812}, "Y_vs_gold": {"rouge1_f": 0.0016609147248746803, "rouge2_f": 0.0, "rougeL_f": 0.0016609147248746803}, "X_vs_Y": {"rouge1_f": 0.6403973670331236, "rouge2_f": 0.5429694578144111, "rougeL_f": 0.6401973670331236}}}