{"train_samples": 1000, "test_samples": 200, "source_model": "google-t5/t5-base", "source_dim": 768, "target_dim": 512, "test_results": {"bleu": 0.33, "bleu1": 25.24, "bleu2": 1.57, "bleu3": 0.03, "bleu4": 0.02, "rougeL": 0.154, "rouge1": 0.1937, "rouge2": 0.0132, "exact_match": 0.0}, "loss": {"X_Y_COS": 0.9535471796989441, "X_Y_MSEloss": 0.00017777172615751624, "X_Y_test_COS": 0.9097855687141418, "X_Y_test_MSEloss": 0.00034070760011672974, "X_Y_val_COS": 0.9111530780792236, "X_Y_val_MSEloss": 0.00033666985109448433}}