{"train_samples": 100, "test_samples": 200, "source_model": "text-embedding-3-large", "source_dim": 3072, "target_dim": 512, "test_results": {"bleu": 0.6, "bleu1": 12.94, "bleu2": 0.53, "bleu3": 0.23, "bleu4": 0.17, "rougeL": 0.0582, "rouge1": 0.0675, "rouge2": 0.0077, "exact_match": 0.0}, "loss": {"X_Y_COS": 1.0, "X_Y_MSEloss": 2.3891643397282343e-14, "X_Y_test_COS": 0.9163315892219543, "X_Y_test_MSEloss": 0.00032631069188937545, "X_Y_val_COS": 0.9151887893676758, "X_Y_val_MSEloss": 0.0003324734279885888}}