{"train_samples": 50, "test_samples": 200, "source_model": "text-embedding-3-large", "source_dim": 3072, "target_dim": 512, "test_results": {"bleu": 0.1, "bleu1": 10.18, "bleu2": 0.04, "bleu3": 0.02, "bleu4": 0.01, "rougeL": 0.0011, "rouge1": 0.0011, "rouge2": 0.0, "exact_match": 0.0}, "loss": {"X_Y_COS": 1.0, "X_Y_MSEloss": 1.66884707669088e-15, "X_Y_test_COS": 0.893412172794342, "X_Y_test_MSEloss": 0.00045865768333896995, "X_Y_val_COS": 0.8922045826911926, "X_Y_val_MSEloss": 0.0004564280097838491}}