{"train_samples": 30, "test_samples": 200, "source_model": "google-t5/t5-base", "source_dim": 768, "target_dim": 512, "test_results": {"bleu": 0.17, "bleu1": 20.04, "bleu2": 0.56, "bleu3": 0.01, "bleu4": 0.01, "rougeL": 0.109, "rouge1": 0.1319, "rouge2": 0.0044, "exact_match": 0.0}, "loss": {"X_Y_COS": 1.0, "X_Y_MSEloss": 5.003668378071591e-13, "X_Y_test_COS": 0.8416649699211121, "X_Y_test_MSEloss": 0.0005716354353353381, "X_Y_val_COS": 0.8469895720481873, "X_Y_val_MSEloss": 0.0005541808786801994}}