{"train_samples": 1000, "test_samples": 200, "source_model": "google/mt5-base", "source_dim": 768, "target_dim": 512, "test_results": {"bleu": 30.23, "bleu1": 50.56, "bleu2": 31.21, "bleu3": 25.91, "bleu4": 23.45, "rougeL": 0.435, "rouge1": 0.4925, "rouge2": 0.3135, "exact_match": 0.0}, "loss": {"X_Y_COS": 0.9741160273551941, "X_Y_MSEloss": 0.00010122006642632186, "X_Y_test_COS": 0.9439275860786438, "X_Y_test_MSEloss": 0.00021402972924988717, "X_Y_val_COS": 0.9397915601730347, "X_Y_val_MSEloss": 0.000229323617531918, "reg_lambda": 0.1}}