{"train_samples": 50, "test_samples": 200, "source_model": "google/flan-t5-base", "source_dim": 768, "target_dim": 512, "test_results": {"bleu": 1.19, "bleu1": 17.94, "bleu2": 1.76, "bleu3": 0.65, "bleu4": 0.36, "rougeL": 0.0746, "rouge1": 0.0867, "rouge2": 0.0105, "exact_match": 0.0}, "loss": {"X_Y_COS": 1.0, "X_Y_MSEloss": 5.166410918869269e-13, "X_Y_test_COS": 0.9143671989440918, "X_Y_test_MSEloss": 0.0003231734735891223, "X_Y_val_COS": 0.9088478088378906, "X_Y_val_MSEloss": 0.0003435825929045677}}