{"train_samples": 50, "test_samples": 200, "source_model": "sentence-transformers/all-MiniLM-L6-v2", "source_dim": 384, "target_dim": 512, "test_results": {"bleu": 0.43, "bleu1": 16.73, "bleu2": 0.88, "bleu3": 0.1, "bleu4": 0.05, "rougeL": 0.1273, "rouge1": 0.1496, "rouge2": 0.0088, "exact_match": 0.0}, "loss": {"X_Y_COS": 1.0, "X_Y_MSEloss": 4.6347764515175527e-10, "X_Y_test_COS": 0.9249600172042847, "X_Y_test_MSEloss": 0.0007345094927586615, "X_Y_val_COS": 0.9283049702644348, "X_Y_val_MSEloss": 0.000758078065700829}}