{"train_samples": 100, "test_samples": 200, "source_model": "sentence-transformers/gtr-t5-base", "source_dim": 768, "target_dim": 512, "test_results": {"bleu": 1.93, "bleu1": 22.41, "bleu2": 2.08, "bleu3": 0.68, "bleu4": 0.53, "rougeL": 0.1338, "rouge1": 0.1716, "rouge2": 0.021, "exact_match": 0.0}, "loss": {"X_Y_COS": 1.0, "X_Y_MSEloss": 4.310223290343021e-15, "X_Y_test_COS": 0.8325603008270264, "X_Y_test_MSEloss": 0.0006081682513467968, "X_Y_val_COS": 0.8236986994743347, "X_Y_val_MSEloss": 0.0006356806843541563}}