{"train_samples": 10, "test_samples": 200, "source_model": "sentence-transformers/all-MiniLM-L6-v2", "source_dim": 384, "target_dim": 512, "test_results": {"bleu": 0.2, "bleu1": 13.84, "bleu2": 0.57, "bleu3": 0.03, "bleu4": 0.02, "rougeL": 0.0639, "rouge1": 0.079, "rouge2": 0.005, "exact_match": 0.0}, "loss": {"X_Y_COS": 1.0, "X_Y_MSEloss": 2.821634565706749e-16, "X_Y_test_COS": 0.44123733043670654, "X_Y_test_MSEloss": 0.0015543658519163728, "X_Y_val_COS": 0.3987254202365875, "X_Y_val_MSEloss": 0.0016107342671602964}}