{"train_samples": 20, "test_samples": 200, "source_model": "google-bert/bert-base-multilingual-cased", "source_dim": 768, "target_dim": 512, "test_results": {"bleu": 0.16, "bleu1": 9.74, "bleu2": 0.17, "bleu3": 0.03, "bleu4": 0.02, "rougeL": 0.0083, "rouge1": 0.0083, "rouge2": 0.0, "exact_match": 0.0}, "loss": {"X_Y_COS": 1.0, "X_Y_MSEloss": 1.0242518909842763e-14, "X_Y_test_COS": 0.8997222781181335, "X_Y_test_MSEloss": 0.00037721695844084024, "X_Y_val_COS": 0.8979226350784302, "X_Y_val_MSEloss": 0.0003833711671177298}}