{"train_samples": 5, "test_samples": 200, "source_model": "google-bert/bert-base-multilingual-cased", "source_dim": 768, "target_dim": 512, "test_results": {"bleu": 0.17, "bleu1": 8.5, "bleu2": 0.18, "bleu3": 0.03, "bleu4": 0.02, "rougeL": 0.0011, "rouge1": 0.0011, "rouge2": 0.0, "exact_match": 0.0}, "loss": {"X_Y_COS": 1.0000001192092896, "X_Y_MSEloss": 4.513184242966413e-16, "X_Y_test_COS": 0.8833664655685425, "X_Y_test_MSEloss": 0.0004472187429200858, "X_Y_val_COS": 0.8817988634109497, "X_Y_val_MSEloss": 0.00044888671254739165}}