{"train_samples": 20, "test_samples": 200, "source_model": "intfloat/multilingual-e5-base", "source_dim": 768, "target_dim": 512, "test_results": {"bleu": 9.67, "bleu1": 23.5, "bleu2": 8.52, "bleu3": 6.92, "bleu4": 6.32, "rougeL": 0.1917, "rouge1": 0.2297, "rouge2": 0.0887, "exact_match": 0.0}, "loss": {"X_Y_COS": 1.0, "X_Y_MSEloss": 1.9802968986848413e-10, "X_Y_test_COS": 0.8975193500518799, "X_Y_test_MSEloss": 0.0008673597476445138, "X_Y_val_COS": 0.897314727306366, "X_Y_val_MSEloss": 0.0008666516514495015}}