{"train_samples": 10, "test_samples": 200, "source_model": "sentence-transformers/gtr-t5-base", "source_dim": 768, "target_dim": 512, "test_results": {"bleu": 0.53, "bleu1": 15.96, "bleu2": 1.29, "bleu3": 0.54, "bleu4": 0.37, "rougeL": 0.049, "rouge1": 0.0574, "rouge2": 0.0043, "exact_match": 0.0}, "loss": {"X_Y_COS": 1.0, "X_Y_MSEloss": 4.248613237193736e-16, "X_Y_test_COS": 0.8385000228881836, "X_Y_test_MSEloss": 0.0007376786670647562, "X_Y_val_COS": 0.8331711292266846, "X_Y_val_MSEloss": 0.0007401366601698101}}