{"train_samples": 100, "test_samples": 200, "source_model": "intfloat/multilingual-e5-base", "source_dim": 768, "target_dim": 512, "test_results": {"bleu": 1.29, "bleu1": 19.84, "bleu2": 1.96, "bleu3": 0.47, "bleu4": 0.15, "rougeL": 0.1409, "rouge1": 0.1858, "rouge2": 0.0264, "exact_match": 0.0}, "loss": {"X_Y_COS": 0.99991375207901, "X_Y_MSEloss": 3.372646801835799e-07, "X_Y_test_COS": 0.9186281561851501, "X_Y_test_MSEloss": 0.00030822851113043725, "X_Y_val_COS": 0.9175175428390503, "X_Y_val_MSEloss": 0.00031290165497921407}}