{"train_samples": 1, "test_samples": 200, "source_model": "sentence-transformers/all-MiniLM-L6-v2", "source_dim": 384, "target_dim": 512, "test_results": {"bleu": 0.04, "bleu1": 5.43, "bleu2": 0.01, "bleu3": 0.01, "bleu4": 0.0, "rougeL": 0.0289, "rouge1": 0.031, "rouge2": 0.0029, "exact_match": 0.0}, "loss": {"X_Y_COS": 1.0, "X_Y_MSEloss": 1.8106839679359192e-17, "X_Y_test_COS": 0.7938145399093628, "X_Y_test_MSEloss": 0.0018283718964084983, "X_Y_val_COS": 0.7972903251647949, "X_Y_val_MSEloss": 0.0019137318013235927}}