{"train_samples": 500, "test_samples": 200, "source_model": "sentence-transformers/gtr-t5-base", "source_dim": 768, "target_dim": 512, "test_results": {"bleu": 0.16, "bleu1": 14.85, "bleu2": 0.73, "bleu3": 0.02, "bleu4": 0.01, "rougeL": 0.0936, "rouge1": 0.107, "rouge2": 0.0034, "exact_match": 0.0}, "loss": {"X_Y_COS": 0.9934117794036865, "X_Y_MSEloss": 5.14390594616998e-05, "X_Y_test_COS": 0.8857499361038208, "X_Y_test_MSEloss": 0.0009250860312022269, "X_Y_val_COS": 0.8835629820823669, "X_Y_val_MSEloss": 0.0009485890041105449}}