{"train_samples": 3, "test_samples": 200, "source_model": "intfloat/multilingual-e5-base", "source_dim": 768, "target_dim": 512, "test_results": {"bleu": 0.08, "bleu1": 12.75, "bleu2": 0.09, "bleu3": 0.02, "bleu4": 0.01, "rougeL": 0.0845, "rouge1": 0.1036, "rouge2": 0.0046, "exact_match": 0.0}, "loss": {"X_Y_COS": 1.0, "X_Y_MSEloss": 1.4987132368471379e-10, "X_Y_test_COS": 0.876431941986084, "X_Y_test_MSEloss": 0.0008226673817262053, "X_Y_val_COS": 0.8784563541412354, "X_Y_val_MSEloss": 0.0007803879561834037}}