{"train_samples": 1000, "test_samples": 200, "source_model": "sentence-transformers/gtr-t5-base", "source_dim": 768, "target_dim": 512, "test_results": {"bleu": 0.24, "bleu1": 12.83, "bleu2": 0.53, "bleu3": 0.03, "bleu4": 0.02, "rougeL": 0.0663, "rouge1": 0.0763, "rouge2": 0.0099, "exact_match": 0.0}, "loss": {"X_Y_COS": 0.9673442840576172, "X_Y_MSEloss": 0.0002561458386480808, "X_Y_test_COS": 0.8734873533248901, "X_Y_test_MSEloss": 0.0009608868858776987, "X_Y_val_COS": 0.877019464969635, "X_Y_val_MSEloss": 0.0009598758770152926}}