{"train_samples": 1000, "test_samples": 200, "source_model": "random", "source_dim": 768, "target_dim": 512, "test_results": {"bleu": 0.49, "bleu1": 15.69, "bleu2": 1.26, "bleu3": 0.12, "bleu4": 0.02, "rougeL": 0.137, "rouge1": 0.1585, "rouge2": 0.0118, "exact_match": 0.0}, "loss": {"X_Y_COS": 0.891689658164978, "X_Y_MSEloss": 0.0004721168661490083, "X_Y_test_COS": -0.00640729907900095, "X_Y_test_MSEloss": 0.009540310129523277, "X_Y_val_COS": -0.06492844223976135, "X_Y_val_MSEloss": 0.008878263644874096}}