{"train_samples": 20, "test_samples": 200, "source_model": "sentence-transformers/gtr-t5-base", "source_dim": 768, "target_dim": 512, "test_results": {"bleu": 0.24, "bleu1": 14.15, "bleu2": 0.46, "bleu3": 0.08, "bleu4": 0.01, "rougeL": 0.0683, "rouge1": 0.0823, "rouge2": 0.0034, "exact_match": 0.0}, "loss": {"X_Y_COS": 1.0, "X_Y_MSEloss": 4.750429171767278e-16, "X_Y_test_COS": 0.8757496476173401, "X_Y_test_MSEloss": 0.0004998288350179791, "X_Y_val_COS": 0.8813886642456055, "X_Y_val_MSEloss": 0.0004834357532672584}}