{"train_samples": 30, "test_samples": 200, "source_model": "intfloat/multilingual-e5-base", "source_dim": 768, "target_dim": 512, "test_results": {"bleu": 0.22, "bleu1": 20.42, "bleu2": 0.88, "bleu3": 0.03, "bleu4": 0.01, "rougeL": 0.1007, "rouge1": 0.1119, "rouge2": 0.0052, "exact_match": 0.0}, "loss": {"X_Y_COS": 1.0, "X_Y_MSEloss": 3.253666325080118e-13, "X_Y_test_COS": 0.8995701670646667, "X_Y_test_MSEloss": 0.0003729538875631988, "X_Y_val_COS": 0.9046345353126526, "X_Y_val_MSEloss": 0.00035552645567804575}}