{"train_samples": 10, "test_samples": 200, "source_model": "intfloat/multilingual-e5-base", "source_dim": 768, "target_dim": 512, "test_results": {"bleu": 0.42, "bleu1": 18.94, "bleu2": 1.1, "bleu3": 0.14, "bleu4": 0.01, "rougeL": 0.1115, "rouge1": 0.1471, "rouge2": 0.0129, "exact_match": 0.0}, "loss": {"X_Y_COS": 1.0, "X_Y_MSEloss": 1.5543773501330393e-15, "X_Y_test_COS": 0.8884847164154053, "X_Y_test_MSEloss": 0.00041128514567390084, "X_Y_val_COS": 0.8879867196083069, "X_Y_val_MSEloss": 0.0004126120184082538}}