{"train_samples": 30, "test_samples": 200, "source_model": "google-bert/bert-base-multilingual-cased", "source_dim": 768, "target_dim": 512, "test_results": {"bleu": 0.46, "bleu1": 14.05, "bleu2": 1.03, "bleu3": 0.21, "bleu4": 0.06, "rougeL": 0.0675, "rouge1": 0.0782, "rouge2": 0.0084, "exact_match": 0.0}, "loss": {"X_Y_COS": 1.0, "X_Y_MSEloss": 2.202397335684947e-13, "X_Y_test_COS": 0.8960738778114319, "X_Y_test_MSEloss": 0.0007534619071520865, "X_Y_val_COS": 0.8938860893249512, "X_Y_val_MSEloss": 0.0007667994359508157}}