{"train_samples": 5, "test_samples": 200, "source_model": "google/mt5-base", "source_dim": 768, "target_dim": 512, "test_results": {"bleu": 0.68, "bleu1": 17.54, "bleu2": 0.94, "bleu3": 0.17, "bleu4": 0.1, "rougeL": 0.1006, "rouge1": 0.1126, "rouge2": 0.0104, "exact_match": 0.0}, "loss": {"X_Y_COS": 1.0, "X_Y_MSEloss": 4.498182760074947e-16, "X_Y_test_COS": 0.8733088374137878, "X_Y_test_MSEloss": 0.0004664770094677806, "X_Y_val_COS": 0.8755804896354675, "X_Y_val_MSEloss": 0.00046448095235973597}}