{"train_samples": 30, "test_samples": 200, "source_model": "text-embedding-ada-002", "source_dim": 1536, "target_dim": 512, "test_results": {"bleu": 0.11, "bleu1": 8.28, "bleu2": 0.1, "bleu3": 0.02, "bleu4": 0.01, "rougeL": 0.0844, "rouge1": 0.1016, "rouge2": 0.0008, "exact_match": 0.0}, "loss": {"X_Y_COS": 1.0, "X_Y_MSEloss": 1.2614522870279393e-13, "X_Y_test_COS": 0.9063742756843567, "X_Y_test_MSEloss": 0.00034897937439382076, "X_Y_val_COS": 0.9043519496917725, "X_Y_val_MSEloss": 0.00035596214001998305}}