{"train_samples": 30, "test_samples": 200, "source_model": "sentence-transformers/gtr-t5-base", "source_dim": 768, "target_dim": 512, "test_results": {"bleu": 0.2, "bleu1": 21.41, "bleu2": 0.86, "bleu3": 0.01, "bleu4": 0.01, "rougeL": 0.1411, "rouge1": 0.1736, "rouge2": 0.0106, "exact_match": 0.0}, "loss": {"X_Y_COS": 1.0, "X_Y_MSEloss": 4.050445908716652e-15, "X_Y_test_COS": 0.8761118650436401, "X_Y_test_MSEloss": 0.0004581966786645353, "X_Y_val_COS": 0.8783817291259766, "X_Y_val_MSEloss": 0.0004504802345763892}}