{"train_samples": 30, "test_samples": 200, "source_model": "google-t5/t5-base", "source_dim": 768, "target_dim": 512, "test_results": {"bleu": 1.39, "bleu1": 22.48, "bleu2": 2.93, "bleu3": 0.49, "bleu4": 0.17, "rougeL": 0.1528, "rouge1": 0.1954, "rouge2": 0.0311, "exact_match": 0.0}, "loss": {"X_Y_COS": 1.0, "X_Y_MSEloss": 7.036151582163683e-14, "X_Y_test_COS": 0.8929337859153748, "X_Y_test_MSEloss": 0.00039629763341508806, "X_Y_val_COS": 0.8932696580886841, "X_Y_val_MSEloss": 0.000395167910028249}}