{"train_samples": 1000, "test_samples": 200, "source_model": "google/flan-t5-base", "source_dim": 768, "target_dim": 512, "test_results": {"bleu": 0.34, "bleu1": 17.39, "bleu2": 1.07, "bleu3": 0.06, "bleu4": 0.02, "rougeL": 0.1134, "rouge1": 0.1432, "rouge2": 0.0105, "exact_match": 0.0}, "loss": {"X_Y_COS": 0.9705676436424255, "X_Y_MSEloss": 0.00011406414705561474, "X_Y_test_COS": 0.9055274724960327, "X_Y_test_MSEloss": 0.0003640585346147418, "X_Y_val_COS": 0.905035674571991, "X_Y_val_MSEloss": 0.00036419116077013314}}