{"train_samples": 100, "test_samples": 200, "source_model": "text-embedding-3-large", "source_dim": 3072, "target_dim": 512, "test_results": {"bleu": 0.19, "bleu1": 20.5, "bleu2": 0.84, "bleu3": 0.01, "bleu4": 0.01, "rougeL": 0.1304, "rouge1": 0.1599, "rouge2": 0.0071, "exact_match": 0.0}, "loss": {"X_Y_COS": 1.0, "X_Y_MSEloss": 9.17698957867948e-15, "X_Y_test_COS": 0.885301411151886, "X_Y_test_MSEloss": 0.00043383328011259437, "X_Y_val_COS": 0.886394202709198, "X_Y_val_MSEloss": 0.00042964486056007445}}