{"train_samples": 1000, "test_samples": 200, "source_model": "text-embedding-3-large", "source_dim": 3072, "target_dim": 512, "test_results": {"bleu": 0.56, "bleu1": 15.33, "bleu2": 1.4, "bleu3": 0.11, "bleu4": 0.06, "rougeL": 0.1078, "rouge1": 0.123, "rouge2": 0.0093, "exact_match": 0.0}, "loss": {"X_Y_COS": 1.0, "X_Y_MSEloss": 7.97106318125608e-14, "X_Y_test_COS": -0.007951067760586739, "X_Y_test_MSEloss": 0.002957930788397789, "X_Y_val_COS": -0.016504473984241486, "X_Y_val_MSEloss": 0.0029336458537727594}}