{"train_samples": 30, "test_samples": 200, "source_model": "google-bert/bert-base-multilingual-cased", "source_dim": 768, "target_dim": 512, "test_results": {"bleu": 0.09, "bleu1": 11.63, "bleu2": 0.08, "bleu3": 0.02, "bleu4": 0.01, "rougeL": 0.0086, "rouge1": 0.0086, "rouge2": 0.0, "exact_match": 0.0}, "loss": {"X_Y_COS": 1.0, "X_Y_MSEloss": 7.836296851216132e-14, "X_Y_test_COS": 0.8857481479644775, "X_Y_test_MSEloss": 0.0006541663897223771, "X_Y_val_COS": 0.8862313032150269, "X_Y_val_MSEloss": 0.0006763353012502193}}