{"train_samples": 3, "test_samples": 200, "source_model": "google/flan-t5-base", "source_dim": 768, "target_dim": 512, "test_results": {"bleu": 0.08, "bleu1": 12.49, "bleu2": 0.03, "bleu3": 0.02, "bleu4": 0.01, "rougeL": 0.0943, "rouge1": 0.1152, "rouge2": 0.0042, "exact_match": 0.0}, "loss": {"X_Y_COS": 1.0, "X_Y_MSEloss": 1.4294992827193378e-15, "X_Y_test_COS": 0.8273205757141113, "X_Y_test_MSEloss": 0.0010721735889092088, "X_Y_val_COS": 0.8319354057312012, "X_Y_val_MSEloss": 0.0010294965468347073}}