{"train_samples": 1000, "test_samples": 200, "source_model": "google-t5/t5-base", "source_dim": 768, "target_dim": 512, "test_results": {"bleu": 0.26, "bleu1": 16.93, "bleu2": 0.38, "bleu3": 0.04, "bleu4": 0.02, "rougeL": 0.0129, "rouge1": 0.0133, "rouge2": 0.0, "exact_match": 0.0}, "loss": {"X_Y_COS": 0.9293848276138306, "X_Y_MSEloss": 0.00026611180510371923, "X_Y_test_COS": 0.8920923471450806, "X_Y_test_MSEloss": 0.00040302189881913364, "X_Y_val_COS": 0.8914992809295654, "X_Y_val_MSEloss": 0.0004060904320795089}}