{"train_samples": 6000, "test_samples": 200, "source_model": "google-bert/bert-base-multilingual-cased", "source_dim": 768, "target_dim": 512, "test_results": {"bleu": 30.77, "bleu1": 50.95, "bleu2": 31.77, "bleu3": 26.52, "bleu4": 23.84, "rougeL": 0.4371, "rouge1": 0.4978, "rouge2": 0.3181, "exact_match": 0.0}, "loss": {"X_Y_COS": 0.9494239091873169, "X_Y_MSEloss": 0.00019326058099977672, "X_Y_test_COS": 0.9438055753707886, "X_Y_test_MSEloss": 0.00021385564468801022, "X_Y_val_COS": 0.9454780220985413, "X_Y_val_MSEloss": 0.00020754507568199188}}