{"train_samples": 1000, "test_samples": 200, "source_model": "google-t5/t5-base", "source_dim": 768, "target_dim": 512, "test_results": {"bleu": 0.34, "bleu1": 22.62, "bleu2": 1.53, "bleu3": 0.03, "bleu4": 0.02, "rougeL": 0.1556, "rouge1": 0.2009, "rouge2": 0.0159, "exact_match": 0.0}, "loss": {"X_Y_COS": 0.9803087115287781, "X_Y_MSEloss": 7.655400986550376e-05, "X_Y_test_COS": 0.9479411244392395, "X_Y_test_MSEloss": 0.00020117762323934585, "X_Y_val_COS": 0.947172999382019, "X_Y_val_MSEloss": 0.0002037615340668708}}