{"train_samples": 30, "test_samples": 200, "source_model": "intfloat/multilingual-e5-base", "source_dim": 768, "target_dim": 512, "test_results": {"bleu": 0.18, "bleu1": 15.34, "bleu2": 0.95, "bleu3": 0.01, "bleu4": 0.01, "rougeL": 0.0934, "rouge1": 0.1038, "rouge2": 0.0085, "exact_match": 0.0}, "loss": {"X_Y_COS": 1.0, "X_Y_MSEloss": 1.4132157900512143e-13, "X_Y_test_COS": 0.846440851688385, "X_Y_test_MSEloss": 0.0005550992209464312, "X_Y_val_COS": 0.8558464050292969, "X_Y_val_MSEloss": 0.0005232031107880175}}