{"train_samples": 3, "test_samples": 200, "source_model": "sentence-transformers/all-MiniLM-L6-v2", "source_dim": 384, "target_dim": 512, "test_results": {"bleu": 6.64, "bleu1": 19.58, "bleu2": 8.62, "bleu3": 7.55, "bleu4": 7.09, "rougeL": 0.1404, "rouge1": 0.1562, "rouge2": 0.0614, "exact_match": 0.0}, "loss": {"X_Y_COS": 1.0, "X_Y_MSEloss": 1.9377943260429076e-12, "X_Y_test_COS": 0.551532506942749, "X_Y_test_MSEloss": 0.0030201710760593414, "X_Y_val_COS": 0.5570999979972839, "X_Y_val_MSEloss": 0.002958227414637804}}