{"train_samples": 100, "test_samples": 200, "source_model": "sentence-transformers/gtr-t5-base", "source_dim": 768, "target_dim": 512, "test_results": {"bleu": 0.51, "bleu1": 15.92, "bleu2": 1.11, "bleu3": 0.19, "bleu4": 0.06, "rougeL": 0.0714, "rouge1": 0.0833, "rouge2": 0.012, "exact_match": 0.0}, "loss": {"X_Y_COS": 0.9999843239784241, "X_Y_MSEloss": 6.405230834616304e-08, "X_Y_test_COS": 0.8776627779006958, "X_Y_test_MSEloss": 0.00045763945672661066, "X_Y_val_COS": 0.8781908750534058, "X_Y_val_MSEloss": 0.00045457034138962626}}