{"train_samples": 5, "test_samples": 200, "source_model": "google/flan-t5-base", "source_dim": 768, "target_dim": 512, "test_results": {"bleu": 0.82, "bleu1": 16.57, "bleu2": 1.33, "bleu3": 0.62, "bleu4": 0.38, "rougeL": 0.0564, "rouge1": 0.0681, "rouge2": 0.006, "exact_match": 0.0}, "loss": {"X_Y_COS": 1.0, "X_Y_MSEloss": 4.1580431805173857e-16, "X_Y_test_COS": 0.822100043296814, "X_Y_test_MSEloss": 0.0006587892421521246, "X_Y_val_COS": 0.8127145171165466, "X_Y_val_MSEloss": 0.0006909018848091364}}