{"train_samples": 1000, "test_samples": 200, "source_model": "sentence-transformers/all-MiniLM-L6-v2", "source_dim": 384, "target_dim": 512, "test_results": {"bleu": 0.37, "bleu1": 14.58, "bleu2": 0.77, "bleu3": 0.17, "bleu4": 0.03, "rougeL": 0.0648, "rouge1": 0.0759, "rouge2": 0.0076, "exact_match": 0.0}, "loss": {"X_Y_COS": 0.9533572196960449, "X_Y_MSEloss": 0.00021865690359845757, "X_Y_test_COS": 0.8489787578582764, "X_Y_test_MSEloss": 0.0006233436288312078, "X_Y_val_COS": 0.8163735270500183, "X_Y_val_MSEloss": 0.0006696419441141188}}