{"train_samples": 30, "test_samples": 200, "source_model": "google/mt5-base", "source_dim": 768, "target_dim": 512, "test_results": {"bleu": 0.88, "bleu1": 22.99, "bleu2": 1.79, "bleu3": 0.23, "bleu4": 0.08, "rougeL": 0.133, "rouge1": 0.1726, "rouge2": 0.0175, "exact_match": 0.0}, "loss": {"X_Y_COS": 1.0, "X_Y_MSEloss": 5.355904521969768e-13, "X_Y_test_COS": 0.8529012799263, "X_Y_test_MSEloss": 0.0005326172686181962, "X_Y_val_COS": 0.8515732288360596, "X_Y_val_MSEloss": 0.0005389676662161946}}