{"train_samples": 1000, "test_samples": 200, "source_model": "google/mt5-base", "source_dim": 768, "target_dim": 512, "test_results": {"bleu": 0.18, "bleu1": 15.07, "bleu2": 0.59, "bleu3": 0.02, "bleu4": 0.01, "rougeL": 0.0757, "rouge1": 0.0867, "rouge2": 0.0104, "exact_match": 0.0}, "loss": {"X_Y_COS": 0.9612944722175598, "X_Y_MSEloss": 0.00032244905014522374, "X_Y_test_COS": 0.9120153784751892, "X_Y_test_MSEloss": 0.000709510815795511, "X_Y_val_COS": 0.90716952085495, "X_Y_val_MSEloss": 0.0007856800802983344}}