{"train_samples": 10, "test_samples": 200, "source_model": "intfloat/multilingual-e5-base", "source_dim": 768, "target_dim": 512, "test_results": {"bleu": 0.31, "bleu1": 19.65, "bleu2": 0.98, "bleu3": 0.05, "bleu4": 0.01, "rougeL": 0.1215, "rouge1": 0.1561, "rouge2": 0.0107, "exact_match": 0.0}, "loss": {"X_Y_COS": 1.0, "X_Y_MSEloss": 1.7506678051670832e-10, "X_Y_test_COS": 0.8825310468673706, "X_Y_test_MSEloss": 0.0009076779242604971, "X_Y_val_COS": 0.8888778686523438, "X_Y_val_MSEloss": 0.0008457669173367321}}