{"train_samples": 1, "test_samples": 200, "source_model": "google-bert/bert-base-multilingual-cased", "source_dim": 768, "target_dim": 512, "test_results": {"bleu": 0.16, "bleu1": 11.87, "bleu2": 0.87, "bleu3": 0.01, "bleu4": 0.01, "rougeL": 0.1, "rouge1": 0.1196, "rouge2": 0.0087, "exact_match": 0.0}, "loss": {"X_Y_COS": 1.0000001192092896, "X_Y_MSEloss": 7.94980019788445e-16, "X_Y_test_COS": 0.7923005819320679, "X_Y_test_MSEloss": 0.0016131814336404204, "X_Y_val_COS": 0.7931866645812988, "X_Y_val_MSEloss": 0.0016399701125919819}}