{"train_samples": 100, "test_samples": 200, "source_model": "text-embedding-3-large", "source_dim": 3072, "target_dim": 512, "test_results": {"bleu": 0.21, "bleu1": 14.08, "bleu2": 0.6, "bleu3": 0.02, "bleu4": 0.01, "rougeL": 0.0843, "rouge1": 0.1046, "rouge2": 0.0074, "exact_match": 0.0}, "loss": {"X_Y_COS": 1.0, "X_Y_MSEloss": 4.734466941755389e-15, "X_Y_test_COS": 0.846435546875, "X_Y_test_MSEloss": 0.0011993652442470193, "X_Y_val_COS": 0.8491216897964478, "X_Y_val_MSEloss": 0.001196536235511303}}