{"train_samples": 100, "test_samples": 200, "source_model": "text-embedding-3-large", "source_dim": 3072, "target_dim": 512, "test_results": {"bleu": 0.45, "bleu1": 17.37, "bleu2": 1.1, "bleu3": 0.1, "bleu4": 0.02, "rougeL": 0.1214, "rouge1": 0.1568, "rouge2": 0.0134, "exact_match": 0.0}, "loss": {"X_Y_COS": 1.0, "X_Y_MSEloss": 3.0140047477532654e-15, "X_Y_test_COS": 0.9156025648117065, "X_Y_test_MSEloss": 0.0003615755122154951, "X_Y_val_COS": 0.9112028479576111, "X_Y_val_MSEloss": 0.00039141406887210906}}