{"train_samples": 500, "test_samples": 200, "source_model": "sentence-transformers/all-MiniLM-L6-v2", "source_dim": 384, "target_dim": 512, "test_results": {"bleu": 0.12, "bleu1": 9.4, "bleu2": 0.08, "bleu3": 0.02, "bleu4": 0.01, "rougeL": 0.0083, "rouge1": 0.0083, "rouge2": 0.0, "exact_match": 0.0}, "loss": {"X_Y_COS": 0.9703882336616516, "X_Y_MSEloss": 0.00011664744670270011, "X_Y_test_COS": 0.8135740756988525, "X_Y_test_MSEloss": 0.0007976515335030854, "X_Y_val_COS": 0.808103621006012, "X_Y_val_MSEloss": 0.0008304574876092374}}