{"train_samples": 500, "test_samples": 200, "source_model": "google-t5/t5-base", "source_dim": 768, "target_dim": 512, "test_results": {"bleu": 0.26, "bleu1": 19.63, "bleu2": 1.56, "bleu3": 0.02, "bleu4": 0.01, "rougeL": 0.1519, "rouge1": 0.1749, "rouge2": 0.0139, "exact_match": 0.0}, "loss": {"X_Y_COS": 0.9881832599639893, "X_Y_MSEloss": 8.669502130942419e-05, "X_Y_test_COS": 0.9351162314414978, "X_Y_test_MSEloss": 0.00046728996676392853, "X_Y_val_COS": 0.9359300136566162, "X_Y_val_MSEloss": 0.00046665972331538796}}