{"train_samples": 20, "test_samples": 200, "source_model": "text-embedding-ada-002", "source_dim": 1536, "target_dim": 512, "test_results": {"bleu": 0.17, "bleu1": 16.71, "bleu2": 0.57, "bleu3": 0.01, "bleu4": 0.01, "rougeL": 0.0972, "rouge1": 0.121, "rouge2": 0.0022, "exact_match": 0.0}, "loss": {"X_Y_COS": 1.0, "X_Y_MSEloss": 1.4762210483426456e-14, "X_Y_test_COS": 0.9118834733963013, "X_Y_test_MSEloss": 0.0003290095482952893, "X_Y_val_COS": 0.9135401844978333, "X_Y_val_MSEloss": 0.0003231843002140522}}