{"train_samples": 100, "test_samples": 200, "source_model": "google-t5/t5-base", "source_dim": 768, "target_dim": 512, "test_results": {"bleu": 0.19, "bleu1": 16.26, "bleu2": 0.82, "bleu3": 0.02, "bleu4": 0.01, "rougeL": 0.1186, "rouge1": 0.1519, "rouge2": 0.0096, "exact_match": 0.0}, "loss": {"X_Y_COS": 1.0, "X_Y_MSEloss": 5.210929257537522e-11, "X_Y_test_COS": 0.9192370176315308, "X_Y_test_MSEloss": 0.0003056918503716588, "X_Y_val_COS": 0.921046257019043, "X_Y_val_MSEloss": 0.0002986498293466866}}