{"train_samples": 10, "test_samples": 200, "source_model": "intfloat/multilingual-e5-base", "source_dim": 768, "target_dim": 512, "test_results": {"bleu": 0.23, "bleu1": 15.57, "bleu2": 0.92, "bleu3": 0.02, "bleu4": 0.01, "rougeL": 0.114, "rouge1": 0.15, "rouge2": 0.0118, "exact_match": 0.0}, "loss": {"X_Y_COS": 1.0, "X_Y_MSEloss": 9.269809990138447e-16, "X_Y_test_COS": 0.9141603112220764, "X_Y_test_MSEloss": 0.0003214877797290683, "X_Y_val_COS": 0.9138215184211731, "X_Y_val_MSEloss": 0.0003230240836273879}}