{"train_samples": 1, "test_samples": 200, "source_model": "google-bert/bert-base-multilingual-cased", "source_dim": 768, "target_dim": 512, "test_results": {"bleu": 0.23, "bleu1": 15.92, "bleu2": 0.26, "bleu3": 0.05, "bleu4": 0.03, "rougeL": 0.0761, "rouge1": 0.0881, "rouge2": 0.0029, "exact_match": 0.0}, "loss": {"X_Y_COS": 1.000000238418579, "X_Y_MSEloss": 2.977577566461002e-16, "X_Y_test_COS": 0.720203697681427, "X_Y_test_MSEloss": 0.0010511698201298714, "X_Y_val_COS": 0.72686767578125, "X_Y_val_MSEloss": 0.0010364326881244779}}