{"train_samples": 1000, "test_samples": 200, "source_model": "sentence-transformers/gtr-t5-base", "source_dim": 768, "target_dim": 512, "test_results": {"bleu": 0.18, "bleu1": 14.78, "bleu2": 0.88, "bleu3": 0.02, "bleu4": 0.01, "rougeL": 0.1179, "rouge1": 0.1436, "rouge2": 0.0097, "exact_match": 0.0}, "loss": {"X_Y_COS": 0.9715384840965271, "X_Y_MSEloss": 0.00011085418373113498, "X_Y_test_COS": 0.9006465077400208, "X_Y_test_MSEloss": 0.0003865297185257077, "X_Y_val_COS": 0.8987500071525574, "X_Y_val_MSEloss": 0.0003965037176385522}}