{"train_samples": 5, "test_samples": 200, "source_model": "google-bert/bert-base-multilingual-cased", "source_dim": 768, "target_dim": 512, "test_results": {"bleu": 0.26, "bleu1": 15.79, "bleu2": 0.57, "bleu3": 0.08, "bleu4": 0.01, "rougeL": 0.0783, "rouge1": 0.0943, "rouge2": 0.0082, "exact_match": 0.0}, "loss": {"X_Y_COS": 1.0, "X_Y_MSEloss": 3.3944170381836243e-16, "X_Y_test_COS": 0.867174506187439, "X_Y_test_MSEloss": 0.0005023101693950593, "X_Y_val_COS": 0.8666265606880188, "X_Y_val_MSEloss": 0.000506556301843375}}