{"train_samples": 500, "test_samples": 200, "source_model": "google-bert/bert-base-multilingual-cased", "source_dim": 768, "target_dim": 512, "test_results": {"bleu": 0.31, "bleu1": 23.45, "bleu2": 1.76, "bleu3": 0.03, "bleu4": 0.01, "rougeL": 0.1294, "rouge1": 0.1604, "rouge2": 0.0158, "exact_match": 0.0}, "loss": {"X_Y_COS": 0.9782176613807678, "X_Y_MSEloss": 8.48402560222894e-05, "X_Y_test_COS": 0.8617146611213684, "X_Y_test_MSEloss": 0.0005428410950116813, "X_Y_val_COS": 0.8627150058746338, "X_Y_val_MSEloss": 0.0005390599835664034}}