{"train_samples": 100, "test_samples": 200, "source_model": "sentence-transformers/all-MiniLM-L6-v2", "source_dim": 384, "target_dim": 512, "test_results": {"bleu": 14.23, "bleu1": 28.25, "bleu2": 13.25, "bleu3": 11.66, "bleu4": 10.87, "rougeL": 0.2307, "rouge1": 0.2653, "rouge2": 0.1323, "exact_match": 0.0}, "loss": {"X_Y_COS": 1.0, "X_Y_MSEloss": 6.908234021722054e-14, "X_Y_test_COS": 0.7995335459709167, "X_Y_test_MSEloss": 0.0007411454571411014, "X_Y_val_COS": 0.7651168704032898, "X_Y_val_MSEloss": 0.0007761045126244426}}