{"train_samples": 40, "test_samples": 200, "source_model": "google/flan-t5-base", "source_dim": 768, "target_dim": 512, "test_results": {"bleu": 0.14, "bleu1": 12.52, "bleu2": 0.22, "bleu3": 0.02, "bleu4": 0.01, "rougeL": 0.0694, "rouge1": 0.079, "rouge2": 0.0098, "exact_match": 0.0}, "loss": {"X_Y_COS": 1.0, "X_Y_MSEloss": 5.648786438605669e-10, "X_Y_test_COS": 0.9031495451927185, "X_Y_test_MSEloss": 0.0007337646675296128, "X_Y_val_COS": 0.898781418800354, "X_Y_val_MSEloss": 0.0007979511865414679}}