{"train_samples": 1, "test_samples": 200, "source_model": "sentence-transformers/gtr-t5-base", "source_dim": 768, "target_dim": 512, "test_results": {"bleu": 0.17, "bleu1": 11.42, "bleu2": 1.14, "bleu3": 0.01, "bleu4": 0.01, "rougeL": 0.1023, "rouge1": 0.1062, "rouge2": 0.0088, "exact_match": 0.0}, "loss": {"X_Y_COS": 1.0, "X_Y_MSEloss": 3.2150337241030886e-16, "X_Y_test_COS": 0.6638104915618896, "X_Y_test_MSEloss": 0.0016753170639276505, "X_Y_val_COS": 0.6694239377975464, "X_Y_val_MSEloss": 0.0016677082749083638}}