{"train_samples": 20, "test_samples": 200, "source_model": "google-t5/t5-base", "source_dim": 768, "target_dim": 512, "test_results": {"bleu": 0.07, "bleu1": 10.38, "bleu2": 0.03, "bleu3": 0.02, "bleu4": 0.01, "rougeL": 0.0049, "rouge1": 0.0049, "rouge2": 0.0, "exact_match": 0.0}, "loss": {"X_Y_COS": 1.0, "X_Y_MSEloss": 1.5997957014571122e-14, "X_Y_test_COS": 0.8278593420982361, "X_Y_test_MSEloss": 0.0006166371749714017, "X_Y_val_COS": 0.8276589512825012, "X_Y_val_MSEloss": 0.0006175494636408985}}