{"train_samples": 3, "test_samples": 200, "source_model": "text-embedding-3-large", "source_dim": 3072, "target_dim": 512, "test_results": {"bleu": 0.04, "bleu1": 8.92, "bleu2": 0.01, "bleu3": 0.01, "bleu4": 0.0, "rougeL": 0.0048, "rouge1": 0.0048, "rouge2": 0.0, "exact_match": 0.0}, "loss": {"X_Y_COS": 1.0, "X_Y_MSEloss": 8.44890880340033e-17, "X_Y_test_COS": 0.8626677989959717, "X_Y_test_MSEloss": 0.0013544890098273754, "X_Y_val_COS": 0.8668696880340576, "X_Y_val_MSEloss": 0.0013332682428881526}}