{"train_samples": 5, "test_samples": 200, "source_model": "text-embedding-ada-002", "source_dim": 1536, "target_dim": 512, "test_results": {"bleu": 0.3, "bleu1": 12.01, "bleu2": 0.91, "bleu3": 0.04, "bleu4": 0.02, "rougeL": 0.1205, "rouge1": 0.1314, "rouge2": 0.01, "exact_match": 0.0}, "loss": {"X_Y_COS": 1.0, "X_Y_MSEloss": 1.7045150623525192e-14, "X_Y_test_COS": 0.9213907718658447, "X_Y_test_MSEloss": 0.0005836442578583956, "X_Y_val_COS": 0.9216694831848145, "X_Y_val_MSEloss": 0.0005830946029163897}}