{"train_samples": 5, "test_samples": 200, "source_model": "text-embedding-ada-002", "source_dim": 1536, "target_dim": 512, "test_results": {"bleu": 0.22, "bleu1": 15.82, "bleu2": 0.96, "bleu3": 0.02, "bleu4": 0.01, "rougeL": 0.1234, "rouge1": 0.1439, "rouge2": 0.0098, "exact_match": 0.0}, "loss": {"X_Y_COS": 1.0, "X_Y_MSEloss": 9.377970803546901e-16, "X_Y_test_COS": 0.9234873652458191, "X_Y_test_MSEloss": 0.0002879966632463038, "X_Y_val_COS": 0.926145613193512, "X_Y_val_MSEloss": 0.00027855209191329777}}