{"train_samples": 20, "test_samples": 200, "source_model": "google-bert/bert-base-multilingual-cased", "source_dim": 768, "target_dim": 512, "test_results": {"bleu": 0.07, "bleu1": 10.72, "bleu2": 0.04, "bleu3": 0.02, "bleu4": 0.01, "rougeL": 0.0108, "rouge1": 0.0115, "rouge2": 0.0, "exact_match": 0.0}, "loss": {"X_Y_COS": 1.0, "X_Y_MSEloss": 2.2022968171331314e-10, "X_Y_test_COS": 0.9117753505706787, "X_Y_test_MSEloss": 0.0008101812563836575, "X_Y_val_COS": 0.9109422564506531, "X_Y_val_MSEloss": 0.0008401578525081277}}