{"train_samples": 10, "test_samples": 200, "source_model": "sentence-transformers/gtr-t5-base", "source_dim": 768, "target_dim": 512, "test_results": {"bleu": 0.18, "bleu1": 15.33, "bleu2": 0.62, "bleu3": 0.03, "bleu4": 0.02, "rougeL": 0.1222, "rouge1": 0.1442, "rouge2": 0.0065, "exact_match": 0.0}, "loss": {"X_Y_COS": 1.0, "X_Y_MSEloss": 1.4925123636988502e-10, "X_Y_test_COS": 0.9092423915863037, "X_Y_test_MSEloss": 0.0007044821977615356, "X_Y_val_COS": 0.9088571071624756, "X_Y_val_MSEloss": 0.0007221324485726655}}