{"train_samples": 1000, "test_samples": 200, "source_model": "text-embedding-3-large", "source_dim": 3072, "target_dim": 512, "test_results": {"bleu": 0.13, "bleu1": 12.53, "bleu2": 0.41, "bleu3": 0.01, "bleu4": 0.01, "rougeL": 0.0778, "rouge1": 0.093, "rouge2": 0.005, "exact_match": 0.0}, "loss": {"X_Y_COS": 0.9994227886199951, "X_Y_MSEloss": 5.109297489980236e-06, "X_Y_test_COS": 0.7936232089996338, "X_Y_test_MSEloss": 0.0017735996516421437, "X_Y_val_COS": 0.7988288998603821, "X_Y_val_MSEloss": 0.0017111074412241578}}