{"train_samples": 10, "test_samples": 200, "source_model": "google-bert/bert-base-multilingual-cased", "source_dim": 768, "target_dim": 512, "test_results": {"bleu": 0.32, "bleu1": 13.49, "bleu2": 1.04, "bleu3": 0.04, "bleu4": 0.02, "rougeL": 0.1358, "rouge1": 0.1498, "rouge2": 0.0121, "exact_match": 0.0}, "loss": {"X_Y_COS": 1.0, "X_Y_MSEloss": 5.937594022343055e-16, "X_Y_test_COS": 0.9264060258865356, "X_Y_test_MSEloss": 0.0005646469653584063, "X_Y_val_COS": 0.9276490807533264, "X_Y_val_MSEloss": 0.0005630895611830056}}