{"train_samples": 50, "test_samples": 200, "source_model": "text-embedding-3-large", "source_dim": 3072, "target_dim": 512, "test_results": {"bleu": 1.14, "bleu1": 20.67, "bleu2": 1.9, "bleu3": 0.34, "bleu4": 0.14, "rougeL": 0.1337, "rouge1": 0.1785, "rouge2": 0.0194, "exact_match": 0.0}, "loss": {"X_Y_COS": 1.0, "X_Y_MSEloss": 1.8274164089772133e-15, "X_Y_test_COS": 0.8461222648620605, "X_Y_test_MSEloss": 0.0006279419758357108, "X_Y_val_COS": 0.8452757000923157, "X_Y_val_MSEloss": 0.0006544862408190966}}