{"train_samples": 500, "test_samples": 200, "source_model": "text-embedding-3-large", "source_dim": 3072, "target_dim": 512, "test_results": {"bleu": 1.26, "bleu1": 23.86, "bleu2": 1.84, "bleu3": 0.41, "bleu4": 0.18, "rougeL": 0.1468, "rouge1": 0.2077, "rouge2": 0.0232, "exact_match": 0.0}, "loss": {"X_Y_COS": 0.9999785423278809, "X_Y_MSEloss": 8.493850600643782e-08, "X_Y_test_COS": 0.9091249108314514, "X_Y_test_MSEloss": 0.00035422793007455766, "X_Y_val_COS": 0.9029596447944641, "X_Y_val_MSEloss": 0.0003770293260458857}}