{"train_samples": 100, "test_samples": 200, "source_model": "intfloat/multilingual-e5-base", "source_dim": 768, "target_dim": 512, "test_results": {"bleu": 0.27, "bleu1": 17.17, "bleu2": 1.08, "bleu3": 0.06, "bleu4": 0.02, "rougeL": 0.0754, "rouge1": 0.0883, "rouge2": 0.0063, "exact_match": 0.0}, "loss": {"X_Y_COS": 1.0, "X_Y_MSEloss": 2.7136196067978346e-10, "X_Y_test_COS": 0.849593997001648, "X_Y_test_MSEloss": 0.0005501438281498849, "X_Y_val_COS": 0.8511859774589539, "X_Y_val_MSEloss": 0.0005443596164695919}}