{"train_samples": 1000, "test_samples": 200, "source_model": "text-embedding-3-large", "source_dim": 3072, "target_dim": 512, "test_results": {"bleu": 2.54, "bleu1": 11.01, "bleu2": 2.2, "bleu3": 1.66, "bleu4": 1.18, "rougeL": 0.0503, "rouge1": 0.0544, "rouge2": 0.0048, "exact_match": 0.0}, "loss": {"X_Y_COS": 1.0, "X_Y_MSEloss": 7.945182597772493e-14, "X_Y_test_COS": 0.03239493817090988, "X_Y_test_MSEloss": 0.0028140228241682053, "X_Y_val_COS": 0.10886262357234955, "X_Y_val_MSEloss": 0.0024642297066748142}}