{"train_samples": 100, "test_samples": 200, "source_model": "sentence-transformers/all-MiniLM-L6-v2", "source_dim": 384, "target_dim": 512, "test_results": {"bleu": 0.19, "bleu1": 19.64, "bleu2": 0.99, "bleu3": 0.01, "bleu4": 0.01, "rougeL": 0.1218, "rouge1": 0.1501, "rouge2": 0.0086, "exact_match": 0.0}, "loss": {"X_Y_COS": 1.0, "X_Y_MSEloss": 2.7724242172844082e-12, "X_Y_test_COS": 0.8267568945884705, "X_Y_test_MSEloss": 0.0006592005956918001, "X_Y_val_COS": 0.8367781043052673, "X_Y_val_MSEloss": 0.0006424909806810319}}