{"train_samples": 20, "test_samples": 200, "source_model": "intfloat/multilingual-e5-base", "source_dim": 768, "target_dim": 512, "test_results": {"bleu": 1.99, "bleu1": 21.41, "bleu2": 2.05, "bleu3": 0.8, "bleu4": 0.44, "rougeL": 0.132, "rouge1": 0.1832, "rouge2": 0.0216, "exact_match": 0.0}, "loss": {"X_Y_COS": 1.0, "X_Y_MSEloss": 3.641047017924684e-14, "X_Y_test_COS": 0.8693597316741943, "X_Y_test_MSEloss": 0.0004768988292198628, "X_Y_val_COS": 0.8648630976676941, "X_Y_val_MSEloss": 0.0004919567727483809}}