{"train_samples": 40, "test_samples": 200, "source_model": "random", "source_dim": 768, "target_dim": 512, "test_results": {"bleu": 0.61, "bleu1": 15.52, "bleu2": 1.5, "bleu3": 0.18, "bleu4": 0.06, "rougeL": 0.1056, "rouge1": 0.1223, "rouge2": 0.0109, "exact_match": 0.0}, "loss": {"X_Y_COS": 1.0, "X_Y_MSEloss": 1.509563377992656e-15, "X_Y_test_COS": 0.07556905597448349, "X_Y_test_MSEloss": 0.0020159243140369654, "X_Y_val_COS": 0.00543336383998394, "X_Y_val_MSEloss": 0.002090653870254755}}