{"train_samples": 100, "test_samples": 200, "source_model": "text-embedding-ada-002", "source_dim": 1536, "target_dim": 512, "test_results": {"bleu": 0.17, "bleu1": 8.64, "bleu2": 0.2, "bleu3": 0.03, "bleu4": 0.02, "rougeL": 0.006, "rouge1": 0.006, "rouge2": 0.0008, "exact_match": 0.0}, "loss": {"X_Y_COS": 1.0, "X_Y_MSEloss": 6.100370902872854e-11, "X_Y_test_COS": 0.9121713042259216, "X_Y_test_MSEloss": 0.00032976100919768214, "X_Y_val_COS": 0.9096612334251404, "X_Y_val_MSEloss": 0.0003386949538253248}}