{"train_samples": 1, "test_samples": 200, "source_model": "sentence-transformers/all-MiniLM-L6-v2", "source_dim": 384, "target_dim": 512, "test_results": {"bleu": 0.2, "bleu1": 13.93, "bleu2": 0.26, "bleu3": 0.06, "bleu4": 0.03, "rougeL": 0.0551, "rouge1": 0.0654, "rouge2": 0.0027, "exact_match": 0.0}, "loss": {"X_Y_COS": 1.0, "X_Y_MSEloss": 1.8230548510433437e-16, "X_Y_test_COS": 0.27096012234687805, "X_Y_test_MSEloss": 0.0018390404293313622, "X_Y_val_COS": 0.3030630648136139, "X_Y_val_MSEloss": 0.0018389353062957525}}