{"train_samples": 5, "test_samples": 200, "source_model": "intfloat/multilingual-e5-base", "source_dim": 768, "target_dim": 512, "test_results": {"bleu": 0.13, "bleu1": 11.14, "bleu2": 0.26, "bleu3": 0.02, "bleu4": 0.01, "rougeL": 0.0687, "rouge1": 0.0788, "rouge2": 0.0104, "exact_match": 0.0}, "loss": {"X_Y_COS": 1.0, "X_Y_MSEloss": 1.879596894793778e-10, "X_Y_test_COS": 0.8850600719451904, "X_Y_test_MSEloss": 0.0008683711057528853, "X_Y_val_COS": 0.8812872171401978, "X_Y_val_MSEloss": 0.0009226331603713334}}