{"train_samples": 40, "test_samples": 200, "source_model": "google-t5/t5-base", "source_dim": 768, "target_dim": 512, "test_results": {"bleu": 0.26, "bleu1": 19.42, "bleu2": 0.67, "bleu3": 0.03, "bleu4": 0.02, "rougeL": 0.1177, "rouge1": 0.1654, "rouge2": 0.0095, "exact_match": 0.0}, "loss": {"X_Y_COS": 1.0, "X_Y_MSEloss": 2.0676030874390572e-13, "X_Y_test_COS": 0.8904198408126831, "X_Y_test_MSEloss": 0.000406623468734324, "X_Y_val_COS": 0.8921617865562439, "X_Y_val_MSEloss": 0.0004001973429694772}}