{"train_samples": 5, "test_samples": 200, "source_model": "text-embedding-3-large", "source_dim": 3072, "target_dim": 512, "test_results": {"bleu": 0.24, "bleu1": 15.85, "bleu2": 0.57, "bleu3": 0.03, "bleu4": 0.01, "rougeL": 0.104, "rouge1": 0.141, "rouge2": 0.0049, "exact_match": 0.0}, "loss": {"X_Y_COS": 1.0, "X_Y_MSEloss": 1.0516109254786701e-16, "X_Y_test_COS": 0.8594962954521179, "X_Y_test_MSEloss": 0.0009268735302612185, "X_Y_val_COS": 0.8617749810218811, "X_Y_val_MSEloss": 0.0009062625467777252}}