{"train_samples": 10, "test_samples": 200, "source_model": "google/flan-t5-base", "source_dim": 768, "target_dim": 512, "test_results": {"bleu": 0.18, "bleu1": 14.43, "bleu2": 0.73, "bleu3": 0.01, "bleu4": 0.01, "rougeL": 0.0993, "rouge1": 0.1206, "rouge2": 0.0069, "exact_match": 0.0}, "loss": {"X_Y_COS": 1.0, "X_Y_MSEloss": 4.733471042767654e-16, "X_Y_test_COS": 0.8952351212501526, "X_Y_test_MSEloss": 0.0003992776037193835, "X_Y_val_COS": 0.8949270248413086, "X_Y_val_MSEloss": 0.00039918196853250265}}