{"train_samples": 500, "test_samples": 200, "source_model": "text-embedding-ada-002", "source_dim": 1536, "target_dim": 512, "test_results": {"bleu": 0.1, "bleu1": 10.25, "bleu2": 0.1, "bleu3": 0.01, "bleu4": 0.01, "rougeL": 0.01, "rouge1": 0.011, "rouge2": 0.0, "exact_match": 0.0}, "loss": {"X_Y_COS": 0.977321445941925, "X_Y_MSEloss": 8.814277680357918e-05, "X_Y_test_COS": 0.9101936221122742, "X_Y_test_MSEloss": 0.00034121735370717943, "X_Y_val_COS": 0.9098811149597168, "X_Y_val_MSEloss": 0.00034166715340688825}}