{"train_samples": 5, "test_samples": 200, "source_model": "google-bert/bert-base-multilingual-cased", "source_dim": 768, "target_dim": 512, "test_results": {"bleu": 0.04, "bleu1": 8.64, "bleu2": 0.02, "bleu3": 0.01, "bleu4": 0.01, "rougeL": 0.0408, "rouge1": 0.044, "rouge2": 0.0, "exact_match": 0.0}, "loss": {"X_Y_COS": 1.0, "X_Y_MSEloss": 3.674318016812624e-16, "X_Y_test_COS": 0.8373581767082214, "X_Y_test_MSEloss": 0.0005956226377747953, "X_Y_val_COS": 0.8331623673439026, "X_Y_val_MSEloss": 0.0006038457504473627}}