{"train_samples": 50, "test_samples": 200, "source_model": "google/flan-t5-base", "source_dim": 768, "target_dim": 512, "test_results": {"bleu": 0.38, "bleu1": 14.63, "bleu2": 1.1, "bleu3": 0.11, "bleu4": 0.03, "rougeL": 0.0711, "rouge1": 0.0805, "rouge2": 0.0126, "exact_match": 0.0}, "loss": {"X_Y_COS": 1.0, "X_Y_MSEloss": 2.898362431134893e-13, "X_Y_test_COS": 0.892423689365387, "X_Y_test_MSEloss": 0.0004002178320661187, "X_Y_val_COS": 0.8873368501663208, "X_Y_val_MSEloss": 0.000418468116549775}}