{"train_samples": 1000, "test_samples": 200, "source_model": "google/mt5-base", "source_dim": 768, "target_dim": 512, "test_results": {"bleu": 0.28, "bleu1": 11.13, "bleu2": 0.25, "bleu3": 0.08, "bleu4": 0.03, "rougeL": 0.0151, "rouge1": 0.0155, "rouge2": 0.002, "exact_match": 0.0}, "loss": {"X_Y_COS": 0.9664429426193237, "X_Y_MSEloss": 0.0001294436224270612, "X_Y_test_COS": 0.9339306354522705, "X_Y_test_MSEloss": 0.00025197945069521666, "X_Y_val_COS": 0.9344651699066162, "X_Y_val_MSEloss": 0.00024958958965726197}}