{"train_samples": 500, "test_samples": 200, "source_model": "sentence-transformers/all-MiniLM-L6-v2", "source_dim": 384, "target_dim": 512, "test_results": {"bleu": 0.65, "bleu1": 16.54, "bleu2": 1.32, "bleu3": 0.18, "bleu4": 0.08, "rougeL": 0.1114, "rouge1": 0.1411, "rouge2": 0.0129, "exact_match": 0.0}, "loss": {"X_Y_COS": 0.9783836007118225, "X_Y_MSEloss": 0.00022645379067398608, "X_Y_test_COS": 0.5212342739105225, "X_Y_test_MSEloss": 0.005103865638375282, "X_Y_val_COS": 0.5531318187713623, "X_Y_val_MSEloss": 0.004785727709531784}}