{"train_samples": 10, "test_samples": 200, "source_model": "sentence-transformers/all-MiniLM-L6-v2", "source_dim": 384, "target_dim": 512, "test_results": {"bleu": 0.26, "bleu1": 15.16, "bleu2": 0.86, "bleu3": 0.05, "bleu4": 0.01, "rougeL": 0.0885, "rouge1": 0.1089, "rouge2": 0.0083, "exact_match": 0.0}, "loss": {"X_Y_COS": 1.0, "X_Y_MSEloss": 2.1128813352784895e-16, "X_Y_test_COS": 0.3825591206550598, "X_Y_test_MSEloss": 0.0016386082861572504, "X_Y_val_COS": 0.35196563601493835, "X_Y_val_MSEloss": 0.0016752391820773482}}