{"train_samples": 40, "test_samples": 200, "source_model": "text-embedding-ada-002", "source_dim": 1536, "target_dim": 512, "test_results": {"bleu": 0.22, "bleu1": 14.31, "bleu2": 0.98, "bleu3": 0.02, "bleu4": 0.01, "rougeL": 0.1215, "rouge1": 0.1312, "rouge2": 0.0096, "exact_match": 0.0}, "loss": {"X_Y_COS": 1.0, "X_Y_MSEloss": 2.9179387855612915e-13, "X_Y_test_COS": 0.8824695944786072, "X_Y_test_MSEloss": 0.00043304977589286864, "X_Y_val_COS": 0.8851896524429321, "X_Y_val_MSEloss": 0.00042453568312339485}}