{"train_samples": 3, "test_samples": 200, "source_model": "text-embedding-3-large", "source_dim": 3072, "target_dim": 512, "test_results": {"bleu": 0.32, "bleu1": 17.95, "bleu2": 0.74, "bleu3": 0.06, "bleu4": 0.02, "rougeL": 0.0934, "rouge1": 0.1158, "rouge2": 0.005, "exact_match": 0.0}, "loss": {"X_Y_COS": 1.0, "X_Y_MSEloss": 1.0516916583064553e-16, "X_Y_test_COS": 0.7819857597351074, "X_Y_test_MSEloss": 0.00127316452562809, "X_Y_val_COS": 0.7827157378196716, "X_Y_val_MSEloss": 0.001261128461919725}}