{"train_samples": 30, "test_samples": 200, "source_model": "google-t5/t5-base", "source_dim": 768, "target_dim": 512, "test_results": {"bleu": 0.16, "bleu1": 16.26, "bleu2": 0.51, "bleu3": 0.02, "bleu4": 0.01, "rougeL": 0.0986, "rouge1": 0.1168, "rouge2": 0.0014, "exact_match": 0.0}, "loss": {"X_Y_COS": 1.0, "X_Y_MSEloss": 4.5165626338765363e-14, "X_Y_test_COS": 0.9171461462974548, "X_Y_test_MSEloss": 0.0004450935812201351, "X_Y_val_COS": 0.9175713658332825, "X_Y_val_MSEloss": 0.00043000734876841307}}