{"train_samples": 30, "test_samples": 200, "source_model": "google-t5/t5-base", "source_dim": 768, "target_dim": 512, "test_results": {"bleu": 0.35, "bleu1": 15.93, "bleu2": 0.78, "bleu3": 0.07, "bleu4": 0.04, "rougeL": 0.1012, "rouge1": 0.1213, "rouge2": 0.0039, "exact_match": 0.0}, "loss": {"X_Y_COS": 1.0, "X_Y_MSEloss": 7.653384037631383e-10, "X_Y_test_COS": 0.936600923538208, "X_Y_test_MSEloss": 0.0004852296260651201, "X_Y_val_COS": 0.9341311454772949, "X_Y_val_MSEloss": 0.0004887735121883452}}