{"train_samples": 20, "test_samples": 200, "source_model": "google-bert/bert-base-multilingual-cased", "source_dim": 768, "target_dim": 512, "test_results": {"bleu": 0.16, "bleu1": 8.8, "bleu2": 0.15, "bleu3": 0.03, "bleu4": 0.02, "rougeL": 0.0005, "rouge1": 0.0005, "rouge2": 0.0, "exact_match": 0.0}, "loss": {"X_Y_COS": 1.0, "X_Y_MSEloss": 3.736241578031511e-15, "X_Y_test_COS": 0.9002413153648376, "X_Y_test_MSEloss": 0.00037346480530686677, "X_Y_val_COS": 0.8978607058525085, "X_Y_val_MSEloss": 0.0003800560371018946}}