{"train_samples": 1000, "test_samples": 200, "source_model": "google-bert/bert-base-multilingual-cased", "source_dim": 768, "target_dim": 512, "test_results": {"bleu": 1.27, "bleu1": 9.62, "bleu2": 1.26, "bleu3": 0.78, "bleu4": 0.31, "rougeL": 0.0438, "rouge1": 0.0466, "rouge2": 0.0014, "exact_match": 0.0}, "loss": {"X_Y_COS": 0.8810266256332397, "X_Y_MSEloss": 0.0005118331173434854, "X_Y_test_COS": 0.005404055118560791, "X_Y_test_MSEloss": 0.007205956615507603, "X_Y_val_COS": 0.03944585844874382, "X_Y_val_MSEloss": 0.006986507214605808}}