{"train_samples": 1000, "test_samples": 200, "source_model": "text-embedding-ada-002", "source_dim": 1536, "target_dim": 512, "test_results": {"bleu": 0.1, "bleu1": 9.13, "bleu2": 0.09, "bleu3": 0.02, "bleu4": 0.01, "rougeL": 0.061, "rouge1": 0.0677, "rouge2": 0.0012, "exact_match": 0.0}, "loss": {"X_Y_COS": 1.0, "X_Y_MSEloss": 4.254899817895952e-12, "X_Y_test_COS": -0.0003794502990785986, "X_Y_test_MSEloss": 0.005520708858966827, "X_Y_val_COS": 0.018281368538737297, "X_Y_val_MSEloss": 0.005420302040874958}}