{"train_samples": 10, "test_samples": 200, "source_model": "sentence-transformers/all-MiniLM-L6-v2", "source_dim": 384, "target_dim": 512, "test_results": {"bleu": 0.14, "bleu1": 15.58, "bleu2": 0.34, "bleu3": 0.02, "bleu4": 0.01, "rougeL": 0.0758, "rouge1": 0.0894, "rouge2": 0.0019, "exact_match": 0.0}, "loss": {"X_Y_COS": 1.0, "X_Y_MSEloss": 4.1058487456097797e-16, "X_Y_test_COS": 0.8990444540977478, "X_Y_test_MSEloss": 0.000686531129758805, "X_Y_val_COS": 0.8954199552536011, "X_Y_val_MSEloss": 0.0006593747530132532}}