{"train_samples": 3, "test_samples": 200, "source_model": "google-t5/t5-base", "source_dim": 768, "target_dim": 512, "test_results": {"bleu": 0.14, "bleu1": 16.23, "bleu2": 0.23, "bleu3": 0.01, "bleu4": 0.01, "rougeL": 0.092, "rouge1": 0.1043, "rouge2": 0.0019, "exact_match": 0.0}, "loss": {"X_Y_COS": 1.0000001192092896, "X_Y_MSEloss": 3.509922421338161e-16, "X_Y_test_COS": 0.8839720487594604, "X_Y_test_MSEloss": 0.00045756742474623024, "X_Y_val_COS": 0.8815104365348816, "X_Y_val_MSEloss": 0.0004625116125680506}}