{"train_samples": 1, "test_samples": 200, "source_model": "random", "source_dim": 768, "target_dim": 512, "test_results": {"bleu": 0.18, "bleu1": 14.32, "bleu2": 1.15, "bleu3": 0.01, "bleu4": 0.01, "rougeL": 0.1248, "rouge1": 0.1329, "rouge2": 0.007, "exact_match": 0.0}, "loss": {"X_Y_COS": 1.0000001192092896, "X_Y_MSEloss": 3.587965919515804e-16, "X_Y_test_COS": -0.039667658507823944, "X_Y_test_MSEloss": 0.001955911749973893, "X_Y_val_COS": -0.0699153020977974, "X_Y_val_MSEloss": 0.001967962831258774}}