{"train_samples": 100, "test_samples": 200, "source_model": "intfloat/multilingual-e5-base", "source_dim": 768, "target_dim": 512, "test_results": {"bleu": 0.17, "bleu1": 13.61, "bleu2": 0.75, "bleu3": 0.02, "bleu4": 0.01, "rougeL": 0.0991, "rouge1": 0.1252, "rouge2": 0.0083, "exact_match": 0.0}, "loss": {"X_Y_COS": 0.9999998211860657, "X_Y_MSEloss": 5.038268136026147e-10, "X_Y_test_COS": 0.9004232883453369, "X_Y_test_MSEloss": 0.0003735461796168238, "X_Y_val_COS": 0.9021050333976746, "X_Y_val_MSEloss": 0.0003674942418001592}}