{"train_samples": 1000, "test_samples": 200, "source_model": "google/flan-t5-base", "source_dim": 768, "target_dim": 512, "test_results": {"bleu": 6.69, "bleu1": 34.25, "bleu2": 7.85, "bleu3": 3.74, "bleu4": 2.42, "rougeL": 0.2243, "rouge1": 0.2905, "rouge2": 0.0883, "exact_match": 0.0}, "loss": {"X_Y_COS": 0.9726195335388184, "X_Y_MSEloss": 0.00010618784290272743, "X_Y_test_COS": 0.92462158203125, "X_Y_test_MSEloss": 0.00029100742540322244, "X_Y_val_COS": 0.9254053235054016, "X_Y_val_MSEloss": 0.0002882543776649982}}