{"train_samples": 1000, "test_samples": 200, "source_model": "google-t5/t5-base", "source_dim": 768, "target_dim": 512, "test_results": {"bleu": 0.14, "bleu1": 10.69, "bleu2": 0.27, "bleu3": 0.02, "bleu4": 0.01, "rougeL": 0.0684, "rouge1": 0.0788, "rouge2": 0.0025, "exact_match": 0.0}, "loss": {"X_Y_COS": 0.9003913998603821, "X_Y_MSEloss": 0.00044073874596506357, "X_Y_test_COS": 0.010305716656148434, "X_Y_test_MSEloss": 0.008773204870522022, "X_Y_val_COS": -0.0025168024003505707, "X_Y_val_MSEloss": 0.00884779542684555}}