{"train_samples": 1000, "test_samples": 200, "source_model": "google-t5/t5-base", "source_dim": 768, "target_dim": 512, "test_results": {"bleu": 0.19, "bleu1": 10.63, "bleu2": 0.24, "bleu3": 0.03, "bleu4": 0.02, "rougeL": 0.0678, "rouge1": 0.0775, "rouge2": 0.0024, "exact_match": 0.0}, "loss": {"X_Y_COS": 0.9010713696479797, "X_Y_MSEloss": 0.00044972077012062073, "X_Y_test_COS": 0.055099718272686005, "X_Y_test_MSEloss": 0.007027402985841036, "X_Y_val_COS": -0.01622089371085167, "X_Y_val_MSEloss": 0.007578286807984114}}