{"train_samples": 1000, "test_samples": 200, "source_model": "sentence-transformers/all-MiniLM-L6-v2", "source_dim": 384, "target_dim": 512, "test_results": {"bleu": 0.14, "bleu1": 12.95, "bleu2": 0.09, "bleu3": 0.03, "bleu4": 0.02, "rougeL": 0.0255, "rouge1": 0.0275, "rouge2": 0.0003, "exact_match": 0.0}, "loss": {"X_Y_COS": 0.9488968253135681, "X_Y_MSEloss": 0.00020553602371364832, "X_Y_test_COS": 0.8601062297821045, "X_Y_test_MSEloss": 0.0005409628502093256, "X_Y_val_COS": 0.8573986887931824, "X_Y_val_MSEloss": 0.0005459765088744462}}