{"train_samples": 1000, "test_samples": 200, "source_model": "random", "source_dim": 768, "target_dim": 512, "test_results": {"bleu": 0.16, "bleu1": 7.12, "bleu2": 0.27, "bleu3": 0.03, "bleu4": 0.01, "rougeL": 0.0516, "rouge1": 0.0583, "rouge2": 0.0036, "exact_match": 0.0}, "loss": {"X_Y_COS": 0.8977516293525696, "X_Y_MSEloss": 0.00045144217438064516, "X_Y_test_COS": -0.02060593105852604, "X_Y_test_MSEloss": 0.008711371570825577, "X_Y_val_COS": -0.07689344137907028, "X_Y_val_MSEloss": 0.009492929093539715}}