{"train_samples": 3, "test_samples": 200, "source_model": "google/mt5-base", "source_dim": 768, "target_dim": 512, "test_results": {"bleu": 0.3, "bleu1": 18.34, "bleu2": 0.91, "bleu3": 0.05, "bleu4": 0.01, "rougeL": 0.1108, "rouge1": 0.1391, "rouge2": 0.0085, "exact_match": 0.0}, "loss": {"X_Y_COS": 1.0, "X_Y_MSEloss": 2.380391439515961e-10, "X_Y_test_COS": 0.8397588133811951, "X_Y_test_MSEloss": 0.0011789783602580428, "X_Y_val_COS": 0.8469626903533936, "X_Y_val_MSEloss": 0.0011319147888571024}}