{"train_samples": 20, "test_samples": 200, "source_model": "text-embedding-3-large", "source_dim": 3072, "target_dim": 512, "test_results": {"bleu": 0.12, "bleu1": 15.48, "bleu2": 0.17, "bleu3": 0.02, "bleu4": 0.01, "rougeL": 0.0909, "rouge1": 0.1092, "rouge2": 0.0006, "exact_match": 0.0}, "loss": {"X_Y_COS": 1.0, "X_Y_MSEloss": 2.14564761370294e-16, "X_Y_test_COS": 0.908486008644104, "X_Y_test_MSEloss": 0.00043459044536575675, "X_Y_val_COS": 0.9086858630180359, "X_Y_val_MSEloss": 0.00042500271229073405}}