{"train_samples": 20, "test_samples": 200, "source_model": "text-embedding-3-large", "source_dim": 3072, "target_dim": 512, "test_results": {"bleu": 0.12, "bleu1": 11.65, "bleu2": 0.28, "bleu3": 0.02, "bleu4": 0.01, "rougeL": 0.0766, "rouge1": 0.0936, "rouge2": 0.0015, "exact_match": 0.0}, "loss": {"X_Y_COS": 1.0, "X_Y_MSEloss": 1.6592836826756496e-10, "X_Y_test_COS": 0.9175901412963867, "X_Y_test_MSEloss": 0.0007791687385179102, "X_Y_val_COS": 0.9176991581916809, "X_Y_val_MSEloss": 0.0007670630584470928}}