{"train_samples": 20, "test_samples": 200, "source_model": "google-bert/bert-base-multilingual-cased", "source_dim": 768, "target_dim": 512, "test_results": {"bleu": 0.19, "bleu1": 17.13, "bleu2": 0.79, "bleu3": 0.02, "bleu4": 0.01, "rougeL": 0.1263, "rouge1": 0.1689, "rouge2": 0.0092, "exact_match": 0.0}, "loss": {"X_Y_COS": 1.0, "X_Y_MSEloss": 6.719921063965415e-15, "X_Y_test_COS": 0.9233736991882324, "X_Y_test_MSEloss": 0.0005294773145578802, "X_Y_val_COS": 0.9233253598213196, "X_Y_val_MSEloss": 0.0005263122729957104}}