{"train_samples": 1000, "test_samples": 200, "source_model": "text-embedding-ada-002", "source_dim": 1536, "target_dim": 512, "test_results": {"bleu": 1.06, "bleu1": 16.78, "bleu2": 1.91, "bleu3": 0.36, "bleu4": 0.15, "rougeL": 0.1195, "rouge1": 0.1352, "rouge2": 0.0139, "exact_match": 0.0}, "loss": {"X_Y_COS": 1.0, "X_Y_MSEloss": 5.413980461860257e-12, "X_Y_test_COS": 0.02663797326385975, "X_Y_test_MSEloss": 0.005323353689163923, "X_Y_val_COS": 0.0052307103760540485, "X_Y_val_MSEloss": 0.005107554141432047}}