{"train_samples": 30, "test_samples": 200, "source_model": "sentence-transformers/gtr-t5-base", "source_dim": 768, "target_dim": 512, "test_results": {"bleu": 0.5, "bleu1": 21.54, "bleu2": 1.48, "bleu3": 0.18, "bleu4": 0.01, "rougeL": 0.128, "rouge1": 0.1604, "rouge2": 0.0153, "exact_match": 0.0}, "loss": {"X_Y_COS": 1.0, "X_Y_MSEloss": 6.499264746040933e-16, "X_Y_test_COS": 0.8433087468147278, "X_Y_test_MSEloss": 0.0005964502925053239, "X_Y_val_COS": 0.8384960889816284, "X_Y_val_MSEloss": 0.0006105954525992274}}