{"train_samples": 50, "test_samples": 200, "source_model": "google/flan-t5-base", "source_dim": 768, "target_dim": 512, "test_results": {"bleu": 1.45, "bleu1": 25.46, "bleu2": 2.58, "bleu3": 0.5, "bleu4": 0.14, "rougeL": 0.1627, "rouge1": 0.2193, "rouge2": 0.0271, "exact_match": 0.0}, "loss": {"X_Y_COS": 1.0, "X_Y_MSEloss": 4.972320840658517e-13, "X_Y_test_COS": 0.9101951122283936, "X_Y_test_MSEloss": 0.00033767937566153705, "X_Y_val_COS": 0.9132187366485596, "X_Y_val_MSEloss": 0.0003265789127908647}}