{"train_samples": 50, "test_samples": 200, "source_model": "google-bert/bert-base-multilingual-cased", "source_dim": 768, "target_dim": 512, "test_results": {"bleu": 0.09, "bleu1": 10.9, "bleu2": 0.03, "bleu3": 0.02, "bleu4": 0.01, "rougeL": 0.0064, "rouge1": 0.0064, "rouge2": 0.0, "exact_match": 0.0}, "loss": {"X_Y_COS": 1.0, "X_Y_MSEloss": 6.441232638411398e-13, "X_Y_test_COS": 0.8901076912879944, "X_Y_test_MSEloss": 0.0004105611005797982, "X_Y_val_COS": 0.8878160715103149, "X_Y_val_MSEloss": 0.00041728452197276056}}