{"train_samples": 50, "test_samples": 200, "source_model": "sentence-transformers/all-MiniLM-L6-v2", "source_dim": 384, "target_dim": 512, "test_results": {"bleu": 0.89, "bleu1": 21.96, "bleu2": 1.28, "bleu3": 0.27, "bleu4": 0.08, "rougeL": 0.1421, "rouge1": 0.1798, "rouge2": 0.0164, "exact_match": 0.0}, "loss": {"X_Y_COS": 1.0, "X_Y_MSEloss": 1.0049335258529527e-14, "X_Y_test_COS": 0.8909244537353516, "X_Y_test_MSEloss": 0.00043244860717095435, "X_Y_val_COS": 0.8939158916473389, "X_Y_val_MSEloss": 0.0004214889486320317}}