{"train_samples": 5, "test_samples": 200, "source_model": "text-embedding-ada-002", "source_dim": 1536, "target_dim": 512, "test_results": {"bleu": 0.09, "bleu1": 10.98, "bleu2": 0.08, "bleu3": 0.01, "bleu4": 0.01, "rougeL": 0.0423, "rouge1": 0.0467, "rouge2": 0.0009, "exact_match": 0.0}, "loss": {"X_Y_COS": 1.0, "X_Y_MSEloss": 1.365061251256967e-15, "X_Y_test_COS": 0.8727623820304871, "X_Y_test_MSEloss": 0.00046609906712546945, "X_Y_val_COS": 0.8730883598327637, "X_Y_val_MSEloss": 0.00046480228775180876}}