{"train_samples": 500, "test_samples": 200, "source_model": "google/mt5-base", "source_dim": 768, "target_dim": 512, "test_results": {"bleu": 0.22, "bleu1": 24.29, "bleu2": 1.17, "bleu3": 0.01, "bleu4": 0.01, "rougeL": 0.1396, "rouge1": 0.1785, "rouge2": 0.0093, "exact_match": 0.0}, "loss": {"X_Y_COS": 0.9737564921379089, "X_Y_MSEloss": 0.00010170345194637775, "X_Y_test_COS": 0.8897305130958557, "X_Y_test_MSEloss": 0.0004226862802170217, "X_Y_val_COS": 0.8946373462677002, "X_Y_val_MSEloss": 0.00040264814742840827}}