{"train_samples": 10, "test_samples": 200, "source_model": "sentence-transformers/gtr-t5-base", "source_dim": 768, "target_dim": 512, "test_results": {"bleu": 0.12, "bleu1": 13.68, "bleu2": 0.38, "bleu3": 0.01, "bleu4": 0.01, "rougeL": 0.0677, "rouge1": 0.074, "rouge2": 0.0025, "exact_match": 0.0}, "loss": {"X_Y_COS": 1.0, "X_Y_MSEloss": 6.680678027519123e-16, "X_Y_test_COS": 0.8763239979743958, "X_Y_test_MSEloss": 0.0011258063605055213, "X_Y_val_COS": 0.8787758350372314, "X_Y_val_MSEloss": 0.0011275060242041945}}