{"train_samples": 3, "test_samples": 200, "source_model": "google-bert/bert-base-multilingual-cased", "source_dim": 768, "target_dim": 512, "test_results": {"bleu": 0.1, "bleu1": 8.68, "bleu2": 0.15, "bleu3": 0.02, "bleu4": 0.01, "rougeL": 0.0645, "rouge1": 0.0734, "rouge2": 0.0094, "exact_match": 0.0}, "loss": {"X_Y_COS": 1.0, "X_Y_MSEloss": 3.270386797810565e-16, "X_Y_test_COS": 0.8567323088645935, "X_Y_test_MSEloss": 0.0005488366005010903, "X_Y_val_COS": 0.8607205152511597, "X_Y_val_MSEloss": 0.0005283417413011193}}