{"train_samples": 1000, "test_samples": 200, "source_model": "text-embedding-ada-002", "source_dim": 1536, "target_dim": 512, "test_results": {"bleu": 0.45, "bleu1": 18.29, "bleu2": 1.28, "bleu3": 0.17, "bleu4": 0.03, "rougeL": 0.0864, "rouge1": 0.1032, "rouge2": 0.0129, "exact_match": 0.0}, "loss": {"X_Y_COS": 0.9620394706726074, "X_Y_MSEloss": 0.00014598433335777372, "X_Y_test_COS": 0.9145603775978088, "X_Y_test_MSEloss": 0.00032201065914705396, "X_Y_val_COS": 0.9118658304214478, "X_Y_val_MSEloss": 0.000331631803419441}}