{"train_samples": 30, "test_samples": 200, "source_model": "text-embedding-3-large", "source_dim": 3072, "target_dim": 512, "test_results": {"bleu": 0.08, "bleu1": 6.66, "bleu2": 0.06, "bleu3": 0.01, "bleu4": 0.01, "rougeL": 0.049, "rouge1": 0.0529, "rouge2": 0.0006, "exact_match": 0.0}, "loss": {"X_Y_COS": 1.0, "X_Y_MSEloss": 1.9547484290949324e-12, "X_Y_test_COS": 0.8375268578529358, "X_Y_test_MSEloss": 0.0012460410362109542, "X_Y_val_COS": 0.8302285671234131, "X_Y_val_MSEloss": 0.0013354576658457518}}