{"train_samples": 3, "test_samples": 200, "source_model": "sentence-transformers/all-MiniLM-L6-v2", "source_dim": 384, "target_dim": 512, "test_results": {"bleu": 0.18, "bleu1": 13.88, "bleu2": 0.53, "bleu3": 0.02, "bleu4": 0.01, "rougeL": 0.0872, "rouge1": 0.1034, "rouge2": 0.0056, "exact_match": 0.0}, "loss": {"X_Y_COS": 1.0, "X_Y_MSEloss": 1.8872680217279982e-16, "X_Y_test_COS": 0.8518333435058594, "X_Y_test_MSEloss": 0.0007221333798952401, "X_Y_val_COS": 0.8529714941978455, "X_Y_val_MSEloss": 0.0007105786353349686}}