{"epoch": 5, "dev_acc": 54.50000000000001, "test_acc": 56.00000000000001, "test_f1": 61.06, "test_roc": 56.97}