{"train_samples": 500, "test_samples": 200, "source_model": "text-embedding-ada-002", "source_dim": 1536, "target_dim": 512, "test_results": {"bleu": 0.17, "bleu1": 12.96, "bleu2": 0.37, "bleu3": 0.02, "bleu4": 0.01, "rougeL": 0.0996, "rouge1": 0.1157, "rouge2": 0.0028, "exact_match": 0.0}, "loss": {"X_Y_COS": 0.9864286184310913, "X_Y_MSEloss": 0.00012603949289768934, "X_Y_test_COS": 0.9000260829925537, "X_Y_test_MSEloss": 0.0008597053238190711, "X_Y_val_COS": 0.902656078338623, "X_Y_val_MSEloss": 0.0008616216364316642}}