{"train_samples": 50, "test_samples": 200, "source_model": "text-embedding-ada-002", "source_dim": 1536, "target_dim": 512, "test_results": {"bleu": 0.22, "bleu1": 13.82, "bleu2": 0.93, "bleu3": 0.02, "bleu4": 0.01, "rougeL": 0.1255, "rouge1": 0.1351, "rouge2": 0.0098, "exact_match": 0.0}, "loss": {"X_Y_COS": 1.0, "X_Y_MSEloss": 1.942184911160605e-12, "X_Y_test_COS": 0.8828513622283936, "X_Y_test_MSEloss": 0.0004319618456065655, "X_Y_val_COS": 0.8852275609970093, "X_Y_val_MSEloss": 0.0004247348988428712}}