{"train_samples": 1000, "test_samples": 200, "source_model": "google-t5/t5-base", "source_dim": 768, "target_dim": 512, "test_results": {"bleu": 16.43, "bleu1": 50.42, "bleu2": 22.56, "bleu3": 11.02, "bleu4": 5.81, "rougeL": 0.4288, "rouge1": 0.5398, "rouge2": 0.2495, "exact_match": 0.0}, "loss": {"X_Y_COS": 0.9922245144844055, "X_Y_MSEloss": 3.060873132199049e-05, "X_Y_test_COS": 0.9600684642791748, "X_Y_test_MSEloss": 0.0001551351451780647, "X_Y_val_COS": 0.9590784907341003, "X_Y_val_MSEloss": 0.00015877175610512495}}