{"train_samples": 40, "test_samples": 200, "source_model": "google/flan-t5-base", "source_dim": 768, "target_dim": 512, "test_results": {"bleu": 0.04, "bleu1": 11.23, "bleu2": 0.02, "bleu3": 0.01, "bleu4": 0.0, "rougeL": 0.007, "rouge1": 0.0072, "rouge2": 0.0, "exact_match": 0.0}, "loss": {"X_Y_COS": 1.0, "X_Y_MSEloss": 2.5501798481090965e-13, "X_Y_test_COS": 0.8322131037712097, "X_Y_test_MSEloss": 0.0006057674763724208, "X_Y_val_COS": 0.8288450241088867, "X_Y_val_MSEloss": 0.000616365228779614}}