{"train_samples": 20, "test_samples": 200, "source_model": "google/flan-t5-base", "source_dim": 768, "target_dim": 512, "test_results": {"bleu": 0.36, "bleu1": 15.69, "bleu2": 1.06, "bleu3": 0.08, "bleu4": 0.03, "rougeL": 0.0767, "rouge1": 0.0921, "rouge2": 0.0129, "exact_match": 0.0}, "loss": {"X_Y_COS": 1.0, "X_Y_MSEloss": 1.0759954820177943e-15, "X_Y_test_COS": 0.8823632597923279, "X_Y_test_MSEloss": 0.000435221561929211, "X_Y_val_COS": 0.8793623447418213, "X_Y_val_MSEloss": 0.00044659379636868834}}