{"train_samples": 1000, "test_samples": 200, "source_model": "text-embedding-3-large", "source_dim": 3072, "target_dim": 512, "test_results": {"bleu": 0.1, "bleu1": 7.29, "bleu2": 0.1, "bleu3": 0.02, "bleu4": 0.01, "rougeL": 0.0324, "rouge1": 0.0358, "rouge2": 0.0019, "exact_match": 0.0}, "loss": {"X_Y_COS": 0.9899631142616272, "X_Y_MSEloss": 6.871215009596199e-05, "X_Y_test_COS": 0.833905816078186, "X_Y_test_MSEloss": 0.0011482300469651818, "X_Y_val_COS": 0.8303497433662415, "X_Y_val_MSEloss": 0.0011997597757726908}}