{"train_samples": 1000, "test_samples": 200, "source_model": "text-embedding-3-large", "source_dim": 3072, "target_dim": 512, "test_results": {"bleu": 0.93, "bleu1": 18.87, "bleu2": 1.71, "bleu3": 0.33, "bleu4": 0.12, "rougeL": 0.1, "rouge1": 0.1151, "rouge2": 0.0179, "exact_match": 0.0}, "loss": {"X_Y_COS": 0.9916362762451172, "X_Y_MSEloss": 3.330353501951322e-05, "X_Y_test_COS": 0.90170818567276, "X_Y_test_MSEloss": 0.00038171527558006346, "X_Y_val_COS": 0.8998038172721863, "X_Y_val_MSEloss": 0.0003911005624104291}}