{"train_samples": 10, "test_samples": 200, "source_model": "google/flan-t5-base", "source_dim": 768, "target_dim": 512, "test_results": {"bleu": 0.19, "bleu1": 15.99, "bleu2": 0.84, "bleu3": 0.02, "bleu4": 0.01, "rougeL": 0.1246, "rouge1": 0.1572, "rouge2": 0.0088, "exact_match": 0.0}, "loss": {"X_Y_COS": 1.0, "X_Y_MSEloss": 1.2519080256573963e-15, "X_Y_test_COS": 0.9216306805610657, "X_Y_test_MSEloss": 0.0005358317284844816, "X_Y_val_COS": 0.9234141707420349, "X_Y_val_MSEloss": 0.00052149553084746}}