{"train_samples": 10, "test_samples": 200, "source_model": "google/flan-t5-base", "source_dim": 768, "target_dim": 512, "test_results": {"bleu": 0.2, "bleu1": 17.51, "bleu2": 0.95, "bleu3": 0.02, "bleu4": 0.01, "rougeL": 0.1227, "rouge1": 0.1533, "rouge2": 0.0095, "exact_match": 0.0}, "loss": {"X_Y_COS": 1.0, "X_Y_MSEloss": 4.658117403593136e-16, "X_Y_test_COS": 0.9235720634460449, "X_Y_test_MSEloss": 0.0003006165206898004, "X_Y_val_COS": 0.9237968921661377, "X_Y_val_MSEloss": 0.0002996977127622813}}