{"train_samples": 5, "test_samples": 200, "source_model": "google-bert/bert-base-multilingual-cased", "source_dim": 768, "target_dim": 512, "test_results": {"bleu": 0.11, "bleu1": 13.0, "bleu2": 0.17, "bleu3": 0.02, "bleu4": 0.01, "rougeL": 0.0455, "rouge1": 0.0525, "rouge2": 0.0051, "exact_match": 0.0}, "loss": {"X_Y_COS": 1.0, "X_Y_MSEloss": 3.585811544154022e-16, "X_Y_test_COS": 0.8636696934700012, "X_Y_test_MSEloss": 0.0005136350519023836, "X_Y_val_COS": 0.8574725985527039, "X_Y_val_MSEloss": 0.0005288447136990726}}