{"train_samples": 100, "test_samples": 200, "source_model": "text-embedding-3-large", "source_dim": 3072, "target_dim": 512, "test_results": {"bleu": 8.51, "bleu1": 25.22, "bleu2": 7.85, "bleu3": 6.5, "bleu4": 5.85, "rougeL": 0.1846, "rouge1": 0.223, "rouge2": 0.0767, "exact_match": 0.0}, "loss": {"X_Y_COS": 0.9446345567703247, "X_Y_MSEloss": 0.000729466148186475, "X_Y_test_COS": 0.9173458814620972, "X_Y_test_MSEloss": 0.0008254054118879139, "X_Y_val_COS": 0.915237545967102, "X_Y_val_MSEloss": 0.0008349501877091825, "reg_lambda": 10}}