{"train_samples": 500, "test_samples": 200, "source_model": "intfloat/multilingual-e5-base", "source_dim": 768, "target_dim": 512, "test_results": {"bleu": 0.04, "bleu1": 9.06, "bleu2": 0.02, "bleu3": 0.01, "bleu4": 0.01, "rougeL": 0.0161, "rouge1": 0.0164, "rouge2": 0.0, "exact_match": 0.0}, "loss": {"X_Y_COS": 0.9756961464881897, "X_Y_MSEloss": 0.00020520109683275223, "X_Y_test_COS": 0.8487727046012878, "X_Y_test_MSEloss": 0.0013077551266178489, "X_Y_val_COS": 0.8391268849372864, "X_Y_val_MSEloss": 0.0013954162131994963}}