{"train_samples": 5, "test_samples": 200, "source_model": "sentence-transformers/all-MiniLM-L6-v2", "source_dim": 384, "target_dim": 512, "test_results": {"bleu": 0.51, "bleu1": 17.64, "bleu2": 1.06, "bleu3": 0.16, "bleu4": 0.02, "rougeL": 0.0986, "rouge1": 0.1323, "rouge2": 0.0107, "exact_match": 0.0}, "loss": {"X_Y_COS": 1.0, "X_Y_MSEloss": 1.7293526253467248e-16, "X_Y_test_COS": 0.5812316536903381, "X_Y_test_MSEloss": 0.0013808680232614279, "X_Y_val_COS": 0.5520390272140503, "X_Y_val_MSEloss": 0.0013898717006668448}}