{"train_samples": 5, "test_samples": 200, "source_model": "sentence-transformers/gtr-t5-base", "source_dim": 768, "target_dim": 512, "test_results": {"bleu": 0.19, "bleu1": 17.88, "bleu2": 0.68, "bleu3": 0.01, "bleu4": 0.01, "rougeL": 0.128, "rouge1": 0.1535, "rouge2": 0.0109, "exact_match": 0.0}, "loss": {"X_Y_COS": 1.0, "X_Y_MSEloss": 3.2586654500073417e-16, "X_Y_test_COS": 0.9154691100120544, "X_Y_test_MSEloss": 0.000389335211366415, "X_Y_val_COS": 0.9150381088256836, "X_Y_val_MSEloss": 0.00039421007386408746}}