{"train_samples": 20, "test_samples": 200, "source_model": "google-bert/bert-base-multilingual-cased", "source_dim": 768, "target_dim": 512, "test_results": {"bleu": 0.4, "bleu1": 14.92, "bleu2": 0.49, "bleu3": 0.15, "bleu4": 0.1, "rougeL": 0.0569, "rouge1": 0.0628, "rouge2": 0.0021, "exact_match": 0.0}, "loss": {"X_Y_COS": 1.0, "X_Y_MSEloss": 2.6838160583204885e-15, "X_Y_test_COS": 0.8804591298103333, "X_Y_test_MSEloss": 0.000797863642219454, "X_Y_val_COS": 0.8850677013397217, "X_Y_val_MSEloss": 0.0007725098403170705}}