{"train_samples": 20, "test_samples": 200, "source_model": "google-bert/bert-base-multilingual-cased", "source_dim": 768, "target_dim": 512, "test_results": {"bleu": 0.47, "bleu1": 14.7, "bleu2": 0.78, "bleu3": 0.15, "bleu4": 0.09, "rougeL": 0.0639, "rouge1": 0.0668, "rouge2": 0.0039, "exact_match": 0.0}, "loss": {"X_Y_COS": 1.0, "X_Y_MSEloss": 2.4497670558787377e-10, "X_Y_test_COS": 0.911496102809906, "X_Y_test_MSEloss": 0.0008769186679273844, "X_Y_val_COS": 0.9144860506057739, "X_Y_val_MSEloss": 0.0008661225438117981}}