{"train_samples": 40, "test_samples": 200, "source_model": "google-t5/t5-base", "source_dim": 768, "target_dim": 512, "test_results": {"bleu": 0.04, "bleu1": 9.92, "bleu2": 0.01, "bleu3": 0.01, "bleu4": 0.0, "rougeL": 0.0068, "rouge1": 0.0068, "rouge2": 0.0, "exact_match": 0.0}, "loss": {"X_Y_COS": 0.9889674186706543, "X_Y_MSEloss": 4.1878793126670644e-05, "X_Y_test_COS": 0.8675984144210815, "X_Y_test_MSEloss": 0.0004969193832948804, "X_Y_val_COS": 0.8741586804389954, "X_Y_val_MSEloss": 0.0004706174659077078}}