{"train_samples": 10, "test_samples": 200, "source_model": "text-embedding-3-large", "source_dim": 3072, "target_dim": 512, "test_results": {"bleu": 0.64, "bleu1": 13.88, "bleu2": 0.81, "bleu3": 0.21, "bleu4": 0.1, "rougeL": 0.0942, "rouge1": 0.118, "rouge2": 0.0079, "exact_match": 0.0}, "loss": {"X_Y_COS": 1.0, "X_Y_MSEloss": 1.2650597800215047e-12, "X_Y_test_COS": 0.8621406555175781, "X_Y_test_MSEloss": 0.0017803051741793752, "X_Y_val_COS": 0.8625521659851074, "X_Y_val_MSEloss": 0.0017100441036745906}}