{"train_samples": 20, "test_samples": 200, "source_model": "random", "source_dim": 768, "target_dim": 512, "test_results": {"bleu": 1.24, "bleu1": 7.98, "bleu2": 1.29, "bleu3": 0.68, "bleu4": 0.41, "rougeL": 0.0432, "rouge1": 0.0461, "rouge2": 0.0027, "exact_match": 0.0}, "loss": {"X_Y_COS": 1.0, "X_Y_MSEloss": 1.0732681418067539e-15, "X_Y_test_COS": -0.007475328166037798, "X_Y_test_MSEloss": 0.002010542433708906, "X_Y_val_COS": -0.017826462164521217, "X_Y_val_MSEloss": 0.00201058411039412}}