{"train_samples": 30, "test_samples": 200, "source_model": "intfloat/multilingual-e5-base", "source_dim": 768, "target_dim": 512, "test_results": {"bleu": 0.16, "bleu1": 14.73, "bleu2": 0.55, "bleu3": 0.02, "bleu4": 0.01, "rougeL": 0.0948, "rouge1": 0.1124, "rouge2": 0.0041, "exact_match": 0.0}, "loss": {"X_Y_COS": 1.0, "X_Y_MSEloss": 2.0999316174830085e-10, "X_Y_test_COS": 0.9324464797973633, "X_Y_test_MSEloss": 0.0005284905200824142, "X_Y_val_COS": 0.9300948977470398, "X_Y_val_MSEloss": 0.000530298741068691}}