{"train_samples": 30, "test_samples": 200, "source_model": "text-embedding-ada-002", "source_dim": 1536, "target_dim": 512, "test_results": {"bleu": 0.18, "bleu1": 14.66, "bleu2": 0.56, "bleu3": 0.03, "bleu4": 0.01, "rougeL": 0.1125, "rouge1": 0.1278, "rouge2": 0.0055, "exact_match": 0.0}, "loss": {"X_Y_COS": 1.0, "X_Y_MSEloss": 5.6877412502043256e-11, "X_Y_test_COS": 0.900603711605072, "X_Y_test_MSEloss": 0.0007100004586391151, "X_Y_val_COS": 0.9013455510139465, "X_Y_val_MSEloss": 0.0007129563018679619}}