{"train_samples": 7000, "test_samples": 200, "source_model": "sentence-transformers/all-MiniLM-L6-v2", "source_dim": 384, "target_dim": 512, "test_results": {"bleu": 0.15, "bleu1": 13.5, "bleu2": 0.31, "bleu3": 0.02, "bleu4": 0.01, "rougeL": 0.0687, "rouge1": 0.0799, "rouge2": 0.0073, "exact_match": 0.0}, "loss": {"X_Y_COS": 0.9214461445808411, "X_Y_MSEloss": 0.0003123485657852143, "X_Y_test_COS": 0.9163374304771423, "X_Y_test_MSEloss": 0.00033043831354007125, "X_Y_val_COS": 0.9112292528152466, "X_Y_val_MSEloss": 0.00034898161538876593}}