{"train_samples": 30, "test_samples": 200, "source_model": "sentence-transformers/gtr-t5-base", "source_dim": 768, "target_dim": 512, "test_results": {"bleu": 0.04, "bleu1": 9.28, "bleu2": 0.01, "bleu3": 0.01, "bleu4": 0.0, "rougeL": 0.0009, "rouge1": 0.0009, "rouge2": 0.0, "exact_match": 0.0}, "loss": {"X_Y_COS": 0.9935474395751953, "X_Y_MSEloss": 2.4703382223378867e-05, "X_Y_test_COS": 0.8593260645866394, "X_Y_test_MSEloss": 0.0005283731734380126, "X_Y_val_COS": 0.8600669503211975, "X_Y_val_MSEloss": 0.0005271680420264602}}