{"epoch": 5, "dev_acc": 56.49999999999999, "test_acc": 50.0, "test_f1": 46.81, "test_roc": 50.129999999999995}