{"train_samples": 10, "test_samples": 200, "source_model": "google-t5/t5-base", "source_dim": 768, "target_dim": 512, "test_results": {"bleu": 0.33, "bleu1": 16.17, "bleu2": 1.18, "bleu3": 0.06, "bleu4": 0.01, "rougeL": 0.1152, "rouge1": 0.1517, "rouge2": 0.0138, "exact_match": 0.0}, "loss": {"X_Y_COS": 1.0, "X_Y_MSEloss": 3.67352344696854e-15, "X_Y_test_COS": 0.8934742212295532, "X_Y_test_MSEloss": 0.0007895018206909299, "X_Y_val_COS": 0.8999506235122681, "X_Y_val_MSEloss": 0.0007663683500140905}}