{"train_samples": 20, "test_samples": 200, "source_model": "text-embedding-ada-002", "source_dim": 1536, "target_dim": 512, "test_results": {"bleu": 0.39, "bleu1": 13.55, "bleu2": 0.29, "bleu3": 0.13, "bleu4": 0.08, "rougeL": 0.0335, "rouge1": 0.0376, "rouge2": 0.0012, "exact_match": 0.0}, "loss": {"X_Y_COS": 1.0, "X_Y_MSEloss": 3.581500929161763e-10, "X_Y_test_COS": 0.8459165692329407, "X_Y_test_MSEloss": 0.0013804095797240734, "X_Y_val_COS": 0.8510937094688416, "X_Y_val_MSEloss": 0.0013278344413265586}}