{"train_samples": 100, "test_samples": 200, "source_model": "intfloat/multilingual-e5-base", "source_dim": 768, "target_dim": 512, "test_results": {"bleu": 2.28, "bleu1": 22.63, "bleu2": 3.39, "bleu3": 1.15, "bleu4": 0.6, "rougeL": 0.1586, "rouge1": 0.1969, "rouge2": 0.0357, "exact_match": 0.0}, "loss": {"X_Y_COS": 0.9999997019767761, "X_Y_MSEloss": 8.234860793265852e-09, "X_Y_test_COS": 0.8766577243804932, "X_Y_test_MSEloss": 0.0009212138829752803, "X_Y_val_COS": 0.8791733980178833, "X_Y_val_MSEloss": 0.0008935116929933429}}