{"train_samples": 50, "test_samples": 200, "source_model": "sentence-transformers/gtr-t5-base", "source_dim": 768, "target_dim": 512, "test_results": {"bleu": 0.36, "bleu1": 14.44, "bleu2": 0.91, "bleu3": 0.11, "bleu4": 0.03, "rougeL": 0.0649, "rouge1": 0.0762, "rouge2": 0.0096, "exact_match": 0.0}, "loss": {"X_Y_COS": 1.0, "X_Y_MSEloss": 1.1420056066302692e-15, "X_Y_test_COS": 0.8793067932128906, "X_Y_test_MSEloss": 0.0004537666973192245, "X_Y_val_COS": 0.8821694850921631, "X_Y_val_MSEloss": 0.0004453807487152517}}