{"train_samples": 1, "test_samples": 200, "source_model": "sentence-transformers/gtr-t5-base", "source_dim": 768, "target_dim": 512, "test_results": {"bleu": 0.06, "bleu1": 11.65, "bleu2": 0.02, "bleu3": 0.01, "bleu4": 0.01, "rougeL": 0.074, "rouge1": 0.0799, "rouge2": 0.0, "exact_match": 0.0}, "loss": {"X_Y_COS": 1.0, "X_Y_MSEloss": 7.282288009041267e-18, "X_Y_test_COS": 0.8720123171806335, "X_Y_test_MSEloss": 0.0024500470608472824, "X_Y_val_COS": 0.877674400806427, "X_Y_val_MSEloss": 0.002470108913257718}}