{"train_samples": 5, "test_samples": 200, "source_model": "google/mt5-base", "source_dim": 768, "target_dim": 512, "test_results": {"bleu": 7.8, "bleu1": 19.91, "bleu2": 6.43, "bleu3": 5.61, "bleu4": 5.21, "rougeL": 0.1572, "rouge1": 0.1809, "rouge2": 0.0649, "exact_match": 0.0}, "loss": {"X_Y_COS": 1.0, "X_Y_MSEloss": 1.8768718523798356e-10, "X_Y_test_COS": 0.8770024180412292, "X_Y_test_MSEloss": 0.001095184707082808, "X_Y_val_COS": 0.876379668712616, "X_Y_val_MSEloss": 0.0010710135102272034}}