{"train_samples": 5, "test_samples": 200, "source_model": "sentence-transformers/all-MiniLM-L6-v2", "source_dim": 384, "target_dim": 512, "test_results": {"bleu": 0.13, "bleu1": 9.28, "bleu2": 0.23, "bleu3": 0.02, "bleu4": 0.01, "rougeL": 0.0617, "rouge1": 0.0678, "rouge2": 0.0099, "exact_match": 0.0}, "loss": {"X_Y_COS": 1.0, "X_Y_MSEloss": 3.074554933563123e-12, "X_Y_test_COS": 0.8755490779876709, "X_Y_test_MSEloss": 0.0011288044042885303, "X_Y_val_COS": 0.8704402446746826, "X_Y_val_MSEloss": 0.0012467416236177087}}