{"train_samples": 5, "test_samples": 200, "source_model": "sentence-transformers/gtr-t5-base", "source_dim": 768, "target_dim": 512, "test_results": {"bleu": 0.16, "bleu1": 16.96, "bleu2": 0.66, "bleu3": 0.01, "bleu4": 0.01, "rougeL": 0.106, "rouge1": 0.129, "rouge2": 0.0059, "exact_match": 0.0}, "loss": {"X_Y_COS": 1.0, "X_Y_MSEloss": 3.3364106337688737e-16, "X_Y_test_COS": 0.8539403080940247, "X_Y_test_MSEloss": 0.0010045141680166125, "X_Y_val_COS": 0.8538549542427063, "X_Y_val_MSEloss": 0.0010086039546877146}}