{"train_samples": 50, "test_samples": 200, "source_model": "google-bert/bert-base-multilingual-cased", "source_dim": 768, "target_dim": 512, "test_results": {"bleu": 0.92, "bleu1": 19.6, "bleu2": 1.59, "bleu3": 0.27, "bleu4": 0.09, "rougeL": 0.1331, "rouge1": 0.1784, "rouge2": 0.0224, "exact_match": 0.0}, "loss": {"X_Y_COS": 1.0, "X_Y_MSEloss": 1.490332380074677e-12, "X_Y_test_COS": 0.9107531309127808, "X_Y_test_MSEloss": 0.00033872865606099367, "X_Y_val_COS": 0.9090498685836792, "X_Y_val_MSEloss": 0.00034358276752755046}}