{"train_samples": 1, "test_samples": 200, "source_model": "intfloat/multilingual-e5-base", "source_dim": 768, "target_dim": 512, "test_results": {"bleu": 0.04, "bleu1": 11.03, "bleu2": 0.03, "bleu3": 0.02, "bleu4": 0.01, "rougeL": 0.0039, "rouge1": 0.0039, "rouge2": 0.0, "exact_match": 0.0}, "loss": {"X_Y_COS": 1.0, "X_Y_MSEloss": 7.19888173351632e-18, "X_Y_test_COS": 0.8263432383537292, "X_Y_test_MSEloss": 0.0014450770104303956, "X_Y_val_COS": 0.8309969305992126, "X_Y_val_MSEloss": 0.0014347222167998552}}