{"train_samples": 20, "test_samples": 200, "source_model": "intfloat/multilingual-e5-base", "source_dim": 768, "target_dim": 512, "test_results": {"bleu": 0.18, "bleu1": 13.42, "bleu2": 0.75, "bleu3": 0.02, "bleu4": 0.01, "rougeL": 0.1166, "rouge1": 0.1423, "rouge2": 0.0071, "exact_match": 0.0}, "loss": {"X_Y_COS": 1.0, "X_Y_MSEloss": 6.536063330104744e-14, "X_Y_test_COS": 0.8766518235206604, "X_Y_test_MSEloss": 0.0004523861571215093, "X_Y_val_COS": 0.8747180104255676, "X_Y_val_MSEloss": 0.0004592395562212914}}