{"train_samples": 500, "test_samples": 200, "source_model": "text-embedding-3-large", "source_dim": 3072, "target_dim": 512, "test_results": {"bleu": 0.09, "bleu1": 12.27, "bleu2": 0.25, "bleu3": 0.02, "bleu4": 0.01, "rougeL": 0.0243, "rouge1": 0.0247, "rouge2": 0.0012, "exact_match": 0.0}, "loss": {"X_Y_COS": 0.9999999403953552, "X_Y_MSEloss": 2.506669094515246e-09, "X_Y_test_COS": 0.845504641532898, "X_Y_test_MSEloss": 0.0016202550614252687, "X_Y_val_COS": 0.8471657633781433, "X_Y_val_MSEloss": 0.0016264847945421934}}