{"train_samples": 5, "test_samples": 200, "source_model": "google/flan-t5-base", "source_dim": 768, "target_dim": 512, "test_results": {"bleu": 0.17, "bleu1": 13.28, "bleu2": 0.67, "bleu3": 0.02, "bleu4": 0.01, "rougeL": 0.1059, "rouge1": 0.134, "rouge2": 0.0073, "exact_match": 0.0}, "loss": {"X_Y_COS": 1.0, "X_Y_MSEloss": 3.7093505054176736e-16, "X_Y_test_COS": 0.8838425874710083, "X_Y_test_MSEloss": 0.0004608439630828798, "X_Y_val_COS": 0.8839977979660034, "X_Y_val_MSEloss": 0.0004582545079756528}}