{"train_samples": 100, "test_samples": 200, "source_model": "google-bert/bert-base-multilingual-cased", "source_dim": 768, "target_dim": 512, "test_results": {"bleu": 0.19, "bleu1": 21.19, "bleu2": 0.9, "bleu3": 0.02, "bleu4": 0.01, "rougeL": 0.1096, "rouge1": 0.1303, "rouge2": 0.0047, "exact_match": 0.0}, "loss": {"X_Y_COS": 1.0, "X_Y_MSEloss": 1.0020590607284774e-10, "X_Y_test_COS": 0.8190031051635742, "X_Y_test_MSEloss": 0.0006779491668567061, "X_Y_val_COS": 0.8199595212936401, "X_Y_val_MSEloss": 0.0006753754569217563}}