{"train_samples": 500, "test_samples": 200, "source_model": "text-embedding-3-large", "source_dim": 3072, "target_dim": 512, "test_results": {"bleu": 0.13, "bleu1": 9.39, "bleu2": 0.21, "bleu3": 0.02, "bleu4": 0.01, "rougeL": 0.095, "rouge1": 0.1125, "rouge2": 0.0017, "exact_match": 0.0}, "loss": {"X_Y_COS": 0.9999999403953552, "X_Y_MSEloss": 8.282179941865309e-10, "X_Y_test_COS": 0.888526201248169, "X_Y_test_MSEloss": 0.00042472450877539814, "X_Y_val_COS": 0.8880070447921753, "X_Y_val_MSEloss": 0.00042821274837478995}}