{"train_samples": 40, "test_samples": 200, "source_model": "google/mt5-base", "source_dim": 768, "target_dim": 512, "test_results": {"bleu": 0.2, "bleu1": 15.89, "bleu2": 1.03, "bleu3": 0.02, "bleu4": 0.01, "rougeL": 0.1225, "rouge1": 0.158, "rouge2": 0.0113, "exact_match": 0.0}, "loss": {"X_Y_COS": 1.0, "X_Y_MSEloss": 8.341073942652599e-10, "X_Y_test_COS": 0.9052601456642151, "X_Y_test_MSEloss": 0.0006417667609639466, "X_Y_val_COS": 0.9072781205177307, "X_Y_val_MSEloss": 0.000615492055658251}}