{"train_samples": 3, "test_samples": 200, "source_model": "intfloat/multilingual-e5-base", "source_dim": 768, "target_dim": 512, "test_results": {"bleu": 0.17, "bleu1": 18.01, "bleu2": 0.74, "bleu3": 0.02, "bleu4": 0.01, "rougeL": 0.1164, "rouge1": 0.1334, "rouge2": 0.0096, "exact_match": 0.0}, "loss": {"X_Y_COS": 1.0, "X_Y_MSEloss": 3.189203772013924e-15, "X_Y_test_COS": 0.905048668384552, "X_Y_test_MSEloss": 0.0006350464536808431, "X_Y_val_COS": 0.9057097434997559, "X_Y_val_MSEloss": 0.0006195619935169816}}