{"train_samples": 40, "test_samples": 200, "source_model": "google-t5/t5-base", "source_dim": 768, "target_dim": 512, "test_results": {"bleu": 0.38, "bleu1": 14.58, "bleu2": 0.93, "bleu3": 0.13, "bleu4": 0.03, "rougeL": 0.0722, "rouge1": 0.0853, "rouge2": 0.0119, "exact_match": 0.0}, "loss": {"X_Y_COS": 1.0, "X_Y_MSEloss": 6.29278259275251e-14, "X_Y_test_COS": 0.8922269940376282, "X_Y_test_MSEloss": 0.000398486532503739, "X_Y_val_COS": 0.8905956149101257, "X_Y_val_MSEloss": 0.00040441431337967515}}