{"train_samples": 5000, "test_samples": 200, "source_model": "sentence-transformers/gtr-t5-base", "source_dim": 768, "target_dim": 512, "test_results": {"bleu": 30.77, "bleu1": 50.4, "bleu2": 31.28, "bleu3": 26.5, "bleu4": 23.97, "rougeL": 0.4439, "rouge1": 0.5077, "rouge2": 0.3258, "exact_match": 0.0}, "loss": {"X_Y_COS": 0.9557476043701172, "X_Y_MSEloss": 0.0001701778674032539, "X_Y_test_COS": 0.9427465796470642, "X_Y_test_MSEloss": 0.00021966733038425446, "X_Y_val_COS": 0.9425776600837708, "X_Y_val_MSEloss": 0.0002191311796195805}}