{"train_samples": 1000, "test_samples": 200, "source_model": "text-embedding-ada-002", "source_dim": 1536, "target_dim": 512, "test_results": {"bleu": 3.26, "bleu1": 14.71, "bleu2": 3.34, "bleu3": 2.06, "bleu4": 1.11, "rougeL": 0.074, "rouge1": 0.085, "rouge2": 0.0071, "exact_match": 0.0}, "loss": {"X_Y_COS": 0.9996904730796814, "X_Y_MSEloss": 1.2369847581794602e-06, "X_Y_test_COS": 0.7973976135253906, "X_Y_test_MSEloss": 0.0008340277126990259, "X_Y_val_COS": 0.8136616945266724, "X_Y_val_MSEloss": 0.0007855190197005868}}