{"train_samples": 1, "test_samples": 200, "source_model": "intfloat/multilingual-e5-base", "source_dim": 768, "target_dim": 512, "test_results": {"bleu": 0.04, "bleu1": 12.5, "bleu2": 0.03, "bleu3": 0.01, "bleu4": 0.01, "rougeL": 0.0255, "rouge1": 0.0267, "rouge2": 0.0, "exact_match": 0.0}, "loss": {"X_Y_COS": 0.9999999403953552, "X_Y_MSEloss": 3.455171005721031e-16, "X_Y_test_COS": 0.7481674551963806, "X_Y_test_MSEloss": 0.0008600110304541886, "X_Y_val_COS": 0.7520912885665894, "X_Y_val_MSEloss": 0.0008482090779580176}}