{"epoch": 3, "dev_acc": 54.50000000000001, "test_acc": 50.5, "test_f1": 49.230000000000004, "test_roc": 51.92}