{"train_samples": 1, "test_samples": 200, "source_model": "sentence-transformers/gtr-t5-base", "source_dim": 768, "target_dim": 512, "test_results": {"bleu": 0.25, "bleu1": 9.98, "bleu2": 1.1, "bleu3": 0.04, "bleu4": 0.01, "rougeL": 0.1058, "rouge1": 0.112, "rouge2": 0.0124, "exact_match": 0.0}, "loss": {"X_Y_COS": 1.0, "X_Y_MSEloss": 3.7829581979296643e-16, "X_Y_test_COS": 0.8026139736175537, "X_Y_test_MSEloss": 0.0015972884139046073, "X_Y_val_COS": 0.7847590446472168, "X_Y_val_MSEloss": 0.0015982333570718765}}