{"train_samples": 1000, "test_samples": 200, "source_model": "sentence-transformers/gtr-t5-base", "source_dim": 768, "target_dim": 512, "test_results": {"bleu": 0.21, "bleu1": 10.53, "bleu2": 0.35, "bleu3": 0.03, "bleu4": 0.02, "rougeL": 0.0656, "rouge1": 0.0745, "rouge2": 0.0031, "exact_match": 0.0}, "loss": {"X_Y_COS": 0.9133924841880798, "X_Y_MSEloss": 0.0004138857184443623, "X_Y_test_COS": 0.04305558279156685, "X_Y_test_MSEloss": 0.008707826025784016, "X_Y_val_COS": 0.01401597447693348, "X_Y_val_MSEloss": 0.009787577204406261}}