{"epoch": 5, "dev_acc": 40.5, "test_acc": 35.5, "test_f1": 35.160000000000004, "test_roc": 51.949999999999996}