{"train_samples": 5, "test_samples": 200, "source_model": "google-bert/bert-base-multilingual-cased", "source_dim": 768, "target_dim": 512, "test_results": {"bleu": 0.19, "bleu1": 18.44, "bleu2": 0.82, "bleu3": 0.02, "bleu4": 0.01, "rougeL": 0.1227, "rouge1": 0.145, "rouge2": 0.0093, "exact_match": 0.0}, "loss": {"X_Y_COS": 1.0, "X_Y_MSEloss": 4.2732507786514033e-16, "X_Y_test_COS": 0.9156114459037781, "X_Y_test_MSEloss": 0.0003633628657553345, "X_Y_val_COS": 0.915614902973175, "X_Y_val_MSEloss": 0.00036093531525693834}}