{"train_samples": 10, "test_samples": 200, "source_model": "sentence-transformers/all-MiniLM-L6-v2", "source_dim": 384, "target_dim": 512, "test_results": {"bleu": 0.17, "bleu1": 14.46, "bleu2": 0.73, "bleu3": 0.02, "bleu4": 0.01, "rougeL": 0.1023, "rouge1": 0.1367, "rouge2": 0.007, "exact_match": 0.0}, "loss": {"X_Y_COS": 1.0, "X_Y_MSEloss": 2.714265728103978e-16, "X_Y_test_COS": 0.8917564153671265, "X_Y_test_MSEloss": 0.00048662401968613267, "X_Y_val_COS": 0.8896082043647766, "X_Y_val_MSEloss": 0.00048194918781518936}}