{"train_samples": 10, "test_samples": 200, "source_model": "google-t5/t5-base", "source_dim": 768, "target_dim": 512, "test_results": {"bleu": 9.99, "bleu1": 24.54, "bleu2": 8.86, "bleu3": 7.31, "bleu4": 6.68, "rougeL": 0.1799, "rouge1": 0.2134, "rouge2": 0.0862, "exact_match": 0.0}, "loss": {"X_Y_COS": 1.0, "X_Y_MSEloss": 4.802265999952465e-16, "X_Y_test_COS": 0.9102979302406311, "X_Y_test_MSEloss": 0.0003411530633457005, "X_Y_val_COS": 0.9115517735481262, "X_Y_val_MSEloss": 0.00034073894494213164}}