{"train_samples": 3, "test_samples": 200, "source_model": "text-embedding-3-large", "source_dim": 3072, "target_dim": 512, "test_results": {"bleu": 8.22, "bleu1": 23.42, "bleu2": 7.8, "bleu3": 6.76, "bleu4": 6.2, "rougeL": 0.1519, "rouge1": 0.1686, "rouge2": 0.0683, "exact_match": 0.0}, "loss": {"X_Y_COS": 1.0, "X_Y_MSEloss": 8.07562006005638e-17, "X_Y_test_COS": 0.8729889988899231, "X_Y_test_MSEloss": 0.0012485452461987734, "X_Y_val_COS": 0.86566162109375, "X_Y_val_MSEloss": 0.001238575903698802}}