{"train_samples": 50, "test_samples": 200, "source_model": "google-bert/bert-base-multilingual-cased", "source_dim": 768, "target_dim": 512, "test_results": {"bleu": 0.17, "bleu1": 13.91, "bleu2": 0.7, "bleu3": 0.02, "bleu4": 0.01, "rougeL": 0.1061, "rouge1": 0.1331, "rouge2": 0.0081, "exact_match": 0.0}, "loss": {"X_Y_COS": 1.0, "X_Y_MSEloss": 3.2135223843911265e-13, "X_Y_test_COS": 0.8869315981864929, "X_Y_test_MSEloss": 0.00042312999721616507, "X_Y_val_COS": 0.8932435512542725, "X_Y_val_MSEloss": 0.00040119432378560305}}