{"train_samples": 1000, "test_samples": 200, "source_model": "text-embedding-ada-002", "source_dim": 1536, "target_dim": 512, "test_results": {"bleu": 0.23, "bleu1": 10.9, "bleu2": 0.46, "bleu3": 0.03, "bleu4": 0.02, "rougeL": 0.0694, "rouge1": 0.0791, "rouge2": 0.0043, "exact_match": 0.0}, "loss": {"X_Y_COS": 1.0, "X_Y_MSEloss": 5.050585817623077e-12, "X_Y_test_COS": 0.021179074421525, "X_Y_test_MSEloss": 0.005424374248832464, "X_Y_val_COS": 0.04293782263994217, "X_Y_val_MSEloss": 0.004995198454707861}}