{"train_samples": 20, "test_samples": 200, "source_model": "sentence-transformers/all-MiniLM-L6-v2", "source_dim": 384, "target_dim": 512, "test_results": {"bleu": 0.07, "bleu1": 6.1, "bleu2": 0.03, "bleu3": 0.02, "bleu4": 0.01, "rougeL": 0.0494, "rouge1": 0.0552, "rouge2": 0.0006, "exact_match": 0.0}, "loss": {"X_Y_COS": 1.0, "X_Y_MSEloss": 1.8389820222175501e-10, "X_Y_test_COS": 0.8437222242355347, "X_Y_test_MSEloss": 0.0013329825596883893, "X_Y_val_COS": 0.8314318060874939, "X_Y_val_MSEloss": 0.0014475586358457804}}