{"train_samples": 500, "test_samples": 200, "source_model": "google/flan-t5-base", "source_dim": 768, "target_dim": 512, "test_results": {"bleu": 0.27, "bleu1": 21.89, "bleu2": 1.56, "bleu3": 0.02, "bleu4": 0.01, "rougeL": 0.1499, "rouge1": 0.1772, "rouge2": 0.0169, "exact_match": 0.0}, "loss": {"X_Y_COS": 0.990746021270752, "X_Y_MSEloss": 3.637798363342881e-05, "X_Y_test_COS": 0.9280034303665161, "X_Y_test_MSEloss": 0.0002826996787916869, "X_Y_val_COS": 0.9316511154174805, "X_Y_val_MSEloss": 0.00026761332992464304}}