{"train_samples": 100, "test_samples": 200, "source_model": "text-embedding-3-large", "source_dim": 3072, "target_dim": 512, "test_results": {"bleu": 0.18, "bleu1": 16.67, "bleu2": 0.62, "bleu3": 0.01, "bleu4": 0.01, "rougeL": 0.0987, "rouge1": 0.1206, "rouge2": 0.0022, "exact_match": 0.0}, "loss": {"X_Y_COS": 1.0, "X_Y_MSEloss": 7.105279550351706e-15, "X_Y_test_COS": 0.9154499769210815, "X_Y_test_MSEloss": 0.0003311918117105961, "X_Y_val_COS": 0.9159119725227356, "X_Y_val_MSEloss": 0.0003281175158917904}}