{"train_samples": 40, "test_samples": 200, "source_model": "text-embedding-ada-002", "source_dim": 1536, "target_dim": 512, "test_results": {"bleu": 0.39, "bleu1": 19.85, "bleu2": 1.44, "bleu3": 0.1, "bleu4": 0.01, "rougeL": 0.127, "rouge1": 0.1647, "rouge2": 0.0147, "exact_match": 0.0}, "loss": {"X_Y_COS": 1.0, "X_Y_MSEloss": 6.136459613018119e-14, "X_Y_test_COS": 0.895680844783783, "X_Y_test_MSEloss": 0.0003873087407555431, "X_Y_val_COS": 0.8987345695495605, "X_Y_val_MSEloss": 0.00037712857010774314}}