{"train_samples": 20, "test_samples": 200, "source_model": "sentence-transformers/gtr-t5-base", "source_dim": 768, "target_dim": 512, "test_results": {"bleu": 0.15, "bleu1": 15.88, "bleu2": 0.35, "bleu3": 0.02, "bleu4": 0.01, "rougeL": 0.0998, "rouge1": 0.1178, "rouge2": 0.0034, "exact_match": 0.0}, "loss": {"X_Y_COS": 1.0, "X_Y_MSEloss": 7.950752580554519e-16, "X_Y_test_COS": 0.9072175621986389, "X_Y_test_MSEloss": 0.0003534104616846889, "X_Y_val_COS": 0.9087879657745361, "X_Y_val_MSEloss": 0.0003523579507600516}}