{"train_samples": 500, "test_samples": 200, "source_model": "google-t5/t5-base", "source_dim": 768, "target_dim": 512, "test_results": {"bleu": 9.42, "bleu1": 35.91, "bleu2": 10.93, "bleu3": 6.07, "bleu4": 4.09, "rougeL": 0.256, "rouge1": 0.3361, "rouge2": 0.1074, "exact_match": 0.0}, "loss": {"X_Y_COS": 0.9919335246086121, "X_Y_MSEloss": 6.003181260894053e-05, "X_Y_test_COS": 0.8517033457756042, "X_Y_test_MSEloss": 0.0011560884304344654, "X_Y_val_COS": 0.8583459258079529, "X_Y_val_MSEloss": 0.0011061799013987184}}