{"train_samples": 50, "test_samples": 200, "source_model": "intfloat/multilingual-e5-base", "source_dim": 768, "target_dim": 512, "test_results": {"bleu": 0.1, "bleu1": 7.92, "bleu2": 0.09, "bleu3": 0.02, "bleu4": 0.01, "rougeL": 0.0698, "rouge1": 0.0811, "rouge2": 0.003, "exact_match": 0.0}, "loss": {"X_Y_COS": 1.0, "X_Y_MSEloss": 5.952468552783419e-12, "X_Y_test_COS": 0.8987624645233154, "X_Y_test_MSEloss": 0.0003761242260225117, "X_Y_val_COS": 0.9001700282096863, "X_Y_val_MSEloss": 0.00037099572364240885}}