{"train_samples": 50, "test_samples": 200, "source_model": "sentence-transformers/gtr-t5-base", "source_dim": 768, "target_dim": 512, "test_results": {"bleu": 0.76, "bleu1": 19.86, "bleu2": 1.37, "bleu3": 0.17, "bleu4": 0.1, "rougeL": 0.1262, "rouge1": 0.17, "rouge2": 0.0149, "exact_match": 0.0}, "loss": {"X_Y_COS": 1.0, "X_Y_MSEloss": 1.4496774440597715e-11, "X_Y_test_COS": 0.8727771043777466, "X_Y_test_MSEloss": 0.0009961555479094386, "X_Y_val_COS": 0.8792716860771179, "X_Y_val_MSEloss": 0.000933581730350852}}