{"train_samples": 100, "test_samples": 200, "source_model": "google/flan-t5-base", "source_dim": 768, "target_dim": 512, "test_results": {"bleu": 0.23, "bleu1": 15.98, "bleu2": 0.98, "bleu3": 0.02, "bleu4": 0.01, "rougeL": 0.1132, "rouge1": 0.1248, "rouge2": 0.0082, "exact_match": 0.0}, "loss": {"X_Y_COS": 1.0, "X_Y_MSEloss": 2.414186385524264e-11, "X_Y_test_COS": 0.8830088376998901, "X_Y_test_MSEloss": 0.0004392998234834522, "X_Y_val_COS": 0.885089635848999, "X_Y_val_MSEloss": 0.0004332131356932223}}