{"train_samples": 1, "test_samples": 200, "source_model": "intfloat/multilingual-e5-base", "source_dim": 768, "target_dim": 512, "test_results": {"bleu": 0.12, "bleu1": 12.79, "bleu2": 0.2, "bleu3": 0.01, "bleu4": 0.01, "rougeL": 0.0651, "rouge1": 0.0727, "rouge2": 0.0091, "exact_match": 0.0}, "loss": {"X_Y_COS": 1.0000001192092896, "X_Y_MSEloss": 3.957445926272866e-16, "X_Y_test_COS": 0.7951672077178955, "X_Y_test_MSEloss": 0.0007211329066194594, "X_Y_val_COS": 0.7862922549247742, "X_Y_val_MSEloss": 0.0007467807154171169}}