{"train_samples": 3, "test_samples": 200, "source_model": "google/flan-t5-base", "source_dim": 768, "target_dim": 512, "test_results": {"bleu": 0.11, "bleu1": 7.76, "bleu2": 0.13, "bleu3": 0.02, "bleu4": 0.01, "rougeL": 0.0705, "rouge1": 0.0749, "rouge2": 0.0013, "exact_match": 0.0}, "loss": {"X_Y_COS": 1.0, "X_Y_MSEloss": 1.4505395495856277e-10, "X_Y_test_COS": 0.8508807420730591, "X_Y_test_MSEloss": 0.0011258141603320837, "X_Y_val_COS": 0.853257954120636, "X_Y_val_MSEloss": 0.0011404618853703141}}