{"train_samples": 1000, "test_samples": 200, "source_model": "google/mt5-base", "source_dim": 768, "target_dim": 512, "test_results": {"bleu": 1.93, "bleu1": 26.71, "bleu2": 4.77, "bleu3": 0.62, "bleu4": 0.17, "rougeL": 0.2158, "rouge1": 0.2582, "rouge2": 0.044, "exact_match": 0.0}, "loss": {"X_Y_COS": 0.9883978962898254, "X_Y_MSEloss": 4.658511170418933e-05, "X_Y_test_COS": 0.8291526436805725, "X_Y_test_MSEloss": 0.0007452438003383577, "X_Y_val_COS": 0.8401132225990295, "X_Y_val_MSEloss": 0.0006928142975084484}}