{"train_samples": 1000, "test_samples": 200, "source_model": "sentence-transformers/gtr-t5-base", "source_dim": 768, "target_dim": 512, "test_results": {"bleu": 1.48, "bleu1": 8.97, "bleu2": 1.27, "bleu3": 0.84, "bleu4": 0.55, "rougeL": 0.0489, "rouge1": 0.0531, "rouge2": 0.0035, "exact_match": 0.0}, "loss": {"X_Y_COS": 0.903651773929596, "X_Y_MSEloss": 0.00044973878539167345, "X_Y_test_COS": 0.06352122873067856, "X_Y_test_MSEloss": 0.006360135041177273, "X_Y_val_COS": 0.01133036706596613, "X_Y_val_MSEloss": 0.008221988566219807}}