{"train_samples": 10, "test_samples": 200, "source_model": "google/mt5-base", "source_dim": 768, "target_dim": 512, "test_results": {"bleu": 0.05, "bleu1": 8.37, "bleu2": 0.02, "bleu3": 0.01, "bleu4": 0.0, "rougeL": 0.0022, "rouge1": 0.0022, "rouge2": 0.0, "exact_match": 0.0}, "loss": {"X_Y_COS": 1.0, "X_Y_MSEloss": 9.867041062786193e-15, "X_Y_test_COS": 0.8918488621711731, "X_Y_test_MSEloss": 0.0003992894198745489, "X_Y_val_COS": 0.8887850046157837, "X_Y_val_MSEloss": 0.0004103825194761157}}