{"train_samples": 3, "test_samples": 200, "source_model": "google/flan-t5-base", "source_dim": 768, "target_dim": 512, "test_results": {"bleu": 0.19, "bleu1": 9.23, "bleu2": 0.81, "bleu3": 0.02, "bleu4": 0.01, "rougeL": 0.1038, "rouge1": 0.1111, "rouge2": 0.0098, "exact_match": 0.0}, "loss": {"X_Y_COS": 1.0, "X_Y_MSEloss": 3.8734337574928364e-16, "X_Y_test_COS": 0.8793032169342041, "X_Y_test_MSEloss": 0.0004988452419638634, "X_Y_val_COS": 0.8774446845054626, "X_Y_val_MSEloss": 0.0005031558685004711}}