{"epoch": 2, "dev_acc": 52.5, "test_acc": 54.50000000000001, "test_f1": 52.89, "test_roc": 48.199999999999996}