{"train_samples": 30, "test_samples": 200, "source_model": "sentence-transformers/all-MiniLM-L6-v2", "source_dim": 384, "target_dim": 512, "test_results": {"bleu": 10.12, "bleu1": 24.72, "bleu2": 9.14, "bleu3": 7.7, "bleu4": 7.24, "rougeL": 0.1862, "rouge1": 0.2205, "rouge2": 0.0868, "exact_match": 0.0}, "loss": {"X_Y_COS": 1.0, "X_Y_MSEloss": 4.628342607310371e-16, "X_Y_test_COS": 0.8390945196151733, "X_Y_test_MSEloss": 0.0006928901420906186, "X_Y_val_COS": 0.792935311794281, "X_Y_val_MSEloss": 0.0007861352059990168}}