{"train_samples": 5, "test_samples": 200, "source_model": "google/mt5-base", "source_dim": 768, "target_dim": 512, "test_results": {"bleu": 0.24, "bleu1": 15.91, "bleu2": 0.79, "bleu3": 0.02, "bleu4": 0.01, "rougeL": 0.1074, "rouge1": 0.1327, "rouge2": 0.0082, "exact_match": 0.0}, "loss": {"X_Y_COS": 1.0, "X_Y_MSEloss": 4.0794403758967587e-16, "X_Y_test_COS": 0.8973475694656372, "X_Y_test_MSEloss": 0.000387546606361866, "X_Y_val_COS": 0.8988999724388123, "X_Y_val_MSEloss": 0.0003831798385363072}}