{"train_samples": 5, "test_samples": 200, "source_model": "google/mt5-base", "source_dim": 768, "target_dim": 512, "test_results": {"bleu": 0.17, "bleu1": 14.39, "bleu2": 0.52, "bleu3": 0.01, "bleu4": 0.01, "rougeL": 0.1072, "rouge1": 0.1355, "rouge2": 0.0085, "exact_match": 0.0}, "loss": {"X_Y_COS": 1.0, "X_Y_MSEloss": 8.566306775796388e-16, "X_Y_test_COS": 0.8473767638206482, "X_Y_test_MSEloss": 0.0009490193333476782, "X_Y_val_COS": 0.8491579294204712, "X_Y_val_MSEloss": 0.0009201685898005962}}