{"train_samples": 3, "test_samples": 200, "source_model": "google-bert/bert-base-multilingual-cased", "source_dim": 768, "target_dim": 512, "test_results": {"bleu": 0.13, "bleu1": 8.93, "bleu2": 0.08, "bleu3": 0.03, "bleu4": 0.01, "rougeL": 0.0065, "rouge1": 0.0065, "rouge2": 0.0, "exact_match": 0.0}, "loss": {"X_Y_COS": 1.0, "X_Y_MSEloss": 3.327666342077453e-16, "X_Y_test_COS": 0.8514715433120728, "X_Y_test_MSEloss": 0.000570668198633939, "X_Y_val_COS": 0.8487160205841064, "X_Y_val_MSEloss": 0.0005760015919804573}}