{"cosine_similarities": {"X_Y_COS": 0.8798505663871765, "X_Y_test_COS": 0.781180739402771, "X_Y_COS_LOSS": 0.12014947086572647, "X_Y_MSE_LOSS": 0.02020486816763878, "X_Y_test_COS_LOSS": 0.2188192903995514, "X_Y_test_MSE_LOSS": 0.039930686354637146}, "rouge_results": {"X_vs_gold": {"rouge1_f": 0.0010819964349376113, "rouge2_f": 0.0, "rougeL_f": 0.0010819964349376113}, "Y_vs_gold": {"rouge1_f": 0.0016609147248746803, "rouge2_f": 0.0, "rougeL_f": 0.0016609147248746803}, "X_vs_Y": {"rouge1_f": 0.6765713873409976, "rouge2_f": 0.5537487049843861, "rougeL_f": 0.67598315204688}}}