{"train_samples": 10, "test_samples": 200, "source_model": "google-t5/t5-base", "source_dim": 768, "target_dim": 512, "test_results": {"bleu": 0.19, "bleu1": 12.7, "bleu2": 0.65, "bleu3": 0.02, "bleu4": 0.01, "rougeL": 0.1044, "rouge1": 0.1184, "rouge2": 0.0067, "exact_match": 0.0}, "loss": {"X_Y_COS": 1.0, "X_Y_MSEloss": 9.921815718869813e-16, "X_Y_test_COS": 0.8989362120628357, "X_Y_test_MSEloss": 0.00037601025542244315, "X_Y_val_COS": 0.898951530456543, "X_Y_val_MSEloss": 0.0003764594148378819}}