{"train_samples": 500, "test_samples": 200, "source_model": "sentence-transformers/gtr-t5-base", "source_dim": 768, "target_dim": 512, "test_results": {"bleu": 18.82, "bleu1": 33.19, "bleu2": 18.34, "bleu3": 16.01, "bleu4": 14.89, "rougeL": 0.2849, "rouge1": 0.3228, "rouge2": 0.1815, "exact_match": 0.0}, "loss": {"X_Y_COS": 0.9976868033409119, "X_Y_MSEloss": 2.0748313545482233e-05, "X_Y_test_COS": 0.7888558506965637, "X_Y_test_MSEloss": 0.0020681926980614662, "X_Y_val_COS": 0.7845218777656555, "X_Y_val_MSEloss": 0.002135650487616658}}