{"train_samples": 30, "test_samples": 200, "source_model": "google/flan-t5-base", "source_dim": 768, "target_dim": 512, "test_results": {"bleu": 0.19, "bleu1": 13.91, "bleu2": 0.53, "bleu3": 0.02, "bleu4": 0.01, "rougeL": 0.104, "rouge1": 0.1156, "rouge2": 0.0061, "exact_match": 0.0}, "loss": {"X_Y_COS": 1.0, "X_Y_MSEloss": 9.226102243027178e-15, "X_Y_test_COS": 0.9041141867637634, "X_Y_test_MSEloss": 0.0003589934785850346, "X_Y_val_COS": 0.9063114523887634, "X_Y_val_MSEloss": 0.000351862603565678}}