{"train_samples": 1000, "test_samples": 200, "source_model": "random", "source_dim": 768, "target_dim": 512, "test_results": {"bleu": 0.12, "bleu1": 10.98, "bleu2": 0.26, "bleu3": 0.01, "bleu4": 0.01, "rougeL": 0.0848, "rouge1": 0.0987, "rouge2": 0.0038, "exact_match": 0.0}, "loss": {"X_Y_COS": 0.9009385108947754, "X_Y_MSEloss": 0.00044347907532937825, "X_Y_test_COS": -0.00515605416148901, "X_Y_test_MSEloss": 0.00683437567204237, "X_Y_val_COS": -0.008827976882457733, "X_Y_val_MSEloss": 0.007920377887785435}}