{"train_samples": 40, "test_samples": 200, "source_model": "sentence-transformers/gtr-t5-base", "source_dim": 768, "target_dim": 512, "test_results": {"bleu": 0.08, "bleu1": 8.6, "bleu2": 0.03, "bleu3": 0.02, "bleu4": 0.01, "rougeL": 0.2057, "rouge1": 0.2823, "rouge2": 0.0223, "exact_match": 0.0}, "loss": {"X_Y_COS": 1.0, "X_Y_MSEloss": 1.6948759019516646e-12, "X_Y_test_COS": 0.8625013828277588, "X_Y_test_MSEloss": 0.0005078294198028743, "X_Y_val_COS": 0.8631910681724548, "X_Y_val_MSEloss": 0.0005066987359896302}}