{"train_samples": 20, "test_samples": 200, "source_model": "google/mt5-base", "source_dim": 768, "target_dim": 512, "test_results": {"bleu": 0.77, "bleu1": 22.32, "bleu2": 1.26, "bleu3": 0.23, "bleu4": 0.05, "rougeL": 0.1507, "rouge1": 0.1934, "rouge2": 0.0166, "exact_match": 0.0}, "loss": {"X_Y_COS": 1.0, "X_Y_MSEloss": 1.401957976793211e-13, "X_Y_test_COS": 0.9065031409263611, "X_Y_test_MSEloss": 0.0003500062448438257, "X_Y_val_COS": 0.9070928692817688, "X_Y_val_MSEloss": 0.0003489985247142613}}