{"train_samples": 5, "test_samples": 200, "source_model": "sentence-transformers/gtr-t5-base", "source_dim": 768, "target_dim": 512, "test_results": {"bleu": 0.04, "bleu1": 6.57, "bleu2": 0.02, "bleu3": 0.01, "bleu4": 0.01, "rougeL": 0.012, "rouge1": 0.012, "rouge2": 0.0, "exact_match": 0.0}, "loss": {"X_Y_COS": 1.0, "X_Y_MSEloss": 1.936898419430122e-10, "X_Y_test_COS": 0.860338568687439, "X_Y_test_MSEloss": 0.0011823943350464106, "X_Y_val_COS": 0.8560163974761963, "X_Y_val_MSEloss": 0.0012814269866794348}}