{"train_samples": 5, "test_samples": 200, "source_model": "sentence-transformers/gtr-t5-base", "source_dim": 768, "target_dim": 512, "test_results": {"bleu": 0.03, "bleu1": 6.58, "bleu2": 0.03, "bleu3": 0.02, "bleu4": 0.01, "rougeL": 0.0072, "rouge1": 0.0075, "rouge2": 0.0, "exact_match": 0.0}, "loss": {"X_Y_COS": 1.0, "X_Y_MSEloss": 3.5322528568057445e-16, "X_Y_test_COS": 0.8673309683799744, "X_Y_test_MSEloss": 0.0005361773655749857, "X_Y_val_COS": 0.8658912181854248, "X_Y_val_MSEloss": 0.0005524578737094998}}