{"train_samples": 10, "test_samples": 200, "source_model": "intfloat/multilingual-e5-base", "source_dim": 768, "target_dim": 512, "test_results": {"bleu": 1.51, "bleu1": 20.96, "bleu2": 1.89, "bleu3": 0.53, "bleu4": 0.24, "rougeL": 0.1308, "rouge1": 0.18, "rouge2": 0.0233, "exact_match": 0.0}, "loss": {"X_Y_COS": 1.0, "X_Y_MSEloss": 1.9418687713596353e-15, "X_Y_test_COS": 0.8608195781707764, "X_Y_test_MSEloss": 0.0005054508219473064, "X_Y_val_COS": 0.8596993684768677, "X_Y_val_MSEloss": 0.0005089237238280475}}