{"train_samples": 100, "test_samples": 200, "source_model": "text-embedding-ada-002", "source_dim": 1536, "target_dim": 512, "test_results": {"bleu": 0.14, "bleu1": 11.53, "bleu2": 0.38, "bleu3": 0.02, "bleu4": 0.01, "rougeL": 0.0885, "rouge1": 0.1128, "rouge2": 0.0046, "exact_match": 0.0}, "loss": {"X_Y_COS": 0.9999997019767761, "X_Y_MSEloss": 1.0315205578592668e-08, "X_Y_test_COS": 0.8559333682060242, "X_Y_test_MSEloss": 0.000992580084130168, "X_Y_val_COS": 0.860548734664917, "X_Y_val_MSEloss": 0.0009408147307112813}}