{"train_samples": 3, "test_samples": 200, "source_model": "google/mt5-base", "source_dim": 768, "target_dim": 512, "test_results": {"bleu": 0.39, "bleu1": 16.39, "bleu2": 1.04, "bleu3": 0.06, "bleu4": 0.02, "rougeL": 0.1083, "rouge1": 0.1383, "rouge2": 0.0104, "exact_match": 0.0}, "loss": {"X_Y_COS": 1.0, "X_Y_MSEloss": 1.167988871682887e-15, "X_Y_test_COS": 0.8531944751739502, "X_Y_test_MSEloss": 0.0010748922359198332, "X_Y_val_COS": 0.8585853576660156, "X_Y_val_MSEloss": 0.0010772809619084}}