{"epoch": 0, "dev_acc": 49.0, "test_acc": 56.99999999999999, "test_f1": 46.25, "test_roc": 58.730000000000004}