{"train_samples": 1, "test_samples": 200, "source_model": "sentence-transformers/all-MiniLM-L6-v2", "source_dim": 384, "target_dim": 512, "test_results": {"bleu": 0.13, "bleu1": 12.29, "bleu2": 0.06, "bleu3": 0.03, "bleu4": 0.02, "rougeL": 0.0211, "rouge1": 0.0211, "rouge2": 0.0, "exact_match": 0.0}, "loss": {"X_Y_COS": 1.0000001192092896, "X_Y_MSEloss": 1.5705928429961572e-16, "X_Y_test_COS": 0.7240051031112671, "X_Y_test_MSEloss": 0.0016159315127879381, "X_Y_val_COS": 0.6897250413894653, "X_Y_val_MSEloss": 0.0016314397798851132}}