{"train_samples": 1, "test_samples": 200, "source_model": "text-embedding-ada-002", "source_dim": 1536, "target_dim": 512, "test_results": {"bleu": 0.13, "bleu1": 13.47, "bleu2": 0.28, "bleu3": 0.02, "bleu4": 0.01, "rougeL": 0.0758, "rouge1": 0.0985, "rouge2": 0.0017, "exact_match": 0.0}, "loss": {"X_Y_COS": 1.0, "X_Y_MSEloss": 8.75105207313084e-16, "X_Y_test_COS": 0.7255426049232483, "X_Y_test_MSEloss": 0.0009251182782463729, "X_Y_val_COS": 0.7251244783401489, "X_Y_val_MSEloss": 0.0009262373205274343}}