{"cosine_similarities": {"X_Y_COS": 0.6971223950386047, "X_Y_test_COS": 0.6582772135734558, "X_Y_COS_LOSS": 0.3028775751590729, "X_Y_MSE_LOSS": 0.006039637606590986, "X_Y_test_COS_LOSS": 0.3417227864265442, "X_Y_test_MSE_LOSS": 0.007239384576678276}, "rouge_results": {"X_vs_gold": {"rouge1_f": 0.3020769447843577, "rouge2_f": 0.11878012894632313, "rougeL_f": 0.2619936748525926}, "Y_vs_gold": {"rouge1_f": 0.7443278060761083, "rouge2_f": 0.6787489192369293, "rougeL_f": 0.7300121887720072}, "X_vs_Y": {"rouge1_f": 0.2901744297758818, "rouge2_f": 0.10668150567844488, "rougeL_f": 0.2557917491512734}}}