{"train_samples": 20, "test_samples": 200, "source_model": "text-embedding-ada-002", "source_dim": 1536, "target_dim": 512, "test_results": {"bleu": 0.64, "bleu1": 18.54, "bleu2": 1.49, "bleu3": 0.31, "bleu4": 0.04, "rougeL": 0.1168, "rouge1": 0.1538, "rouge2": 0.0167, "exact_match": 0.0}, "loss": {"X_Y_COS": 1.0, "X_Y_MSEloss": 1.567322999358224e-14, "X_Y_test_COS": 0.8857026696205139, "X_Y_test_MSEloss": 0.00042110568028874695, "X_Y_val_COS": 0.8858212828636169, "X_Y_val_MSEloss": 0.00042088242480531335}}