{"train_samples": 1, "test_samples": 200, "source_model": "sentence-transformers/all-MiniLM-L6-v2", "source_dim": 384, "target_dim": 512, "test_results": {"bleu": 0.15, "bleu1": 15.74, "bleu2": 0.77, "bleu3": 0.02, "bleu4": 0.01, "rougeL": 0.0566, "rouge1": 0.061, "rouge2": 0.0074, "exact_match": 0.0}, "loss": {"X_Y_COS": 1.0000001192092896, "X_Y_MSEloss": 2.0646912486290282e-16, "X_Y_test_COS": 0.2750000059604645, "X_Y_test_MSEloss": 0.0018345835851505399, "X_Y_val_COS": 0.33189111948013306, "X_Y_val_MSEloss": 0.0018342165276408195}}