{"train_samples": 500, "test_samples": 200, "source_model": "google/flan-t5-base", "source_dim": 768, "target_dim": 512, "test_results": {"bleu": 1.14, "bleu1": 20.05, "bleu2": 1.83, "bleu3": 0.53, "bleu4": 0.36, "rougeL": 0.0777, "rouge1": 0.0915, "rouge2": 0.0088, "exact_match": 0.0}, "loss": {"X_Y_COS": 0.9870953559875488, "X_Y_MSEloss": 5.05406605952885e-05, "X_Y_test_COS": 0.8590463995933533, "X_Y_test_MSEloss": 0.000560712069272995, "X_Y_val_COS": 0.8608289957046509, "X_Y_val_MSEloss": 0.0005489437025971711}}