{"train_samples": 30, "test_samples": 200, "source_model": "google/flan-t5-base", "source_dim": 768, "target_dim": 512, "test_results": {"bleu": 0.43, "bleu1": 15.34, "bleu2": 0.7, "bleu3": 0.16, "bleu4": 0.1, "rougeL": 0.054, "rouge1": 0.0577, "rouge2": 0.0025, "exact_match": 0.0}, "loss": {"X_Y_COS": 1.0, "X_Y_MSEloss": 6.168635047210103e-11, "X_Y_test_COS": 0.9166682362556458, "X_Y_test_MSEloss": 0.000857275677844882, "X_Y_val_COS": 0.9200419187545776, "X_Y_val_MSEloss": 0.000847632356453687}}