{"train_samples": 5, "test_samples": 200, "source_model": "text-embedding-ada-002", "source_dim": 1536, "target_dim": 512, "test_results": {"bleu": 0.18, "bleu1": 15.03, "bleu2": 0.53, "bleu3": 0.03, "bleu4": 0.01, "rougeL": 0.1157, "rouge1": 0.1392, "rouge2": 0.0055, "exact_match": 0.0}, "loss": {"X_Y_COS": 1.0, "X_Y_MSEloss": 2.705372870170919e-10, "X_Y_test_COS": 0.9316750168800354, "X_Y_test_MSEloss": 0.0006069589289836586, "X_Y_val_COS": 0.9315553307533264, "X_Y_val_MSEloss": 0.0006434298702515662}}