{"train_samples": 500, "test_samples": 200, "source_model": "google/flan-t5-base", "source_dim": 768, "target_dim": 512, "test_results": {"bleu": 0.94, "bleu1": 20.78, "bleu2": 1.64, "bleu3": 0.26, "bleu4": 0.16, "rougeL": 0.0949, "rouge1": 0.1177, "rouge2": 0.015, "exact_match": 0.0}, "loss": {"X_Y_COS": 0.9877133965492249, "X_Y_MSEloss": 4.81066235806793e-05, "X_Y_test_COS": 0.9169787168502808, "X_Y_test_MSEloss": 0.00032599634141661227, "X_Y_val_COS": 0.9124479293823242, "X_Y_val_MSEloss": 0.00034175507607869804}}