{"cosine_similarities": {"X_Y_COS": 0.581032395362854, "X_Y_test_COS": 0.39468905329704285, "X_Y_COS_LOSS": 0.4189675450325012, "X_Y_MSE_LOSS": 0.007576365023851395, "X_Y_test_COS_LOSS": 0.6053109169006348, "X_Y_test_MSE_LOSS": 0.011270408518612385}, "rouge_results": {"X_vs_gold": {"rouge1_f": 0.09270603419285417, "rouge2_f": 0.01187370149679894, "rougeL_f": 0.0843002996537939}, "Y_vs_gold": {"rouge1_f": 0.7443278060761083, "rouge2_f": 0.6787489192369293, "rougeL_f": 0.7300121887720072}, "X_vs_Y": {"rouge1_f": 0.08956737236106857, "rouge2_f": 0.00893432130906222, "rougeL_f": 0.07978020980839949}}}