{"train_samples": 40, "test_samples": 200, "source_model": "google-bert/bert-base-multilingual-cased", "source_dim": 768, "target_dim": 512, "test_results": {"bleu": 0.49, "bleu1": 21.31, "bleu2": 1.34, "bleu3": 0.19, "bleu4": 0.01, "rougeL": 0.1269, "rouge1": 0.1741, "rouge2": 0.0191, "exact_match": 0.0}, "loss": {"X_Y_COS": 1.0, "X_Y_MSEloss": 4.1334489542070585e-13, "X_Y_test_COS": 0.8900830149650574, "X_Y_test_MSEloss": 0.00040867249481379986, "X_Y_val_COS": 0.8884597420692444, "X_Y_val_MSEloss": 0.00041423371294513345}}