{"train_samples": 40, "test_samples": 200, "source_model": "google-t5/t5-base", "source_dim": 768, "target_dim": 512, "test_results": {"bleu": 0.82, "bleu1": 17.61, "bleu2": 1.35, "bleu3": 0.36, "bleu4": 0.16, "rougeL": 0.0724, "rouge1": 0.0831, "rouge2": 0.0099, "exact_match": 0.0}, "loss": {"X_Y_COS": 1.0, "X_Y_MSEloss": 6.823374195307971e-14, "X_Y_test_COS": 0.9151377081871033, "X_Y_test_MSEloss": 0.0003187832480762154, "X_Y_val_COS": 0.9122475981712341, "X_Y_val_MSEloss": 0.00032925017876550555}}