{"train_samples": 1000, "test_samples": 200, "source_model": "google-bert/bert-base-multilingual-cased", "source_dim": 768, "target_dim": 512, "test_results": {"bleu": 0.11, "bleu1": 10.11, "bleu2": 0.17, "bleu3": 0.02, "bleu4": 0.01, "rougeL": 0.0755, "rouge1": 0.088, "rouge2": 0.0029, "exact_match": 0.0}, "loss": {"X_Y_COS": 0.9230117797851562, "X_Y_MSEloss": 0.0002902834094129503, "X_Y_test_COS": 0.8188145160675049, "X_Y_test_MSEloss": 0.0006722834659740329, "X_Y_val_COS": 0.8197422623634338, "X_Y_val_MSEloss": 0.0006670145667158067}}