{"train_samples": 1000, "test_samples": 200, "source_model": "google/flan-t5-base", "source_dim": 768, "target_dim": 512, "test_results": {"bleu": 0.19, "bleu1": 10.16, "bleu2": 0.25, "bleu3": 0.03, "bleu4": 0.02, "rougeL": 0.0986, "rouge1": 0.1201, "rouge2": 0.002, "exact_match": 0.0}, "loss": {"X_Y_COS": 0.9495037198066711, "X_Y_MSEloss": 0.0001927754929056391, "X_Y_test_COS": 0.9261317849159241, "X_Y_test_MSEloss": 0.0002799555368255824, "X_Y_val_COS": 0.924626886844635, "X_Y_val_MSEloss": 0.00028528113034553826}}