{"train_samples": 500, "test_samples": 200, "source_model": "intfloat/multilingual-e5-base", "source_dim": 768, "target_dim": 512, "test_results": {"bleu": 3.78, "bleu1": 23.61, "bleu2": 4.25, "bleu3": 2.43, "bleu4": 1.88, "rougeL": 0.1776, "rouge1": 0.209, "rouge2": 0.04, "exact_match": 0.0}, "loss": {"X_Y_COS": 0.9875972270965576, "X_Y_MSEloss": 0.00013103906530886889, "X_Y_test_COS": 0.9272592067718506, "X_Y_test_MSEloss": 0.0007084395037963986, "X_Y_val_COS": 0.9307907819747925, "X_Y_val_MSEloss": 0.0006934396806173027}}