{"train_samples": 1000, "test_samples": 200, "source_model": "sentence-transformers/gtr-t5-base", "source_dim": 768, "target_dim": 512, "test_results": {"bleu": 0.39, "bleu1": 22.77, "bleu2": 1.15, "bleu3": 0.07, "bleu4": 0.04, "rougeL": 0.1139, "rouge1": 0.1416, "rouge2": 0.0074, "exact_match": 0.0}, "loss": {"X_Y_COS": 0.9507060050964355, "X_Y_MSEloss": 0.00018877882394008338, "X_Y_test_COS": 0.8315027952194214, "X_Y_test_MSEloss": 0.0006491766544058919, "X_Y_val_COS": 0.8301122188568115, "X_Y_val_MSEloss": 0.0006540832691825926}}