{"train_samples": 5, "test_samples": 200, "source_model": "google/mt5-base", "source_dim": 768, "target_dim": 512, "test_results": {"bleu": 0.24, "bleu1": 21.74, "bleu2": 0.85, "bleu3": 0.04, "bleu4": 0.02, "rougeL": 0.1163, "rouge1": 0.1413, "rouge2": 0.0074, "exact_match": 0.0}, "loss": {"X_Y_COS": 1.0, "X_Y_MSEloss": 4.1890493509472214e-16, "X_Y_test_COS": 0.8641278147697449, "X_Y_test_MSEloss": 0.0004961784579791129, "X_Y_val_COS": 0.8664562702178955, "X_Y_val_MSEloss": 0.0004884001682512462}}