{"train_samples": 1, "test_samples": 200, "source_model": "sentence-transformers/all-MiniLM-L6-v2", "source_dim": 384, "target_dim": 512, "test_results": {"bleu": 0.12, "bleu1": 19.54, "bleu2": 0.09, "bleu3": 0.03, "bleu4": 0.01, "rougeL": 0.1001, "rouge1": 0.1181, "rouge2": 0.0008, "exact_match": 0.0}, "loss": {"X_Y_COS": 1.0, "X_Y_MSEloss": 2.4997562223986027e-16, "X_Y_test_COS": 0.870629072189331, "X_Y_test_MSEloss": 0.0017274493584409356, "X_Y_val_COS": 0.8825755715370178, "X_Y_val_MSEloss": 0.0017671643290668726}}