{"train_samples": 10, "test_samples": 200, "source_model": "sentence-transformers/gtr-t5-base", "source_dim": 768, "target_dim": 512, "test_results": {"bleu": 0.42, "bleu1": 16.38, "bleu2": 0.98, "bleu3": 0.09, "bleu4": 0.02, "rougeL": 0.1225, "rouge1": 0.1607, "rouge2": 0.0167, "exact_match": 0.0}, "loss": {"X_Y_COS": 1.0, "X_Y_MSEloss": 4.142451950936394e-16, "X_Y_test_COS": 0.9123664498329163, "X_Y_test_MSEloss": 0.0004956299089826643, "X_Y_val_COS": 0.9149614572525024, "X_Y_val_MSEloss": 0.0004822278569918126}}