{"train_samples": 50, "test_samples": 200, "source_model": "text-embedding-ada-002", "source_dim": 1536, "target_dim": 512, "test_results": {"bleu": 0.65, "bleu1": 14.52, "bleu2": 1.15, "bleu3": 0.21, "bleu4": 0.11, "rougeL": 0.0725, "rouge1": 0.0872, "rouge2": 0.013, "exact_match": 0.0}, "loss": {"X_Y_COS": 1.0, "X_Y_MSEloss": 1.3561073921794509e-12, "X_Y_test_COS": 0.8901676535606384, "X_Y_test_MSEloss": 0.0004048639675602317, "X_Y_val_COS": 0.8911460638046265, "X_Y_val_MSEloss": 0.0004019062907900661}}