{"train_samples": 20, "test_samples": 200, "source_model": "google/flan-t5-base", "source_dim": 768, "target_dim": 512, "test_results": {"bleu": 0.14, "bleu1": 10.78, "bleu2": 0.31, "bleu3": 0.02, "bleu4": 0.01, "rougeL": 0.063, "rouge1": 0.0728, "rouge2": 0.0103, "exact_match": 0.0}, "loss": {"X_Y_COS": 1.0, "X_Y_MSEloss": 1.82590761954593e-10, "X_Y_test_COS": 0.8965168595314026, "X_Y_test_MSEloss": 0.0007869219407439232, "X_Y_val_COS": 0.8903862833976746, "X_Y_val_MSEloss": 0.0008658901206217706}}