{"train_samples": 30, "test_samples": 200, "source_model": "google/flan-t5-base", "source_dim": 768, "target_dim": 512, "test_results": {"bleu": 0.63, "bleu1": 17.08, "bleu2": 0.99, "bleu3": 0.18, "bleu4": 0.13, "rougeL": 0.0654, "rouge1": 0.0732, "rouge2": 0.0058, "exact_match": 0.0}, "loss": {"X_Y_COS": 1.0, "X_Y_MSEloss": 3.657337917895931e-15, "X_Y_test_COS": 0.8948099613189697, "X_Y_test_MSEloss": 0.00039402436232194304, "X_Y_val_COS": 0.8897243142127991, "X_Y_val_MSEloss": 0.00041164353024214506}}