{"train_samples": 20, "test_samples": 200, "source_model": "sentence-transformers/all-MiniLM-L6-v2", "source_dim": 384, "target_dim": 512, "test_results": {"bleu": 0.04, "bleu1": 7.37, "bleu2": 0.02, "bleu3": 0.01, "bleu4": 0.01, "rougeL": 0.0168, "rouge1": 0.0196, "rouge2": 0.0, "exact_match": 0.0}, "loss": {"X_Y_COS": 1.0, "X_Y_MSEloss": 2.034447332821543e-10, "X_Y_test_COS": 0.8542948961257935, "X_Y_test_MSEloss": 0.0013423440977931023, "X_Y_val_COS": 0.8452128171920776, "X_Y_val_MSEloss": 0.0014242219040170312}}