{"train_samples": 1000, "test_samples": 200, "source_model": "sentence-transformers/gtr-t5-base", "source_dim": 768, "target_dim": 512, "test_results": {"bleu": 1.65, "bleu1": 10.13, "bleu2": 1.58, "bleu3": 0.88, "bleu4": 0.52, "rougeL": 0.058, "rouge1": 0.0658, "rouge2": 0.0036, "exact_match": 0.0}, "loss": {"X_Y_COS": 0.9817416667938232, "X_Y_MSEloss": 8.994431118480861e-05, "X_Y_test_COS": 0.6137341856956482, "X_Y_test_MSEloss": 0.0017773265717551112, "X_Y_val_COS": 0.6751707792282104, "X_Y_val_MSEloss": 0.0016433410346508026}}