{"train_samples": 40, "test_samples": 200, "source_model": "text-embedding-ada-002", "source_dim": 1536, "target_dim": 512, "test_results": {"bleu": 0.17, "bleu1": 20.16, "bleu2": 0.61, "bleu3": 0.02, "bleu4": 0.01, "rougeL": 0.1053, "rouge1": 0.128, "rouge2": 0.0041, "exact_match": 0.0}, "loss": {"X_Y_COS": 1.0, "X_Y_MSEloss": 3.7150135940612616e-13, "X_Y_test_COS": 0.8485468029975891, "X_Y_test_MSEloss": 0.0005471374024637043, "X_Y_val_COS": 0.8486013412475586, "X_Y_val_MSEloss": 0.0005474901990965009}}