{"train_samples": 3, "test_samples": 200, "source_model": "intfloat/multilingual-e5-base", "source_dim": 768, "target_dim": 512, "test_results": {"bleu": 0.24, "bleu1": 17.99, "bleu2": 0.89, "bleu3": 0.02, "bleu4": 0.01, "rougeL": 0.0998, "rouge1": 0.1297, "rouge2": 0.0137, "exact_match": 0.0}, "loss": {"X_Y_COS": 1.0, "X_Y_MSEloss": 3.448575530737676e-16, "X_Y_test_COS": 0.8486902713775635, "X_Y_test_MSEloss": 0.0005458127707242966, "X_Y_val_COS": 0.8452209234237671, "X_Y_val_MSEloss": 0.0005564380553551018}}