{"train_samples": 100, "test_samples": 200, "source_model": "sentence-transformers/all-MiniLM-L6-v2", "source_dim": 384, "target_dim": 512, "test_results": {"bleu": 0.12, "bleu1": 9.09, "bleu2": 0.19, "bleu3": 0.02, "bleu4": 0.01, "rougeL": 0.044, "rouge1": 0.0496, "rouge2": 0.0059, "exact_match": 0.0}, "loss": {"X_Y_COS": 0.9999998211860657, "X_Y_MSEloss": 4.720232205102093e-09, "X_Y_test_COS": 0.8424441814422607, "X_Y_test_MSEloss": 0.0014075651997700334, "X_Y_val_COS": 0.8314874172210693, "X_Y_val_MSEloss": 0.0014977175742387772}}