{"train_samples": 10, "test_samples": 200, "source_model": "text-embedding-3-large", "source_dim": 3072, "target_dim": 512, "test_results": {"bleu": 0.27, "bleu1": 14.08, "bleu2": 0.68, "bleu3": 0.08, "bleu4": 0.01, "rougeL": 0.0841, "rouge1": 0.1005, "rouge2": 0.0109, "exact_match": 0.0}, "loss": {"X_Y_COS": 1.0, "X_Y_MSEloss": 1.459414871759804e-16, "X_Y_test_COS": 0.874946117401123, "X_Y_test_MSEloss": 0.0008063882123678923, "X_Y_val_COS": 0.87224280834198, "X_Y_val_MSEloss": 0.0008029772434383631}}