{"epoch": 3, "dev_acc": 53.5, "test_acc": 56.99999999999999, "test_f1": 56.96, "test_roc": 56.010000000000005}