{"train_samples": 100, "test_samples": 200, "source_model": "sentence-transformers/all-MiniLM-L6-v2", "source_dim": 384, "target_dim": 512, "test_results": {"bleu": 0.16, "bleu1": 16.4, "bleu2": 0.45, "bleu3": 0.01, "bleu4": 0.01, "rougeL": 0.0973, "rouge1": 0.1174, "rouge2": 0.0013, "exact_match": 0.0}, "loss": {"X_Y_COS": 1.0, "X_Y_MSEloss": 1.6054513404459292e-12, "X_Y_test_COS": 0.8750431537628174, "X_Y_test_MSEloss": 0.0004946932895109057, "X_Y_val_COS": 0.8805803656578064, "X_Y_val_MSEloss": 0.00048102615983225405}}