{"train_samples": 3, "test_samples": 200, "source_model": "intfloat/multilingual-e5-base", "source_dim": 768, "target_dim": 512, "test_results": {"bleu": 8.24, "bleu1": 25.09, "bleu2": 7.73, "bleu3": 6.74, "bleu4": 6.23, "rougeL": 0.1563, "rouge1": 0.1763, "rouge2": 0.067, "exact_match": 0.0}, "loss": {"X_Y_COS": 1.0, "X_Y_MSEloss": 1.7900261828351915e-10, "X_Y_test_COS": 0.8780250549316406, "X_Y_test_MSEloss": 0.0010095228208228946, "X_Y_val_COS": 0.8768202066421509, "X_Y_val_MSEloss": 0.0010087777627632022}}