{"train_samples": 1000, "test_samples": 200, "source_model": "sentence-transformers/all-MiniLM-L6-v2", "source_dim": 384, "target_dim": 512, "test_results": {"bleu": 0.69, "bleu1": 15.26, "bleu2": 1.17, "bleu3": 0.35, "bleu4": 0.2, "rougeL": 0.0654, "rouge1": 0.0744, "rouge2": 0.0101, "exact_match": 0.0}, "loss": {"X_Y_COS": 0.9589282870292664, "X_Y_MSEloss": 0.0003822287544608116, "X_Y_test_COS": 0.8612536191940308, "X_Y_test_MSEloss": 0.0010652017081156373, "X_Y_val_COS": 0.8346478939056396, "X_Y_val_MSEloss": 0.001154521363787353}}