{"train_samples": 3, "test_samples": 200, "source_model": "sentence-transformers/all-MiniLM-L6-v2", "source_dim": 384, "target_dim": 512, "test_results": {"bleu": 0.24, "bleu1": 15.63, "bleu2": 0.96, "bleu3": 0.06, "bleu4": 0.02, "rougeL": 0.0663, "rouge1": 0.0717, "rouge2": 0.0132, "exact_match": 0.0}, "loss": {"X_Y_COS": 1.0, "X_Y_MSEloss": 1.584907038060265e-16, "X_Y_test_COS": 0.5827550888061523, "X_Y_test_MSEloss": 0.0014175060205161572, "X_Y_val_COS": 0.5817639231681824, "X_Y_val_MSEloss": 0.001420787419192493}}