{"train_samples": 40, "test_samples": 200, "source_model": "google/flan-t5-base", "source_dim": 768, "target_dim": 512, "test_results": {"bleu": 14.07, "bleu1": 29.78, "bleu2": 13.13, "bleu3": 11.2, "bleu4": 10.51, "rougeL": 0.2284, "rouge1": 0.2707, "rouge2": 0.1246, "exact_match": 0.0}, "loss": {"X_Y_COS": 1.0, "X_Y_MSEloss": 7.744088844578029e-14, "X_Y_test_COS": 0.9132156372070312, "X_Y_test_MSEloss": 0.00032817505416460335, "X_Y_val_COS": 0.9081196188926697, "X_Y_val_MSEloss": 0.00034753873478621244}}