{"train_samples": 1, "test_samples": 200, "source_model": "sentence-transformers/gtr-t5-base", "source_dim": 768, "target_dim": 512, "test_results": {"bleu": 0.04, "bleu1": 8.39, "bleu2": 0.01, "bleu3": 0.01, "bleu4": 0.0, "rougeL": 0.0018, "rouge1": 0.0018, "rouge2": 0.0, "exact_match": 0.0}, "loss": {"X_Y_COS": 1.0, "X_Y_MSEloss": 3.6537986436653883e-16, "X_Y_test_COS": 0.7624547481536865, "X_Y_test_MSEloss": 0.0009487175848335028, "X_Y_val_COS": 0.7669615745544434, "X_Y_val_MSEloss": 0.0009604545193724334}}