{"train_samples": 20, "test_samples": 200, "source_model": "sentence-transformers/all-MiniLM-L6-v2", "source_dim": 384, "target_dim": 512, "test_results": {"bleu": 0.53, "bleu1": 17.17, "bleu2": 1.26, "bleu3": 0.17, "bleu4": 0.02, "rougeL": 0.1063, "rouge1": 0.1427, "rouge2": 0.0156, "exact_match": 0.0}, "loss": {"X_Y_COS": 1.0, "X_Y_MSEloss": 4.1724977977622803e-16, "X_Y_test_COS": 0.8337433934211731, "X_Y_test_MSEloss": 0.0007565164123661816, "X_Y_val_COS": 0.8078395128250122, "X_Y_val_MSEloss": 0.000817358901258558}}