{"train_samples": 3, "test_samples": 200, "source_model": "google-bert/bert-base-multilingual-cased", "source_dim": 768, "target_dim": 512, "test_results": {"bleu": 0.22, "bleu1": 13.0, "bleu2": 1.09, "bleu3": 0.02, "bleu4": 0.01, "rougeL": 0.1258, "rouge1": 0.1381, "rouge2": 0.0114, "exact_match": 0.0}, "loss": {"X_Y_COS": 0.9999999403953552, "X_Y_MSEloss": 9.963719497561667e-16, "X_Y_test_COS": 0.9192575216293335, "X_Y_test_MSEloss": 0.0007458533509634435, "X_Y_val_COS": 0.9188695549964905, "X_Y_val_MSEloss": 0.0007337492424994707}}