{"train_samples": 3, "test_samples": 200, "source_model": "google-bert/bert-base-multilingual-cased", "source_dim": 768, "target_dim": 512, "test_results": {"bleu": 0.25, "bleu1": 16.8, "bleu2": 1.27, "bleu3": 0.02, "bleu4": 0.01, "rougeL": 0.1287, "rouge1": 0.1537, "rouge2": 0.0129, "exact_match": 0.0}, "loss": {"X_Y_COS": 1.0000001192092896, "X_Y_MSEloss": 3.3488715472141685e-16, "X_Y_test_COS": 0.9174955487251282, "X_Y_test_MSEloss": 0.00039356222259812057, "X_Y_val_COS": 0.9193911552429199, "X_Y_val_MSEloss": 0.0003841539437416941}}