{"train_samples": 40, "test_samples": 200, "source_model": "google-t5/t5-base", "source_dim": 768, "target_dim": 512, "test_results": {"bleu": 0.21, "bleu1": 14.73, "bleu2": 0.74, "bleu3": 0.02, "bleu4": 0.01, "rougeL": 0.1156, "rouge1": 0.1301, "rouge2": 0.0073, "exact_match": 0.0}, "loss": {"X_Y_COS": 1.0, "X_Y_MSEloss": 5.81001121779251e-13, "X_Y_test_COS": 0.9148172736167908, "X_Y_test_MSEloss": 0.00031979024061001837, "X_Y_val_COS": 0.9177963137626648, "X_Y_val_MSEloss": 0.0003094989515375346}}