{"train_samples": 100, "test_samples": 200, "source_model": "google/mt5-base", "source_dim": 768, "target_dim": 512, "test_results": {"bleu": 1.56, "bleu1": 24.34, "bleu2": 3.1, "bleu3": 0.55, "bleu4": 0.17, "rougeL": 0.1554, "rouge1": 0.2129, "rouge2": 0.0303, "exact_match": 0.0}, "loss": {"X_Y_COS": 0.9999986290931702, "X_Y_MSEloss": 5.363272936875774e-09, "X_Y_test_COS": 0.897598385810852, "X_Y_test_MSEloss": 0.0003876974224112928, "X_Y_val_COS": 0.8924084305763245, "X_Y_val_MSEloss": 0.0004077813064213842}}