{"train_samples": 1000, "test_samples": 200, "source_model": "sentence-transformers/all-MiniLM-L6-v2", "source_dim": 384, "target_dim": 512, "test_results": {"bleu": 0.18, "bleu1": 17.62, "bleu2": 0.59, "bleu3": 0.01, "bleu4": 0.01, "rougeL": 0.0997, "rouge1": 0.1181, "rouge2": 0.0033, "exact_match": 0.0}, "loss": {"X_Y_COS": 0.9625206589698792, "X_Y_MSEloss": 0.0001543901744298637, "X_Y_test_COS": 0.8952113389968872, "X_Y_test_MSEloss": 0.00040931961848400533, "X_Y_val_COS": 0.8997376561164856, "X_Y_val_MSEloss": 0.00039883842691779137}}