{"train_samples": 1, "test_samples": 200, "source_model": "google/mt5-base", "source_dim": 768, "target_dim": 512, "test_results": {"bleu": 0.0, "bleu1": 0.0, "bleu2": 0.0, "bleu3": 0.0, "bleu4": 0.0, "rougeL": 0.0, "rouge1": 0.0, "rouge2": 0.0, "exact_match": 0.0}, "loss": {"X_Y_COS": 1.0, "X_Y_MSEloss": 3.7613432406047146e-16, "X_Y_test_COS": 0.684994637966156, "X_Y_test_MSEloss": 0.001043408759869635, "X_Y_val_COS": 0.683083176612854, "X_Y_val_MSEloss": 0.0010339812142774463}}