{"train_samples": 5, "test_samples": 200, "source_model": "text-embedding-3-large", "source_dim": 3072, "target_dim": 512, "test_results": {"bleu": 0.12, "bleu1": 10.79, "bleu2": 0.18, "bleu3": 0.01, "bleu4": 0.01, "rougeL": 0.0396, "rouge1": 0.0441, "rouge2": 0.0005, "exact_match": 0.0}, "loss": {"X_Y_COS": 1.0, "X_Y_MSEloss": 1.0171086927334913e-16, "X_Y_test_COS": 0.8693795800209045, "X_Y_test_MSEloss": 0.0009063214529305696, "X_Y_val_COS": 0.8695122599601746, "X_Y_val_MSEloss": 0.0008896912331692874}}