{"train_samples": 50, "test_samples": 200, "source_model": "sentence-transformers/gtr-t5-base", "source_dim": 768, "target_dim": 512, "test_results": {"bleu": 0.49, "bleu1": 15.96, "bleu2": 0.77, "bleu3": 0.14, "bleu4": 0.09, "rougeL": 0.0616, "rouge1": 0.0705, "rouge2": 0.0062, "exact_match": 0.0}, "loss": {"X_Y_COS": 1.0, "X_Y_MSEloss": 1.8736522749973616e-11, "X_Y_test_COS": 0.8653823733329773, "X_Y_test_MSEloss": 0.0012549787061288953, "X_Y_val_COS": 0.8689643740653992, "X_Y_val_MSEloss": 0.0012094215489923954}}