{"train_samples": 20, "test_samples": 200, "source_model": "sentence-transformers/gtr-t5-base", "source_dim": 768, "target_dim": 512, "test_results": {"bleu": 0.45, "bleu1": 22.52, "bleu2": 1.35, "bleu3": 0.05, "bleu4": 0.03, "rougeL": 0.1495, "rouge1": 0.1957, "rouge2": 0.0162, "exact_match": 0.0}, "loss": {"X_Y_COS": 1.0, "X_Y_MSEloss": 8.892358344556538e-16, "X_Y_test_COS": 0.901557445526123, "X_Y_test_MSEloss": 0.0003738820960279554, "X_Y_val_COS": 0.9020420908927917, "X_Y_val_MSEloss": 0.00037170201539993286}}