{"train_samples": 1000, "test_samples": 200, "source_model": "google/flan-t5-base", "source_dim": 768, "target_dim": 512, "test_results": {"bleu": 0.75, "bleu1": 20.19, "bleu2": 1.68, "bleu3": 0.23, "bleu4": 0.09, "rougeL": 0.088, "rouge1": 0.0995, "rouge2": 0.0087, "exact_match": 0.0}, "loss": {"X_Y_COS": 0.9646083116531372, "X_Y_MSEloss": 0.0001367567019769922, "X_Y_test_COS": 0.8582301139831543, "X_Y_test_MSEloss": 0.0005469535244628787, "X_Y_val_COS": 0.8647057414054871, "X_Y_val_MSEloss": 0.0005265392828732729}}