{"train_samples": 100, "test_samples": 200, "source_model": "google-bert/bert-base-multilingual-cased", "source_dim": 768, "target_dim": 512, "test_results": {"bleu": 3.24, "bleu1": 24.22, "bleu2": 3.62, "bleu3": 1.48, "bleu4": 0.91, "rougeL": 0.1622, "rouge1": 0.2115, "rouge2": 0.0303, "exact_match": 0.0}, "loss": {"X_Y_COS": 1.0, "X_Y_MSEloss": 6.523246526279891e-11, "X_Y_test_COS": 0.8245552778244019, "X_Y_test_MSEloss": 0.0006537479930557311, "X_Y_val_COS": 0.8203845024108887, "X_Y_val_MSEloss": 0.0006688609719276428}}