{"train_samples": 1, "test_samples": 200, "source_model": "text-embedding-3-large", "source_dim": 3072, "target_dim": 512, "test_results": {"bleu": 0.09, "bleu1": 9.41, "bleu2": 0.1, "bleu3": 0.02, "bleu4": 0.01, "rougeL": 0.0062, "rouge1": 0.0065, "rouge2": 0.0, "exact_match": 0.0}, "loss": {"X_Y_COS": 1.0, "X_Y_MSEloss": 6.618598982814855e-17, "X_Y_test_COS": 0.6867043972015381, "X_Y_test_MSEloss": 0.0015060959849506617, "X_Y_val_COS": 0.6878398060798645, "X_Y_val_MSEloss": 0.0014984873123466969}}