{"train_samples": 20, "test_samples": 200, "source_model": "sentence-transformers/gtr-t5-base", "source_dim": 768, "target_dim": 512, "test_results": {"bleu": 0.24, "bleu1": 16.95, "bleu2": 1.04, "bleu3": 0.02, "bleu4": 0.01, "rougeL": 0.135, "rouge1": 0.1552, "rouge2": 0.0115, "exact_match": 0.0}, "loss": {"X_Y_COS": 1.0, "X_Y_MSEloss": 6.97304838992289e-16, "X_Y_test_COS": 0.9322606325149536, "X_Y_test_MSEloss": 0.0002694175345823169, "X_Y_val_COS": 0.9353518486022949, "X_Y_val_MSEloss": 0.0002557495317887515}}