{"train_samples": 1, "test_samples": 200, "source_model": "text-embedding-ada-002", "source_dim": 1536, "target_dim": 512, "test_results": {"bleu": 0.04, "bleu1": 7.08, "bleu2": 0.02, "bleu3": 0.01, "bleu4": 0.01, "rougeL": 0.02, "rouge1": 0.0204, "rouge2": 0.0, "exact_match": 0.0}, "loss": {"X_Y_COS": 1.0, "X_Y_MSEloss": 2.446742759570561e-15, "X_Y_test_COS": 0.8420464992523193, "X_Y_test_MSEloss": 0.001029993174597621, "X_Y_val_COS": 0.8409866094589233, "X_Y_val_MSEloss": 0.0010298294946551323}}