{"train_samples": 1, "test_samples": 200, "source_model": "text-embedding-ada-002", "source_dim": 1536, "target_dim": 512, "test_results": {"bleu": 0.04, "bleu1": 13.9, "bleu2": 0.02, "bleu3": 0.01, "bleu4": 0.01, "rougeL": 0.0004, "rouge1": 0.0004, "rouge2": 0.0, "exact_match": 0.0}, "loss": {"X_Y_COS": 1.0000001192092896, "X_Y_MSEloss": 1.296613048184939e-15, "X_Y_test_COS": 0.8610787987709045, "X_Y_test_MSEloss": 0.0005494602373801172, "X_Y_val_COS": 0.8603432774543762, "X_Y_val_MSEloss": 0.0005514944205060601}}