{"train_samples": 7000, "test_samples": 200, "source_model": "google-t5/t5-base", "source_dim": 768, "target_dim": 512, "test_results": {"bleu": 4.54, "bleu1": 35.73, "bleu2": 7.91, "bleu3": 2.43, "bleu4": 0.75, "rougeL": 0.2456, "rouge1": 0.34, "rouge2": 0.0897, "exact_match": 0.0}, "loss": {"X_Y_COS": 0.9651735424995422, "X_Y_MSEloss": 0.0001357315923087299, "X_Y_test_COS": 0.9570522904396057, "X_Y_test_MSEloss": 0.00016731223149690777, "X_Y_val_COS": 0.956531286239624, "X_Y_val_MSEloss": 0.00016894879809115082}}