{"train_samples": 10, "test_samples": 200, "source_model": "google/mt5-base", "source_dim": 768, "target_dim": 512, "test_results": {"bleu": 0.21, "bleu1": 15.11, "bleu2": 1.08, "bleu3": 0.03, "bleu4": 0.02, "rougeL": 0.1281, "rouge1": 0.1476, "rouge2": 0.012, "exact_match": 0.0}, "loss": {"X_Y_COS": 1.0, "X_Y_MSEloss": 2.339275717577749e-10, "X_Y_test_COS": 0.906226396560669, "X_Y_test_MSEloss": 0.0007066949037835002, "X_Y_val_COS": 0.9051255583763123, "X_Y_val_MSEloss": 0.0007201193366199732}}