{"train_samples": 20, "test_samples": 200, "source_model": "google/mt5-base", "source_dim": 768, "target_dim": 512, "test_results": {"bleu": 0.14, "bleu1": 10.55, "bleu2": 0.27, "bleu3": 0.02, "bleu4": 0.01, "rougeL": 0.0631, "rouge1": 0.0713, "rouge2": 0.0098, "exact_match": 0.0}, "loss": {"X_Y_COS": 1.0, "X_Y_MSEloss": 7.11435632627655e-10, "X_Y_test_COS": 0.8856534361839294, "X_Y_test_MSEloss": 0.000875295780133456, "X_Y_val_COS": 0.8779835104942322, "X_Y_val_MSEloss": 0.0009620951022952795}}