{"train_samples": 50, "test_samples": 200, "source_model": "sentence-transformers/gtr-t5-base", "source_dim": 768, "target_dim": 512, "test_results": {"bleu": 0.31, "bleu1": 16.05, "bleu2": 0.89, "bleu3": 0.06, "bleu4": 0.01, "rougeL": 0.1116, "rouge1": 0.1452, "rouge2": 0.0108, "exact_match": 0.0}, "loss": {"X_Y_COS": 1.0, "X_Y_MSEloss": 7.340995796441014e-16, "X_Y_test_COS": 0.9111109972000122, "X_Y_test_MSEloss": 0.0003475141420494765, "X_Y_val_COS": 0.909532368183136, "X_Y_val_MSEloss": 0.00035437382757663727}}