{"train_samples": 40, "test_samples": 200, "source_model": "text-embedding-ada-002", "source_dim": 1536, "target_dim": 512, "test_results": {"bleu": 1.42, "bleu1": 23.64, "bleu2": 2.12, "bleu3": 0.44, "bleu4": 0.19, "rougeL": 0.1595, "rouge1": 0.2082, "rouge2": 0.0252, "exact_match": 0.0}, "loss": {"X_Y_COS": 1.0, "X_Y_MSEloss": 2.096068544427121e-13, "X_Y_test_COS": 0.9099243879318237, "X_Y_test_MSEloss": 0.0003362276765983552, "X_Y_val_COS": 0.909532368183136, "X_Y_val_MSEloss": 0.0003381398564670235}}