{"train_samples": 40, "test_samples": 200, "source_model": "sentence-transformers/gtr-t5-base", "source_dim": 768, "target_dim": 512, "test_results": {"bleu": 0.69, "bleu1": 19.65, "bleu2": 1.55, "bleu3": 0.22, "bleu4": 0.05, "rougeL": 0.1201, "rouge1": 0.1582, "rouge2": 0.014, "exact_match": 0.0}, "loss": {"X_Y_COS": 1.0, "X_Y_MSEloss": 6.857662914869949e-16, "X_Y_test_COS": 0.8885186314582825, "X_Y_test_MSEloss": 0.0004316135309636593, "X_Y_val_COS": 0.889324426651001, "X_Y_val_MSEloss": 0.00043140145135112107}}