{"train_samples": 40, "test_samples": 200, "source_model": "google/mt5-base", "source_dim": 768, "target_dim": 512, "test_results": {"bleu": 0.22, "bleu1": 15.66, "bleu2": 0.86, "bleu3": 0.02, "bleu4": 0.01, "rougeL": 0.1126, "rouge1": 0.1277, "rouge2": 0.0085, "exact_match": 0.0}, "loss": {"X_Y_COS": 1.0, "X_Y_MSEloss": 6.885132112881276e-13, "X_Y_test_COS": 0.901610791683197, "X_Y_test_MSEloss": 0.0003678513166960329, "X_Y_val_COS": 0.8977932333946228, "X_Y_val_MSEloss": 0.00037870442611165345}}