{"train_samples": 30, "test_samples": 200, "source_model": "google-bert/bert-base-multilingual-cased", "source_dim": 768, "target_dim": 512, "test_results": {"bleu": 0.08, "bleu1": 9.58, "bleu2": 0.05, "bleu3": 0.01, "bleu4": 0.01, "rougeL": 0.0022, "rouge1": 0.0022, "rouge2": 0.0, "exact_match": 0.0}, "loss": {"X_Y_COS": 1.0, "X_Y_MSEloss": 3.6207226317619065e-14, "X_Y_test_COS": 0.8928768634796143, "X_Y_test_MSEloss": 0.000398133386624977, "X_Y_val_COS": 0.8952538967132568, "X_Y_val_MSEloss": 0.00038924760883674026}}