{"train_samples": 1000, "test_samples": 200, "source_model": "text-embedding-3-large", "source_dim": 3072, "target_dim": 512, "test_results": {"bleu": 2.42, "bleu1": 26.5, "bleu2": 4.55, "bleu3": 1.06, "bleu4": 0.27, "rougeL": 0.1898, "rouge1": 0.2459, "rouge2": 0.0508, "exact_match": 0.0}, "loss": {"X_Y_COS": 0.9998878836631775, "X_Y_MSEloss": 4.4387948605617566e-07, "X_Y_test_COS": 0.9110655188560486, "X_Y_test_MSEloss": 0.0003471083764452487, "X_Y_val_COS": 0.9075031876564026, "X_Y_val_MSEloss": 0.0003588107065297663}}