{"train_samples": 5, "test_samples": 200, "source_model": "intfloat/multilingual-e5-base", "source_dim": 768, "target_dim": 512, "test_results": {"bleu": 0.04, "bleu1": 9.53, "bleu2": 0.02, "bleu3": 0.01, "bleu4": 0.01, "rougeL": 0.039, "rouge1": 0.0423, "rouge2": 0.0003, "exact_match": 0.0}, "loss": {"X_Y_COS": 1.0, "X_Y_MSEloss": 5.7395794244942725e-16, "X_Y_test_COS": 0.8391427993774414, "X_Y_test_MSEloss": 0.000578793347813189, "X_Y_val_COS": 0.8351702690124512, "X_Y_val_MSEloss": 0.0005921995616517961}}