{"train_samples": 3, "test_samples": 200, "source_model": "google-t5/t5-base", "source_dim": 768, "target_dim": 512, "test_results": {"bleu": 0.07, "bleu1": 7.37, "bleu2": 0.03, "bleu3": 0.02, "bleu4": 0.01, "rougeL": 0.0004, "rouge1": 0.0004, "rouge2": 0.0, "exact_match": 0.0}, "loss": {"X_Y_COS": 1.0, "X_Y_MSEloss": 3.408657514911541e-16, "X_Y_test_COS": 0.8108434677124023, "X_Y_test_MSEloss": 0.0006861279834993184, "X_Y_val_COS": 0.813989520072937, "X_Y_val_MSEloss": 0.0006731260218657553}}