{"train_samples": 100, "test_samples": 200, "source_model": "sentence-transformers/all-MiniLM-L6-v2", "source_dim": 384, "target_dim": 512, "test_results": {"bleu": 0.14, "bleu1": 14.07, "bleu2": 0.68, "bleu3": 0.01, "bleu4": 0.01, "rougeL": 0.0739, "rouge1": 0.0921, "rouge2": 0.0067, "exact_match": 0.0}, "loss": {"X_Y_COS": 1.0, "X_Y_MSEloss": 2.946420835924792e-15, "X_Y_test_COS": 0.5507622361183167, "X_Y_test_MSEloss": 0.0025867244694381952, "X_Y_val_COS": 0.5727652311325073, "X_Y_val_MSEloss": 0.0024807057343423367}}