{"train_samples": 100, "test_samples": 200, "source_model": "google/flan-t5-base", "source_dim": 768, "target_dim": 512, "test_results": {"bleu": 2.61, "bleu1": 26.66, "bleu2": 3.7, "bleu3": 1.04, "bleu4": 0.45, "rougeL": 0.1678, "rouge1": 0.2323, "rouge2": 0.0404, "exact_match": 0.0}, "loss": {"X_Y_COS": 0.9999613761901855, "X_Y_MSEloss": 1.5195601577033813e-07, "X_Y_test_COS": 0.8772878050804138, "X_Y_test_MSEloss": 0.00045775555190630257, "X_Y_val_COS": 0.8687489032745361, "X_Y_val_MSEloss": 0.00048604822950437665}}