{"train_samples": 10, "test_samples": 200, "source_model": "text-embedding-3-large", "source_dim": 3072, "target_dim": 512, "test_results": {"bleu": 0.13, "bleu1": 8.48, "bleu2": 0.06, "bleu3": 0.03, "bleu4": 0.02, "rougeL": 0.002, "rouge1": 0.0025, "rouge2": 0.0, "exact_match": 0.0}, "loss": {"X_Y_COS": 1.0, "X_Y_MSEloss": 1.455779776927103e-16, "X_Y_test_COS": 0.8267661929130554, "X_Y_test_MSEloss": 0.0009416032116860151, "X_Y_val_COS": 0.8315667510032654, "X_Y_val_MSEloss": 0.0009142382186837494}}