{"train_samples": 40, "test_samples": 200, "source_model": "google/mt5-base", "source_dim": 768, "target_dim": 512, "test_results": {"bleu": 1.43, "bleu1": 22.96, "bleu2": 2.73, "bleu3": 0.6, "bleu4": 0.17, "rougeL": 0.1459, "rouge1": 0.1892, "rouge2": 0.0314, "exact_match": 0.0}, "loss": {"X_Y_COS": 1.0, "X_Y_MSEloss": 5.365150164415855e-12, "X_Y_test_COS": 0.835396409034729, "X_Y_test_MSEloss": 0.0005974977975711226, "X_Y_val_COS": 0.8333637714385986, "X_Y_val_MSEloss": 0.0006022900342941284}}