{"train_samples": 100, "test_samples": 200, "source_model": "text-embedding-ada-002", "source_dim": 1536, "target_dim": 512, "test_results": {"bleu": 0.18, "bleu1": 14.23, "bleu2": 0.42, "bleu3": 0.02, "bleu4": 0.01, "rougeL": 0.1076, "rouge1": 0.1214, "rouge2": 0.0038, "exact_match": 0.0}, "loss": {"X_Y_COS": 1.0, "X_Y_MSEloss": 1.0427647634259074e-09, "X_Y_test_COS": 0.9104102849960327, "X_Y_test_MSEloss": 0.0007955877808853984, "X_Y_val_COS": 0.913256049156189, "X_Y_val_MSEloss": 0.0007859009201638401}}