{"train_samples": 1000, "test_samples": 200, "source_model": "text-embedding-ada-002", "source_dim": 1536, "target_dim": 512, "test_results": {"bleu": 0.63, "bleu1": 7.94, "bleu2": 0.65, "bleu3": 0.31, "bleu4": 0.1, "rougeL": 0.0372, "rouge1": 0.0403, "rouge2": 0.0012, "exact_match": 0.0}, "loss": {"X_Y_COS": 1.0, "X_Y_MSEloss": 4.4969687695850524e-12, "X_Y_test_COS": -0.034703679382801056, "X_Y_test_MSEloss": 0.00598797295242548, "X_Y_val_COS": 0.04015088081359863, "X_Y_val_MSEloss": 0.00533860782161355}}