{"train_samples": 3, "test_samples": 200, "source_model": "text-embedding-ada-002", "source_dim": 1536, "target_dim": 512, "test_results": {"bleu": 0.26, "bleu1": 14.68, "bleu2": 0.76, "bleu3": 0.04, "bleu4": 0.01, "rougeL": 0.1035, "rouge1": 0.1292, "rouge2": 0.0081, "exact_match": 0.0}, "loss": {"X_Y_COS": 1.0, "X_Y_MSEloss": 7.821214243744143e-16, "X_Y_test_COS": 0.8834179639816284, "X_Y_test_MSEloss": 0.0004348504589870572, "X_Y_val_COS": 0.8825851082801819, "X_Y_val_MSEloss": 0.00043725522118620574}}