{"train_samples": 3, "test_samples": 200, "source_model": "text-embedding-ada-002", "source_dim": 1536, "target_dim": 512, "test_results": {"bleu": 0.15, "bleu1": 15.88, "bleu2": 0.59, "bleu3": 0.01, "bleu4": 0.01, "rougeL": 0.1077, "rouge1": 0.1313, "rouge2": 0.0068, "exact_match": 0.0}, "loss": {"X_Y_COS": 1.0, "X_Y_MSEloss": 1.531844007922941e-14, "X_Y_test_COS": 0.8526003956794739, "X_Y_test_MSEloss": 0.0010311735095456243, "X_Y_val_COS": 0.8541107177734375, "X_Y_val_MSEloss": 0.001040338771417737}}