{"train_samples": 1000, "test_samples": 200, "source_model": "text-embedding-ada-002", "source_dim": 1536, "target_dim": 512, "test_results": {"bleu": 1.04, "bleu1": 23.42, "bleu2": 3.17, "bleu3": 0.33, "bleu4": 0.05, "rougeL": 0.1911, "rouge1": 0.2214, "rouge2": 0.0282, "exact_match": 0.0}, "loss": {"X_Y_COS": 0.9616953730583191, "X_Y_MSEloss": 0.00014646677300333977, "X_Y_test_COS": 0.8622770309448242, "X_Y_test_MSEloss": 0.0005021350225433707, "X_Y_val_COS": 0.8309773206710815, "X_Y_val_MSEloss": 0.0006094797281548381}}