{"train_samples": 1000, "test_samples": 200, "source_model": "text-embedding-ada-002", "source_dim": 1536, "target_dim": 512, "test_results": {"bleu": 6.81, "bleu1": 37.63, "bleu2": 11.12, "bleu3": 3.72, "bleu4": 1.38, "rougeL": 0.3174, "rouge1": 0.4013, "rouge2": 0.1237, "exact_match": 0.0}, "loss": {"X_Y_COS": 0.9616953730583191, "X_Y_MSEloss": 0.00014646677300333977, "X_Y_test_COS": 0.9404879808425903, "X_Y_test_MSEloss": 0.00022592807363253087, "X_Y_val_COS": 0.944518506526947, "X_Y_val_MSEloss": 0.00021068965725135058}}