{"train_samples": 40, "test_samples": 200, "source_model": "text-embedding-ada-002", "source_dim": 1536, "target_dim": 512, "test_results": {"bleu": 0.34, "bleu1": 14.75, "bleu2": 0.61, "bleu3": 0.07, "bleu4": 0.02, "rougeL": 0.0914, "rouge1": 0.1162, "rouge2": 0.0056, "exact_match": 0.0}, "loss": {"X_Y_COS": 1.0, "X_Y_MSEloss": 4.822168775397984e-10, "X_Y_test_COS": 0.8547214269638062, "X_Y_test_MSEloss": 0.0012037034612149, "X_Y_val_COS": 0.853321373462677, "X_Y_val_MSEloss": 0.0011989920167252421}}