{"epoch": 0, "dev_acc": 47.0, "test_acc": 46.0, "test_f1": 51.349999999999994, "test_roc": 46.650000000000006}