{"train_samples": 100, "test_samples": 200, "source_model": "intfloat/multilingual-e5-base", "source_dim": 768, "target_dim": 512, "test_results": {"bleu": 0.57, "bleu1": 17.27, "bleu2": 0.99, "bleu3": 0.24, "bleu4": 0.1, "rougeL": 0.0624, "rouge1": 0.0716, "rouge2": 0.0064, "exact_match": 0.0}, "loss": {"X_Y_COS": 1.0, "X_Y_MSEloss": 3.09315184576775e-10, "X_Y_test_COS": 0.8677575588226318, "X_Y_test_MSEloss": 0.0004892468568868935, "X_Y_val_COS": 0.866844892501831, "X_Y_val_MSEloss": 0.0004914577002637088}}