{"train_samples": 10, "test_samples": 200, "source_model": "google-t5/t5-base", "source_dim": 768, "target_dim": 512, "test_results": {"bleu": 0.18, "bleu1": 14.63, "bleu2": 0.64, "bleu3": 0.01, "bleu4": 0.01, "rougeL": 0.0988, "rouge1": 0.1241, "rouge2": 0.0063, "exact_match": 0.0}, "loss": {"X_Y_COS": 1.0, "X_Y_MSEloss": 6.182550127337486e-16, "X_Y_test_COS": 0.8995183110237122, "X_Y_test_MSEloss": 0.0003757158701773733, "X_Y_val_COS": 0.89896559715271, "X_Y_val_MSEloss": 0.0003774286014959216}}