{"train_samples": 500, "test_samples": 200, "source_model": "sentence-transformers/all-MiniLM-L6-v2", "source_dim": 384, "target_dim": 512, "test_results": {"bleu": 1.59, "bleu1": 18.51, "bleu2": 1.44, "bleu3": 0.68, "bleu4": 0.57, "rougeL": 0.0956, "rouge1": 0.1168, "rouge2": 0.0134, "exact_match": 0.0}, "loss": {"X_Y_COS": 0.9735215306282043, "X_Y_MSEloss": 0.00013125204714015126, "X_Y_test_COS": 0.5057699680328369, "X_Y_test_MSEloss": 0.0024357603397220373, "X_Y_val_COS": 0.5118594169616699, "X_Y_val_MSEloss": 0.0025327494367957115}}