{"train_samples": 500, "test_samples": 200, "source_model": "google-t5/t5-base", "source_dim": 768, "target_dim": 512, "test_results": {"bleu": 0.16, "bleu1": 15.01, "bleu2": 0.39, "bleu3": 0.02, "bleu4": 0.01, "rougeL": 0.0724, "rouge1": 0.0811, "rouge2": 0.0078, "exact_match": 0.0}, "loss": {"X_Y_COS": 0.9885659217834473, "X_Y_MSEloss": 9.117063018493354e-05, "X_Y_test_COS": 0.9137185215950012, "X_Y_test_MSEloss": 0.0006781124393455684, "X_Y_val_COS": 0.9085980653762817, "X_Y_val_MSEloss": 0.0007404700736515224}}