{"train_samples": 3, "test_samples": 200, "source_model": "google-bert/bert-base-multilingual-cased", "source_dim": 768, "target_dim": 512, "test_results": {"bleu": 0.13, "bleu1": 11.87, "bleu2": 0.24, "bleu3": 0.02, "bleu4": 0.01, "rougeL": 0.0491, "rouge1": 0.0581, "rouge2": 0.003, "exact_match": 0.0}, "loss": {"X_Y_COS": 1.0, "X_Y_MSEloss": 3.5938670921802063e-16, "X_Y_test_COS": 0.8460333943367004, "X_Y_test_MSEloss": 0.0005873518530279398, "X_Y_val_COS": 0.8366705179214478, "X_Y_val_MSEloss": 0.0006093101692385972}}