{"train_samples": 50, "test_samples": 200, "source_model": "google/mt5-base", "source_dim": 768, "target_dim": 512, "test_results": {"bleu": 0.24, "bleu1": 20.09, "bleu2": 0.97, "bleu3": 0.02, "bleu4": 0.01, "rougeL": 0.1116, "rouge1": 0.123, "rouge2": 0.0071, "exact_match": 0.0}, "loss": {"X_Y_COS": 1.0, "X_Y_MSEloss": 4.931320976564457e-12, "X_Y_test_COS": 0.8959410190582275, "X_Y_test_MSEloss": 0.0003892786044161767, "X_Y_val_COS": 0.8980201482772827, "X_Y_val_MSEloss": 0.0003785876906476915}}