{"train_samples": 30, "test_samples": 200, "source_model": "intfloat/multilingual-e5-base", "source_dim": 768, "target_dim": 512, "test_results": {"bleu": 0.32, "bleu1": 19.73, "bleu2": 1.0, "bleu3": 0.05, "bleu4": 0.01, "rougeL": 0.1149, "rouge1": 0.1641, "rouge2": 0.0145, "exact_match": 0.0}, "loss": {"X_Y_COS": 1.0, "X_Y_MSEloss": 2.321785613160904e-13, "X_Y_test_COS": 0.8990027904510498, "X_Y_test_MSEloss": 0.000374435301637277, "X_Y_val_COS": 0.8962469100952148, "X_Y_val_MSEloss": 0.0003839933779090643}}