{"train_samples": 1000, "test_samples": 200, "source_model": "google/mt5-base", "source_dim": 768, "target_dim": 512, "test_results": {"bleu": 10.61, "bleu1": 31.76, "bleu2": 11.62, "bleu3": 7.41, "bleu4": 4.63, "rougeL": 0.1882, "rouge1": 0.2289, "rouge2": 0.0553, "exact_match": 0.0}, "loss": {"X_Y_COS": 0.9697756767272949, "X_Y_MSEloss": 0.00011712663399521261, "X_Y_test_COS": 0.9172912240028381, "X_Y_test_MSEloss": 0.00031728282920084894, "X_Y_val_COS": 0.9260649681091309, "X_Y_val_MSEloss": 0.00028316161478869617}}