{"train_samples": 30, "test_samples": 200, "source_model": "sentence-transformers/gtr-t5-base", "source_dim": 768, "target_dim": 512, "test_results": {"bleu": 0.04, "bleu1": 8.43, "bleu2": 0.02, "bleu3": 0.01, "bleu4": 0.01, "rougeL": 0.0833, "rouge1": 0.0975, "rouge2": 0.0034, "exact_match": 0.0}, "loss": {"X_Y_COS": 1.0, "X_Y_MSEloss": 9.70922127419005e-13, "X_Y_test_COS": 0.77372145652771, "X_Y_test_MSEloss": 0.0008049543248489499, "X_Y_val_COS": 0.7749260067939758, "X_Y_val_MSEloss": 0.0008005365380086005}}