{"train_samples": 30, "test_samples": 200, "source_model": "google/mt5-base", "source_dim": 768, "target_dim": 512, "test_results": {"bleu": 0.64, "bleu1": 17.98, "bleu2": 1.56, "bleu3": 0.24, "bleu4": 0.05, "rougeL": 0.1326, "rouge1": 0.1525, "rouge2": 0.0172, "exact_match": 0.0}, "loss": {"X_Y_COS": 1.0, "X_Y_MSEloss": 8.365632492290942e-11, "X_Y_test_COS": 0.9380665421485901, "X_Y_test_MSEloss": 0.0005603443132713437, "X_Y_val_COS": 0.9377190470695496, "X_Y_val_MSEloss": 0.0005953122163191438}}