{"train_samples": 10, "test_samples": 200, "source_model": "text-embedding-3-large", "source_dim": 3072, "target_dim": 512, "test_results": {"bleu": 0.37, "bleu1": 17.17, "bleu2": 1.05, "bleu3": 0.1, "bleu4": 0.01, "rougeL": 0.1257, "rouge1": 0.1607, "rouge2": 0.0185, "exact_match": 0.0}, "loss": {"X_Y_COS": 1.0, "X_Y_MSEloss": 1.4571744696143164e-16, "X_Y_test_COS": 0.9114938378334045, "X_Y_test_MSEloss": 0.0007261813734658062, "X_Y_val_COS": 0.9062013626098633, "X_Y_val_MSEloss": 0.000726616068277508}}