{"train_samples": 50, "test_samples": 200, "source_model": "text-embedding-3-large", "source_dim": 3072, "target_dim": 512, "test_results": {"bleu": 2.38, "bleu1": 23.18, "bleu2": 2.95, "bleu3": 0.99, "bleu4": 0.47, "rougeL": 0.1529, "rouge1": 0.2091, "rouge2": 0.0354, "exact_match": 0.0}, "loss": {"X_Y_COS": 1.0, "X_Y_MSEloss": 1.925407956579169e-15, "X_Y_test_COS": 0.8741991519927979, "X_Y_test_MSEloss": 0.0005126732285134494, "X_Y_val_COS": 0.8629352450370789, "X_Y_val_MSEloss": 0.0005565965548157692}}