{"train_samples": 1000, "test_samples": 200, "source_model": "google-bert/bert-base-multilingual-cased", "source_dim": 768, "target_dim": 512, "test_results": {"bleu": 0.52, "bleu1": 18.04, "bleu2": 1.08, "bleu3": 0.24, "bleu4": 0.11, "rougeL": 0.0517, "rouge1": 0.0576, "rouge2": 0.0042, "exact_match": 0.0}, "loss": {"X_Y_COS": 0.959773600101471, "X_Y_MSEloss": 0.0002814612817019224, "X_Y_test_COS": 0.8988656401634216, "X_Y_test_MSEloss": 0.0006942760082893074, "X_Y_val_COS": 0.8971680998802185, "X_Y_val_MSEloss": 0.0007001928752288222}}