{"train_samples": 5, "test_samples": 200, "source_model": "intfloat/multilingual-e5-base", "source_dim": 768, "target_dim": 512, "test_results": {"bleu": 0.04, "bleu1": 12.85, "bleu2": 0.03, "bleu3": 0.02, "bleu4": 0.01, "rougeL": 0.0036, "rouge1": 0.0036, "rouge2": 0.0, "exact_match": 0.0}, "loss": {"X_Y_COS": 1.0, "X_Y_MSEloss": 6.988273277754194e-16, "X_Y_test_COS": 0.8862313032150269, "X_Y_test_MSEloss": 0.0006496923742815852, "X_Y_val_COS": 0.8813779950141907, "X_Y_val_MSEloss": 0.0006978370947763324}}