{"train_samples": 50, "test_samples": 200, "source_model": "google/mt5-base", "source_dim": 768, "target_dim": 512, "test_results": {"bleu": 0.18, "bleu1": 17.81, "bleu2": 0.64, "bleu3": 0.01, "bleu4": 0.01, "rougeL": 0.1048, "rouge1": 0.126, "rouge2": 0.0022, "exact_match": 0.0}, "loss": {"X_Y_COS": 1.0, "X_Y_MSEloss": 7.695464925017159e-12, "X_Y_test_COS": 0.9149995446205139, "X_Y_test_MSEloss": 0.00032180346897803247, "X_Y_val_COS": 0.9173698425292969, "X_Y_val_MSEloss": 0.00031325826421380043}}