{"train_samples": 20, "test_samples": 200, "source_model": "google-t5/t5-base", "source_dim": 768, "target_dim": 512, "test_results": {"bleu": 0.26, "bleu1": 17.57, "bleu2": 1.46, "bleu3": 0.02, "bleu4": 0.01, "rougeL": 0.1409, "rouge1": 0.1603, "rouge2": 0.0143, "exact_match": 0.0}, "loss": {"X_Y_COS": 1.0, "X_Y_MSEloss": 1.2398260959285267e-14, "X_Y_test_COS": 0.9330031275749207, "X_Y_test_MSEloss": 0.00025386924971826375, "X_Y_val_COS": 0.9362640976905823, "X_Y_val_MSEloss": 0.0002422804682282731}}