{"train_samples": 100, "test_samples": 200, "source_model": "google/flan-t5-base", "source_dim": 768, "target_dim": 512, "test_results": {"bleu": 0.2, "bleu1": 14.03, "bleu2": 0.32, "bleu3": 0.03, "bleu4": 0.02, "rougeL": 0.0391, "rouge1": 0.0422, "rouge2": 0.0023, "exact_match": 0.0}, "loss": {"X_Y_COS": 1.0, "X_Y_MSEloss": 5.471810504698027e-11, "X_Y_test_COS": 0.8872273564338684, "X_Y_test_MSEloss": 0.0004253688093740493, "X_Y_val_COS": 0.8903141617774963, "X_Y_val_MSEloss": 0.0004131044843234122}}