{"train_samples": 50, "test_samples": 200, "source_model": "google-t5/t5-base", "source_dim": 768, "target_dim": 512, "test_results": {"bleu": 0.08, "bleu1": 10.1, "bleu2": 0.04, "bleu3": 0.02, "bleu4": 0.01, "rougeL": 0.0169, "rouge1": 0.0172, "rouge2": 0.0, "exact_match": 0.0}, "loss": {"X_Y_COS": 1.0, "X_Y_MSEloss": 6.73285815988578e-10, "X_Y_test_COS": 0.8881570100784302, "X_Y_test_MSEloss": 0.0009054773836396635, "X_Y_val_COS": 0.8869430422782898, "X_Y_val_MSEloss": 0.0009326479630544782}}