{"train_samples": 40, "test_samples": 200, "source_model": "google-t5/t5-base", "source_dim": 768, "target_dim": 512, "test_results": {"bleu": 0.1, "bleu1": 11.4, "bleu2": 0.12, "bleu3": 0.02, "bleu4": 0.01, "rougeL": 0.007, "rouge1": 0.007, "rouge2": 0.0003, "exact_match": 0.0}, "loss": {"X_Y_COS": 1.0, "X_Y_MSEloss": 5.762800176292715e-13, "X_Y_test_COS": 0.8345068693161011, "X_Y_test_MSEloss": 0.0005959559930488467, "X_Y_val_COS": 0.8323333263397217, "X_Y_val_MSEloss": 0.0006043759640306234}}