{"train_samples": 5, "test_samples": 200, "source_model": "sentence-transformers/all-MiniLM-L6-v2", "source_dim": 384, "target_dim": 512, "test_results": {"bleu": 0.05, "bleu1": 7.81, "bleu2": 0.02, "bleu3": 0.01, "bleu4": 0.01, "rougeL": 0.0965, "rouge1": 0.1057, "rouge2": 0.006, "exact_match": 0.0}, "loss": {"X_Y_COS": 1.0, "X_Y_MSEloss": 2.36209669250863e-16, "X_Y_test_COS": 0.7701233625411987, "X_Y_test_MSEloss": 0.0008328068070113659, "X_Y_val_COS": 0.7754356861114502, "X_Y_val_MSEloss": 0.0008142429287545383}}