{"train_samples": 100, "test_samples": 200, "source_model": "text-embedding-3-large", "source_dim": 3072, "target_dim": 512, "test_results": {"bleu": 0.1, "bleu1": 10.65, "bleu2": 0.09, "bleu3": 0.02, "bleu4": 0.01, "rougeL": 0.0126, "rouge1": 0.0128, "rouge2": 0.0, "exact_match": 0.0}, "loss": {"X_Y_COS": 1.0, "X_Y_MSEloss": 2.8865673279377876e-14, "X_Y_test_COS": 0.9096596837043762, "X_Y_test_MSEloss": 0.00035078838118351996, "X_Y_val_COS": 0.9069961309432983, "X_Y_val_MSEloss": 0.0003599121409934014}}