{"train_samples": 1000, "test_samples": 200, "source_model": "google-bert/bert-base-multilingual-cased", "source_dim": 768, "target_dim": 512, "test_results": {"bleu": 0.11, "bleu1": 14.2, "bleu2": 0.12, "bleu3": 0.02, "bleu4": 0.01, "rougeL": 0.0175, "rouge1": 0.0192, "rouge2": 0.0004, "exact_match": 0.0}, "loss": {"X_Y_COS": 0.9563063979148865, "X_Y_MSEloss": 0.00025823229225352407, "X_Y_test_COS": 0.895075798034668, "X_Y_test_MSEloss": 0.0006149475811980665, "X_Y_val_COS": 0.8936437964439392, "X_Y_val_MSEloss": 0.0006407754844985902}}