{"train_samples": 6000, "test_samples": 200, "source_model": "google-bert/bert-base-multilingual-cased", "source_dim": 768, "target_dim": 512, "test_results": {"bleu": 0.16, "bleu1": 14.62, "bleu2": 0.37, "bleu3": 0.02, "bleu4": 0.01, "rougeL": 0.0743, "rouge1": 0.086, "rouge2": 0.0083, "exact_match": 0.0}, "loss": {"X_Y_COS": 0.9321504831314087, "X_Y_MSEloss": 0.00025715798255987465, "X_Y_test_COS": 0.9224583506584167, "X_Y_test_MSEloss": 0.0002933535724878311, "X_Y_val_COS": 0.9212854504585266, "X_Y_val_MSEloss": 0.0002960067358799279}}