{"train_samples": 40, "test_samples": 200, "source_model": "google/flan-t5-base", "source_dim": 768, "target_dim": 512, "test_results": {"bleu": 1.49, "bleu1": 21.84, "bleu2": 2.42, "bleu3": 0.48, "bleu4": 0.28, "rougeL": 0.1523, "rouge1": 0.1932, "rouge2": 0.03, "exact_match": 0.0}, "loss": {"X_Y_COS": 1.0, "X_Y_MSEloss": 4.0370914944354297e-10, "X_Y_test_COS": 0.8835442066192627, "X_Y_test_MSEloss": 0.0008511014748364687, "X_Y_val_COS": 0.8868165612220764, "X_Y_val_MSEloss": 0.0008140323334373534}}