{"train_samples": 3, "test_samples": 200, "source_model": "text-embedding-3-large", "source_dim": 3072, "target_dim": 512, "test_results": {"bleu": 0.16, "bleu1": 10.55, "bleu2": 0.19, "bleu3": 0.04, "bleu4": 0.02, "rougeL": 0.0077, "rouge1": 0.0077, "rouge2": 0.0, "exact_match": 0.0}, "loss": {"X_Y_COS": 1.0, "X_Y_MSEloss": 5.768576009256747e-15, "X_Y_test_COS": 0.8787400722503662, "X_Y_test_MSEloss": 0.0014587074983865023, "X_Y_val_COS": 0.8759004473686218, "X_Y_val_MSEloss": 0.0015107798390090466}}