{"train_samples": 20, "test_samples": 200, "source_model": "google-bert/bert-base-multilingual-cased", "source_dim": 768, "target_dim": 512, "test_results": {"bleu": 0.75, "bleu1": 19.22, "bleu2": 1.36, "bleu3": 0.26, "bleu4": 0.07, "rougeL": 0.1238, "rouge1": 0.1636, "rouge2": 0.0152, "exact_match": 0.0}, "loss": {"X_Y_COS": 1.0, "X_Y_MSEloss": 1.6543552958754246e-15, "X_Y_test_COS": 0.8761916756629944, "X_Y_test_MSEloss": 0.0004582554684020579, "X_Y_val_COS": 0.8774031400680542, "X_Y_val_MSEloss": 0.00045320173376239836}}