{"train_samples": 500, "test_samples": 200, "source_model": "google/flan-t5-base", "source_dim": 768, "target_dim": 512, "test_results": {"bleu": 0.36, "bleu1": 18.97, "bleu2": 0.82, "bleu3": 0.08, "bleu4": 0.04, "rougeL": 0.1083, "rouge1": 0.1303, "rouge2": 0.0028, "exact_match": 0.0}, "loss": {"X_Y_COS": 0.9891337752342224, "X_Y_MSEloss": 5.686820804839954e-05, "X_Y_test_COS": 0.913653552532196, "X_Y_test_MSEloss": 0.0004707856278400868, "X_Y_val_COS": 0.9123620390892029, "X_Y_val_MSEloss": 0.0004725493781734258}}