{"train_samples": 1, "test_samples": 200, "source_model": "google/flan-t5-base", "source_dim": 768, "target_dim": 512, "test_results": {"bleu": 0.09, "bleu1": 9.41, "bleu2": 0.1, "bleu3": 0.02, "bleu4": 0.01, "rougeL": 0.0062, "rouge1": 0.0065, "rouge2": 0.0, "exact_match": 0.0}, "loss": {"X_Y_COS": 1.0, "X_Y_MSEloss": 4.16868588480184e-16, "X_Y_test_COS": 0.6867043972015381, "X_Y_test_MSEloss": 0.001061878865584731, "X_Y_val_COS": 0.6878398060798645, "X_Y_val_MSEloss": 0.0010608237935230136}}