{"train_samples": 1000, "test_samples": 200, "source_model": "google-t5/t5-base", "source_dim": 768, "target_dim": 512, "test_results": {"bleu": 3.1, "bleu1": 31.4, "bleu2": 5.72, "bleu3": 1.33, "bleu4": 0.49, "rougeL": 0.2176, "rouge1": 0.296, "rouge2": 0.0587, "exact_match": 0.0}, "loss": {"X_Y_COS": 0.9815610647201538, "X_Y_MSEloss": 7.267393812071532e-05, "X_Y_test_COS": 0.9277889728546143, "X_Y_test_MSEloss": 0.0002844264672603458, "X_Y_val_COS": 0.928871214389801, "X_Y_val_MSEloss": 0.0002785781107377261}}