{"train_samples": 10, "test_samples": 200, "source_model": "text-embedding-3-large", "source_dim": 3072, "target_dim": 512, "test_results": {"bleu": 0.07, "bleu1": 9.21, "bleu2": 0.18, "bleu3": 0.02, "bleu4": 0.01, "rougeL": 0.022, "rouge1": 0.0225, "rouge2": 0.0008, "exact_match": 0.0}, "loss": {"X_Y_COS": 1.0, "X_Y_MSEloss": 1.9019425791244604e-12, "X_Y_test_COS": 0.890531599521637, "X_Y_test_MSEloss": 0.0022164469119161367, "X_Y_val_COS": 0.8939970135688782, "X_Y_val_MSEloss": 0.0023102303966879845}}