{"train_samples": 10, "test_samples": 200, "source_model": "text-embedding-3-large", "source_dim": 3072, "target_dim": 512, "test_results": {"bleu": 0.11, "bleu1": 13.83, "bleu2": 0.41, "bleu3": 0.02, "bleu4": 0.01, "rougeL": 0.0573, "rouge1": 0.0643, "rouge2": 0.0033, "exact_match": 0.0}, "loss": {"X_Y_COS": 1.0, "X_Y_MSEloss": 1.2874544779729722e-16, "X_Y_test_COS": 0.8700103759765625, "X_Y_test_MSEloss": 0.0010246859164908528, "X_Y_val_COS": 0.8722211122512817, "X_Y_val_MSEloss": 0.0010330908698961139}}