{"train_samples": 5, "test_samples": 200, "source_model": "text-embedding-3-large", "source_dim": 3072, "target_dim": 512, "test_results": {"bleu": 0.24, "bleu1": 15.87, "bleu2": 0.97, "bleu3": 0.03, "bleu4": 0.02, "rougeL": 0.0926, "rouge1": 0.1143, "rouge2": 0.0089, "exact_match": 0.0}, "loss": {"X_Y_COS": 1.0, "X_Y_MSEloss": 1.9241368512929157e-16, "X_Y_test_COS": 0.8148940205574036, "X_Y_test_MSEloss": 0.0014056360814720392, "X_Y_val_COS": 0.8097715377807617, "X_Y_val_MSEloss": 0.001398455468006432}}