{"train_samples": 500, "test_samples": 200, "source_model": "google/mt5-base", "source_dim": 768, "target_dim": 512, "test_results": {"bleu": 26.7, "bleu1": 46.08, "bleu2": 27.43, "bleu3": 23.14, "bleu4": 20.89, "rougeL": 0.4004, "rouge1": 0.447, "rouge2": 0.2741, "exact_match": 0.0}, "loss": {"X_Y_COS": 0.9791572690010071, "X_Y_MSEloss": 8.239930320996791e-05, "X_Y_test_COS": 0.920939564704895, "X_Y_test_MSEloss": 0.0003060043090954423, "X_Y_val_COS": 0.9207443594932556, "X_Y_val_MSEloss": 0.00030913049704395235}}