{"train_samples": 20, "test_samples": 200, "source_model": "text-embedding-ada-002", "source_dim": 1536, "target_dim": 512, "test_results": {"bleu": 0.13, "bleu1": 13.09, "bleu2": 0.27, "bleu3": 0.02, "bleu4": 0.01, "rougeL": 0.0788, "rouge1": 0.0941, "rouge2": 0.0016, "exact_match": 0.0}, "loss": {"X_Y_COS": 1.0, "X_Y_MSEloss": 2.318586295180225e-10, "X_Y_test_COS": 0.9191276431083679, "X_Y_test_MSEloss": 0.0006156231393106282, "X_Y_val_COS": 0.9183964133262634, "X_Y_val_MSEloss": 0.0006062211468815804}}