{"train_samples": 500, "test_samples": 200, "source_model": "text-embedding-ada-002", "source_dim": 1536, "target_dim": 512, "test_results": {"bleu": 0.15, "bleu1": 16.63, "bleu2": 0.36, "bleu3": 0.01, "bleu4": 0.01, "rougeL": 0.0729, "rouge1": 0.0835, "rouge2": 0.0019, "exact_match": 0.0}, "loss": {"X_Y_COS": 0.9717902541160583, "X_Y_MSEloss": 0.00010926656977972016, "X_Y_test_COS": 0.8798008561134338, "X_Y_test_MSEloss": 0.0004517708730418235, "X_Y_val_COS": 0.8757085204124451, "X_Y_val_MSEloss": 0.00046696505160070956}}