{"train_samples": 20, "test_samples": 200, "source_model": "intfloat/multilingual-e5-base", "source_dim": 768, "target_dim": 512, "test_results": {"bleu": 1.04, "bleu1": 20.19, "bleu2": 1.94, "bleu3": 0.38, "bleu4": 0.15, "rougeL": 0.1264, "rouge1": 0.1613, "rouge2": 0.0204, "exact_match": 0.0}, "loss": {"X_Y_COS": 1.0, "X_Y_MSEloss": 2.1652142578876266e-10, "X_Y_test_COS": 0.8798460364341736, "X_Y_test_MSEloss": 0.0008850421290844679, "X_Y_val_COS": 0.8813832402229309, "X_Y_val_MSEloss": 0.0008604945032857358}}