{"train_samples": 20, "test_samples": 200, "source_model": "intfloat/multilingual-e5-base", "source_dim": 768, "target_dim": 512, "test_results": {"bleu": 0.63, "bleu1": 19.21, "bleu2": 1.68, "bleu3": 0.24, "bleu4": 0.04, "rougeL": 0.1278, "rouge1": 0.1656, "rouge2": 0.0195, "exact_match": 0.0}, "loss": {"X_Y_COS": 1.0, "X_Y_MSEloss": 4.5315578275483687e-14, "X_Y_test_COS": 0.886652410030365, "X_Y_test_MSEloss": 0.00041810437687672675, "X_Y_val_COS": 0.8862454295158386, "X_Y_val_MSEloss": 0.0004195733927190304}}