{"train_samples": 3, "test_samples": 200, "source_model": "intfloat/multilingual-e5-base", "source_dim": 768, "target_dim": 512, "test_results": {"bleu": 0.41, "bleu1": 8.03, "bleu2": 0.27, "bleu3": 0.17, "bleu4": 0.07, "rougeL": 0.0048, "rouge1": 0.0048, "rouge2": 0.0, "exact_match": 0.0}, "loss": {"X_Y_COS": 1.0, "X_Y_MSEloss": 3.4750839562175916e-16, "X_Y_test_COS": 0.8528536558151245, "X_Y_test_MSEloss": 0.0005328084225766361, "X_Y_val_COS": 0.8500075936317444, "X_Y_val_MSEloss": 0.0005423481925390661}}