{"train_samples": 500, "test_samples": 200, "source_model": "intfloat/multilingual-e5-base", "source_dim": 768, "target_dim": 512, "test_results": {"bleu": 0.21, "bleu1": 9.26, "bleu2": 0.28, "bleu3": 0.04, "bleu4": 0.02, "rougeL": 0.0122, "rouge1": 0.0125, "rouge2": 0.0023, "exact_match": 0.0}, "loss": {"X_Y_COS": 0.9640124440193176, "X_Y_MSEloss": 0.00013890820264350623, "X_Y_test_COS": 0.8502464294433594, "X_Y_test_MSEloss": 0.0005705858930014074, "X_Y_val_COS": 0.8509077429771423, "X_Y_val_MSEloss": 0.0005690518883056939}}