{"train_samples": 100, "test_samples": 200, "source_model": "google/mt5-base", "source_dim": 768, "target_dim": 512, "test_results": {"bleu": 0.65, "bleu1": 18.75, "bleu2": 1.47, "bleu3": 0.18, "bleu4": 0.09, "rougeL": 0.0854, "rouge1": 0.1009, "rouge2": 0.007, "exact_match": 0.0}, "loss": {"X_Y_COS": 0.9999995231628418, "X_Y_MSEloss": 1.8940635726494293e-09, "X_Y_test_COS": 0.858742356300354, "X_Y_test_MSEloss": 0.0005240273312665522, "X_Y_val_COS": 0.8609916567802429, "X_Y_val_MSEloss": 0.0005179243162274361}}