{"train_samples": 100, "test_samples": 200, "source_model": "sentence-transformers/all-MiniLM-L6-v2", "source_dim": 384, "target_dim": 512, "test_results": {"bleu": 0.14, "bleu1": 7.66, "bleu2": 0.09, "bleu3": 0.03, "bleu4": 0.02, "rougeL": 0.068, "rouge1": 0.0755, "rouge2": 0.0013, "exact_match": 0.0}, "loss": {"X_Y_COS": 1.0, "X_Y_MSEloss": 1.8694928938245425e-10, "X_Y_test_COS": 0.8510105013847351, "X_Y_test_MSEloss": 0.0005790895665995777, "X_Y_val_COS": 0.8511520028114319, "X_Y_val_MSEloss": 0.000572757504414767}}