{"train_samples": 100, "test_samples": 200, "source_model": "intfloat/multilingual-e5-base", "source_dim": 768, "target_dim": 512, "test_results": {"bleu": 0.04, "bleu1": 9.01, "bleu2": 0.02, "bleu3": 0.01, "bleu4": 0.01, "rougeL": 0.0176, "rouge1": 0.0185, "rouge2": 0.0004, "exact_match": 0.0}, "loss": {"X_Y_COS": 0.9999995231628418, "X_Y_MSEloss": 1.5071265124788624e-08, "X_Y_test_COS": 0.8674278259277344, "X_Y_test_MSEloss": 0.0010880467016249895, "X_Y_val_COS": 0.8636289834976196, "X_Y_val_MSEloss": 0.0011295016156509519}}