{"train_samples": 5, "test_samples": 200, "source_model": "intfloat/multilingual-e5-base", "source_dim": 768, "target_dim": 512, "test_results": {"bleu": 0.17, "bleu1": 17.14, "bleu2": 0.88, "bleu3": 0.01, "bleu4": 0.01, "rougeL": 0.1154, "rouge1": 0.1497, "rouge2": 0.0089, "exact_match": 0.0}, "loss": {"X_Y_COS": 1.0, "X_Y_MSEloss": 4.2771534829558774e-16, "X_Y_test_COS": 0.8629689812660217, "X_Y_test_MSEloss": 0.0004987515276297927, "X_Y_val_COS": 0.8639065623283386, "X_Y_val_MSEloss": 0.0004961616359651089}}