{"train_samples": 1000, "test_samples": 200, "source_model": "google/mt5-base", "source_dim": 768, "target_dim": 512, "test_results": {"bleu": 0.13, "bleu1": 10.51, "bleu2": 0.18, "bleu3": 0.02, "bleu4": 0.01, "rougeL": 0.0651, "rouge1": 0.0735, "rouge2": 0.0013, "exact_match": 0.0}, "loss": {"X_Y_COS": 0.9006525278091431, "X_Y_MSEloss": 0.0004503933305386454, "X_Y_test_COS": 0.02355620637536049, "X_Y_test_MSEloss": 0.009429958648979664, "X_Y_val_COS": -0.003627137979492545, "X_Y_val_MSEloss": 0.008233506232500076}}