{"train_samples": 20, "test_samples": 200, "source_model": "text-embedding-ada-002", "source_dim": 1536, "target_dim": 512, "test_results": {"bleu": 0.08, "bleu1": 9.64, "bleu2": 0.05, "bleu3": 0.01, "bleu4": 0.01, "rougeL": 0.006, "rouge1": 0.006, "rouge2": 0.0, "exact_match": 0.0}, "loss": {"X_Y_COS": 1.0, "X_Y_MSEloss": 7.368414994097464e-15, "X_Y_test_COS": 0.8977798223495483, "X_Y_test_MSEloss": 0.00037870422238484025, "X_Y_val_COS": 0.9000689387321472, "X_Y_val_MSEloss": 0.00037049513775855303}}