{"train_samples": 100, "test_samples": 200, "source_model": "google-t5/t5-base", "source_dim": 768, "target_dim": 512, "test_results": {"bleu": 0.13, "bleu1": 8.78, "bleu2": 0.22, "bleu3": 0.02, "bleu4": 0.01, "rougeL": 0.092, "rouge1": 0.1098, "rouge2": 0.0023, "exact_match": 0.0}, "loss": {"X_Y_COS": 0.9807330369949341, "X_Y_MSEloss": 7.506181282224134e-05, "X_Y_test_COS": 0.8868390321731567, "X_Y_test_MSEloss": 0.0004370356327854097, "X_Y_val_COS": 0.8860942125320435, "X_Y_val_MSEloss": 0.0004365461936686188}}