{"cosine_similarities": {"X_Y_COS": 0.6421409845352173, "X_Y_test_COS": 0.37153157591819763, "X_Y_COS_LOSS": 0.3578590452671051, "X_Y_MSE_LOSS": 0.006364911794662476, "X_Y_test_COS_LOSS": 0.6284684538841248, "X_Y_test_MSE_LOSS": 0.012718040496110916}, "rouge_results": {"X_vs_gold": {"rouge1_f": 0.16841684855404446, "rouge2_f": 0.031244273922820386, "rougeL_f": 0.14463402411187246}, "Y_vs_gold": {"rouge1_f": 0.7443278060761083, "rouge2_f": 0.6787489192369293, "rougeL_f": 0.7300121887720072}, "X_vs_Y": {"rouge1_f": 0.15329663804667706, "rouge2_f": 0.02647987967912897, "rougeL_f": 0.1365735320287258}}}