{"train_samples": 3, "test_samples": 200, "source_model": "sentence-transformers/gtr-t5-base", "source_dim": 768, "target_dim": 512, "test_results": {"bleu": 0.56, "bleu1": 14.96, "bleu2": 0.68, "bleu3": 0.15, "bleu4": 0.07, "rougeL": 0.0865, "rouge1": 0.0976, "rouge2": 0.0046, "exact_match": 0.0}, "loss": {"X_Y_COS": 1.0, "X_Y_MSEloss": 3.0295729486260034e-16, "X_Y_test_COS": 0.8339816331863403, "X_Y_test_MSEloss": 0.0010550919687375426, "X_Y_val_COS": 0.8367269039154053, "X_Y_val_MSEloss": 0.0010362488683313131}}