{"train_samples": 30, "test_samples": 200, "source_model": "intfloat/multilingual-e5-base", "source_dim": 768, "target_dim": 512, "test_results": {"bleu": 0.38, "bleu1": 16.84, "bleu2": 1.05, "bleu3": 0.06, "bleu4": 0.02, "rougeL": 0.1175, "rouge1": 0.1537, "rouge2": 0.0121, "exact_match": 0.0}, "loss": {"X_Y_COS": 1.0, "X_Y_MSEloss": 8.680916771010294e-14, "X_Y_test_COS": 0.9170401692390442, "X_Y_test_MSEloss": 0.00031171171576716006, "X_Y_val_COS": 0.9157721996307373, "X_Y_val_MSEloss": 0.00031592726008966565}}