{"epoch": 0, "dev_acc": 47.0, "test_acc": 55.50000000000001, "test_f1": 56.589999999999996, "test_roc": 56.910000000000004}