{"epoch": 2, "dev_acc": 49.0, "test_acc": 54.50000000000001, "test_f1": 52.849999999999994, "test_roc": 54.26}