{"train_samples": 40, "test_samples": 200, "source_model": "text-embedding-ada-002", "source_dim": 1536, "target_dim": 512, "test_results": {"bleu": 0.12, "bleu1": 11.7, "bleu2": 0.12, "bleu3": 0.02, "bleu4": 0.01, "rougeL": 0.0608, "rouge1": 0.0699, "rouge2": 0.0081, "exact_match": 0.0}, "loss": {"X_Y_COS": 1.0, "X_Y_MSEloss": 2.0256101754701633e-13, "X_Y_test_COS": 0.8930726647377014, "X_Y_test_MSEloss": 0.00039588878280483186, "X_Y_val_COS": 0.8949697613716125, "X_Y_val_MSEloss": 0.0003892384411301464}}