{"train_samples": 30, "test_samples": 200, "source_model": "google-bert/bert-base-multilingual-cased", "source_dim": 768, "target_dim": 512, "test_results": {"bleu": 0.22, "bleu1": 8.61, "bleu2": 0.22, "bleu3": 0.07, "bleu4": 0.02, "rougeL": 0.0818, "rouge1": 0.0955, "rouge2": 0.0005, "exact_match": 0.0}, "loss": {"X_Y_COS": 1.0, "X_Y_MSEloss": 1.425762956861528e-14, "X_Y_test_COS": 0.8955889940261841, "X_Y_test_MSEloss": 0.0003893403918482363, "X_Y_val_COS": 0.8936493992805481, "X_Y_val_MSEloss": 0.0003977208398282528}}