{"train_samples": 40, "test_samples": 200, "source_model": "google/flan-t5-base", "source_dim": 768, "target_dim": 512, "test_results": {"bleu": 0.1, "bleu1": 9.19, "bleu2": 0.09, "bleu3": 0.02, "bleu4": 0.01, "rougeL": 0.0579, "rouge1": 0.065, "rouge2": 0.0009, "exact_match": 0.0}, "loss": {"X_Y_COS": 1.0, "X_Y_MSEloss": 5.659782087441556e-10, "X_Y_test_COS": 0.873051643371582, "X_Y_test_MSEloss": 0.0009465540642850101, "X_Y_val_COS": 0.8685486316680908, "X_Y_val_MSEloss": 0.0010146545246243477}}