{"train_samples": 40, "test_samples": 200, "source_model": "sentence-transformers/gtr-t5-base", "source_dim": 768, "target_dim": 512, "test_results": {"bleu": 10.6, "bleu1": 25.6, "bleu2": 9.5, "bleu3": 8.17, "bleu4": 7.54, "rougeL": 0.1904, "rouge1": 0.2257, "rouge2": 0.0903, "exact_match": 0.0}, "loss": {"X_Y_COS": 1.0, "X_Y_MSEloss": 7.506625677738304e-16, "X_Y_test_COS": 0.9032849073410034, "X_Y_test_MSEloss": 0.0003786160668823868, "X_Y_val_COS": 0.9091474413871765, "X_Y_val_MSEloss": 0.0003589251427911222}}