{"train_samples": 30, "test_samples": 200, "source_model": "text-embedding-3-large", "source_dim": 3072, "target_dim": 512, "test_results": {"bleu": 0.12, "bleu1": 14.85, "bleu2": 0.21, "bleu3": 0.02, "bleu4": 0.01, "rougeL": 0.0835, "rouge1": 0.1019, "rouge2": 0.0007, "exact_match": 0.0}, "loss": {"X_Y_COS": 1.0, "X_Y_MSEloss": 4.573695217927076e-16, "X_Y_test_COS": 0.9098984599113464, "X_Y_test_MSEloss": 0.0003996483574155718, "X_Y_val_COS": 0.909626305103302, "X_Y_val_MSEloss": 0.00039454145007766783}}