{"train_samples": 3, "test_samples": 200, "source_model": "google-bert/bert-base-multilingual-cased", "source_dim": 768, "target_dim": 512, "test_results": {"bleu": 0.21, "bleu1": 18.51, "bleu2": 0.63, "bleu3": 0.03, "bleu4": 0.01, "rougeL": 0.0872, "rouge1": 0.1037, "rouge2": 0.0117, "exact_match": 0.0}, "loss": {"X_Y_COS": 1.0, "X_Y_MSEloss": 4.0859889993702186e-16, "X_Y_test_COS": 0.9023728966712952, "X_Y_test_MSEloss": 0.0004208334139548242, "X_Y_val_COS": 0.9006972908973694, "X_Y_val_MSEloss": 0.0004283780581317842}}