{"train_samples": 1, "test_samples": 200, "source_model": "text-embedding-3-large", "source_dim": 3072, "target_dim": 512, "test_results": {"bleu": 0.04, "bleu1": 12.5, "bleu2": 0.03, "bleu3": 0.01, "bleu4": 0.01, "rougeL": 0.0255, "rouge1": 0.0267, "rouge2": 0.0, "exact_match": 0.0}, "loss": {"X_Y_COS": 1.0, "X_Y_MSEloss": 1.2344220098431765e-16, "X_Y_test_COS": 0.7481674551963806, "X_Y_test_MSEloss": 0.001455191639252007, "X_Y_val_COS": 0.7520913481712341, "X_Y_val_MSEloss": 0.0014463383704423904}}