{"train_samples": 20, "test_samples": 200, "source_model": "intfloat/multilingual-e5-base", "source_dim": 768, "target_dim": 512, "test_results": {"bleu": 0.18, "bleu1": 20.47, "bleu2": 0.73, "bleu3": 0.01, "bleu4": 0.01, "rougeL": 0.1304, "rouge1": 0.1633, "rouge2": 0.0073, "exact_match": 0.0}, "loss": {"X_Y_COS": 1.0, "X_Y_MSEloss": 2.9539101741894724e-14, "X_Y_test_COS": 0.8786242604255676, "X_Y_test_MSEloss": 0.00044553130283020437, "X_Y_val_COS": 0.8805567026138306, "X_Y_val_MSEloss": 0.0004387914959806949}}