{"train_samples": 50, "test_samples": 200, "source_model": "sentence-transformers/all-MiniLM-L6-v2", "source_dim": 384, "target_dim": 512, "test_results": {"bleu": 0.15, "bleu1": 16.3, "bleu2": 0.53, "bleu3": 0.01, "bleu4": 0.01, "rougeL": 0.0858, "rouge1": 0.1094, "rouge2": 0.0059, "exact_match": 0.0}, "loss": {"X_Y_COS": 1.0, "X_Y_MSEloss": 1.2886024458445182e-15, "X_Y_test_COS": 0.6411107778549194, "X_Y_test_MSEloss": 0.001083261682651937, "X_Y_val_COS": 0.5974266529083252, "X_Y_val_MSEloss": 0.001134552527219057}}