{"train_samples": 6000, "test_samples": 200, "source_model": "sentence-transformers/gtr-t5-base", "source_dim": 768, "target_dim": 512, "test_results": {"bleu": 30.56, "bleu1": 50.32, "bleu2": 31.3, "bleu3": 26.23, "bleu4": 23.8, "rougeL": 0.4454, "rouge1": 0.506, "rouge2": 0.3241, "exact_match": 0.0}, "loss": {"X_Y_COS": 0.9547457695007324, "X_Y_MSEloss": 0.00017395456961821765, "X_Y_test_COS": 0.9429158568382263, "X_Y_test_MSEloss": 0.00021884252782911062, "X_Y_val_COS": 0.9451736211776733, "X_Y_val_MSEloss": 0.00020940578542649746}}