{"train_samples": 500, "test_samples": 200, "source_model": "google-t5/t5-base", "source_dim": 768, "target_dim": 512, "test_results": {"bleu": 8.18, "bleu1": 34.57, "bleu2": 9.8, "bleu3": 5.38, "bleu4": 3.6, "rougeL": 0.254, "rouge1": 0.3235, "rouge2": 0.1058, "exact_match": 0.0}, "loss": {"X_Y_COS": 0.9833052158355713, "X_Y_MSEloss": 6.519722955999896e-05, "X_Y_test_COS": 0.9026947617530823, "X_Y_test_MSEloss": 0.00037725860602222383, "X_Y_val_COS": 0.9040806293487549, "X_Y_val_MSEloss": 0.00037013759720139205}}