{"train_samples": 1000, "test_samples": 200, "source_model": "google-bert/bert-base-multilingual-cased", "source_dim": 768, "target_dim": 512, "test_results": {"bleu": 1.19, "bleu1": 10.16, "bleu2": 1.2, "bleu3": 0.64, "bleu4": 0.27, "rougeL": 0.0444, "rouge1": 0.0514, "rouge2": 0.0012, "exact_match": 0.0}, "loss": {"X_Y_COS": 0.893801212310791, "X_Y_MSEloss": 0.00047810233081690967, "X_Y_test_COS": -0.04420885816216469, "X_Y_test_MSEloss": 0.008021233603358269, "X_Y_val_COS": -0.03970707207918167, "X_Y_val_MSEloss": 0.007752053439617157}}