{"train_samples": 40, "test_samples": 200, "source_model": "intfloat/multilingual-e5-base", "source_dim": 768, "target_dim": 512, "test_results": {"bleu": 0.09, "bleu1": 8.13, "bleu2": 0.06, "bleu3": 0.02, "bleu4": 0.01, "rougeL": 0.0056, "rouge1": 0.0056, "rouge2": 0.0, "exact_match": 0.0}, "loss": {"X_Y_COS": 1.0, "X_Y_MSEloss": 1.699039671974878e-12, "X_Y_test_COS": 0.9094578623771667, "X_Y_test_MSEloss": 0.00033738015918061137, "X_Y_val_COS": 0.9063761830329895, "X_Y_val_MSEloss": 0.0003488872607704252}}