{"train_samples": 50, "test_samples": 200, "source_model": "google/flan-t5-base", "source_dim": 768, "target_dim": 512, "test_results": {"bleu": 0.14, "bleu1": 8.69, "bleu2": 0.11, "bleu3": 0.03, "bleu4": 0.02, "rougeL": 0.0048, "rouge1": 0.0048, "rouge2": 0.0, "exact_match": 0.0}, "loss": {"X_Y_COS": 0.9893923997879028, "X_Y_MSEloss": 4.026532042189501e-05, "X_Y_test_COS": 0.8644288182258606, "X_Y_test_MSEloss": 0.0005078465328551829, "X_Y_val_COS": 0.8677332401275635, "X_Y_val_MSEloss": 0.0004941931110806763}}