{"train_samples": 3, "test_samples": 200, "source_model": "sentence-transformers/gtr-t5-base", "source_dim": 768, "target_dim": 512, "test_results": {"bleu": 0.12, "bleu1": 12.05, "bleu2": 0.2, "bleu3": 0.02, "bleu4": 0.01, "rougeL": 0.0514, "rouge1": 0.0564, "rouge2": 0.002, "exact_match": 0.0}, "loss": {"X_Y_COS": 1.0, "X_Y_MSEloss": 3.7696277522244537e-16, "X_Y_test_COS": 0.8540732860565186, "X_Y_test_MSEloss": 0.000637960562016815, "X_Y_val_COS": 0.8561154007911682, "X_Y_val_MSEloss": 0.0006254150066524744}}