{"train_samples": 500, "test_samples": 200, "source_model": "google-t5/t5-base", "source_dim": 768, "target_dim": 512, "test_results": {"bleu": 0.13, "bleu1": 11.74, "bleu2": 0.14, "bleu3": 0.02, "bleu4": 0.01, "rougeL": 0.015, "rouge1": 0.0158, "rouge2": 0.0004, "exact_match": 0.0}, "loss": {"X_Y_COS": 0.9220840334892273, "X_Y_MSEloss": 0.00029050660668872297, "X_Y_test_COS": 0.8342195153236389, "X_Y_test_MSEloss": 0.000615085125900805, "X_Y_val_COS": 0.8361968994140625, "X_Y_val_MSEloss": 0.0006111418479122221}}