{"train_samples": 40, "test_samples": 200, "source_model": "sentence-transformers/all-MiniLM-L6-v2", "source_dim": 384, "target_dim": 512, "test_results": {"bleu": 0.37, "bleu1": 17.83, "bleu2": 0.74, "bleu3": 0.06, "bleu4": 0.03, "rougeL": 0.105, "rouge1": 0.1399, "rouge2": 0.0086, "exact_match": 0.0}, "loss": {"X_Y_COS": 1.0, "X_Y_MSEloss": 3.4148207383940003e-15, "X_Y_test_COS": 0.8713561296463013, "X_Y_test_MSEloss": 0.0005048060556873679, "X_Y_val_COS": 0.8701480627059937, "X_Y_val_MSEloss": 0.0005062839481979609}}