{"train_samples": 500, "test_samples": 200, "source_model": "google/flan-t5-base", "source_dim": 768, "target_dim": 512, "test_results": {"bleu": 0.12, "bleu1": 10.96, "bleu2": 0.2, "bleu3": 0.01, "bleu4": 0.01, "rougeL": 0.016, "rouge1": 0.016, "rouge2": 0.0008, "exact_match": 0.0}, "loss": {"X_Y_COS": 0.953895092010498, "X_Y_MSEloss": 0.00017540990666020662, "X_Y_test_COS": 0.8846442699432373, "X_Y_test_MSEloss": 0.0004395505820866674, "X_Y_val_COS": 0.8824067711830139, "X_Y_val_MSEloss": 0.00044939867802895606}}