{"train_samples": 100, "test_samples": 200, "source_model": "sentence-transformers/all-MiniLM-L6-v2", "source_dim": 384, "target_dim": 512, "test_results": {"bleu": 1.88, "bleu1": 17.73, "bleu2": 2.02, "bleu3": 0.85, "bleu4": 0.68, "rougeL": 0.1186, "rouge1": 0.1491, "rouge2": 0.0211, "exact_match": 0.0}, "loss": {"X_Y_COS": 1.0, "X_Y_MSEloss": 4.614791350703723e-15, "X_Y_test_COS": 0.5074586272239685, "X_Y_test_MSEloss": 0.0014353891601786017, "X_Y_val_COS": 0.545500636100769, "X_Y_val_MSEloss": 0.0013414272107183933}}