{"train_samples": 30, "test_samples": 200, "source_model": "sentence-transformers/all-MiniLM-L6-v2", "source_dim": 384, "target_dim": 512, "test_results": {"bleu": 0.21, "bleu1": 14.72, "bleu2": 0.87, "bleu3": 0.02, "bleu4": 0.01, "rougeL": 0.116, "rouge1": 0.1252, "rouge2": 0.0083, "exact_match": 0.0}, "loss": {"X_Y_COS": 1.0, "X_Y_MSEloss": 1.797318151987716e-15, "X_Y_test_COS": 0.8655888438224792, "X_Y_test_MSEloss": 0.000512207392603159, "X_Y_val_COS": 0.8669919967651367, "X_Y_val_MSEloss": 0.0005054783541709185}}