{"train_samples": 30, "test_samples": 200, "source_model": "sentence-transformers/all-MiniLM-L6-v2", "source_dim": 384, "target_dim": 512, "test_results": {"bleu": 0.2, "bleu1": 12.62, "bleu2": 0.86, "bleu3": 0.02, "bleu4": 0.01, "rougeL": 0.0977, "rouge1": 0.1068, "rouge2": 0.0078, "exact_match": 0.0}, "loss": {"X_Y_COS": 1.0, "X_Y_MSEloss": 4.516200954873817e-11, "X_Y_test_COS": 0.8693865537643433, "X_Y_test_MSEloss": 0.0009506126516498625, "X_Y_val_COS": 0.8731722831726074, "X_Y_val_MSEloss": 0.0009457343840040267}}