{"train_samples": 10, "test_samples": 200, "source_model": "google/mt5-base", "source_dim": 768, "target_dim": 512, "test_results": {"bleu": 0.63, "bleu1": 15.18, "bleu2": 1.21, "bleu3": 0.35, "bleu4": 0.22, "rougeL": 0.0585, "rouge1": 0.0698, "rouge2": 0.006, "exact_match": 0.0}, "loss": {"X_Y_COS": 1.0, "X_Y_MSEloss": 2.0433816466815637e-15, "X_Y_test_COS": 0.8459757566452026, "X_Y_test_MSEloss": 0.000551499193534255, "X_Y_val_COS": 0.8367080688476562, "X_Y_val_MSEloss": 0.0005848511937074363}}