{"train_samples": 500, "test_samples": 200, "source_model": "google-t5/t5-base", "source_dim": 768, "target_dim": 512, "test_results": {"bleu": 0.18, "bleu1": 18.87, "bleu2": 0.82, "bleu3": 0.02, "bleu4": 0.01, "rougeL": 0.1159, "rouge1": 0.1371, "rouge2": 0.0035, "exact_match": 0.0}, "loss": {"X_Y_COS": 0.9929184913635254, "X_Y_MSEloss": 5.2276056521805e-05, "X_Y_test_COS": 0.9429082274436951, "X_Y_test_MSEloss": 0.00043200276559218764, "X_Y_val_COS": 0.9422569870948792, "X_Y_val_MSEloss": 0.0004331158706918359}}