{"train_samples": 500, "test_samples": 200, "source_model": "google-t5/t5-base", "source_dim": 768, "target_dim": 512, "test_results": {"bleu": 0.22, "bleu1": 10.62, "bleu2": 0.36, "bleu3": 0.03, "bleu4": 0.02, "rougeL": 0.0097, "rouge1": 0.0105, "rouge2": 0.0022, "exact_match": 0.0}, "loss": {"X_Y_COS": 0.9470577239990234, "X_Y_MSEloss": 0.00020065803255420178, "X_Y_test_COS": 0.8887704014778137, "X_Y_test_MSEloss": 0.0004214502696413547, "X_Y_val_COS": 0.881054162979126, "X_Y_val_MSEloss": 0.0004503389063756913}}