{"train_samples": 40, "test_samples": 200, "source_model": "google/mt5-base", "source_dim": 768, "target_dim": 512, "test_results": {"bleu": 0.22, "bleu1": 14.77, "bleu2": 0.5, "bleu3": 0.03, "bleu4": 0.02, "rougeL": 0.0603, "rouge1": 0.0674, "rouge2": 0.0029, "exact_match": 0.0}, "loss": {"X_Y_COS": 1.0, "X_Y_MSEloss": 2.622473418978366e-12, "X_Y_test_COS": 0.8776803612709045, "X_Y_test_MSEloss": 0.0004518410423770547, "X_Y_val_COS": 0.8764165043830872, "X_Y_val_MSEloss": 0.0004563853144645691}}