{"train_samples": 500, "test_samples": 200, "source_model": "text-embedding-ada-002", "source_dim": 1536, "target_dim": 512, "test_results": {"bleu": 0.18, "bleu1": 19.32, "bleu2": 0.67, "bleu3": 0.02, "bleu4": 0.01, "rougeL": 0.1087, "rouge1": 0.1458, "rouge2": 0.0091, "exact_match": 0.0}, "loss": {"X_Y_COS": 0.9732221961021423, "X_Y_MSEloss": 0.000103767539258115, "X_Y_test_COS": 0.8854939937591553, "X_Y_test_MSEloss": 0.00043174493475817144, "X_Y_val_COS": 0.8853259086608887, "X_Y_val_MSEloss": 0.00043229892617091537}}