{"train_samples": 5, "test_samples": 200, "source_model": "google-t5/t5-base", "source_dim": 768, "target_dim": 512, "test_results": {"bleu": 0.08, "bleu1": 9.3, "bleu2": 0.03, "bleu3": 0.02, "bleu4": 0.01, "rougeL": 0.1925, "rouge1": 0.2615, "rouge2": 0.0111, "exact_match": 0.0}, "loss": {"X_Y_COS": 1.0, "X_Y_MSEloss": 2.1594905937505782e-15, "X_Y_test_COS": 0.8606061935424805, "X_Y_test_MSEloss": 0.0005089669139124453, "X_Y_val_COS": 0.8592316508293152, "X_Y_val_MSEloss": 0.000513658975251019}}