{"train_samples": 30, "test_samples": 200, "source_model": "google/flan-t5-base", "source_dim": 768, "target_dim": 512, "test_results": {"bleu": 0.09, "bleu1": 9.58, "bleu2": 0.07, "bleu3": 0.02, "bleu4": 0.01, "rougeL": 0.0478, "rouge1": 0.0538, "rouge2": 0.0, "exact_match": 0.0}, "loss": {"X_Y_COS": 1.0, "X_Y_MSEloss": 4.544642792517553e-14, "X_Y_test_COS": 0.8590965867042542, "X_Y_test_MSEloss": 0.0005151733639650047, "X_Y_val_COS": 0.8568020462989807, "X_Y_val_MSEloss": 0.0005219862214289606}}