{"train_samples": 10, "test_samples": 200, "source_model": "google/flan-t5-base", "source_dim": 768, "target_dim": 512, "test_results": {"bleu": 0.29, "bleu1": 15.88, "bleu2": 0.97, "bleu3": 0.04, "bleu4": 0.01, "rougeL": 0.1142, "rouge1": 0.149, "rouge2": 0.0115, "exact_match": 0.0}, "loss": {"X_Y_COS": 1.0, "X_Y_MSEloss": 7.375602915687864e-16, "X_Y_test_COS": 0.8928889632225037, "X_Y_test_MSEloss": 0.000824726652354002, "X_Y_val_COS": 0.8976032137870789, "X_Y_val_MSEloss": 0.0008137522381730378}}