{"train_samples": 1000, "test_samples": 200, "source_model": "google/mt5-base", "source_dim": 768, "target_dim": 512, "test_results": {"bleu": 2.35, "bleu1": 23.27, "bleu2": 3.96, "bleu3": 0.94, "bleu4": 0.35, "rougeL": 0.1765, "rouge1": 0.2091, "rouge2": 0.0303, "exact_match": 0.0}, "loss": {"X_Y_COS": 0.9864755272865295, "X_Y_MSEloss": 5.8068399084731936e-05, "X_Y_test_COS": 0.7577657699584961, "X_Y_test_MSEloss": 0.0010903020156547427, "X_Y_val_COS": 0.7780429720878601, "X_Y_val_MSEloss": 0.0010008367244154215}}