{"train_samples": 10, "test_samples": 200, "source_model": "google-t5/t5-base", "source_dim": 768, "target_dim": 512, "test_results": {"bleu": 0.31, "bleu1": 15.69, "bleu2": 0.82, "bleu3": 0.1, "bleu4": 0.01, "rougeL": 0.09, "rouge1": 0.1093, "rouge2": 0.0106, "exact_match": 0.0}, "loss": {"X_Y_COS": 1.0, "X_Y_MSEloss": 5.126797673967885e-16, "X_Y_test_COS": 0.8828931450843811, "X_Y_test_MSEloss": 0.00043612299486994743, "X_Y_val_COS": 0.8828900456428528, "X_Y_val_MSEloss": 0.0004387615481391549}}