{"train_samples": 1000, "test_samples": 200, "source_model": "sentence-transformers/gtr-t5-base", "source_dim": 768, "target_dim": 512, "test_results": {"bleu": 0.08, "bleu1": 8.81, "bleu2": 0.03, "bleu3": 0.02, "bleu4": 0.01, "rougeL": 0.0807, "rouge1": 0.0944, "rouge2": 0.0024, "exact_match": 0.0}, "loss": {"X_Y_COS": 0.9552063345909119, "X_Y_MSEloss": 0.00017160482821054757, "X_Y_test_COS": 0.8933095932006836, "X_Y_test_MSEloss": 0.0004094292235095054, "X_Y_val_COS": 0.8953593373298645, "X_Y_val_MSEloss": 0.0004020405758637935}}