{"train_samples": 1000, "test_samples": 200, "source_model": "google/mt5-base", "source_dim": 768, "target_dim": 512, "test_results": {"bleu": 0.19, "bleu1": 9.71, "bleu2": 0.26, "bleu3": 0.03, "bleu4": 0.02, "rougeL": 0.0625, "rouge1": 0.0694, "rouge2": 0.0033, "exact_match": 0.0}, "loss": {"X_Y_COS": 0.9077916145324707, "X_Y_MSEloss": 0.000440591131336987, "X_Y_test_COS": 0.04877351224422455, "X_Y_test_MSEloss": 0.007478183135390282, "X_Y_val_COS": 0.09620748460292816, "X_Y_val_MSEloss": 0.007779609877616167}}