{"train_samples": 5, "test_samples": 200, "source_model": "google/flan-t5-base", "source_dim": 768, "target_dim": 512, "test_results": {"bleu": 0.75, "bleu1": 16.8, "bleu2": 0.96, "bleu3": 0.16, "bleu4": 0.12, "rougeL": 0.1146, "rouge1": 0.137, "rouge2": 0.0088, "exact_match": 0.0}, "loss": {"X_Y_COS": 1.0, "X_Y_MSEloss": 3.7872325379397463e-16, "X_Y_test_COS": 0.8595205545425415, "X_Y_test_MSEloss": 0.0005334630259312689, "X_Y_val_COS": 0.8589158654212952, "X_Y_val_MSEloss": 0.0005331965512596071}}