{"train_samples": 5, "test_samples": 200, "source_model": "google-t5/t5-base", "source_dim": 768, "target_dim": 512, "test_results": {"bleu": 0.46, "bleu1": 17.98, "bleu2": 1.08, "bleu3": 0.08, "bleu4": 0.03, "rougeL": 0.1206, "rouge1": 0.1499, "rouge2": 0.0113, "exact_match": 0.0}, "loss": {"X_Y_COS": 1.0, "X_Y_MSEloss": 3.8533442535663325e-16, "X_Y_test_COS": 0.8627690076828003, "X_Y_test_MSEloss": 0.0005039168754592538, "X_Y_val_COS": 0.8613486886024475, "X_Y_val_MSEloss": 0.0005081247654743493}}