{"train_samples": 20, "test_samples": 200, "source_model": "text-embedding-3-large", "source_dim": 3072, "target_dim": 512, "test_results": {"bleu": 0.17, "bleu1": 14.19, "bleu2": 0.47, "bleu3": 0.03, "bleu4": 0.01, "rougeL": 0.1145, "rouge1": 0.1277, "rouge2": 0.0044, "exact_match": 0.0}, "loss": {"X_Y_COS": 1.0, "X_Y_MSEloss": 1.492723167295651e-10, "X_Y_test_COS": 0.9048380255699158, "X_Y_test_MSEloss": 0.0007740323198959231, "X_Y_val_COS": 0.9056050181388855, "X_Y_val_MSEloss": 0.0007854142459109426}}