{"train_samples": 500, "test_samples": 200, "source_model": "text-embedding-3-large", "source_dim": 3072, "target_dim": 512, "test_results": {"bleu": 24.41, "bleu1": 42.03, "bleu2": 24.39, "bleu3": 20.95, "bleu4": 19.03, "rougeL": 0.3648, "rouge1": 0.414, "rouge2": 0.2504, "exact_match": 0.0}, "loss": {"X_Y_COS": 0.9746108055114746, "X_Y_MSEloss": 0.00011857885692734271, "X_Y_test_COS": 0.9318990707397461, "X_Y_test_MSEloss": 0.00028566495166160166, "X_Y_val_COS": 0.9306785464286804, "X_Y_val_MSEloss": 0.00029203921440057456, "reg_lambda": 1}}