{"train_samples": 1000, "test_samples": 200, "source_model": "google/mt5-base", "source_dim": 768, "target_dim": 512, "test_results": {"bleu": 26.47, "bleu1": 45.45, "bleu2": 26.81, "bleu3": 22.46, "bleu4": 20.32, "rougeL": 0.3855, "rouge1": 0.4348, "rouge2": 0.27, "exact_match": 0.0}, "loss": {"X_Y_COS": 0.9517911672592163, "X_Y_MSEloss": 0.000186030738404952, "X_Y_test_COS": 0.9402848482131958, "X_Y_test_MSEloss": 0.0002271273115184158, "X_Y_val_COS": 0.940153181552887, "X_Y_val_MSEloss": 0.00022825314954388887, "reg_lambda": 1}}