{"train_samples": 1000, "test_samples": 200, "source_model": "google-bert/bert-base-multilingual-cased", "source_dim": 768, "target_dim": 512, "test_results": {"bleu": 0.27, "bleu1": 16.05, "bleu2": 0.81, "bleu3": 0.03, "bleu4": 0.02, "rougeL": 0.1233, "rouge1": 0.1587, "rouge2": 0.009, "exact_match": 0.0}, "loss": {"X_Y_COS": 0.9631029963493347, "X_Y_MSEloss": 0.00014282268239185214, "X_Y_test_COS": 0.9096728563308716, "X_Y_test_MSEloss": 0.00034592716838233173, "X_Y_val_COS": 0.9090489149093628, "X_Y_val_MSEloss": 0.0003488030924927443}}