{"epoch": 0, "dev_acc": 56.49999999999999, "test_acc": 56.00000000000001, "test_f1": 55.779999999999994, "test_roc": 72.05}