{"train_samples": 3, "test_samples": 200, "source_model": "google-t5/t5-base", "source_dim": 768, "target_dim": 512, "test_results": {"bleu": 0.1, "bleu1": 9.43, "bleu2": 0.16, "bleu3": 0.02, "bleu4": 0.01, "rougeL": 0.066, "rouge1": 0.0747, "rouge2": 0.0094, "exact_match": 0.0}, "loss": {"X_Y_COS": 1.0, "X_Y_MSEloss": 3.7537165030080777e-16, "X_Y_test_COS": 0.8606775999069214, "X_Y_test_MSEloss": 0.000511628168169409, "X_Y_val_COS": 0.8629058599472046, "X_Y_val_MSEloss": 0.0005062445416115224}}