{"train_samples": 10, "test_samples": 200, "source_model": "text-embedding-3-large", "source_dim": 3072, "target_dim": 512, "test_results": {"bleu": 0.08, "bleu1": 8.5, "bleu2": 0.03, "bleu3": 0.02, "bleu4": 0.01, "rougeL": 0.2118, "rouge1": 0.3006, "rouge2": 0.0213, "exact_match": 0.0}, "loss": {"X_Y_COS": 1.0, "X_Y_MSEloss": 1.4337765079353964e-16, "X_Y_test_COS": 0.8789965510368347, "X_Y_test_MSEloss": 0.0005137446569278836, "X_Y_val_COS": 0.8777589797973633, "X_Y_val_MSEloss": 0.0005169639480300248}}