{"train_samples": 20, "test_samples": 200, "source_model": "sentence-transformers/all-MiniLM-L6-v2", "source_dim": 384, "target_dim": 512, "test_results": {"bleu": 0.16, "bleu1": 13.42, "bleu2": 0.6, "bleu3": 0.02, "bleu4": 0.01, "rougeL": 0.1022, "rouge1": 0.128, "rouge2": 0.0056, "exact_match": 0.0}, "loss": {"X_Y_COS": 1.0, "X_Y_MSEloss": 4.82007063250375e-16, "X_Y_test_COS": 0.8624484539031982, "X_Y_test_MSEloss": 0.0005416799103841186, "X_Y_val_COS": 0.8589946627616882, "X_Y_val_MSEloss": 0.0005439421511255205}}