{"train_samples": 20, "test_samples": 200, "source_model": "text-embedding-ada-002", "source_dim": 1536, "target_dim": 512, "test_results": {"bleu": 1.91, "bleu1": 21.73, "bleu2": 2.33, "bleu3": 0.77, "bleu4": 0.34, "rougeL": 0.1405, "rouge1": 0.1907, "rouge2": 0.0253, "exact_match": 0.0}, "loss": {"X_Y_COS": 1.0, "X_Y_MSEloss": 6.071148883510192e-15, "X_Y_test_COS": 0.8700780868530273, "X_Y_test_MSEloss": 0.00047434045700356364, "X_Y_val_COS": 0.8653550744056702, "X_Y_val_MSEloss": 0.0004902513464912772}}