{"train_samples": 5, "test_samples": 200, "source_model": "google-bert/bert-base-multilingual-cased", "source_dim": 768, "target_dim": 512, "test_results": {"bleu": 0.18, "bleu1": 15.84, "bleu2": 0.45, "bleu3": 0.02, "bleu4": 0.01, "rougeL": 0.1113, "rouge1": 0.1355, "rouge2": 0.0048, "exact_match": 0.0}, "loss": {"X_Y_COS": 1.0, "X_Y_MSEloss": 1.542003053023322e-10, "X_Y_test_COS": 0.9319061040878296, "X_Y_test_MSEloss": 0.0006586709641851485, "X_Y_val_COS": 0.9315986633300781, "X_Y_val_MSEloss": 0.0006967639783397317}}