{"train_samples": 1000, "test_samples": 200, "source_model": "intfloat/multilingual-e5-base", "source_dim": 768, "target_dim": 512, "test_results": {"bleu": 0.53, "bleu1": 25.71, "bleu2": 2.09, "bleu3": 0.15, "bleu4": 0.01, "rougeL": 0.1581, "rouge1": 0.217, "rouge2": 0.0266, "exact_match": 0.0}, "loss": {"X_Y_COS": 0.9666262865066528, "X_Y_MSEloss": 0.00012864504242315888, "X_Y_test_COS": 0.9193612337112427, "X_Y_test_MSEloss": 0.00030744646210223436, "X_Y_val_COS": 0.9160491824150085, "X_Y_val_MSEloss": 0.00031943165231496096}}