{"train_samples": 1000, "test_samples": 200, "source_model": "sentence-transformers/all-MiniLM-L6-v2", "source_dim": 384, "target_dim": 512, "test_results": {"bleu": 0.24, "bleu1": 20.49, "bleu2": 1.05, "bleu3": 0.02, "bleu4": 0.01, "rougeL": 0.1179, "rouge1": 0.1314, "rouge2": 0.0071, "exact_match": 0.0}, "loss": {"X_Y_COS": 0.9595293998718262, "X_Y_MSEloss": 0.0001629985636100173, "X_Y_test_COS": 0.8886398077011108, "X_Y_test_MSEloss": 0.00042710790876299143, "X_Y_val_COS": 0.8912788033485413, "X_Y_val_MSEloss": 0.0004231740313116461}}