{"train_samples": 1, "test_samples": 200, "source_model": "google-bert/bert-base-multilingual-cased", "source_dim": 768, "target_dim": 512, "test_results": {"bleu": 0.06, "bleu1": 22.0, "bleu2": 0.03, "bleu3": 0.02, "bleu4": 0.01, "rougeL": 0.0871, "rouge1": 0.088, "rouge2": 0.0, "exact_match": 0.0}, "loss": {"X_Y_COS": 1.0000001192092896, "X_Y_MSEloss": 3.279165764913264e-16, "X_Y_test_COS": 0.9010170698165894, "X_Y_test_MSEloss": 0.0007276753312908113, "X_Y_val_COS": 0.9049698710441589, "X_Y_val_MSEloss": 0.0007157025975175202}}