{"train_samples": 1000, "test_samples": 200, "source_model": "google/mt5-base", "source_dim": 768, "target_dim": 512, "test_results": {"bleu": 0.92, "bleu1": 27.49, "bleu2": 2.43, "bleu3": 0.27, "bleu4": 0.05, "rougeL": 0.1688, "rouge1": 0.2371, "rouge2": 0.031, "exact_match": 0.0}, "loss": {"X_Y_COS": 0.9704052805900574, "X_Y_MSEloss": 0.00011451744649093598, "X_Y_test_COS": 0.937300980091095, "X_Y_test_MSEloss": 0.00023962787236087024, "X_Y_val_COS": 0.9352477788925171, "X_Y_val_MSEloss": 0.0002476947265677154}}