{"train_samples": 100, "test_samples": 200, "source_model": "google-t5/t5-base", "source_dim": 768, "target_dim": 512, "test_results": {"bleu": 0.14, "bleu1": 12.23, "bleu2": 0.06, "bleu3": 0.03, "bleu4": 0.02, "rougeL": 0.0054, "rouge1": 0.0054, "rouge2": 0.0, "exact_match": 0.0}, "loss": {"X_Y_COS": 0.9830285906791687, "X_Y_MSEloss": 6.45659674773924e-05, "X_Y_test_COS": 0.8532928228378296, "X_Y_test_MSEloss": 0.0005519857513718307, "X_Y_val_COS": 0.8547236919403076, "X_Y_val_MSEloss": 0.0005456201615743339}}