{"train_samples": 500, "test_samples": 200, "source_model": "google-bert/bert-base-multilingual-cased", "source_dim": 768, "target_dim": 512, "test_results": {"bleu": 0.05, "bleu1": 11.07, "bleu2": 0.02, "bleu3": 0.01, "bleu4": 0.01, "rougeL": 0.0142, "rouge1": 0.0149, "rouge2": 0.0, "exact_match": 0.0}, "loss": {"X_Y_COS": 0.9717256426811218, "X_Y_MSEloss": 0.00010980113438563421, "X_Y_test_COS": 0.8471693396568298, "X_Y_test_MSEloss": 0.0005985021707601845, "X_Y_val_COS": 0.8474991917610168, "X_Y_val_MSEloss": 0.0005984212039038539}}