{"train_samples": 10, "test_samples": 200, "source_model": "sentence-transformers/gtr-t5-base", "source_dim": 768, "target_dim": 512, "test_results": {"bleu": 0.1, "bleu1": 10.25, "bleu2": 0.11, "bleu3": 0.01, "bleu4": 0.01, "rougeL": 0.0079, "rouge1": 0.0079, "rouge2": 0.0, "exact_match": 0.0}, "loss": {"X_Y_COS": 1.0, "X_Y_MSEloss": 4.537621672890291e-16, "X_Y_test_COS": 0.9024721384048462, "X_Y_test_MSEloss": 0.0003871487861033529, "X_Y_val_COS": 0.9020642638206482, "X_Y_val_MSEloss": 0.00039196372381411493}}