{"train_samples": 1000, "test_samples": 200, "source_model": "sentence-transformers/gtr-t5-base", "source_dim": 768, "target_dim": 512, "test_results": {"bleu": 0.42, "bleu1": 16.4, "bleu2": 1.02, "bleu3": 0.08, "bleu4": 0.03, "rougeL": 0.1162, "rouge1": 0.1363, "rouge2": 0.0082, "exact_match": 0.0}, "loss": {"X_Y_COS": 0.904262125492096, "X_Y_MSEloss": 0.00044947597780264914, "X_Y_test_COS": 0.0025585906114429235, "X_Y_test_MSEloss": 0.007014392409473658, "X_Y_val_COS": 0.014123978093266487, "X_Y_val_MSEloss": 0.008080986328423023}}