{"train_samples": 20, "test_samples": 200, "source_model": "google-t5/t5-base", "source_dim": 768, "target_dim": 512, "test_results": {"bleu": 0.18, "bleu1": 14.98, "bleu2": 0.83, "bleu3": 0.02, "bleu4": 0.01, "rougeL": 0.1171, "rouge1": 0.1482, "rouge2": 0.0088, "exact_match": 0.0}, "loss": {"X_Y_COS": 1.0, "X_Y_MSEloss": 5.255681042551797e-15, "X_Y_test_COS": 0.879045844078064, "X_Y_test_MSEloss": 0.00044399756006896496, "X_Y_val_COS": 0.8789697885513306, "X_Y_val_MSEloss": 0.0004438089090399444}}