{"train_samples": 500, "test_samples": 200, "source_model": "sentence-transformers/gtr-t5-base", "source_dim": 768, "target_dim": 512, "test_results": {"bleu": 0.2, "bleu1": 9.73, "bleu2": 0.25, "bleu3": 0.03, "bleu4": 0.02, "rougeL": 0.006, "rouge1": 0.0063, "rouge2": 0.0017, "exact_match": 0.0}, "loss": {"X_Y_COS": 0.9590566158294678, "X_Y_MSEloss": 0.00015491610975004733, "X_Y_test_COS": 0.8605197668075562, "X_Y_test_MSEloss": 0.0005502030253410339, "X_Y_val_COS": 0.8514584302902222, "X_Y_val_MSEloss": 0.0005871549947187304}}