{"train_samples": 20, "test_samples": 200, "source_model": "google/mt5-base", "source_dim": 768, "target_dim": 512, "test_results": {"bleu": 0.48, "bleu1": 15.81, "bleu2": 0.74, "bleu3": 0.14, "bleu4": 0.09, "rougeL": 0.0563, "rouge1": 0.0651, "rouge2": 0.0043, "exact_match": 0.0}, "loss": {"X_Y_COS": 1.0, "X_Y_MSEloss": 1.8209796192637795e-13, "X_Y_test_COS": 0.86692214012146, "X_Y_test_MSEloss": 0.0004878781328443438, "X_Y_val_COS": 0.8709107041358948, "X_Y_val_MSEloss": 0.0004743816680274904}}