{"train_samples": 20, "test_samples": 200, "source_model": "sentence-transformers/gtr-t5-base", "source_dim": 768, "target_dim": 512, "test_results": {"bleu": 0.45, "bleu1": 14.9, "bleu2": 0.6, "bleu3": 0.18, "bleu4": 0.1, "rougeL": 0.0665, "rouge1": 0.0713, "rouge2": 0.004, "exact_match": 0.0}, "loss": {"X_Y_COS": 1.0, "X_Y_MSEloss": 8.412364360984431e-16, "X_Y_test_COS": 0.8782855868339539, "X_Y_test_MSEloss": 0.0009125882061198354, "X_Y_val_COS": 0.880459725856781, "X_Y_val_MSEloss": 0.00089273601770401}}