{"train_samples": 500, "test_samples": 200, "source_model": "google/mt5-base", "source_dim": 768, "target_dim": 512, "test_results": {"bleu": 0.25, "bleu1": 17.78, "bleu2": 0.66, "bleu3": 0.03, "bleu4": 0.02, "rougeL": 0.081, "rouge1": 0.0913, "rouge2": 0.0048, "exact_match": 0.0}, "loss": {"X_Y_COS": 0.9721864461898804, "X_Y_MSEloss": 0.00010787207429530099, "X_Y_test_COS": 0.8892231583595276, "X_Y_test_MSEloss": 0.0004230875347275287, "X_Y_val_COS": 0.8872008323669434, "X_Y_val_MSEloss": 0.00043017498683184385}}