{"train_samples": 40, "test_samples": 200, "source_model": "google-t5/t5-base", "source_dim": 768, "target_dim": 512, "test_results": {"bleu": 0.08, "bleu1": 10.6, "bleu2": 0.03, "bleu3": 0.02, "bleu4": 0.01, "rougeL": 0.044, "rouge1": 0.0512, "rouge2": 0.0003, "exact_match": 0.0}, "loss": {"X_Y_COS": 1.0, "X_Y_MSEloss": 3.096463786333298e-13, "X_Y_test_COS": 0.8677496314048767, "X_Y_test_MSEloss": 0.00048473841161467135, "X_Y_val_COS": 0.8659106492996216, "X_Y_val_MSEloss": 0.0004898202605545521}}