{"train_samples": 1000, "test_samples": 200, "source_model": "text-embedding-ada-002", "source_dim": 1536, "target_dim": 512, "test_results": {"bleu": 0.22, "bleu1": 16.67, "bleu2": 0.85, "bleu3": 0.02, "bleu4": 0.01, "rougeL": 0.1136, "rouge1": 0.1219, "rouge2": 0.0066, "exact_match": 0.0}, "loss": {"X_Y_COS": 0.9509946703910828, "X_Y_MSEloss": 0.0001873368746601045, "X_Y_test_COS": 0.8961144089698792, "X_Y_test_MSEloss": 0.00038895150646567345, "X_Y_val_COS": 0.8979451060295105, "X_Y_val_MSEloss": 0.0003827201435342431}}