{"train_samples": 500, "test_samples": 200, "source_model": "text-embedding-ada-002", "source_dim": 1536, "target_dim": 512, "test_results": {"bleu": 1.15, "bleu1": 17.57, "bleu2": 1.62, "bleu3": 0.5, "bleu4": 0.26, "rougeL": 0.0855, "rouge1": 0.1007, "rouge2": 0.0129, "exact_match": 0.0}, "loss": {"X_Y_COS": 0.984511137008667, "X_Y_MSEloss": 6.0610633227042854e-05, "X_Y_test_COS": 0.9234619736671448, "X_Y_test_MSEloss": 0.0002917939855251461, "X_Y_val_COS": 0.922227680683136, "X_Y_val_MSEloss": 0.0002960813289973885}}