{"train_samples": 100, "test_samples": 200, "source_model": "google-bert/bert-base-multilingual-cased", "source_dim": 768, "target_dim": 512, "test_results": {"bleu": 0.08, "bleu1": 10.5, "bleu2": 0.03, "bleu3": 0.02, "bleu4": 0.01, "rougeL": 0.0486, "rouge1": 0.0532, "rouge2": 0.0006, "exact_match": 0.0}, "loss": {"X_Y_COS": 0.9999997019767761, "X_Y_MSEloss": 7.889647157810487e-09, "X_Y_test_COS": 0.8348634243011475, "X_Y_test_MSEloss": 0.0012553189881145954, "X_Y_val_COS": 0.8335713148117065, "X_Y_val_MSEloss": 0.001293916255235672}}