{"epoch": 2, "dev_acc": 79.0, "test_acc": 67.5, "test_f1": 72.57000000000001, "test_roc": 74.83999999999999}