{"train_samples": 1000, "test_samples": 200, "source_model": "random", "source_dim": 768, "target_dim": 512, "test_results": {"bleu": 0.2, "bleu1": 7.28, "bleu2": 0.28, "bleu3": 0.05, "bleu4": 0.01, "rougeL": 0.05, "rouge1": 0.056, "rouge2": 0.0036, "exact_match": 0.0}, "loss": {"X_Y_COS": 0.8949198126792908, "X_Y_MSEloss": 0.0004638168029487133, "X_Y_test_COS": -0.0007717955159023404, "X_Y_test_MSEloss": 0.008636478334665298, "X_Y_val_COS": -0.0402633361518383, "X_Y_val_MSEloss": 0.00879811029881239}}