{"train_samples": 50, "test_samples": 200, "source_model": "text-embedding-ada-002", "source_dim": 1536, "target_dim": 512, "test_results": {"bleu": 0.09, "bleu1": 10.08, "bleu2": 0.08, "bleu3": 0.02, "bleu4": 0.01, "rougeL": 0.0093, "rouge1": 0.0097, "rouge2": 0.0003, "exact_match": 0.0}, "loss": {"X_Y_COS": 0.9999998807907104, "X_Y_MSEloss": 6.57536081138943e-10, "X_Y_test_COS": 0.8886492252349854, "X_Y_test_MSEloss": 0.0010176444193348289, "X_Y_val_COS": 0.8871359825134277, "X_Y_val_MSEloss": 0.0010526267578825355}}