{"train_samples": 50, "test_samples": 200, "source_model": "text-embedding-ada-002", "source_dim": 1536, "target_dim": 512, "test_results": {"bleu": 0.08, "bleu1": 11.68, "bleu2": 0.04, "bleu3": 0.02, "bleu4": 0.01, "rougeL": 0.0101, "rouge1": 0.0107, "rouge2": 0.0, "exact_match": 0.0}, "loss": {"X_Y_COS": 1.0, "X_Y_MSEloss": 8.960375301979295e-13, "X_Y_test_COS": 0.8948726654052734, "X_Y_test_MSEloss": 0.0003900053270626813, "X_Y_val_COS": 0.8932988047599792, "X_Y_val_MSEloss": 0.000395653914893046}}