{"train_samples": 1000, "test_samples": 200, "source_model": "google-bert/bert-base-multilingual-cased", "source_dim": 768, "target_dim": 512, "test_results": {"bleu": 1.54, "bleu1": 9.39, "bleu2": 1.44, "bleu3": 0.92, "bleu4": 0.48, "rougeL": 0.043, "rouge1": 0.0483, "rouge2": 0.0017, "exact_match": 0.0}, "loss": {"X_Y_COS": 0.8853611946105957, "X_Y_MSEloss": 0.0004994545015506446, "X_Y_test_COS": -0.03128205984830856, "X_Y_test_MSEloss": 0.008417895995080471, "X_Y_val_COS": -0.01545683667063713, "X_Y_val_MSEloss": 0.0077988398261368275}}