{"train_samples": 1000, "test_samples": 200, "source_model": "text-embedding-ada-002", "source_dim": 1536, "target_dim": 512, "test_results": {"bleu": 0.04, "bleu1": 9.29, "bleu2": 0.02, "bleu3": 0.01, "bleu4": 0.01, "rougeL": 0.0072, "rouge1": 0.0072, "rouge2": 0.0, "exact_match": 0.0}, "loss": {"X_Y_COS": 0.9650061726570129, "X_Y_MSEloss": 0.00032674288377165794, "X_Y_test_COS": 0.8792759776115417, "X_Y_test_MSEloss": 0.0010964649263769388, "X_Y_val_COS": 0.8770931959152222, "X_Y_val_MSEloss": 0.0011482246918603778}}