{"train_samples": 5, "test_samples": 200, "source_model": "sentence-transformers/all-MiniLM-L6-v2", "source_dim": 384, "target_dim": 512, "test_results": {"bleu": 0.11, "bleu1": 12.14, "bleu2": 0.4, "bleu3": 0.02, "bleu4": 0.01, "rougeL": 0.0411, "rouge1": 0.0491, "rouge2": 0.0031, "exact_match": 0.0}, "loss": {"X_Y_COS": 1.0, "X_Y_MSEloss": 2.0016320279861097e-16, "X_Y_test_COS": 0.24107466638088226, "X_Y_test_MSEloss": 0.0017928656889125705, "X_Y_val_COS": 0.1965091973543167, "X_Y_val_MSEloss": 0.0018275290494784713}}