{"train_samples": 50, "test_samples": 200, "source_model": "google-t5/t5-base", "source_dim": 768, "target_dim": 512, "test_results": {"bleu": 0.18, "bleu1": 15.93, "bleu2": 0.85, "bleu3": 0.02, "bleu4": 0.01, "rougeL": 0.1034, "rouge1": 0.1213, "rouge2": 0.0041, "exact_match": 0.0}, "loss": {"X_Y_COS": 1.0, "X_Y_MSEloss": 4.794679098196752e-10, "X_Y_test_COS": 0.9391935467720032, "X_Y_test_MSEloss": 0.00046523529454134405, "X_Y_val_COS": 0.9378264546394348, "X_Y_val_MSEloss": 0.0004603864799719304}}