{"train_samples": 1000, "test_samples": 200, "source_model": "google-t5/t5-base", "source_dim": 768, "target_dim": 512, "test_results": {"bleu": 1.19, "bleu1": 19.08, "bleu2": 1.66, "bleu3": 0.6, "bleu4": 0.27, "rougeL": 0.0793, "rouge1": 0.0945, "rouge2": 0.0097, "exact_match": 0.0}, "loss": {"X_Y_COS": 0.9807796478271484, "X_Y_MSEloss": 7.499886851292104e-05, "X_Y_test_COS": 0.9288480281829834, "X_Y_test_MSEloss": 0.000277165905572474, "X_Y_val_COS": 0.9265213012695312, "X_Y_val_MSEloss": 0.0002852292964234948}}