{"train_samples": 40, "test_samples": 200, "source_model": "text-embedding-ada-002", "source_dim": 1536, "target_dim": 512, "test_results": {"bleu": 0.2, "bleu1": 17.71, "bleu2": 0.7, "bleu3": 0.03, "bleu4": 0.01, "rougeL": 0.0991, "rouge1": 0.1103, "rouge2": 0.0053, "exact_match": 0.0}, "loss": {"X_Y_COS": 1.0, "X_Y_MSEloss": 5.62196955655736e-10, "X_Y_test_COS": 0.8852736949920654, "X_Y_test_MSEloss": 0.0010634028585627675, "X_Y_val_COS": 0.8906317949295044, "X_Y_val_MSEloss": 0.00101855315733701}}