{"train_samples": 3, "test_samples": 200, "source_model": "google/mt5-base", "source_dim": 768, "target_dim": 512, "test_results": {"bleu": 0.16, "bleu1": 15.75, "bleu2": 0.31, "bleu3": 0.02, "bleu4": 0.01, "rougeL": 0.0689, "rouge1": 0.0783, "rouge2": 0.0026, "exact_match": 0.0}, "loss": {"X_Y_COS": 1.0, "X_Y_MSEloss": 1.9489529434757458e-10, "X_Y_test_COS": 0.8838480710983276, "X_Y_test_MSEloss": 0.0011880400124937296, "X_Y_val_COS": 0.8863661885261536, "X_Y_val_MSEloss": 0.0011887842556461692}}