{"train_samples": 3, "test_samples": 200, "source_model": "google/mt5-base", "source_dim": 768, "target_dim": 512, "test_results": {"bleu": 0.53, "bleu1": 14.67, "bleu2": 0.76, "bleu3": 0.14, "bleu4": 0.08, "rougeL": 0.0837, "rouge1": 0.0906, "rouge2": 0.0121, "exact_match": 0.0}, "loss": {"X_Y_COS": 1.0, "X_Y_MSEloss": 3.706952608083556e-16, "X_Y_test_COS": 0.8433972597122192, "X_Y_test_MSEloss": 0.0005729218828491867, "X_Y_val_COS": 0.8428338170051575, "X_Y_val_MSEloss": 0.0005741170607507229}}