{"train_samples": 10, "test_samples": 200, "source_model": "google-t5/t5-base", "source_dim": 768, "target_dim": 512, "test_results": {"bleu": 0.05, "bleu1": 8.8, "bleu2": 0.02, "bleu3": 0.01, "bleu4": 0.0, "rougeL": 0.2175, "rouge1": 0.2974, "rouge2": 0.0265, "exact_match": 0.0}, "loss": {"X_Y_COS": 1.0, "X_Y_MSEloss": 1.780088527752674e-13, "X_Y_test_COS": 0.8720449805259705, "X_Y_test_MSEloss": 0.00047083577373996377, "X_Y_val_COS": 0.8707215785980225, "X_Y_val_MSEloss": 0.0004750517546199262}}