{"epoch": 1, "dev_acc": 55.00000000000001, "test_acc": 51.0, "test_f1": 51.959999999999994, "test_roc": 53.71}