{"train_samples": 1000, "test_samples": 200, "source_model": "google-t5/t5-base", "source_dim": 768, "target_dim": 512, "test_results": {"bleu": 12.65, "bleu1": 39.72, "bleu2": 14.25, "bleu3": 8.59, "bleu4": 6.71, "rougeL": 0.2929, "rouge1": 0.3786, "rouge2": 0.1396, "exact_match": 0.0}, "loss": {"X_Y_COS": 0.9711301326751709, "X_Y_MSEloss": 0.00011212587560294196, "X_Y_test_COS": 0.8872860670089722, "X_Y_test_MSEloss": 0.0004384077328722924, "X_Y_val_COS": 0.8913755416870117, "X_Y_val_MSEloss": 0.0004230809863656759}}