{"train_samples": 1, "test_samples": 200, "source_model": "intfloat/multilingual-e5-base", "source_dim": 768, "target_dim": 512, "test_results": {"bleu": 0.04, "bleu1": 9.21, "bleu2": 0.02, "bleu3": 0.01, "bleu4": 0.01, "rougeL": 0.0075, "rouge1": 0.0075, "rouge2": 0.0, "exact_match": 0.0}, "loss": {"X_Y_COS": 1.0, "X_Y_MSEloss": 9.89932911170258e-16, "X_Y_test_COS": 0.71210777759552, "X_Y_test_MSEloss": 0.0015912858070805669, "X_Y_val_COS": 0.7128811478614807, "X_Y_val_MSEloss": 0.0015654030721634626}}