{"train_samples": 40, "test_samples": 200, "source_model": "sentence-transformers/all-MiniLM-L6-v2", "source_dim": 384, "target_dim": 512, "test_results": {"bleu": 0.2, "bleu1": 14.59, "bleu2": 0.8, "bleu3": 0.03, "bleu4": 0.01, "rougeL": 0.1177, "rouge1": 0.1346, "rouge2": 0.0074, "exact_match": 0.0}, "loss": {"X_Y_COS": 1.0, "X_Y_MSEloss": 3.289621630653272e-10, "X_Y_test_COS": 0.8981786966323853, "X_Y_test_MSEloss": 0.0007733901147730649, "X_Y_val_COS": 0.8985512256622314, "X_Y_val_MSEloss": 0.000802012684289366}}