{"train_samples": 500, "test_samples": 200, "source_model": "random", "source_dim": 768, "target_dim": 512, "test_results": {"bleu": 0.98, "bleu1": 11.79, "bleu2": 0.98, "bleu3": 0.43, "bleu4": 0.34, "rougeL": 0.074, "rouge1": 0.087, "rouge2": 0.0085, "exact_match": 0.0}, "loss": {"X_Y_COS": 0.9997872710227966, "X_Y_MSEloss": 4.325578629504889e-06, "X_Y_test_COS": 0.04141157865524292, "X_Y_test_MSEloss": 0.005196059122681618, "X_Y_val_COS": -0.02850816212594509, "X_Y_val_MSEloss": 0.005370717030018568, "reg_lambda": 0.01}}