{"train_samples": 1000, "test_samples": 200, "source_model": "google/mt5-base", "source_dim": 768, "target_dim": 512, "test_results": {"bleu": 1.09, "bleu1": 9.58, "bleu2": 1.06, "bleu3": 0.53, "bleu4": 0.27, "rougeL": 0.0513, "rouge1": 0.0566, "rouge2": 0.0012, "exact_match": 0.0}, "loss": {"X_Y_COS": 0.9745570421218872, "X_Y_MSEloss": 0.00017132620268967003, "X_Y_test_COS": 0.376960426568985, "X_Y_test_MSEloss": 0.0030364852864295244, "X_Y_val_COS": 0.40738776326179504, "X_Y_val_MSEloss": 0.0030796299688518047}}