{"train_samples": 500, "test_samples": 200, "source_model": "google/mt5-base", "source_dim": 768, "target_dim": 512, "test_results": {"bleu": 0.08, "bleu1": 13.16, "bleu2": 0.04, "bleu3": 0.02, "bleu4": 0.01, "rougeL": 0.0163, "rouge1": 0.0178, "rouge2": 0.0, "exact_match": 0.0}, "loss": {"X_Y_COS": 0.9825659394264221, "X_Y_MSEloss": 0.00016198398952838033, "X_Y_test_COS": 0.9112589955329895, "X_Y_test_MSEloss": 0.0008039810927584767, "X_Y_val_COS": 0.9045745730400085, "X_Y_val_MSEloss": 0.0008936198428273201}}