{"train_samples": 100, "test_samples": 200, "source_model": "sentence-transformers/all-MiniLM-L6-v2", "source_dim": 384, "target_dim": 512, "test_results": {"bleu": 0.33, "bleu1": 11.94, "bleu2": 0.53, "bleu3": 0.19, "bleu4": 0.12, "rougeL": 0.0292, "rouge1": 0.0319, "rouge2": 0.0012, "exact_match": 0.0}, "loss": {"X_Y_COS": 1.0, "X_Y_MSEloss": 8.12742681857194e-15, "X_Y_test_COS": 0.5597662329673767, "X_Y_test_MSEloss": 0.0023107395973056555, "X_Y_val_COS": 0.5770721435546875, "X_Y_val_MSEloss": 0.002197631634771824}}