{"train_samples": 2000, "test_samples": 200, "source_model": "sentence-transformers/gtr-t5-base", "source_dim": 768, "target_dim": 512, "test_results": {"bleu": 0.13, "bleu1": 11.81, "bleu2": 0.19, "bleu3": 0.02, "bleu4": 0.01, "rougeL": 0.0649, "rouge1": 0.0727, "rouge2": 0.0067, "exact_match": 0.0}, "loss": {"X_Y_COS": 0.9496833682060242, "X_Y_MSEloss": 0.0001928666897583753, "X_Y_test_COS": 0.9067236185073853, "X_Y_test_MSEloss": 0.0003530159592628479, "X_Y_val_COS": 0.9088323712348938, "X_Y_val_MSEloss": 0.000345536507666111}}