{"train_samples": 500, "test_samples": 200, "source_model": "google-t5/t5-base", "source_dim": 768, "target_dim": 512, "test_results": {"bleu": 28.57, "bleu1": 48.34, "bleu2": 29.15, "bleu3": 24.29, "bleu4": 21.75, "rougeL": 0.4151, "rouge1": 0.4767, "rouge2": 0.2904, "exact_match": 0.0}, "loss": {"X_Y_COS": 0.9953497052192688, "X_Y_MSEloss": 1.852196510299109e-05, "X_Y_test_COS": 0.9336275458335876, "X_Y_test_MSEloss": 0.00026244655600748956, "X_Y_val_COS": 0.9292576909065247, "X_Y_val_MSEloss": 0.00027652521384879947, "reg_lambda": 0.01}}