{"train_samples": 3, "test_samples": 200, "source_model": "sentence-transformers/gtr-t5-base", "source_dim": 768, "target_dim": 512, "test_results": {"bleu": 0.17, "bleu1": 17.83, "bleu2": 0.64, "bleu3": 0.01, "bleu4": 0.01, "rougeL": 0.1238, "rouge1": 0.1549, "rouge2": 0.0065, "exact_match": 0.0}, "loss": {"X_Y_COS": 1.0, "X_Y_MSEloss": 3.445871907449159e-16, "X_Y_test_COS": 0.8037880659103394, "X_Y_test_MSEloss": 0.000767759804148227, "X_Y_val_COS": 0.8065182566642761, "X_Y_val_MSEloss": 0.0007552264723926783}}