{"train_samples": 20, "test_samples": 200, "source_model": "sentence-transformers/all-MiniLM-L6-v2", "source_dim": 384, "target_dim": 512, "test_results": {"bleu": 0.16, "bleu1": 16.43, "bleu2": 0.44, "bleu3": 0.02, "bleu4": 0.01, "rougeL": 0.0973, "rouge1": 0.1285, "rouge2": 0.0051, "exact_match": 0.0}, "loss": {"X_Y_COS": 1.0, "X_Y_MSEloss": 4.0255068764693213e-16, "X_Y_test_COS": 0.8770349025726318, "X_Y_test_MSEloss": 0.0004976289928890765, "X_Y_val_COS": 0.8779922127723694, "X_Y_val_MSEloss": 0.00048588751815259457}}