{"train_samples": 500, "test_samples": 200, "source_model": "google-bert/bert-base-multilingual-cased", "source_dim": 768, "target_dim": 512, "test_results": {"bleu": 0.21, "bleu1": 22.68, "bleu2": 1.13, "bleu3": 0.01, "bleu4": 0.01, "rougeL": 0.1324, "rouge1": 0.1691, "rouge2": 0.0106, "exact_match": 0.0}, "loss": {"X_Y_COS": 0.9730807542800903, "X_Y_MSEloss": 0.00010454671428306028, "X_Y_test_COS": 0.8589031100273132, "X_Y_test_MSEloss": 0.0005498882383108139, "X_Y_val_COS": 0.8617153167724609, "X_Y_val_MSEloss": 0.0005393935716710985}}