{"train_samples": 500, "test_samples": 200, "source_model": "google/flan-t5-base", "source_dim": 768, "target_dim": 512, "test_results": {"bleu": 5.96, "bleu1": 32.46, "bleu2": 7.96, "bleu3": 3.36, "bleu4": 1.87, "rougeL": 0.2282, "rouge1": 0.2975, "rouge2": 0.0797, "exact_match": 0.0}, "loss": {"X_Y_COS": 0.987490177154541, "X_Y_MSEloss": 4.911504947813228e-05, "X_Y_test_COS": 0.8545876145362854, "X_Y_test_MSEloss": 0.0005757033941335976, "X_Y_val_COS": 0.8571745157241821, "X_Y_val_MSEloss": 0.0005664668278768659}}