{"train_samples": 500, "test_samples": 200, "source_model": "google/flan-t5-base", "source_dim": 768, "target_dim": 512, "test_results": {"bleu": 6.39, "bleu1": 33.91, "bleu2": 8.55, "bleu3": 3.52, "bleu4": 1.99, "rougeL": 0.2322, "rouge1": 0.3104, "rouge2": 0.0823, "exact_match": 0.0}, "loss": {"X_Y_COS": 0.9913784861564636, "X_Y_MSEloss": 6.729929737048224e-05, "X_Y_test_COS": 0.8503302335739136, "X_Y_test_MSEloss": 0.0011827839771285653, "X_Y_val_COS": 0.8595907688140869, "X_Y_val_MSEloss": 0.0011153625091537833}}