{"train_samples": 10, "test_samples": 200, "source_model": "google-t5/t5-base", "source_dim": 768, "target_dim": 512, "test_results": {"bleu": 0.18, "bleu1": 19.68, "bleu2": 0.89, "bleu3": 0.01, "bleu4": 0.01, "rougeL": 0.1211, "rouge1": 0.1567, "rouge2": 0.0079, "exact_match": 0.0}, "loss": {"X_Y_COS": 1.0, "X_Y_MSEloss": 4.943747501319126e-16, "X_Y_test_COS": 0.8763060569763184, "X_Y_test_MSEloss": 0.0004592664772644639, "X_Y_val_COS": 0.876885175704956, "X_Y_val_MSEloss": 0.0004562535905279219}}