{"train_samples": 1, "test_samples": 200, "source_model": "text-embedding-ada-002", "source_dim": 1536, "target_dim": 512, "test_results": {"bleu": 0.04, "bleu1": 16.53, "bleu2": 0.02, "bleu3": 0.01, "bleu4": 0.01, "rougeL": 0.0055, "rouge1": 0.0055, "rouge2": 0.0, "exact_match": 0.0}, "loss": {"X_Y_COS": 1.0, "X_Y_MSEloss": 1.1542521148607903e-15, "X_Y_test_COS": 0.7994112968444824, "X_Y_test_MSEloss": 0.0007204082212410867, "X_Y_val_COS": 0.7981173396110535, "X_Y_val_MSEloss": 0.0007237271056510508}}