{"train_samples": 1, "test_samples": 200, "source_model": "text-embedding-ada-002", "source_dim": 1536, "target_dim": 512, "test_results": {"bleu": 0.04, "bleu1": 11.46, "bleu2": 0.02, "bleu3": 0.01, "bleu4": 0.01, "rougeL": 0.0087, "rouge1": 0.0087, "rouge2": 0.0, "exact_match": 0.0}, "loss": {"X_Y_COS": 1.0, "X_Y_MSEloss": 4.086183552250291e-17, "X_Y_test_COS": 0.8470935821533203, "X_Y_test_MSEloss": 0.0011488733580335975, "X_Y_val_COS": 0.8453194499015808, "X_Y_val_MSEloss": 0.0011373371817171574}}