{"train_samples": 1000, "test_samples": 200, "source_model": "google-t5/t5-base", "source_dim": 768, "target_dim": 512, "test_results": {"bleu": 0.34, "bleu1": 21.24, "bleu2": 1.68, "bleu3": 0.03, "bleu4": 0.02, "rougeL": 0.1467, "rouge1": 0.1934, "rouge2": 0.0156, "exact_match": 0.0}, "loss": {"X_Y_COS": 0.9798385500907898, "X_Y_MSEloss": 0.00013725781172979623, "X_Y_test_COS": 0.9407073855400085, "X_Y_test_MSEloss": 0.0004057887417729944, "X_Y_val_COS": 0.9418095946311951, "X_Y_val_MSEloss": 0.00039158237632364035}}