{"train_samples": 1000, "test_samples": 200, "source_model": "text-embedding-3-large", "source_dim": 3072, "target_dim": 512, "test_results": {"bleu": 1.15, "bleu1": 8.68, "bleu2": 1.15, "bleu3": 0.59, "bleu4": 0.3, "rougeL": 0.0399, "rouge1": 0.0428, "rouge2": 0.0014, "exact_match": 0.0}, "loss": {"X_Y_COS": 1.0, "X_Y_MSEloss": 8.563593898672922e-14, "X_Y_test_COS": 0.03490716964006424, "X_Y_test_MSEloss": 0.002903696848079562, "X_Y_val_COS": -0.020972056314349174, "X_Y_val_MSEloss": 0.0028459131717681885}}