{"train_samples": 1000, "test_samples": 200, "source_model": "intfloat/multilingual-e5-base", "source_dim": 768, "target_dim": 512, "test_results": {"bleu": 0.05, "bleu1": 9.56, "bleu2": 0.02, "bleu3": 0.01, "bleu4": 0.0, "rougeL": 0.198, "rouge1": 0.2677, "rouge2": 0.0175, "exact_match": 0.0}, "loss": {"X_Y_COS": 0.9510067701339722, "X_Y_MSEloss": 0.00018711153825279325, "X_Y_test_COS": 0.8872604370117188, "X_Y_test_MSEloss": 0.0004259988199919462, "X_Y_val_COS": 0.8839336037635803, "X_Y_val_MSEloss": 0.0004377090954221785}}