{"train_samples": 50, "test_samples": 200, "source_model": "sentence-transformers/all-MiniLM-L6-v2", "source_dim": 384, "target_dim": 512, "test_results": {"bleu": 0.09, "bleu1": 7.87, "bleu2": 0.06, "bleu3": 0.02, "bleu4": 0.01, "rougeL": 0.0404, "rouge1": 0.0463, "rouge2": 0.0004, "exact_match": 0.0}, "loss": {"X_Y_COS": 1.0, "X_Y_MSEloss": 4.0011979840492984e-10, "X_Y_test_COS": 0.8271185159683228, "X_Y_test_MSEloss": 0.0013999843504279852, "X_Y_val_COS": 0.816801905632019, "X_Y_val_MSEloss": 0.0014788280241191387}}