{"train_samples": 10, "test_samples": 200, "source_model": "text-embedding-ada-002", "source_dim": 1536, "target_dim": 512, "test_results": {"bleu": 0.06, "bleu1": 14.95, "bleu2": 0.59, "bleu3": 0.06, "bleu4": 0.03, "rougeL": 0.0333, "rouge1": 0.04, "rouge2": 0.0014, "exact_match": 0.0}, "loss": {"X_Y_COS": 1.0000001192092896, "X_Y_MSEloss": 3.751824866678622e-15, "X_Y_test_COS": 0.8485287427902222, "X_Y_test_MSEloss": 0.0005461430991999805, "X_Y_val_COS": 0.8398489356040955, "X_Y_val_MSEloss": 0.0005740232882089913}}