{"train_samples": 4000, "test_samples": 200, "source_model": "google-t5/t5-base", "source_dim": 768, "target_dim": 512, "test_results": {"bleu": 0.55, "bleu1": 16.53, "bleu2": 0.93, "bleu3": 0.21, "bleu4": 0.04, "rougeL": 0.0874, "rouge1": 0.1009, "rouge2": 0.0127, "exact_match": 0.0}, "loss": {"X_Y_COS": 0.9617698788642883, "X_Y_MSEloss": 0.00014835021283943206, "X_Y_test_COS": 0.9506605267524719, "X_Y_test_MSEloss": 0.00019001177861355245, "X_Y_val_COS": 0.9507266879081726, "X_Y_val_MSEloss": 0.00019099010387435555}}