{"train_samples": 10, "test_samples": 200, "source_model": "text-embedding-ada-002", "source_dim": 1536, "target_dim": 512, "test_results": {"bleu": 0.11, "bleu1": 10.48, "bleu2": 0.19, "bleu3": 0.02, "bleu4": 0.01, "rougeL": 0.0434, "rouge1": 0.0462, "rouge2": 0.005, "exact_match": 0.0}, "loss": {"X_Y_COS": 1.0, "X_Y_MSEloss": 1.4268980445383199e-15, "X_Y_test_COS": 0.9129712581634521, "X_Y_test_MSEloss": 0.00032546851434744895, "X_Y_val_COS": 0.9110748767852783, "X_Y_val_MSEloss": 0.0003322756092529744}}