{"train_samples": 1, "test_samples": 200, "source_model": "sentence-transformers/gtr-t5-base", "source_dim": 768, "target_dim": 512, "test_results": {"bleu": 0.14, "bleu1": 9.11, "bleu2": 0.73, "bleu3": 0.01, "bleu4": 0.01, "rougeL": 0.0907, "rouge1": 0.0907, "rouge2": 0.0081, "exact_match": 0.0}, "loss": {"X_Y_COS": 1.0000001192092896, "X_Y_MSEloss": 3.3585240170437233e-16, "X_Y_test_COS": 0.7249705195426941, "X_Y_test_MSEloss": 0.00163323397282511, "X_Y_val_COS": 0.7140994071960449, "X_Y_val_MSEloss": 0.0016313670203089714}}