{"train_samples": 3, "test_samples": 200, "source_model": "intfloat/multilingual-e5-base", "source_dim": 768, "target_dim": 512, "test_results": {"bleu": 0.04, "bleu1": 11.79, "bleu2": 0.02, "bleu3": 0.01, "bleu4": 0.01, "rougeL": 0.0052, "rouge1": 0.0052, "rouge2": 0.0, "exact_match": 0.0}, "loss": {"X_Y_COS": 1.0, "X_Y_MSEloss": 5.699268597138848e-16, "X_Y_test_COS": 0.8675919771194458, "X_Y_test_MSEloss": 0.0007518753409385681, "X_Y_val_COS": 0.8659890294075012, "X_Y_val_MSEloss": 0.000779916939791292}}