{"train_samples": 10, "test_samples": 200, "source_model": "sentence-transformers/gtr-t5-base", "source_dim": 768, "target_dim": 512, "test_results": {"bleu": 0.2, "bleu1": 15.21, "bleu2": 0.75, "bleu3": 0.03, "bleu4": 0.01, "rougeL": 0.1145, "rouge1": 0.1337, "rouge2": 0.0074, "exact_match": 0.0}, "loss": {"X_Y_COS": 1.0, "X_Y_MSEloss": 1.7701431986871796e-10, "X_Y_test_COS": 0.938240110874176, "X_Y_test_MSEloss": 0.0006209354032762349, "X_Y_val_COS": 0.9392351508140564, "X_Y_val_MSEloss": 0.0006546783843077719}}