{"train_samples": 20, "test_samples": 200, "source_model": "sentence-transformers/gtr-t5-base", "source_dim": 768, "target_dim": 512, "test_results": {"bleu": 0.76, "bleu1": 19.12, "bleu2": 1.22, "bleu3": 0.15, "bleu4": 0.09, "rougeL": 0.1161, "rouge1": 0.1513, "rouge2": 0.0111, "exact_match": 0.0}, "loss": {"X_Y_COS": 1.0, "X_Y_MSEloss": 5.242664369613985e-16, "X_Y_test_COS": 0.8344483971595764, "X_Y_test_MSEloss": 0.0006634197197854519, "X_Y_val_COS": 0.8342247009277344, "X_Y_val_MSEloss": 0.0006643767701461911}}