{"train_samples": 20, "test_samples": 200, "source_model": "sentence-transformers/gtr-t5-base", "source_dim": 768, "target_dim": 512, "test_results": {"bleu": 1.07, "bleu1": 18.83, "bleu2": 1.33, "bleu3": 0.32, "bleu4": 0.19, "rougeL": 0.1158, "rouge1": 0.1448, "rouge2": 0.0103, "exact_match": 0.0}, "loss": {"X_Y_COS": 1.0, "X_Y_MSEloss": 1.840036595313066e-10, "X_Y_test_COS": 0.8224886059761047, "X_Y_test_MSEloss": 0.001342657138593495, "X_Y_val_COS": 0.8261520266532898, "X_Y_val_MSEloss": 0.0013115174369886518}}