{"train_samples": 500, "test_samples": 200, "source_model": "google/mt5-base", "source_dim": 768, "target_dim": 512, "test_results": {"bleu": 6.04, "bleu1": 33.47, "bleu2": 7.14, "bleu3": 3.08, "bleu4": 2.02, "rougeL": 0.2303, "rouge1": 0.2961, "rouge2": 0.0755, "exact_match": 0.0}, "loss": {"X_Y_COS": 0.980532169342041, "X_Y_MSEloss": 7.589994493173435e-05, "X_Y_test_COS": 0.923651397228241, "X_Y_test_MSEloss": 0.00029515952337533236, "X_Y_val_COS": 0.921230137348175, "X_Y_val_MSEloss": 0.000304711633361876}}