{"train_samples": 500, "test_samples": 200, "source_model": "google/mt5-base", "source_dim": 768, "target_dim": 512, "test_results": {"bleu": 5.17, "bleu1": 28.97, "bleu2": 6.54, "bleu3": 2.73, "bleu4": 1.95, "rougeL": 0.2096, "rouge1": 0.2702, "rouge2": 0.0735, "exact_match": 0.0}, "loss": {"X_Y_COS": 0.9789878726005554, "X_Y_MSEloss": 0.0001645903685130179, "X_Y_test_COS": 0.881407618522644, "X_Y_test_MSEloss": 0.000857173465192318, "X_Y_val_COS": 0.8840646147727966, "X_Y_val_MSEloss": 0.000832458958029747}}