{"train_samples": 100, "test_samples": 200, "source_model": "random", "source_dim": 768, "target_dim": 512, "test_results": {"bleu": 0.16, "bleu1": 11.15, "bleu2": 0.4, "bleu3": 0.03, "bleu4": 0.01, "rougeL": 0.0711, "rouge1": 0.0849, "rouge2": 0.0023, "exact_match": 0.0}, "loss": {"X_Y_COS": 0.9997918009757996, "X_Y_MSEloss": 2.068571666313801e-05, "X_Y_test_COS": -0.11020472645759583, "X_Y_test_MSEloss": 0.0023898386862128973, "X_Y_val_COS": 0.034931477159261703, "X_Y_val_MSEloss": 0.002128989901393652, "reg_lambda": 0.1}}