{"train_samples": 30, "test_samples": 200, "source_model": "google-t5/t5-base", "source_dim": 768, "target_dim": 512, "test_results": {"bleu": 0.12, "bleu1": 8.46, "bleu2": 0.18, "bleu3": 0.02, "bleu4": 0.01, "rougeL": 0.097, "rouge1": 0.1144, "rouge2": 0.0012, "exact_match": 0.0}, "loss": {"X_Y_COS": 1.0, "X_Y_MSEloss": 1.2479310640411967e-10, "X_Y_test_COS": 0.8914238810539246, "X_Y_test_MSEloss": 0.0004098031495232135, "X_Y_val_COS": 0.8908817768096924, "X_Y_val_MSEloss": 0.0004109699802938849}}