{"train_samples": 30, "test_samples": 200, "source_model": "google-t5/t5-base", "source_dim": 768, "target_dim": 512, "test_results": {"bleu": 0.19, "bleu1": 18.6, "bleu2": 0.73, "bleu3": 0.02, "bleu4": 0.01, "rougeL": 0.1184, "rouge1": 0.1629, "rouge2": 0.0111, "exact_match": 0.0}, "loss": {"X_Y_COS": 1.0, "X_Y_MSEloss": 3.8383345438673666e-14, "X_Y_test_COS": 0.8885026574134827, "X_Y_test_MSEloss": 0.0004130055312998593, "X_Y_val_COS": 0.890163242816925, "X_Y_val_MSEloss": 0.0004066783585585654}}