{"train_samples": 1000, "test_samples": 200, "source_model": "intfloat/multilingual-e5-base", "source_dim": 768, "target_dim": 512, "test_results": {"bleu": 0.26, "bleu1": 13.7, "bleu2": 0.44, "bleu3": 0.06, "bleu4": 0.02, "rougeL": 0.0428, "rouge1": 0.0442, "rouge2": 0.0039, "exact_match": 0.0}, "loss": {"X_Y_COS": 0.9576064944267273, "X_Y_MSEloss": 0.00016257015522569418, "X_Y_test_COS": 0.8979485034942627, "X_Y_test_MSEloss": 0.0003873760288115591, "X_Y_val_COS": 0.8963321447372437, "X_Y_val_MSEloss": 0.00039371056482195854}}