{"train_samples": 3, "test_samples": 200, "source_model": "intfloat/multilingual-e5-base", "source_dim": 768, "target_dim": 512, "test_results": {"bleu": 0.4, "bleu1": 21.06, "bleu2": 0.85, "bleu3": 0.05, "bleu4": 0.03, "rougeL": 0.1336, "rouge1": 0.1728, "rouge2": 0.0073, "exact_match": 0.0}, "loss": {"X_Y_COS": 1.0, "X_Y_MSEloss": 3.1794837513068257e-16, "X_Y_test_COS": 0.8772149682044983, "X_Y_test_MSEloss": 0.0004523202951531857, "X_Y_val_COS": 0.8790505528450012, "X_Y_val_MSEloss": 0.00044561541290022433}}