{"train_samples": 500, "test_samples": 200, "source_model": "google/flan-t5-base", "source_dim": 768, "target_dim": 512, "test_results": {"bleu": 0.63, "bleu1": 17.33, "bleu2": 1.18, "bleu3": 0.14, "bleu4": 0.1, "rougeL": 0.1123, "rouge1": 0.1223, "rouge2": 0.0092, "exact_match": 0.0}, "loss": {"X_Y_COS": 0.9844999313354492, "X_Y_MSEloss": 6.076632780604996e-05, "X_Y_test_COS": 0.8800879716873169, "X_Y_test_MSEloss": 0.000472278508823365, "X_Y_val_COS": 0.8811166286468506, "X_Y_val_MSEloss": 0.0004656202218029648}}