{"train_samples": 20, "test_samples": 200, "source_model": "google/mt5-base", "source_dim": 768, "target_dim": 512, "test_results": {"bleu": 1.04, "bleu1": 20.56, "bleu2": 1.89, "bleu3": 0.27, "bleu4": 0.12, "rougeL": 0.1309, "rouge1": 0.1687, "rouge2": 0.0166, "exact_match": 0.0}, "loss": {"X_Y_COS": 0.9999999403953552, "X_Y_MSEloss": 8.201994639023269e-10, "X_Y_test_COS": 0.8290622234344482, "X_Y_test_MSEloss": 0.0012515034759417176, "X_Y_val_COS": 0.8342368006706238, "X_Y_val_MSEloss": 0.001190993352793157}}