{"train_samples": 1000, "test_samples": 200, "source_model": "google-bert/bert-base-multilingual-cased", "source_dim": 768, "target_dim": 512, "test_results": {"bleu": 0.53, "bleu1": 19.91, "bleu2": 1.34, "bleu3": 0.13, "bleu4": 0.03, "rougeL": 0.1497, "rouge1": 0.1988, "rouge2": 0.016, "exact_match": 0.0}, "loss": {"X_Y_COS": 0.9736964106559753, "X_Y_MSEloss": 0.00017779399058781564, "X_Y_test_COS": 0.9278622269630432, "X_Y_test_MSEloss": 0.0004896173486486077, "X_Y_val_COS": 0.930397093296051, "X_Y_val_MSEloss": 0.0004679005651269108}}