{"train_samples": 100, "test_samples": 200, "source_model": "sentence-transformers/all-MiniLM-L6-v2", "source_dim": 384, "target_dim": 512, "test_results": {"bleu": 0.56, "bleu1": 14.92, "bleu2": 1.05, "bleu3": 0.3, "bleu4": 0.14, "rougeL": 0.0533, "rouge1": 0.063, "rouge2": 0.007, "exact_match": 0.0}, "loss": {"X_Y_COS": 1.0, "X_Y_MSEloss": 6.408588937301118e-14, "X_Y_test_COS": 0.7802520394325256, "X_Y_test_MSEloss": 0.0015068534994497895, "X_Y_val_COS": 0.7575677037239075, "X_Y_val_MSEloss": 0.0015409504994750023}}