{"train_samples": 500, "test_samples": 200, "source_model": "google/flan-t5-base", "source_dim": 768, "target_dim": 512, "test_results": {"bleu": 0.39, "bleu1": 20.73, "bleu2": 0.82, "bleu3": 0.06, "bleu4": 0.03, "rougeL": 0.1212, "rouge1": 0.1519, "rouge2": 0.0118, "exact_match": 0.0}, "loss": {"X_Y_COS": 0.982898473739624, "X_Y_MSEloss": 6.668144487775862e-05, "X_Y_test_COS": 0.8649793267250061, "X_Y_test_MSEloss": 0.000531674362719059, "X_Y_val_COS": 0.8666644096374512, "X_Y_val_MSEloss": 0.0005268354434520006}}