{"train_samples": 10, "test_samples": 200, "source_model": "random", "source_dim": 768, "target_dim": 512, "test_results": {"bleu": 1.28, "bleu1": 12.5, "bleu2": 1.16, "bleu3": 0.61, "bleu4": 0.59, "rougeL": 0.0781, "rouge1": 0.0905, "rouge2": 0.0085, "exact_match": 0.0}, "loss": {"X_Y_COS": 0.9983998537063599, "X_Y_MSEloss": 0.001593820401467383, "X_Y_test_COS": 0.018246205523610115, "X_Y_test_MSEloss": 0.0019515478052198887, "X_Y_val_COS": -0.07280942052602768, "X_Y_val_MSEloss": 0.0019556924235075712, "reg_lambda": 10}}