{"train_samples": 40, "test_samples": 200, "source_model": "text-embedding-3-large", "source_dim": 3072, "target_dim": 512, "test_results": {"bleu": 0.08, "bleu1": 8.71, "bleu2": 0.03, "bleu3": 0.02, "bleu4": 0.01, "rougeL": 0.2157, "rouge1": 0.317, "rouge2": 0.0301, "exact_match": 0.0}, "loss": {"X_Y_COS": 1.0, "X_Y_MSEloss": 2.225141999909891e-15, "X_Y_test_COS": 0.8872833847999573, "X_Y_test_MSEloss": 0.0004305346228647977, "X_Y_val_COS": 0.8863028287887573, "X_Y_val_MSEloss": 0.0004345620982348919}}