{"train_samples": 40, "test_samples": 200, "source_model": "google/flan-t5-base", "source_dim": 768, "target_dim": 512, "test_results": {"bleu": 0.11, "bleu1": 12.01, "bleu2": 0.09, "bleu3": 0.02, "bleu4": 0.01, "rougeL": 0.0616, "rouge1": 0.069, "rouge2": 0.0063, "exact_match": 0.0}, "loss": {"X_Y_COS": 1.0, "X_Y_MSEloss": 1.6653064832065217e-13, "X_Y_test_COS": 0.9014983773231506, "X_Y_test_MSEloss": 0.0003678936918731779, "X_Y_val_COS": 0.8998242020606995, "X_Y_val_MSEloss": 0.0003741408872883767}}