{"epoch": 1, "dev_acc": 39.0, "test_acc": 32.0, "test_f1": 31.490000000000002, "test_roc": 51.449999999999996}