{"train_samples": 1000, "test_samples": 200, "source_model": "google-t5/t5-base", "source_dim": 768, "target_dim": 512, "test_results": {"bleu": 2.32, "bleu1": 25.41, "bleu2": 3.34, "bleu3": 0.94, "bleu4": 0.42, "rougeL": 0.1644, "rouge1": 0.2213, "rouge2": 0.035, "exact_match": 0.0}, "loss": {"X_Y_COS": 0.9836702942848206, "X_Y_MSEloss": 6.38861529296264e-05, "X_Y_test_COS": 0.9426237344741821, "X_Y_test_MSEloss": 0.00022440683096647263, "X_Y_val_COS": 0.9396142363548279, "X_Y_val_MSEloss": 0.00023436157789546996}}