{"train_samples": 100, "test_samples": 200, "source_model": "google-t5/t5-base", "source_dim": 768, "target_dim": 512, "test_results": {"bleu": 0.13, "bleu1": 9.19, "bleu2": 0.21, "bleu3": 0.02, "bleu4": 0.01, "rougeL": 0.0704, "rouge1": 0.0822, "rouge2": 0.0028, "exact_match": 0.0}, "loss": {"X_Y_COS": 0.9789617657661438, "X_Y_MSEloss": 8.196603448595852e-05, "X_Y_test_COS": 0.8836848139762878, "X_Y_test_MSEloss": 0.0004484388919081539, "X_Y_val_COS": 0.8825100660324097, "X_Y_val_MSEloss": 0.0004519033245742321}}