{"train_samples": 1, "test_samples": 200, "source_model": "sentence-transformers/all-MiniLM-L6-v2", "source_dim": 384, "target_dim": 512, "test_results": {"bleu": 0.1, "bleu1": 6.58, "bleu2": 0.57, "bleu3": 0.02, "bleu4": 0.01, "rougeL": 0.0438, "rouge1": 0.0438, "rouge2": 0.004, "exact_match": 0.0}, "loss": {"X_Y_COS": 1.0000001192092896, "X_Y_MSEloss": 1.7399496692613661e-16, "X_Y_test_COS": -0.016522109508514404, "X_Y_test_MSEloss": 0.0019325142493471503, "X_Y_val_COS": 0.02359529212117195, "X_Y_val_MSEloss": 0.001932636252604425}}