{"train_samples": 3, "test_samples": 200, "source_model": "text-embedding-ada-002", "source_dim": 1536, "target_dim": 512, "test_results": {"bleu": 0.11, "bleu1": 11.72, "bleu2": 0.2, "bleu3": 0.01, "bleu4": 0.01, "rougeL": 0.0533, "rouge1": 0.0575, "rouge2": 0.0009, "exact_match": 0.0}, "loss": {"X_Y_COS": 1.0, "X_Y_MSEloss": 6.154438692004892e-16, "X_Y_test_COS": 0.8541033864021301, "X_Y_test_MSEloss": 0.0005296618328429759, "X_Y_val_COS": 0.8569863438606262, "X_Y_val_MSEloss": 0.0005206279456615448}}