{"train_samples": 1, "test_samples": 200, "source_model": "text-embedding-ada-002", "source_dim": 1536, "target_dim": 512, "test_results": {"bleu": 0.04, "bleu1": 7.26, "bleu2": 0.01, "bleu3": 0.01, "bleu4": 0.0, "rougeL": 0.0188, "rouge1": 0.0188, "rouge2": 0.0, "exact_match": 0.0}, "loss": {"X_Y_COS": 1.0, "X_Y_MSEloss": 7.695242445037299e-16, "X_Y_test_COS": 0.841817319393158, "X_Y_test_MSEloss": 0.0005772245349362493, "X_Y_val_COS": 0.8435189723968506, "X_Y_val_MSEloss": 0.0005719739710912108}}