{"train_samples": 3, "test_samples": 200, "source_model": "google-t5/t5-base", "source_dim": 768, "target_dim": 512, "test_results": {"bleu": 0.18, "bleu1": 11.67, "bleu2": 0.41, "bleu3": 0.05, "bleu4": 0.03, "rougeL": 0.0405, "rouge1": 0.044, "rouge2": 0.0027, "exact_match": 0.0}, "loss": {"X_Y_COS": 1.0, "X_Y_MSEloss": 2.914725074796773e-15, "X_Y_test_COS": 0.8811852335929871, "X_Y_test_MSEloss": 0.0007724061724729836, "X_Y_val_COS": 0.8783939480781555, "X_Y_val_MSEloss": 0.000819495297037065}}