{"train_samples": 20, "test_samples": 200, "source_model": "random", "source_dim": 768, "target_dim": 512, "test_results": {"bleu": 0.12, "bleu1": 8.59, "bleu2": 0.19, "bleu3": 0.02, "bleu4": 0.01, "rougeL": 0.0513, "rouge1": 0.0558, "rouge2": 0.0017, "exact_match": 0.0}, "loss": {"X_Y_COS": 1.0, "X_Y_MSEloss": 8.730317235977646e-16, "X_Y_test_COS": -0.08197751641273499, "X_Y_test_MSEloss": 0.0020711817778646946, "X_Y_val_COS": 0.05966474488377571, "X_Y_val_MSEloss": 0.0019925483502447605}}