{"train_samples": 1, "test_samples": 200, "source_model": "text-embedding-3-large", "source_dim": 3072, "target_dim": 512, "test_results": {"bleu": 0.18, "bleu1": 20.73, "bleu2": 0.35, "bleu3": 0.02, "bleu4": 0.01, "rougeL": 0.1144, "rouge1": 0.1523, "rouge2": 0.0049, "exact_match": 0.0}, "loss": {"X_Y_COS": 1.0000001192092896, "X_Y_MSEloss": 1.5020706568901425e-17, "X_Y_test_COS": 0.9108854532241821, "X_Y_test_MSEloss": 0.002919247606769204, "X_Y_val_COS": 0.9116388559341431, "X_Y_val_MSEloss": 0.003052313346415758}}