{"train_samples": 500, "test_samples": 200, "source_model": "intfloat/multilingual-e5-base", "source_dim": 768, "target_dim": 512, "test_results": {"bleu": 0.8, "bleu1": 21.61, "bleu2": 1.08, "bleu3": 0.22, "bleu4": 0.17, "rougeL": 0.1127, "rouge1": 0.1339, "rouge2": 0.0052, "exact_match": 0.0}, "loss": {"X_Y_COS": 0.9653131365776062, "X_Y_MSEloss": 0.00013398767623584718, "X_Y_test_COS": 0.8265998363494873, "X_Y_test_MSEloss": 0.000664093007799238, "X_Y_val_COS": 0.8274920582771301, "X_Y_val_MSEloss": 0.0006599262123927474}}