{"train_samples": 1, "test_samples": 200, "source_model": "text-embedding-3-large", "source_dim": 3072, "target_dim": 512, "test_results": {"bleu": 0.03, "bleu1": 2.08, "bleu2": 0.01, "bleu3": 0.01, "bleu4": 0.0, "rougeL": 0.0041, "rouge1": 0.0041, "rouge2": 0.0, "exact_match": 0.0}, "loss": {"X_Y_COS": 1.0, "X_Y_MSEloss": 3.550914977867227e-17, "X_Y_test_COS": 0.7938153147697449, "X_Y_test_MSEloss": 0.0025623177643865347, "X_Y_val_COS": 0.7972912192344666, "X_Y_val_MSEloss": 0.0026559089310467243}}