{"train_samples": 1000, "test_samples": 200, "source_model": "random", "source_dim": 768, "target_dim": 512, "test_results": {"bleu": 0.17, "bleu1": 6.95, "bleu2": 0.32, "bleu3": 0.03, "bleu4": 0.01, "rougeL": 0.0473, "rouge1": 0.053, "rouge2": 0.0033, "exact_match": 0.0}, "loss": {"X_Y_COS": 0.8957328200340271, "X_Y_MSEloss": 0.00047230764175765216, "X_Y_test_COS": -0.03680623322725296, "X_Y_test_MSEloss": 0.008393284864723682, "X_Y_val_COS": 0.008112101815640926, "X_Y_val_MSEloss": 0.007662259042263031}}