{"train_samples": 300, "test_samples": 200, "source_model": "sentence-transformers/gtr-t5-base", "source_dim": 768, "target_dim": 512, "test_results": {"bleu": 19.4, "bleu1": 35.52, "bleu2": 18.57, "bleu3": 16.06, "bleu4": 14.68, "rougeL": 0.3011, "rouge1": 0.346, "rouge2": 0.1915, "exact_match": 0.0}, "loss": {"X_Y_COS": 0.9941530823707581, "X_Y_MSEloss": 2.4338081857422367e-05, "X_Y_test_COS": 0.9019103646278381, "X_Y_test_MSEloss": 0.0003766943409573287, "X_Y_val_COS": 0.9047797918319702, "X_Y_val_MSEloss": 0.00036351202288642526, "reg_lambda": 0.1}}