{"train_samples": 30, "test_samples": 200, "source_model": "google/mt5-base", "source_dim": 768, "target_dim": 512, "test_results": {"bleu": 0.22, "bleu1": 14.84, "bleu2": 0.86, "bleu3": 0.02, "bleu4": 0.01, "rougeL": 0.1209, "rouge1": 0.131, "rouge2": 0.0084, "exact_match": 0.0}, "loss": {"X_Y_COS": 1.0, "X_Y_MSEloss": 6.584838924128533e-11, "X_Y_test_COS": 0.8790328502655029, "X_Y_test_MSEloss": 0.0008421583916060627, "X_Y_val_COS": 0.8829494118690491, "X_Y_val_MSEloss": 0.0008350560092367232}}