{"train_samples": 50, "test_samples": 200, "source_model": "google-bert/bert-base-multilingual-cased", "source_dim": 768, "target_dim": 512, "test_results": {"bleu": 0.23, "bleu1": 16.04, "bleu2": 0.92, "bleu3": 0.02, "bleu4": 0.01, "rougeL": 0.1434, "rouge1": 0.165, "rouge2": 0.011, "exact_match": 0.0}, "loss": {"X_Y_COS": 1.0, "X_Y_MSEloss": 6.9512830313102434e-15, "X_Y_test_COS": 0.9234945774078369, "X_Y_test_MSEloss": 0.0005815494805574417, "X_Y_val_COS": 0.9271141290664673, "X_Y_val_MSEloss": 0.0005634921253658831}}