{"train_samples": 500, "test_samples": 200, "source_model": "sentence-transformers/all-MiniLM-L6-v2", "source_dim": 384, "target_dim": 512, "test_results": {"bleu": 0.11, "bleu1": 10.74, "bleu2": 0.15, "bleu3": 0.02, "bleu4": 0.01, "rougeL": 0.0084, "rouge1": 0.0084, "rouge2": 0.0, "exact_match": 0.0}, "loss": {"X_Y_COS": 0.9803058505058289, "X_Y_MSEloss": 8.057255035964772e-05, "X_Y_test_COS": 0.7696806192398071, "X_Y_test_MSEloss": 0.0010050040436908603, "X_Y_val_COS": 0.7603058218955994, "X_Y_val_MSEloss": 0.001022848067805171}}