{"train_samples": 20, "test_samples": 200, "source_model": "intfloat/multilingual-e5-base", "source_dim": 768, "target_dim": 512, "test_results": {"bleu": 0.46, "bleu1": 22.2, "bleu2": 1.24, "bleu3": 0.08, "bleu4": 0.03, "rougeL": 0.1248, "rouge1": 0.1667, "rouge2": 0.0116, "exact_match": 0.0}, "loss": {"X_Y_COS": 1.0, "X_Y_MSEloss": 2.6591310194903038e-14, "X_Y_test_COS": 0.8505598306655884, "X_Y_test_MSEloss": 0.0005408512079156935, "X_Y_val_COS": 0.8477866053581238, "X_Y_val_MSEloss": 0.0005503873690031469}}