{"train_samples": 30, "test_samples": 200, "source_model": "intfloat/multilingual-e5-base", "source_dim": 768, "target_dim": 512, "test_results": {"bleu": 0.16, "bleu1": 16.57, "bleu2": 0.39, "bleu3": 0.01, "bleu4": 0.01, "rougeL": 0.0993, "rouge1": 0.1172, "rouge2": 0.0019, "exact_match": 0.0}, "loss": {"X_Y_COS": 1.0, "X_Y_MSEloss": 2.300228963466461e-13, "X_Y_test_COS": 0.9135288596153259, "X_Y_test_MSEloss": 0.00032350432593375444, "X_Y_val_COS": 0.9147841930389404, "X_Y_val_MSEloss": 0.00031912088161334395}}