{"epoch": 2, "dev_acc": 54.50000000000001, "test_acc": 52.5, "test_f1": 52.15, "test_roc": 56.21000000000001}