{"train_samples": 100, "test_samples": 200, "source_model": "text-embedding-ada-002", "source_dim": 1536, "target_dim": 512, "test_results": {"bleu": 1.05, "bleu1": 16.48, "bleu2": 1.69, "bleu3": 0.45, "bleu4": 0.34, "rougeL": 0.0776, "rouge1": 0.0929, "rouge2": 0.0114, "exact_match": 0.0}, "loss": {"X_Y_COS": 0.9999388456344604, "X_Y_MSEloss": 2.390364102211606e-07, "X_Y_test_COS": 0.8722360730171204, "X_Y_test_MSEloss": 0.0004673530929721892, "X_Y_val_COS": 0.8618537783622742, "X_Y_val_MSEloss": 0.0005033122724853456}}