{"train_samples": 50, "test_samples": 200, "source_model": "google/flan-t5-base", "source_dim": 768, "target_dim": 512, "test_results": {"bleu": 0.2, "bleu1": 15.78, "bleu2": 1.12, "bleu3": 0.02, "bleu4": 0.01, "rougeL": 0.1232, "rouge1": 0.1603, "rouge2": 0.012, "exact_match": 0.0}, "loss": {"X_Y_COS": 1.0, "X_Y_MSEloss": 1.215731071368964e-09, "X_Y_test_COS": 0.9111605882644653, "X_Y_test_MSEloss": 0.0006052397657185793, "X_Y_val_COS": 0.9151135087013245, "X_Y_val_MSEloss": 0.0005618646391667426}}