{"train_samples": 20, "test_samples": 200, "source_model": "text-embedding-ada-002", "source_dim": 1536, "target_dim": 512, "test_results": {"bleu": 0.37, "bleu1": 14.19, "bleu2": 0.7, "bleu3": 0.16, "bleu4": 0.07, "rougeL": 0.0619, "rouge1": 0.0696, "rouge2": 0.0046, "exact_match": 0.0}, "loss": {"X_Y_COS": 1.0, "X_Y_MSEloss": 8.197376493422094e-15, "X_Y_test_COS": 0.8999378085136414, "X_Y_test_MSEloss": 0.00037081088521517813, "X_Y_val_COS": 0.9015235900878906, "X_Y_val_MSEloss": 0.0003656451008282602}}