{"train_samples": 100, "test_samples": 200, "source_model": "sentence-transformers/all-MiniLM-L6-v2", "source_dim": 384, "target_dim": 512, "test_results": {"bleu": 0.21, "bleu1": 14.94, "bleu2": 0.93, "bleu3": 0.03, "bleu4": 0.01, "rougeL": 0.1144, "rouge1": 0.1276, "rouge2": 0.0092, "exact_match": 0.0}, "loss": {"X_Y_COS": 0.9999998211860657, "X_Y_MSEloss": 5.965056004697544e-09, "X_Y_test_COS": 0.8725259304046631, "X_Y_test_MSEloss": 0.0009604340302757919, "X_Y_val_COS": 0.8795356750488281, "X_Y_val_MSEloss": 0.0009432087535969913}}