{"train_samples": 5, "test_samples": 200, "source_model": "text-embedding-ada-002", "source_dim": 1536, "target_dim": 512, "test_results": {"bleu": 0.33, "bleu1": 16.75, "bleu2": 0.5, "bleu3": 0.05, "bleu4": 0.03, "rougeL": 0.1024, "rouge1": 0.1463, "rouge2": 0.0046, "exact_match": 0.0}, "loss": {"X_Y_COS": 1.0, "X_Y_MSEloss": 1.349213264813839e-15, "X_Y_test_COS": 0.8640123605728149, "X_Y_test_MSEloss": 0.0004956340999342501, "X_Y_val_COS": 0.8657549023628235, "X_Y_val_MSEloss": 0.0004898443585261703}}