{"train_samples": 500, "test_samples": 200, "source_model": "google/mt5-base", "source_dim": 768, "target_dim": 512, "test_results": {"bleu": 0.24, "bleu1": 18.7, "bleu2": 0.6, "bleu3": 0.04, "bleu4": 0.02, "rougeL": 0.109, "rouge1": 0.1283, "rouge2": 0.001, "exact_match": 0.0}, "loss": {"X_Y_COS": 0.9793673753738403, "X_Y_MSEloss": 0.00010906127863563597, "X_Y_test_COS": 0.914120614528656, "X_Y_test_MSEloss": 0.00046550435945391655, "X_Y_val_COS": 0.9155035018920898, "X_Y_val_MSEloss": 0.00044667036854662}}