{"train_samples": 40, "test_samples": 200, "source_model": "text-embedding-ada-002", "source_dim": 1536, "target_dim": 512, "test_results": {"bleu": 0.23, "bleu1": 20.5, "bleu2": 1.01, "bleu3": 0.03, "bleu4": 0.01, "rougeL": 0.1039, "rouge1": 0.1173, "rouge2": 0.0072, "exact_match": 0.0}, "loss": {"X_Y_COS": 1.0, "X_Y_MSEloss": 2.8383445225231563e-13, "X_Y_test_COS": 0.9021639227867126, "X_Y_test_MSEloss": 0.0003633123415056616, "X_Y_val_COS": 0.905447244644165, "X_Y_val_MSEloss": 0.0003524386847857386}}