{"train_samples": 1000, "test_samples": 200, "source_model": "sentence-transformers/all-MiniLM-L6-v2", "source_dim": 384, "target_dim": 512, "test_results": {"bleu": 0.12, "bleu1": 10.09, "bleu2": 0.13, "bleu3": 0.02, "bleu4": 0.01, "rougeL": 0.0159, "rouge1": 0.0165, "rouge2": 0.0012, "exact_match": 0.0}, "loss": {"X_Y_COS": 0.9327040910720825, "X_Y_MSEloss": 0.0002576497208792716, "X_Y_test_COS": 0.8236668705940247, "X_Y_test_MSEloss": 0.0006784552824683487, "X_Y_val_COS": 0.8213459849357605, "X_Y_val_MSEloss": 0.0006995254661887884}}