{"train_samples": 100, "test_samples": 200, "source_model": "google-t5/t5-base", "source_dim": 768, "target_dim": 512, "test_results": {"bleu": 4.41, "bleu1": 28.41, "bleu2": 5.81, "bleu3": 2.09, "bleu4": 1.2, "rougeL": 0.1964, "rouge1": 0.2556, "rouge2": 0.0601, "exact_match": 0.0}, "loss": {"X_Y_COS": 1.0, "X_Y_MSEloss": 9.487505225891368e-10, "X_Y_test_COS": 0.8638296127319336, "X_Y_test_MSEloss": 0.0009961717296391726, "X_Y_val_COS": 0.8659441471099854, "X_Y_val_MSEloss": 0.0009804829023778439}}