{"train_samples": 5, "test_samples": 200, "source_model": "sentence-transformers/all-MiniLM-L6-v2", "source_dim": 384, "target_dim": 512, "test_results": {"bleu": 0.2, "bleu1": 17.91, "bleu2": 0.59, "bleu3": 0.03, "bleu4": 0.01, "rougeL": 0.0914, "rouge1": 0.1017, "rouge2": 0.0023, "exact_match": 0.0}, "loss": {"X_Y_COS": 1.0, "X_Y_MSEloss": 1.8712863628978817e-16, "X_Y_test_COS": 0.8834264874458313, "X_Y_test_MSEloss": 0.0005326616228558123, "X_Y_val_COS": 0.8880751132965088, "X_Y_val_MSEloss": 0.0005170524236746132}}