{"train_samples": 3, "test_samples": 200, "source_model": "text-embedding-3-large", "source_dim": 3072, "target_dim": 512, "test_results": {"bleu": 0.07, "bleu1": 8.6, "bleu2": 0.03, "bleu3": 0.01, "bleu4": 0.01, "rougeL": 0.192, "rouge1": 0.2518, "rouge2": 0.0127, "exact_match": 0.0}, "loss": {"X_Y_COS": 1.0, "X_Y_MSEloss": 9.0009638502623e-17, "X_Y_test_COS": 0.8619623184204102, "X_Y_test_MSEloss": 0.0008032106561586261, "X_Y_val_COS": 0.8621270656585693, "X_Y_val_MSEloss": 0.0008047809824347496}}