{"train_samples": 5, "test_samples": 200, "source_model": "text-embedding-ada-002", "source_dim": 1536, "target_dim": 512, "test_results": {"bleu": 0.28, "bleu1": 17.59, "bleu2": 0.87, "bleu3": 0.03, "bleu4": 0.02, "rougeL": 0.1256, "rouge1": 0.1629, "rouge2": 0.0093, "exact_match": 0.0}, "loss": {"X_Y_COS": 1.0, "X_Y_MSEloss": 5.713444752302333e-15, "X_Y_test_COS": 0.9126273393630981, "X_Y_test_MSEloss": 0.0005734029691666365, "X_Y_val_COS": 0.9140862226486206, "X_Y_val_MSEloss": 0.0005603108438663185}}