{"train_samples": 20, "test_samples": 200, "source_model": "sentence-transformers/all-MiniLM-L6-v2", "source_dim": 384, "target_dim": 512, "test_results": {"bleu": 0.44, "bleu1": 17.63, "bleu2": 1.06, "bleu3": 0.1, "bleu4": 0.03, "rougeL": 0.0976, "rouge1": 0.1298, "rouge2": 0.01, "exact_match": 0.0}, "loss": {"X_Y_COS": 1.0, "X_Y_MSEloss": 4.3878262784485323e-16, "X_Y_test_COS": 0.8075094223022461, "X_Y_test_MSEloss": 0.0008110296330414712, "X_Y_val_COS": 0.7915647625923157, "X_Y_val_MSEloss": 0.0008482715929858387}}