{"train_samples": 1000, "test_samples": 200, "source_model": "text-embedding-3-large", "source_dim": 3072, "target_dim": 512, "test_results": {"bleu": 0.25, "bleu1": 9.63, "bleu2": 0.4, "bleu3": 0.06, "bleu4": 0.02, "rougeL": 0.0109, "rouge1": 0.0109, "rouge2": 0.002, "exact_match": 0.0}, "loss": {"X_Y_COS": 0.9999485015869141, "X_Y_MSEloss": 2.403106407200539e-07, "X_Y_test_COS": 0.8912452459335327, "X_Y_test_MSEloss": 0.0004344129119999707, "X_Y_val_COS": 0.8854367136955261, "X_Y_val_MSEloss": 0.0004557486390694976}}