{"train_samples": 1000, "test_samples": 200, "source_model": "google/mt5-base", "source_dim": 768, "target_dim": 512, "test_results": {"bleu": 0.23, "bleu1": 16.87, "bleu2": 1.03, "bleu3": 0.02, "bleu4": 0.01, "rougeL": 0.1403, "rouge1": 0.1569, "rouge2": 0.0099, "exact_match": 0.0}, "loss": {"X_Y_COS": 0.9653430581092834, "X_Y_MSEloss": 0.00013461017806548625, "X_Y_test_COS": 0.9191993474960327, "X_Y_test_MSEloss": 0.00031034188577905297, "X_Y_val_COS": 0.9194355607032776, "X_Y_val_MSEloss": 0.0003087711229454726}}