{"train_samples": 1000, "test_samples": 200, "source_model": "sentence-transformers/all-MiniLM-L6-v2", "source_dim": 384, "target_dim": 512, "test_results": {"bleu": 0.09, "bleu1": 10.09, "bleu2": 0.07, "bleu3": 0.02, "bleu4": 0.01, "rougeL": 0.0459, "rouge1": 0.053, "rouge2": 0.0006, "exact_match": 0.0}, "loss": {"X_Y_COS": 0.9387272000312805, "X_Y_MSEloss": 0.0005213342374190688, "X_Y_test_COS": 0.8382307887077332, "X_Y_test_MSEloss": 0.0013747536577284336, "X_Y_val_COS": 0.8288912773132324, "X_Y_val_MSEloss": 0.0014594909735023975}}