{"train_samples": 1000, "test_samples": 200, "source_model": "text-embedding-ada-002", "source_dim": 1536, "target_dim": 512, "test_results": {"bleu": 0.49, "bleu1": 13.29, "bleu2": 0.73, "bleu3": 0.19, "bleu4": 0.03, "rougeL": 0.0939, "rouge1": 0.1092, "rouge2": 0.0074, "exact_match": 0.0}, "loss": {"X_Y_COS": 0.9993107318878174, "X_Y_MSEloss": 2.7275330012344057e-06, "X_Y_test_COS": 0.7786885499954224, "X_Y_test_MSEloss": 0.0009415082167834044, "X_Y_val_COS": 0.7716076374053955, "X_Y_val_MSEloss": 0.0009737827931530774}}