{"train_samples": 10, "test_samples": 200, "source_model": "google/mt5-base", "source_dim": 768, "target_dim": 512, "test_results": {"bleu": 0.19, "bleu1": 18.52, "bleu2": 0.63, "bleu3": 0.03, "bleu4": 0.01, "rougeL": 0.0943, "rouge1": 0.1074, "rouge2": 0.0046, "exact_match": 0.0}, "loss": {"X_Y_COS": 1.0, "X_Y_MSEloss": 2.9574628856998686e-10, "X_Y_test_COS": 0.900673508644104, "X_Y_test_MSEloss": 0.0009644514066167176, "X_Y_val_COS": 0.9053055644035339, "X_Y_val_MSEloss": 0.0009372507338412106}}