{"train_samples": 1000, "test_samples": 200, "source_model": "sentence-transformers/gtr-t5-base", "source_dim": 768, "target_dim": 512, "test_results": {"bleu": 0.14, "bleu1": 10.79, "bleu2": 0.29, "bleu3": 0.02, "bleu4": 0.01, "rougeL": 0.0675, "rouge1": 0.0805, "rouge2": 0.0022, "exact_match": 0.0}, "loss": {"X_Y_COS": 0.8953627943992615, "X_Y_MSEloss": 0.0004653823561966419, "X_Y_test_COS": 0.017195431515574455, "X_Y_test_MSEloss": 0.008675484918057919, "X_Y_val_COS": -0.023463096469640732, "X_Y_val_MSEloss": 0.00790791492909193}}