{"train_samples": 100, "test_samples": 200, "source_model": "text-embedding-3-large", "source_dim": 3072, "target_dim": 512, "test_results": {"bleu": 1.7, "bleu1": 24.24, "bleu2": 2.71, "bleu3": 0.67, "bleu4": 0.19, "rougeL": 0.1637, "rouge1": 0.215, "rouge2": 0.0344, "exact_match": 0.0}, "loss": {"X_Y_COS": 1.0, "X_Y_MSEloss": 8.2099922021385e-15, "X_Y_test_COS": 0.9122025966644287, "X_Y_test_MSEloss": 0.00034222862450405955, "X_Y_val_COS": 0.912791907787323, "X_Y_val_MSEloss": 0.00033975945552811027}}