{"train_samples": 50, "test_samples": 200, "source_model": "text-embedding-ada-002", "source_dim": 1536, "target_dim": 512, "test_results": {"bleu": 0.25, "bleu1": 17.47, "bleu2": 1.33, "bleu3": 0.02, "bleu4": 0.01, "rougeL": 0.1432, "rouge1": 0.166, "rouge2": 0.0148, "exact_match": 0.0}, "loss": {"X_Y_COS": 1.0, "X_Y_MSEloss": 1.4440834595827456e-12, "X_Y_test_COS": 0.9329937696456909, "X_Y_test_MSEloss": 0.0002533086226321757, "X_Y_val_COS": 0.9342585802078247, "X_Y_val_MSEloss": 0.00024891656357795}}