{"train_samples": 5, "test_samples": 200, "source_model": "google-bert/bert-base-multilingual-cased", "source_dim": 768, "target_dim": 512, "test_results": {"bleu": 0.15, "bleu1": 16.29, "bleu2": 0.31, "bleu3": 0.01, "bleu4": 0.01, "rougeL": 0.0967, "rouge1": 0.1226, "rouge2": 0.0039, "exact_match": 0.0}, "loss": {"X_Y_COS": 1.0, "X_Y_MSEloss": 3.7100982766914215e-16, "X_Y_test_COS": 0.8960928320884705, "X_Y_test_MSEloss": 0.0004331897071097046, "X_Y_val_COS": 0.8950157165527344, "X_Y_val_MSEloss": 0.0004316700797062367}}