{"train_samples": 500, "test_samples": 200, "source_model": "sentence-transformers/gtr-t5-base", "source_dim": 768, "target_dim": 512, "test_results": {"bleu": 4.12, "bleu1": 23.88, "bleu2": 4.8, "bleu3": 2.43, "bleu4": 1.67, "rougeL": 0.1721, "rouge1": 0.2171, "rouge2": 0.0528, "exact_match": 0.0}, "loss": {"X_Y_COS": 0.9861248135566711, "X_Y_MSEloss": 5.432059697341174e-05, "X_Y_test_COS": 0.8299193382263184, "X_Y_test_MSEloss": 0.0006903543835505843, "X_Y_val_COS": 0.8304407596588135, "X_Y_val_MSEloss": 0.0006982823251746595}}