{"train_samples": 20, "test_samples": 200, "source_model": "intfloat/multilingual-e5-base", "source_dim": 768, "target_dim": 512, "test_results": {"bleu": 0.07, "bleu1": 6.76, "bleu2": 0.03, "bleu3": 0.02, "bleu4": 0.01, "rougeL": 0.0483, "rouge1": 0.0524, "rouge2": 0.0006, "exact_match": 0.0}, "loss": {"X_Y_COS": 1.0, "X_Y_MSEloss": 4.847645790101614e-14, "X_Y_test_COS": 0.8492887020111084, "X_Y_test_MSEloss": 0.0005447677103802562, "X_Y_val_COS": 0.8436340689659119, "X_Y_val_MSEloss": 0.0005638415459543467}}