{"train_samples": 40, "test_samples": 200, "source_model": "google/flan-t5-base", "source_dim": 768, "target_dim": 512, "test_results": {"bleu": 2.14, "bleu1": 24.29, "bleu2": 3.08, "bleu3": 0.79, "bleu4": 0.35, "rougeL": 0.1557, "rouge1": 0.2129, "rouge2": 0.0377, "exact_match": 0.0}, "loss": {"X_Y_COS": 1.0, "X_Y_MSEloss": 4.5209502645433136e-14, "X_Y_test_COS": 0.8726756572723389, "X_Y_test_MSEloss": 0.00046813636436127126, "X_Y_val_COS": 0.8639542460441589, "X_Y_val_MSEloss": 0.0004978168872185051}}