{"train_samples": 100, "test_samples": 200, "source_model": "text-embedding-ada-002", "source_dim": 1536, "target_dim": 512, "test_results": {"bleu": 0.23, "bleu1": 15.11, "bleu2": 0.76, "bleu3": 0.02, "bleu4": 0.01, "rougeL": 0.0912, "rouge1": 0.1144, "rouge2": 0.0069, "exact_match": 0.0}, "loss": {"X_Y_COS": 1.0, "X_Y_MSEloss": 1.2194132370524358e-09, "X_Y_test_COS": 0.8201791048049927, "X_Y_test_MSEloss": 0.0014097094535827637, "X_Y_val_COS": 0.8255074620246887, "X_Y_val_MSEloss": 0.0013738280395045877}}