{"train_samples": 500, "test_samples": 200, "source_model": "google/flan-t5-base", "source_dim": 768, "target_dim": 512, "test_results": {"bleu": 0.26, "bleu1": 22.09, "bleu2": 1.23, "bleu3": 0.02, "bleu4": 0.01, "rougeL": 0.1299, "rouge1": 0.1489, "rouge2": 0.0078, "exact_match": 0.0}, "loss": {"X_Y_COS": 0.9874213337898254, "X_Y_MSEloss": 4.927799818688072e-05, "X_Y_test_COS": 0.9039437770843506, "X_Y_test_MSEloss": 0.0003764465800486505, "X_Y_val_COS": 0.904733419418335, "X_Y_val_MSEloss": 0.00037106199306435883}}