{"train_samples": 30, "test_samples": 200, "source_model": "text-embedding-ada-002", "source_dim": 1536, "target_dim": 512, "test_results": {"bleu": 0.13, "bleu1": 8.47, "bleu2": 0.12, "bleu3": 0.02, "bleu4": 0.01, "rougeL": 0.0051, "rouge1": 0.0051, "rouge2": 0.0, "exact_match": 0.0}, "loss": {"X_Y_COS": 1.0, "X_Y_MSEloss": 5.4023009210622114e-14, "X_Y_test_COS": 0.8563805222511292, "X_Y_test_MSEloss": 0.000521327368915081, "X_Y_val_COS": 0.8591896891593933, "X_Y_val_MSEloss": 0.0005117289838381112}}