{"train_samples": 8000, "test_samples": 200, "source_model": "google-t5/t5-base", "source_dim": 768, "target_dim": 512, "test_results": {"bleu": 34.13, "bleu1": 56.76, "bleu2": 35.69, "bleu3": 29.4, "bleu4": 26.33, "rougeL": 0.4891, "rouge1": 0.5609, "rouge2": 0.3556, "exact_match": 0.0}, "loss": {"X_Y_COS": 0.9706265330314636, "X_Y_MSEloss": 0.00011478946544229984, "X_Y_test_COS": 0.9679129719734192, "X_Y_test_MSEloss": 0.00012514390982687473, "X_Y_val_COS": 0.9675633907318115, "X_Y_val_MSEloss": 0.0001260529679711908}}