{"train_samples": 5, "test_samples": 200, "source_model": "text-embedding-3-large", "source_dim": 3072, "target_dim": 512, "test_results": {"bleu": 0.0, "bleu1": 10.17, "bleu2": 0.06, "bleu3": 0.03, "bleu4": 0.02, "rougeL": 0.003, "rouge1": 0.003, "rouge2": 0.0, "exact_match": 0.0}, "loss": {"X_Y_COS": 1.0, "X_Y_MSEloss": 1.8556797808447212e-16, "X_Y_test_COS": 0.79537034034729, "X_Y_test_MSEloss": 0.0009105402277782559, "X_Y_val_COS": 0.7949532866477966, "X_Y_val_MSEloss": 0.0009040026343427598}}