{"train_samples": 5, "test_samples": 200, "source_model": "google-bert/bert-base-multilingual-cased", "source_dim": 768, "target_dim": 512, "test_results": {"bleu": 0.15, "bleu1": 13.18, "bleu2": 0.42, "bleu3": 0.02, "bleu4": 0.01, "rougeL": 0.0989, "rouge1": 0.1195, "rouge2": 0.006, "exact_match": 0.0}, "loss": {"X_Y_COS": 1.0, "X_Y_MSEloss": 4.532893111462244e-16, "X_Y_test_COS": 0.8392544388771057, "X_Y_test_MSEloss": 0.0006087379879318178, "X_Y_val_COS": 0.8422833681106567, "X_Y_val_MSEloss": 0.0005969014600850642}}