{"train_samples": 5, "test_samples": 200, "source_model": "google-bert/bert-base-multilingual-cased", "source_dim": 768, "target_dim": 512, "test_results": {"bleu": 0.17, "bleu1": 15.0, "bleu2": 0.61, "bleu3": 0.02, "bleu4": 0.01, "rougeL": 0.1081, "rouge1": 0.133, "rouge2": 0.0087, "exact_match": 0.0}, "loss": {"X_Y_COS": 1.0, "X_Y_MSEloss": 2.2452785141649674e-15, "X_Y_test_COS": 0.8476735949516296, "X_Y_test_MSEloss": 0.0009291514870710671, "X_Y_val_COS": 0.8516403436660767, "X_Y_val_MSEloss": 0.0008927854942157865}}