{"train_samples": 10, "test_samples": 200, "source_model": "google-t5/t5-base", "source_dim": 768, "target_dim": 512, "test_results": {"bleu": 0.04, "bleu1": 7.58, "bleu2": 0.01, "bleu3": 0.01, "bleu4": 0.0, "rougeL": 0.0046, "rouge1": 0.0046, "rouge2": 0.0, "exact_match": 0.0}, "loss": {"X_Y_COS": 1.0, "X_Y_MSEloss": 1.12012812203123e-15, "X_Y_test_COS": 0.8660175800323486, "X_Y_test_MSEloss": 0.0004957822384312749, "X_Y_val_COS": 0.8636470437049866, "X_Y_val_MSEloss": 0.0005059897666797042}}