{"train_samples": 20, "test_samples": 200, "source_model": "google-t5/t5-base", "source_dim": 768, "target_dim": 512, "test_results": {"bleu": 0.41, "bleu1": 17.83, "bleu2": 1.22, "bleu3": 0.09, "bleu4": 0.03, "rougeL": 0.1398, "rouge1": 0.1653, "rouge2": 0.0148, "exact_match": 0.0}, "loss": {"X_Y_COS": 1.0, "X_Y_MSEloss": 2.346035310463179e-10, "X_Y_test_COS": 0.9434400796890259, "X_Y_test_MSEloss": 0.0004893887089565396, "X_Y_val_COS": 0.9443821310997009, "X_Y_val_MSEloss": 0.0005082147545181215}}