{"train_samples": 100, "test_samples": 200, "source_model": "google/flan-t5-base", "source_dim": 768, "target_dim": 512, "test_results": {"bleu": 1.09, "bleu1": 20.79, "bleu2": 1.89, "bleu3": 0.34, "bleu4": 0.12, "rougeL": 0.1306, "rouge1": 0.1736, "rouge2": 0.0196, "exact_match": 0.0}, "loss": {"X_Y_COS": 1.0, "X_Y_MSEloss": 5.622295164153801e-12, "X_Y_test_COS": 0.9204904437065125, "X_Y_test_MSEloss": 0.0003032115346286446, "X_Y_val_COS": 0.9165090918540955, "X_Y_val_MSEloss": 0.0003187447728123516}}