{"train_samples": 1000, "test_samples": 200, "source_model": "sentence-transformers/gtr-t5-base", "source_dim": 768, "target_dim": 512, "test_results": {"bleu": 0.84, "bleu1": 18.38, "bleu2": 1.88, "bleu3": 0.29, "bleu4": 0.06, "rougeL": 0.1431, "rouge1": 0.1626, "rouge2": 0.0139, "exact_match": 0.0}, "loss": {"X_Y_COS": 0.9680651426315308, "X_Y_MSEloss": 0.00023401970975100994, "X_Y_test_COS": 0.29197433590888977, "X_Y_test_MSEloss": 0.004098082892596722, "X_Y_val_COS": 0.3255775272846222, "X_Y_val_MSEloss": 0.00406250637024641}}