{"train_samples": 5, "test_samples": 200, "source_model": "google/flan-t5-base", "source_dim": 768, "target_dim": 512, "test_results": {"bleu": 0.26, "bleu1": 18.76, "bleu2": 1.07, "bleu3": 0.02, "bleu4": 0.01, "rougeL": 0.1011, "rouge1": 0.1299, "rouge2": 0.0093, "exact_match": 0.0}, "loss": {"X_Y_COS": 1.0, "X_Y_MSEloss": 1.8748594343698244e-10, "X_Y_test_COS": 0.8018612265586853, "X_Y_test_MSEloss": 0.0014036732027307153, "X_Y_val_COS": 0.8075695633888245, "X_Y_val_MSEloss": 0.0013614470371976495}}