{"epoch": 4, "dev_acc": 50.0, "test_acc": 54.50000000000001, "test_f1": 58.81999999999999, "test_roc": 55.36}