{"train_samples": 1000, "test_samples": 200, "source_model": "random", "source_dim": 768, "target_dim": 512, "test_results": {"bleu": 0.57, "bleu1": 16.96, "bleu2": 1.75, "bleu3": 0.17, "bleu4": 0.03, "rougeL": 0.1293, "rouge1": 0.1429, "rouge2": 0.0118, "exact_match": 0.0}, "loss": {"X_Y_COS": 0.9118213653564453, "X_Y_MSEloss": 0.00043791436473838985, "X_Y_test_COS": 0.0037825165782123804, "X_Y_test_MSEloss": 0.007691352162510157, "X_Y_val_COS": 0.0627579540014267, "X_Y_val_MSEloss": 0.008731911890208721}}