{"train_samples": 3, "test_samples": 200, "source_model": "google-t5/t5-base", "source_dim": 768, "target_dim": 512, "test_results": {"bleu": 0.11, "bleu1": 13.69, "bleu2": 0.23, "bleu3": 0.01, "bleu4": 0.01, "rougeL": 0.051, "rouge1": 0.0535, "rouge2": 0.0017, "exact_match": 0.0}, "loss": {"X_Y_COS": 1.0, "X_Y_MSEloss": 2.701270873650685e-10, "X_Y_test_COS": 0.8779696226119995, "X_Y_test_MSEloss": 0.0011416622437536716, "X_Y_val_COS": 0.8826196789741516, "X_Y_val_MSEloss": 0.0011254454730078578}}