{"train_samples": 500, "test_samples": 200, "source_model": "google-t5/t5-base", "source_dim": 768, "target_dim": 512, "test_results": {"bleu": 0.29, "bleu1": 19.04, "bleu2": 0.9, "bleu3": 0.03, "bleu4": 0.02, "rougeL": 0.1092, "rouge1": 0.1288, "rouge2": 0.003, "exact_match": 0.0}, "loss": {"X_Y_COS": 0.9839558005332947, "X_Y_MSEloss": 6.275552732404321e-05, "X_Y_test_COS": 0.9078338146209717, "X_Y_test_MSEloss": 0.0003584950463846326, "X_Y_val_COS": 0.9092822074890137, "X_Y_val_MSEloss": 0.00035301430034451187}}