{"train_samples": 40, "test_samples": 200, "source_model": "text-embedding-ada-002", "source_dim": 1536, "target_dim": 512, "test_results": {"bleu": 0.35, "bleu1": 20.92, "bleu2": 1.28, "bleu3": 0.05, "bleu4": 0.01, "rougeL": 0.1262, "rouge1": 0.1737, "rouge2": 0.0175, "exact_match": 0.0}, "loss": {"X_Y_COS": 1.0, "X_Y_MSEloss": 1.2815852437446373e-13, "X_Y_test_COS": 0.9007239937782288, "X_Y_test_MSEloss": 0.0003680265508592129, "X_Y_val_COS": 0.8963302969932556, "X_Y_val_MSEloss": 0.00038349529495462775}}