{"train_samples": 100, "test_samples": 200, "source_model": "sentence-transformers/gtr-t5-base", "source_dim": 768, "target_dim": 512, "test_results": {"bleu": 0.18, "bleu1": 13.7, "bleu2": 0.86, "bleu3": 0.02, "bleu4": 0.01, "rougeL": 0.1017, "rouge1": 0.1306, "rouge2": 0.008, "exact_match": 0.0}, "loss": {"X_Y_COS": 1.0, "X_Y_MSEloss": 1.9384216454199077e-12, "X_Y_test_COS": 0.88821941614151, "X_Y_test_MSEloss": 0.0004226512974128127, "X_Y_val_COS": 0.8933417797088623, "X_Y_val_MSEloss": 0.00040388701017946005}}