{"epoch": 1, "dev_acc": 45.5, "test_acc": 56.49999999999999, "test_f1": 53.480000000000004, "test_roc": 54.76}