{"epoch": 3, "dev_acc": 48.0, "test_acc": 49.5, "test_f1": 45.410000000000004, "test_roc": 50.470000000000006}