{"train_samples": 20, "test_samples": 200, "source_model": "text-embedding-3-large", "source_dim": 3072, "target_dim": 512, "test_results": {"bleu": 0.4, "bleu1": 20.66, "bleu2": 1.11, "bleu3": 0.1, "bleu4": 0.01, "rougeL": 0.1228, "rouge1": 0.1563, "rouge2": 0.0098, "exact_match": 0.0}, "loss": {"X_Y_COS": 1.0, "X_Y_MSEloss": 3.6368317796384966e-16, "X_Y_test_COS": 0.8421483635902405, "X_Y_test_MSEloss": 0.0008411197341047227, "X_Y_val_COS": 0.8385190963745117, "X_Y_val_MSEloss": 0.0008438910590484738}}