{"train_samples": 1000, "test_samples": 200, "source_model": "text-embedding-3-large", "source_dim": 3072, "target_dim": 512, "test_results": {"bleu": 0.09, "bleu1": 12.7, "bleu2": 0.06, "bleu3": 0.02, "bleu4": 0.01, "rougeL": 0.0192, "rouge1": 0.0198, "rouge2": 0.001, "exact_match": 0.0}, "loss": {"X_Y_COS": 0.9841631054878235, "X_Y_MSEloss": 6.216673500603065e-05, "X_Y_test_COS": 0.8076807856559753, "X_Y_test_MSEloss": 0.0007289751665666699, "X_Y_val_COS": 0.8040212988853455, "X_Y_val_MSEloss": 0.0007421209593303502}}