{"train_samples": 3, "test_samples": 200, "source_model": "google-bert/bert-base-multilingual-cased", "source_dim": 768, "target_dim": 512, "test_results": {"bleu": 0.21, "bleu1": 6.83, "bleu2": 0.12, "bleu3": 0.08, "bleu4": 0.03, "rougeL": 0.003, "rouge1": 0.003, "rouge2": 0.0, "exact_match": 0.0}, "loss": {"X_Y_COS": 1.0, "X_Y_MSEloss": 3.3544257010679926e-16, "X_Y_test_COS": 0.8745580315589905, "X_Y_test_MSEloss": 0.0004895426100119948, "X_Y_val_COS": 0.873016357421875, "X_Y_val_MSEloss": 0.0004903920344077051}}