{"train_samples": 100, "test_samples": 200, "source_model": "google/flan-t5-base", "source_dim": 768, "target_dim": 512, "test_results": {"bleu": 17.53, "bleu1": 35.41, "bleu2": 17.08, "bleu3": 14.2, "bleu4": 13.1, "rougeL": 0.2832, "rouge1": 0.3383, "rouge2": 0.166, "exact_match": 0.0}, "loss": {"X_Y_COS": 0.9999932646751404, "X_Y_MSEloss": 9.535325773413206e-08, "X_Y_test_COS": 0.9112097024917603, "X_Y_test_MSEloss": 0.0007457971223630011, "X_Y_val_COS": 0.9026213884353638, "X_Y_val_MSEloss": 0.0007990223239175975}}