{"train_samples": 1, "test_samples": 200, "source_model": "google/mt5-base", "source_dim": 768, "target_dim": 512, "test_results": {"bleu": 0.11, "bleu1": 6.71, "bleu2": 0.55, "bleu3": 0.01, "bleu4": 0.0, "rougeL": 0.0758, "rouge1": 0.0763, "rouge2": 0.0061, "exact_match": 0.0}, "loss": {"X_Y_COS": 1.0, "X_Y_MSEloss": 6.060921093020995e-17, "X_Y_test_COS": 0.8369588851928711, "X_Y_test_MSEloss": 0.0014622010057792068, "X_Y_val_COS": 0.839904248714447, "X_Y_val_MSEloss": 0.0014761558268219233}}