{"train_samples": 10, "test_samples": 200, "source_model": "intfloat/multilingual-e5-base", "source_dim": 768, "target_dim": 512, "test_results": {"bleu": 0.35, "bleu1": 16.71, "bleu2": 0.93, "bleu3": 0.11, "bleu4": 0.03, "rougeL": 0.1107, "rouge1": 0.1305, "rouge2": 0.0096, "exact_match": 0.0}, "loss": {"X_Y_COS": 1.0, "X_Y_MSEloss": 1.6755432956553989e-15, "X_Y_test_COS": 0.9118958711624146, "X_Y_test_MSEloss": 0.000533789920154959, "X_Y_val_COS": 0.9150331616401672, "X_Y_val_MSEloss": 0.0005354175809770823}}