{"train_samples": 1000, "test_samples": 200, "source_model": "google/mt5-base", "source_dim": 768, "target_dim": 512, "test_results": {"bleu": 0.26, "bleu1": 23.13, "bleu2": 1.27, "bleu3": 0.02, "bleu4": 0.01, "rougeL": 0.131, "rouge1": 0.1521, "rouge2": 0.0081, "exact_match": 0.0}, "loss": {"X_Y_COS": 0.9643908143043518, "X_Y_MSEloss": 0.00013765462790615857, "X_Y_test_COS": 0.914506196975708, "X_Y_test_MSEloss": 0.00032684564939700067, "X_Y_val_COS": 0.9169976711273193, "X_Y_val_MSEloss": 0.0003160315682180226}}