{"train_samples": 100, "test_samples": 200, "source_model": "google/flan-t5-base", "source_dim": 768, "target_dim": 512, "test_results": {"bleu": 0.21, "bleu1": 14.47, "bleu2": 0.81, "bleu3": 0.02, "bleu4": 0.01, "rougeL": 0.1014, "rouge1": 0.1108, "rouge2": 0.0072, "exact_match": 0.0}, "loss": {"X_Y_COS": 0.9999998211860657, "X_Y_MSEloss": 3.5832339317920514e-09, "X_Y_test_COS": 0.890400767326355, "X_Y_test_MSEloss": 0.0007539929356426001, "X_Y_val_COS": 0.8952807188034058, "X_Y_val_MSEloss": 0.0007375756977126002}}