{"epoch": 2, "dev_acc": 33.5, "test_acc": 33.0, "test_f1": 25.119999999999997, "test_roc": 51.629999999999995}