{"train_samples": 1000, "test_samples": 200, "source_model": "text-embedding-3-large", "source_dim": 3072, "target_dim": 512, "test_results": {"bleu": 0.15, "bleu1": 10.23, "bleu2": 0.17, "bleu3": 0.02, "bleu4": 0.01, "rougeL": 0.0102, "rouge1": 0.0102, "rouge2": 0.0013, "exact_match": 0.0}, "loss": {"X_Y_COS": 0.999951958656311, "X_Y_MSEloss": 2.179357636578061e-07, "X_Y_test_COS": 0.8757799863815308, "X_Y_test_MSEloss": 0.0004922411753796041, "X_Y_val_COS": 0.8741140365600586, "X_Y_val_MSEloss": 0.0005000681849196553}}