{"train_samples": 20, "test_samples": 200, "source_model": "sentence-transformers/gtr-t5-base", "source_dim": 768, "target_dim": 512, "test_results": {"bleu": 0.04, "bleu1": 9.01, "bleu2": 0.01, "bleu3": 0.01, "bleu4": 0.0, "rougeL": 0.0047, "rouge1": 0.0047, "rouge2": 0.0, "exact_match": 0.0}, "loss": {"X_Y_COS": 0.9933802485466003, "X_Y_MSEloss": 2.5287770768045448e-05, "X_Y_test_COS": 0.8668521046638489, "X_Y_test_MSEloss": 0.0005097194225527346, "X_Y_val_COS": 0.8670650124549866, "X_Y_val_MSEloss": 0.0005173861281946301}}