{"train_samples": 20, "test_samples": 200, "source_model": "google/flan-t5-base", "source_dim": 768, "target_dim": 512, "test_results": {"bleu": 0.36, "bleu1": 17.8, "bleu2": 0.56, "bleu3": 0.06, "bleu4": 0.03, "rougeL": 0.1116, "rouge1": 0.1519, "rouge2": 0.0088, "exact_match": 0.0}, "loss": {"X_Y_COS": 1.0, "X_Y_MSEloss": 2.0029159181759104e-15, "X_Y_test_COS": 0.8861643671989441, "X_Y_test_MSEloss": 0.0004223852592986077, "X_Y_val_COS": 0.8884078860282898, "X_Y_val_MSEloss": 0.00041417739703319967}}