{"train_samples": 500, "test_samples": 200, "source_model": "google/mt5-base", "source_dim": 768, "target_dim": 512, "test_results": {"bleu": 0.26, "bleu1": 19.24, "bleu2": 1.36, "bleu3": 0.02, "bleu4": 0.01, "rougeL": 0.1458, "rouge1": 0.1665, "rouge2": 0.0134, "exact_match": 0.0}, "loss": {"X_Y_COS": 0.986924946308136, "X_Y_MSEloss": 0.00010146087151952088, "X_Y_test_COS": 0.9252579212188721, "X_Y_test_MSEloss": 0.0005719392793253064, "X_Y_val_COS": 0.9238898754119873, "X_Y_val_MSEloss": 0.0005841471720486879}}