{"train_samples": 500, "test_samples": 200, "source_model": "google/mt5-base", "source_dim": 768, "target_dim": 512, "test_results": {"bleu": 0.26, "bleu1": 21.04, "bleu2": 1.42, "bleu3": 0.02, "bleu4": 0.01, "rougeL": 0.1474, "rouge1": 0.1676, "rouge2": 0.0137, "exact_match": 0.0}, "loss": {"X_Y_COS": 0.9835895895957947, "X_Y_MSEloss": 6.437909905798733e-05, "X_Y_test_COS": 0.9254119396209717, "X_Y_test_MSEloss": 0.00028973782900720835, "X_Y_val_COS": 0.9271990656852722, "X_Y_val_MSEloss": 0.00028206832939758897}}