{"train_samples": 50, "test_samples": 200, "source_model": "google-bert/bert-base-multilingual-cased", "source_dim": 768, "target_dim": 512, "test_results": {"bleu": 0.21, "bleu1": 21.45, "bleu2": 1.12, "bleu3": 0.01, "bleu4": 0.01, "rougeL": 0.1303, "rouge1": 0.1684, "rouge2": 0.0095, "exact_match": 0.0}, "loss": {"X_Y_COS": 1.0, "X_Y_MSEloss": 7.728918958831155e-13, "X_Y_test_COS": 0.8708695769309998, "X_Y_test_MSEloss": 0.0004820875474251807, "X_Y_val_COS": 0.8735628128051758, "X_Y_val_MSEloss": 0.00047210996854119003}}