{"train_samples": 500, "test_samples": 200, "source_model": "sentence-transformers/all-MiniLM-L6-v2", "source_dim": 384, "target_dim": 512, "test_results": {"bleu": 0.25, "bleu1": 17.31, "bleu2": 0.65, "bleu3": 0.05, "bleu4": 0.01, "rougeL": 0.0843, "rouge1": 0.1102, "rouge2": 0.0082, "exact_match": 0.0}, "loss": {"X_Y_COS": 0.9860323071479797, "X_Y_MSEloss": 7.038361218292266e-05, "X_Y_test_COS": 0.681079089641571, "X_Y_test_MSEloss": 0.0016487110406160355, "X_Y_val_COS": 0.6490371823310852, "X_Y_val_MSEloss": 0.0016799750737845898}}