{"train_samples": 40, "test_samples": 200, "source_model": "intfloat/multilingual-e5-base", "source_dim": 768, "target_dim": 512, "test_results": {"bleu": 0.08, "bleu1": 11.42, "bleu2": 0.04, "bleu3": 0.02, "bleu4": 0.01, "rougeL": 0.0099, "rouge1": 0.0099, "rouge2": 0.0003, "exact_match": 0.0}, "loss": {"X_Y_COS": 0.9999998211860657, "X_Y_MSEloss": 2.7702473648361092e-09, "X_Y_test_COS": 0.9182118773460388, "X_Y_test_MSEloss": 0.0007555982447229326, "X_Y_val_COS": 0.9170802235603333, "X_Y_val_MSEloss": 0.0007851422997191548}}