{"train_samples": 1000, "test_samples": 200, "source_model": "text-embedding-3-large", "source_dim": 3072, "target_dim": 512, "test_results": {"bleu": 0.23, "bleu1": 9.74, "bleu2": 0.29, "bleu3": 0.06, "bleu4": 0.02, "rougeL": 0.0729, "rouge1": 0.0806, "rouge2": 0.0047, "exact_match": 0.0}, "loss": {"X_Y_COS": 0.9864521026611328, "X_Y_MSEloss": 5.348778358893469e-05, "X_Y_test_COS": 0.8964287638664246, "X_Y_test_MSEloss": 0.0003975503786932677, "X_Y_val_COS": 0.892421543598175, "X_Y_val_MSEloss": 0.0004121203674003482}}