{"train_samples": 1000, "test_samples": 200, "source_model": "google-bert/bert-base-multilingual-cased", "source_dim": 768, "target_dim": 512, "test_results": {"bleu": 0.27, "bleu1": 21.74, "bleu2": 1.58, "bleu3": 0.02, "bleu4": 0.01, "rougeL": 0.156, "rouge1": 0.1802, "rouge2": 0.0153, "exact_match": 0.0}, "loss": {"X_Y_COS": 0.9725198149681091, "X_Y_MSEloss": 0.0001070538055500947, "X_Y_test_COS": 0.9295200109481812, "X_Y_test_MSEloss": 0.0002725643862504512, "X_Y_val_COS": 0.9343363642692566, "X_Y_val_MSEloss": 0.0002546083414927125}}