{"train_samples": 1000, "test_samples": 200, "source_model": "text-embedding-3-large", "source_dim": 3072, "target_dim": 512, "test_results": {"bleu": 0.76, "bleu1": 17.15, "bleu2": 1.91, "bleu3": 0.21, "bleu4": 0.06, "rougeL": 0.1261, "rouge1": 0.1411, "rouge2": 0.0132, "exact_match": 0.0}, "loss": {"X_Y_COS": 1.0, "X_Y_MSEloss": 6.641281085186315e-14, "X_Y_test_COS": 0.1581093817949295, "X_Y_test_MSEloss": 0.002292986959218979, "X_Y_val_COS": 0.20083628594875336, "X_Y_val_MSEloss": 0.0021700889337807894}}