{"train_samples": 3, "test_samples": 200, "source_model": "intfloat/multilingual-e5-base", "source_dim": 768, "target_dim": 512, "test_results": {"bleu": 0.12, "bleu1": 12.66, "bleu2": 0.18, "bleu3": 0.02, "bleu4": 0.01, "rougeL": 0.085, "rouge1": 0.1033, "rouge2": 0.0038, "exact_match": 0.0}, "loss": {"X_Y_COS": 1.0, "X_Y_MSEloss": 3.0480571662987828e-15, "X_Y_test_COS": 0.8239095211029053, "X_Y_test_MSEloss": 0.0010501359356567264, "X_Y_val_COS": 0.8276128172874451, "X_Y_val_MSEloss": 0.0010097646154463291}}