{"train_samples": 3, "test_samples": 200, "source_model": "intfloat/multilingual-e5-base", "source_dim": 768, "target_dim": 512, "test_results": {"bleu": 0.04, "bleu1": 14.01, "bleu2": 0.02, "bleu3": 0.01, "bleu4": 0.01, "rougeL": 0.0997, "rouge1": 0.1206, "rouge2": 0.0043, "exact_match": 0.0}, "loss": {"X_Y_COS": 1.0, "X_Y_MSEloss": 3.8864163902940807e-16, "X_Y_test_COS": 0.7928200960159302, "X_Y_test_MSEloss": 0.0007297642296180129, "X_Y_val_COS": 0.7954562306404114, "X_Y_val_MSEloss": 0.0007214616052806377}}