{"train_samples": 50, "test_samples": 200, "source_model": "google/mt5-base", "source_dim": 768, "target_dim": 512, "test_results": {"bleu": 0.92, "bleu1": 23.0, "bleu2": 2.44, "bleu3": 0.29, "bleu4": 0.05, "rougeL": 0.1456, "rouge1": 0.1952, "rouge2": 0.0232, "exact_match": 0.0}, "loss": {"X_Y_COS": 1.0, "X_Y_MSEloss": 1.7437750896021065e-11, "X_Y_test_COS": 0.8475814461708069, "X_Y_test_MSEloss": 0.0005569431814365089, "X_Y_val_COS": 0.8422380685806274, "X_Y_val_MSEloss": 0.0005775094032287598}}