{"train_samples": 10, "test_samples": 200, "source_model": "google/flan-t5-base", "source_dim": 768, "target_dim": 512, "test_results": {"bleu": 0.22, "bleu1": 17.1, "bleu2": 0.9, "bleu3": 0.02, "bleu4": 0.01, "rougeL": 0.1267, "rouge1": 0.1466, "rouge2": 0.0078, "exact_match": 0.0}, "loss": {"X_Y_COS": 1.0, "X_Y_MSEloss": 1.749296540953793e-10, "X_Y_test_COS": 0.9374188780784607, "X_Y_test_MSEloss": 0.0005794124444946647, "X_Y_val_COS": 0.9383922219276428, "X_Y_val_MSEloss": 0.0005997003754600883}}