{"train_samples": 30, "test_samples": 200, "source_model": "google-bert/bert-base-multilingual-cased", "source_dim": 768, "target_dim": 512, "test_results": {"bleu": 0.2, "bleu1": 14.41, "bleu2": 0.36, "bleu3": 0.03, "bleu4": 0.02, "rougeL": 0.0655, "rouge1": 0.0737, "rouge2": 0.0024, "exact_match": 0.0}, "loss": {"X_Y_COS": 1.0, "X_Y_MSEloss": 3.23332364300568e-14, "X_Y_test_COS": 0.8722409009933472, "X_Y_test_MSEloss": 0.0004715116519946605, "X_Y_val_COS": 0.871021032333374, "X_Y_val_MSEloss": 0.00047636989620514214}}