{"train_samples": 3, "test_samples": 200, "source_model": "sentence-transformers/gtr-t5-base", "source_dim": 768, "target_dim": 512, "test_results": {"bleu": 0.14, "bleu1": 16.57, "bleu2": 0.28, "bleu3": 0.01, "bleu4": 0.01, "rougeL": 0.095, "rouge1": 0.1114, "rouge2": 0.0039, "exact_match": 0.0}, "loss": {"X_Y_COS": 1.0, "X_Y_MSEloss": 3.542553042142153e-16, "X_Y_test_COS": 0.8814972639083862, "X_Y_test_MSEloss": 0.0005701661575585604, "X_Y_val_COS": 0.8785030841827393, "X_Y_val_MSEloss": 0.0005797632620669901}}