{"train_samples": 40, "test_samples": 200, "source_model": "sentence-transformers/gtr-t5-base", "source_dim": 768, "target_dim": 512, "test_results": {"bleu": 0.04, "bleu1": 9.28, "bleu2": 0.02, "bleu3": 0.01, "bleu4": 0.01, "rougeL": 0.0128, "rouge1": 0.0128, "rouge2": 0.0, "exact_match": 0.0}, "loss": {"X_Y_COS": 1.0, "X_Y_MSEloss": 2.2174057091894385e-14, "X_Y_test_COS": 0.8763194680213928, "X_Y_test_MSEloss": 0.0004620405088644475, "X_Y_val_COS": 0.8727467060089111, "X_Y_val_MSEloss": 0.0004733061068691313}}