{"train_samples": 100, "test_samples": 200, "source_model": "intfloat/multilingual-e5-base", "source_dim": 768, "target_dim": 512, "test_results": {"bleu": 14.61, "bleu1": 31.0, "bleu2": 13.93, "bleu3": 11.36, "bleu4": 10.2, "rougeL": 0.256, "rouge1": 0.3005, "rouge2": 0.1418, "exact_match": 0.0}, "loss": {"X_Y_COS": 0.9999863505363464, "X_Y_MSEloss": 3.4532010317889217e-07, "X_Y_test_COS": 0.9011542797088623, "X_Y_test_MSEloss": 0.0008253432461060584, "X_Y_val_COS": 0.8948801159858704, "X_Y_val_MSEloss": 0.0008722544298507273}}