{"train_samples": 50, "test_samples": 200, "source_model": "sentence-transformers/gtr-t5-base", "source_dim": 768, "target_dim": 512, "test_results": {"bleu": 0.07, "bleu1": 8.17, "bleu2": 0.03, "bleu3": 0.02, "bleu4": 0.01, "rougeL": 0.0733, "rouge1": 0.0861, "rouge2": 0.0025, "exact_match": 0.0}, "loss": {"X_Y_COS": 1.0, "X_Y_MSEloss": 1.2648515047841702e-11, "X_Y_test_COS": 0.8717982172966003, "X_Y_test_MSEloss": 0.0004781775933224708, "X_Y_val_COS": 0.875153660774231, "X_Y_val_MSEloss": 0.0004668555920943618}}