{"train_samples": 50, "test_samples": 200, "source_model": "google/flan-t5-base", "source_dim": 768, "target_dim": 512, "test_results": {"bleu": 0.2, "bleu1": 19.05, "bleu2": 0.9, "bleu3": 0.02, "bleu4": 0.01, "rougeL": 0.1288, "rouge1": 0.1699, "rouge2": 0.0092, "exact_match": 0.0}, "loss": {"X_Y_COS": 1.0, "X_Y_MSEloss": 3.112281211827689e-13, "X_Y_test_COS": 0.927477240562439, "X_Y_test_MSEloss": 0.00027620114269666374, "X_Y_val_COS": 0.9291654825210571, "X_Y_val_MSEloss": 0.0002694901486393064}}