{"train_samples": 10, "test_samples": 200, "source_model": "google/flan-t5-base", "source_dim": 768, "target_dim": 512, "test_results": {"bleu": 0.49, "bleu1": 19.73, "bleu2": 1.22, "bleu3": 0.11, "bleu4": 0.02, "rougeL": 0.1247, "rouge1": 0.1631, "rouge2": 0.0124, "exact_match": 0.0}, "loss": {"X_Y_COS": 1.0, "X_Y_MSEloss": 4.100222329257643e-16, "X_Y_test_COS": 0.8916158676147461, "X_Y_test_MSEloss": 0.00041092815808951855, "X_Y_val_COS": 0.8979650735855103, "X_Y_val_MSEloss": 0.0003906589699909091}}