{"train_samples": 100, "test_samples": 200, "source_model": "google-t5/t5-base", "source_dim": 768, "target_dim": 512, "test_results": {"bleu": 0.24, "bleu1": 17.61, "bleu2": 1.27, "bleu3": 0.02, "bleu4": 0.01, "rougeL": 0.1425, "rouge1": 0.1633, "rouge2": 0.0126, "exact_match": 0.0}, "loss": {"X_Y_COS": 0.9999998211860657, "X_Y_MSEloss": 6.065035584867928e-09, "X_Y_test_COS": 0.9273951649665833, "X_Y_test_MSEloss": 0.0005189857329241931, "X_Y_val_COS": 0.92742520570755, "X_Y_val_MSEloss": 0.0005279851611703634}}