{"train_samples": 10, "test_samples": 200, "source_model": "sentence-transformers/gtr-t5-base", "source_dim": 768, "target_dim": 512, "test_results": {"bleu": 9.81, "bleu1": 22.5, "bleu2": 8.68, "bleu3": 7.26, "bleu4": 6.64, "rougeL": 0.1795, "rouge1": 0.2085, "rouge2": 0.0822, "exact_match": 0.0}, "loss": {"X_Y_COS": 1.0, "X_Y_MSEloss": 1.8600811169111608e-10, "X_Y_test_COS": 0.8825907707214355, "X_Y_test_MSEloss": 0.0012867206241935492, "X_Y_val_COS": 0.8866661787033081, "X_Y_val_MSEloss": 0.0012179681798443198}}