{"train_samples": 1, "test_samples": 200, "source_model": "google-t5/t5-base", "source_dim": 768, "target_dim": 512, "test_results": {"bleu": 0.05, "bleu1": 10.14, "bleu2": 0.02, "bleu3": 0.01, "bleu4": 0.01, "rougeL": 0.0153, "rouge1": 0.0153, "rouge2": 0.0, "exact_match": 0.0}, "loss": {"X_Y_COS": 1.0, "X_Y_MSEloss": 4.093282747139466e-17, "X_Y_test_COS": 0.8324639797210693, "X_Y_test_MSEloss": 0.0011054171482101083, "X_Y_val_COS": 0.8380598425865173, "X_Y_val_MSEloss": 0.0010949930874630809}}