{"train_samples": 100, "test_samples": 200, "source_model": "google/flan-t5-base", "source_dim": 768, "target_dim": 512, "test_results": {"bleu": 0.67, "bleu1": 18.57, "bleu2": 1.61, "bleu3": 0.18, "bleu4": 0.09, "rougeL": 0.0876, "rouge1": 0.0991, "rouge2": 0.0098, "exact_match": 0.0}, "loss": {"X_Y_COS": 1.0, "X_Y_MSEloss": 7.785490134526452e-12, "X_Y_test_COS": 0.8539701700210571, "X_Y_test_MSEloss": 0.000540135195478797, "X_Y_val_COS": 0.8609597086906433, "X_Y_val_MSEloss": 0.0005174881662242115}}