{"train_samples": 1000, "test_samples": 200, "source_model": "google-bert/bert-base-multilingual-cased", "source_dim": 768, "target_dim": 512, "test_results": {"bleu": 1.19, "bleu1": 23.62, "bleu2": 2.35, "bleu3": 0.38, "bleu4": 0.12, "rougeL": 0.1429, "rouge1": 0.19, "rouge2": 0.0237, "exact_match": 0.0}, "loss": {"X_Y_COS": 0.9679068326950073, "X_Y_MSEloss": 0.00012444047024473548, "X_Y_test_COS": 0.9197830557823181, "X_Y_test_MSEloss": 0.00030880587291903794, "X_Y_val_COS": 0.9160873293876648, "X_Y_val_MSEloss": 0.0003222179366275668}}