{"train_samples": 50, "test_samples": 200, "source_model": "google/mt5-base", "source_dim": 768, "target_dim": 512, "test_results": {"bleu": 0.59, "bleu1": 15.0, "bleu2": 1.05, "bleu3": 0.28, "bleu4": 0.13, "rougeL": 0.0635, "rouge1": 0.0718, "rouge2": 0.0098, "exact_match": 0.0}, "loss": {"X_Y_COS": 1.0, "X_Y_MSEloss": 3.206097193286794e-11, "X_Y_test_COS": 0.8952931761741638, "X_Y_test_MSEloss": 0.0007660677656531334, "X_Y_val_COS": 0.8946154713630676, "X_Y_val_MSEloss": 0.0007798135047778487}}