{"train_samples": 30, "test_samples": 200, "source_model": "google-bert/bert-base-multilingual-cased", "source_dim": 768, "target_dim": 512, "test_results": {"bleu": 0.25, "bleu1": 14.1, "bleu2": 0.69, "bleu3": 0.03, "bleu4": 0.02, "rougeL": 0.1138, "rouge1": 0.1333, "rouge2": 0.0082, "exact_match": 0.0}, "loss": {"X_Y_COS": 1.0, "X_Y_MSEloss": 4.2747097399634896e-15, "X_Y_test_COS": 0.8658472299575806, "X_Y_test_MSEloss": 0.0008401846280321479, "X_Y_val_COS": 0.8686332106590271, "X_Y_val_MSEloss": 0.0008174771792255342}}