{"train_samples": 1000, "test_samples": 200, "source_model": "sentence-transformers/gtr-t5-base", "source_dim": 768, "target_dim": 512, "test_results": {"bleu": 0.43, "bleu1": 15.68, "bleu2": 1.38, "bleu3": 0.14, "bleu4": 0.01, "rougeL": 0.1088, "rouge1": 0.1279, "rouge2": 0.0105, "exact_match": 0.0}, "loss": {"X_Y_COS": 0.902851939201355, "X_Y_MSEloss": 0.0004597927036229521, "X_Y_test_COS": -0.03403211385011673, "X_Y_test_MSEloss": 0.009298200719058514, "X_Y_val_COS": 0.012704097665846348, "X_Y_val_MSEloss": 0.008844081312417984}}