{"train_samples": 1000, "test_samples": 200, "source_model": "google-t5/t5-base", "source_dim": 768, "target_dim": 512, "test_results": {"bleu": 32.31, "bleu1": 52.41, "bleu2": 33.49, "bleu3": 28.23, "bleu4": 25.61, "rougeL": 0.455, "rouge1": 0.5109, "rouge2": 0.333, "exact_match": 0.0}, "loss": {"X_Y_COS": 0.9845226407051086, "X_Y_MSEloss": 6.120304169598967e-05, "X_Y_test_COS": 0.946076512336731, "X_Y_test_MSEloss": 0.00021304543770384043, "X_Y_val_COS": 0.9431545734405518, "X_Y_val_MSEloss": 0.0002205943310400471, "reg_lambda": 0.001}}