{"train_samples": 3, "test_samples": 200, "source_model": "google/mt5-base", "source_dim": 768, "target_dim": 512, "test_results": {"bleu": 0.04, "bleu1": 8.4, "bleu2": 0.01, "bleu3": 0.01, "bleu4": 0.0, "rougeL": 0.1076, "rouge1": 0.1129, "rouge2": 0.0036, "exact_match": 0.0}, "loss": {"X_Y_COS": 1.0000001192092896, "X_Y_MSEloss": 3.4364304017630296e-16, "X_Y_test_COS": 0.7686634063720703, "X_Y_test_MSEloss": 0.000800704350695014, "X_Y_val_COS": 0.7685554623603821, "X_Y_val_MSEloss": 0.0007983068935573101}}