{"train_samples": 1, "test_samples": 200, "source_model": "sentence-transformers/all-MiniLM-L6-v2", "source_dim": 384, "target_dim": 512, "test_results": {"bleu": 0.11, "bleu1": 9.36, "bleu2": 0.24, "bleu3": 0.02, "bleu4": 0.01, "rougeL": 0.063, "rouge1": 0.0742, "rouge2": 0.0038, "exact_match": 0.0}, "loss": {"X_Y_COS": 1.0, "X_Y_MSEloss": 3.17798953224831e-17, "X_Y_test_COS": 0.6791837811470032, "X_Y_test_MSEloss": 0.00316189369186759, "X_Y_val_COS": 0.6482610106468201, "X_Y_val_MSEloss": 0.0031528209801763296}}