{"train_samples": 3, "test_samples": 200, "source_model": "text-embedding-3-large", "source_dim": 3072, "target_dim": 512, "test_results": {"bleu": 0.04, "bleu1": 7.09, "bleu2": 0.01, "bleu3": 0.01, "bleu4": 0.0, "rougeL": 0.0091, "rouge1": 0.0093, "rouge2": 0.0, "exact_match": 0.0}, "loss": {"X_Y_COS": 1.0, "X_Y_MSEloss": 1.0058832562511057e-16, "X_Y_test_COS": 0.7465618252754211, "X_Y_test_MSEloss": 0.0011397625785320997, "X_Y_val_COS": 0.7455921173095703, "X_Y_val_MSEloss": 0.0011344951344653964}}