{"train_samples": 5, "test_samples": 200, "source_model": "sentence-transformers/all-MiniLM-L6-v2", "source_dim": 384, "target_dim": 512, "test_results": {"bleu": 0.15, "bleu1": 12.73, "bleu2": 0.59, "bleu3": 0.02, "bleu4": 0.01, "rougeL": 0.1012, "rouge1": 0.1374, "rouge2": 0.0061, "exact_match": 0.0}, "loss": {"X_Y_COS": 1.0, "X_Y_MSEloss": 2.2636145540115365e-16, "X_Y_test_COS": 0.8809847831726074, "X_Y_test_MSEloss": 0.0006311159231700003, "X_Y_val_COS": 0.8765529990196228, "X_Y_val_MSEloss": 0.0006280613597482443}}