{"train_samples": 1000, "test_samples": 200, "source_model": "text-embedding-3-large", "source_dim": 3072, "target_dim": 512, "test_results": {"bleu": 0.53, "bleu1": 16.17, "bleu2": 1.31, "bleu3": 0.16, "bleu4": 0.03, "rougeL": 0.1165, "rouge1": 0.1329, "rouge2": 0.01, "exact_match": 0.0}, "loss": {"X_Y_COS": 1.0, "X_Y_MSEloss": 8.183167007512135e-14, "X_Y_test_COS": 0.008554506115615368, "X_Y_test_MSEloss": 0.00297025078907609, "X_Y_val_COS": -0.03561130538582802, "X_Y_val_MSEloss": 0.0030523533932864666}}