{"train_samples": 1000, "test_samples": 200, "source_model": "google/mt5-base", "source_dim": 768, "target_dim": 512, "test_results": {"bleu": 0.26, "bleu1": 14.63, "bleu2": 0.69, "bleu3": 0.03, "bleu4": 0.02, "rougeL": 0.0972, "rouge1": 0.1188, "rouge2": 0.0087, "exact_match": 0.0}, "loss": {"X_Y_COS": 0.980571985244751, "X_Y_MSEloss": 7.789576193317771e-05, "X_Y_test_COS": 0.7409971356391907, "X_Y_test_MSEloss": 0.001253917464055121, "X_Y_val_COS": 0.7358120083808899, "X_Y_val_MSEloss": 0.0012513188412413}}