{"train_samples": 1, "test_samples": 200, "source_model": "intfloat/multilingual-e5-base", "source_dim": 768, "target_dim": 512, "test_results": {"bleu": 0.16, "bleu1": 17.68, "bleu2": 0.84, "bleu3": 0.01, "bleu4": 0.01, "rougeL": 0.0751, "rouge1": 0.0807, "rouge2": 0.0088, "exact_match": 0.0}, "loss": {"X_Y_COS": 1.0000001192092896, "X_Y_MSEloss": 3.6299319021897223e-16, "X_Y_test_COS": 0.7256887555122375, "X_Y_test_MSEloss": 0.0009240719955414534, "X_Y_val_COS": 0.723458468914032, "X_Y_val_MSEloss": 0.0009309503366239369}}