{"train_samples": 100, "test_samples": 200, "source_model": "google-t5/t5-base", "source_dim": 768, "target_dim": 512, "test_results": {"bleu": 0.19, "bleu1": 22.11, "bleu2": 1.08, "bleu3": 0.02, "bleu4": 0.01, "rougeL": 0.11, "rouge1": 0.1349, "rouge2": 0.0067, "exact_match": 0.0}, "loss": {"X_Y_COS": 0.9999997615814209, "X_Y_MSEloss": 1.0671161732034307e-09, "X_Y_test_COS": 0.8465611934661865, "X_Y_test_MSEloss": 0.0005710602854378521, "X_Y_val_COS": 0.8479238748550415, "X_Y_val_MSEloss": 0.0005663250340148807}}