{"train_samples": 10, "test_samples": 200, "source_model": "google/mt5-base", "source_dim": 768, "target_dim": 512, "test_results": {"bleu": 0.07, "bleu1": 9.78, "bleu2": 0.03, "bleu3": 0.01, "bleu4": 0.01, "rougeL": 0.0022, "rouge1": 0.0022, "rouge2": 0.0, "exact_match": 0.0}, "loss": {"X_Y_COS": 1.0, "X_Y_MSEloss": 1.0246837930840812e-14, "X_Y_test_COS": 0.8919084668159485, "X_Y_test_MSEloss": 0.0003994130529463291, "X_Y_val_COS": 0.8917973637580872, "X_Y_val_MSEloss": 0.0004000648041255772}}