{"train_samples": 5, "test_samples": 200, "source_model": "google-bert/bert-base-multilingual-cased", "source_dim": 768, "target_dim": 512, "test_results": {"bleu": 0.21, "bleu1": 18.6, "bleu2": 0.71, "bleu3": 0.02, "bleu4": 0.01, "rougeL": 0.0998, "rouge1": 0.1116, "rouge2": 0.0034, "exact_match": 0.0}, "loss": {"X_Y_COS": 1.0000001192092896, "X_Y_MSEloss": 3.084488212178868e-16, "X_Y_test_COS": 0.8855825662612915, "X_Y_test_MSEloss": 0.00044572880142368376, "X_Y_val_COS": 0.8893064856529236, "X_Y_val_MSEloss": 0.00043147735414095223}}