{"train_samples": 100, "test_samples": 200, "source_model": "google/flan-t5-base", "source_dim": 768, "target_dim": 512, "test_results": {"bleu": 0.13, "bleu1": 10.99, "bleu2": 0.15, "bleu3": 0.02, "bleu4": 0.01, "rougeL": 0.0125, "rouge1": 0.0125, "rouge2": 0.0, "exact_match": 0.0}, "loss": {"X_Y_COS": 0.9785317778587341, "X_Y_MSEloss": 7.983919203979895e-05, "X_Y_test_COS": 0.7972368597984314, "X_Y_test_MSEloss": 0.0007651030318811536, "X_Y_val_COS": 0.7983927130699158, "X_Y_val_MSEloss": 0.0007632501074112952}}