{"train_samples": 1, "test_samples": 200, "source_model": "sentence-transformers/gtr-t5-base", "source_dim": 768, "target_dim": 512, "test_results": {"bleu": 0.04, "bleu1": 8.37, "bleu2": 0.01, "bleu3": 0.01, "bleu4": 0.0, "rougeL": 0.0125, "rouge1": 0.0134, "rouge2": 0.0, "exact_match": 0.0}, "loss": {"X_Y_COS": 0.9999998807907104, "X_Y_MSEloss": 2.9665409918560746e-17, "X_Y_test_COS": 0.7530612945556641, "X_Y_test_MSEloss": 0.002167978323996067, "X_Y_val_COS": 0.7554491758346558, "X_Y_val_MSEloss": 0.0022504213266074657}}