{"train_samples": 3, "test_samples": 200, "source_model": "google/flan-t5-base", "source_dim": 768, "target_dim": 512, "test_results": {"bleu": 0.21, "bleu1": 14.72, "bleu2": 0.74, "bleu3": 0.02, "bleu4": 0.01, "rougeL": 0.1107, "rouge1": 0.1396, "rouge2": 0.0105, "exact_match": 0.0}, "loss": {"X_Y_COS": 1.0, "X_Y_MSEloss": 1.567995455697968e-10, "X_Y_test_COS": 0.9249567985534668, "X_Y_test_MSEloss": 0.0009951844112947583, "X_Y_val_COS": 0.9233194589614868, "X_Y_val_MSEloss": 0.0010624279966577888}}