{"train_samples": 3, "test_samples": 200, "source_model": "google/flan-t5-base", "source_dim": 768, "target_dim": 512, "test_results": {"bleu": 0.07, "bleu1": 8.89, "bleu2": 0.03, "bleu3": 0.01, "bleu4": 0.01, "rougeL": 0.0037, "rouge1": 0.0037, "rouge2": 0.0, "exact_match": 0.0}, "loss": {"X_Y_COS": 1.0, "X_Y_MSEloss": 3.28945880340918e-16, "X_Y_test_COS": 0.8765156269073486, "X_Y_test_MSEloss": 0.0004660971462726593, "X_Y_val_COS": 0.8793016672134399, "X_Y_val_MSEloss": 0.0004554815823212266}}