{"train_samples": 5, "test_samples": 200, "source_model": "google-t5/t5-base", "source_dim": 768, "target_dim": 512, "test_results": {"bleu": 0.1, "bleu1": 11.5, "bleu2": 0.1, "bleu3": 0.02, "bleu4": 0.01, "rougeL": 0.0187, "rouge1": 0.0192, "rouge2": 0.0, "exact_match": 0.0}, "loss": {"X_Y_COS": 1.0, "X_Y_MSEloss": 3.458085593152974e-16, "X_Y_test_COS": 0.8703925609588623, "X_Y_test_MSEloss": 0.00047812334378249943, "X_Y_val_COS": 0.8681564331054688, "X_Y_val_MSEloss": 0.00048604499897919595}}