{"train_samples": 1, "test_samples": 200, "source_model": "text-embedding-ada-002", "source_dim": 1536, "target_dim": 512, "test_results": {"bleu": 0.2, "bleu1": 22.39, "bleu2": 1.38, "bleu3": 0.04, "bleu4": 0.02, "rougeL": 0.0943, "rouge1": 0.1075, "rouge2": 0.0092, "exact_match": 0.0}, "loss": {"X_Y_COS": 1.0000001192092896, "X_Y_MSEloss": 6.359344432275179e-16, "X_Y_test_COS": 0.8522494435310364, "X_Y_test_MSEloss": 0.0005593093810603023, "X_Y_val_COS": 0.8575372099876404, "X_Y_val_MSEloss": 0.0005436306237243116}}