{"train_samples": 10, "test_samples": 200, "source_model": "text-embedding-3-large", "source_dim": 3072, "target_dim": 512, "test_results": {"bleu": 0.12, "bleu1": 9.58, "bleu2": 0.15, "bleu3": 0.02, "bleu4": 0.01, "rougeL": 0.0535, "rouge1": 0.0585, "rouge2": 0.0095, "exact_match": 0.0}, "loss": {"X_Y_COS": 1.0, "X_Y_MSEloss": 1.5589655217793097e-12, "X_Y_test_COS": 0.8847658634185791, "X_Y_test_MSEloss": 0.0010548742720857263, "X_Y_val_COS": 0.8784115314483643, "X_Y_val_MSEloss": 0.0011450803140178323}}