{"train_samples": 20, "test_samples": 200, "source_model": "google/mt5-base", "source_dim": 768, "target_dim": 512, "test_results": {"bleu": 0.82, "bleu1": 16.66, "bleu2": 1.17, "bleu3": 0.21, "bleu4": 0.11, "rougeL": 0.1083, "rouge1": 0.1446, "rouge2": 0.0113, "exact_match": 0.0}, "loss": {"X_Y_COS": 1.0, "X_Y_MSEloss": 5.363865784641011e-15, "X_Y_test_COS": 0.8874326944351196, "X_Y_test_MSEloss": 0.000848742260131985, "X_Y_val_COS": 0.8925972580909729, "X_Y_val_MSEloss": 0.0008207213832065463}}