{"cosine_similarities": {"X_Y_COS": 0.6406423449516296, "X_Y_test_COS": 0.5813580751419067, "X_Y_COS_LOSS": 0.359357625246048, "X_Y_MSE_LOSS": 0.05808812007308006, "X_Y_test_COS_LOSS": 0.4186418950557709, "X_Y_test_MSE_LOSS": 0.06511108577251434}, "rouge_results": {"X_vs_gold": {"rouge1_f": 0.03618684930832026, "rouge2_f": 0.0034285941510521435, "rougeL_f": 0.030479830071680016}, "Y_vs_gold": {"rouge1_f": 0.0016609147248746803, "rouge2_f": 0.0, "rougeL_f": 0.0016609147248746803}, "X_vs_Y": {"rouge1_f": 0.5370749233429458, "rouge2_f": 0.4301221053904142, "rougeL_f": 0.5370749233429458}}}