{"train_samples": 50, "test_samples": 200, "source_model": "text-embedding-ada-002", "source_dim": 1536, "target_dim": 512, "test_results": {"bleu": 0.07, "bleu1": 7.2, "bleu2": 0.04, "bleu3": 0.02, "bleu4": 0.01, "rougeL": 0.0138, "rouge1": 0.014, "rouge2": 0.0, "exact_match": 0.0}, "loss": {"X_Y_COS": 1.0, "X_Y_MSEloss": 6.156355425446236e-10, "X_Y_test_COS": 0.8262159824371338, "X_Y_test_MSEloss": 0.0014236149145290256, "X_Y_val_COS": 0.8270509839057922, "X_Y_val_MSEloss": 0.0014293926069512963}}