{"train_samples": 20, "test_samples": 200, "source_model": "sentence-transformers/all-MiniLM-L6-v2", "source_dim": 384, "target_dim": 512, "test_results": {"bleu": 0.12, "bleu1": 12.22, "bleu2": 0.17, "bleu3": 0.02, "bleu4": 0.01, "rougeL": 0.0474, "rouge1": 0.055, "rouge2": 0.0038, "exact_match": 0.0}, "loss": {"X_Y_COS": 1.0, "X_Y_MSEloss": 4.2970126997998466e-16, "X_Y_test_COS": 0.862935483455658, "X_Y_test_MSEloss": 0.0005496705998666584, "X_Y_val_COS": 0.8555884957313538, "X_Y_val_MSEloss": 0.0005730903940275311}}