{"train_samples": 1000, "test_samples": 200, "source_model": "text-embedding-ada-002", "source_dim": 1536, "target_dim": 512, "test_results": {"bleu": 0.19, "bleu1": 23.04, "bleu2": 0.85, "bleu3": 0.02, "bleu4": 0.01, "rougeL": 0.1195, "rouge1": 0.1438, "rouge2": 0.0056, "exact_match": 0.0}, "loss": {"X_Y_COS": 0.9403315186500549, "X_Y_MSEloss": 0.0002268155658384785, "X_Y_test_COS": 0.8724968433380127, "X_Y_test_MSEloss": 0.0004735297115985304, "X_Y_val_COS": 0.8717155456542969, "X_Y_val_MSEloss": 0.00047687842743471265}}