{"train_samples": 40, "test_samples": 200, "source_model": "google/mt5-base", "source_dim": 768, "target_dim": 512, "test_results": {"bleu": 0.15, "bleu1": 14.64, "bleu2": 0.52, "bleu3": 0.02, "bleu4": 0.01, "rougeL": 0.0908, "rouge1": 0.1098, "rouge2": 0.0021, "exact_match": 0.0}, "loss": {"X_Y_COS": 1.0, "X_Y_MSEloss": 9.839403736222607e-10, "X_Y_test_COS": 0.9290046691894531, "X_Y_test_MSEloss": 0.000547268835362047, "X_Y_val_COS": 0.9277744889259338, "X_Y_val_MSEloss": 0.0005413477774709463}}