{"train_samples": 30, "test_samples": 200, "source_model": "google/flan-t5-base", "source_dim": 768, "target_dim": 512, "test_results": {"bleu": 0.17, "bleu1": 12.08, "bleu2": 0.21, "bleu3": 0.03, "bleu4": 0.02, "rougeL": 0.0349, "rouge1": 0.0367, "rouge2": 0.001, "exact_match": 0.0}, "loss": {"X_Y_COS": 1.0, "X_Y_MSEloss": 7.058737546295629e-14, "X_Y_test_COS": 0.892558753490448, "X_Y_test_MSEloss": 0.0004006378585472703, "X_Y_val_COS": 0.896907389163971, "X_Y_val_MSEloss": 0.000384942366508767}}