{"train_samples": 500, "test_samples": 200, "source_model": "intfloat/multilingual-e5-base", "source_dim": 768, "target_dim": 512, "test_results": {"bleu": 3.03, "bleu1": 27.23, "bleu2": 4.53, "bleu3": 1.23, "bleu4": 0.57, "rougeL": 0.1966, "rouge1": 0.2795, "rouge2": 0.0529, "exact_match": 0.0}, "loss": {"X_Y_COS": 0.9726355671882629, "X_Y_MSEloss": 0.00010650736658135429, "X_Y_test_COS": 0.8760395646095276, "X_Y_test_MSEloss": 0.000476732908282429, "X_Y_val_COS": 0.8708575367927551, "X_Y_val_MSEloss": 0.0004993515321984887}}