{"train_samples": 100, "test_samples": 200, "source_model": "google-bert/bert-base-multilingual-cased", "source_dim": 768, "target_dim": 512, "test_results": {"bleu": 1.07, "bleu1": 20.68, "bleu2": 1.95, "bleu3": 0.3, "bleu4": 0.11, "rougeL": 0.1395, "rouge1": 0.186, "rouge2": 0.0242, "exact_match": 0.0}, "loss": {"X_Y_COS": 0.999906599521637, "X_Y_MSEloss": 3.691193342092447e-07, "X_Y_test_COS": 0.9010769724845886, "X_Y_test_MSEloss": 0.0003802359278779477, "X_Y_val_COS": 0.9021065831184387, "X_Y_val_MSEloss": 0.0003734684723895043}}