{"train_samples": 100, "test_samples": 200, "source_model": "google-bert/bert-base-multilingual-cased", "source_dim": 768, "target_dim": 512, "test_results": {"bleu": 0.08, "bleu1": 10.43, "bleu2": 0.04, "bleu3": 0.02, "bleu4": 0.01, "rougeL": 0.0141, "rouge1": 0.0145, "rouge2": 0.0, "exact_match": 0.0}, "loss": {"X_Y_COS": 1.0, "X_Y_MSEloss": 6.18718895561976e-11, "X_Y_test_COS": 0.8532397150993347, "X_Y_test_MSEloss": 0.0005479169776663184, "X_Y_val_COS": 0.8506895303726196, "X_Y_val_MSEloss": 0.0005639881128445268}}