{"train_samples": 30, "test_samples": 200, "source_model": "intfloat/multilingual-e5-base", "source_dim": 768, "target_dim": 512, "test_results": {"bleu": 2.13, "bleu1": 20.54, "bleu2": 2.35, "bleu3": 0.87, "bleu4": 0.49, "rougeL": 0.151, "rouge1": 0.2033, "rouge2": 0.0281, "exact_match": 0.0}, "loss": {"X_Y_COS": 1.0, "X_Y_MSEloss": 2.8042200722958044e-13, "X_Y_test_COS": 0.8725361227989197, "X_Y_test_MSEloss": 0.00046506235958077013, "X_Y_val_COS": 0.871286928653717, "X_Y_val_MSEloss": 0.0004698860284406692}}