{"train_samples": 1, "test_samples": 200, "source_model": "sentence-transformers/all-MiniLM-L6-v2", "source_dim": 384, "target_dim": 512, "test_results": {"bleu": 0.04, "bleu1": 15.63, "bleu2": 0.02, "bleu3": 0.01, "bleu4": 0.01, "rougeL": 0.0059, "rouge1": 0.0059, "rouge2": 0.0, "exact_match": 0.0}, "loss": {"X_Y_COS": 1.0, "X_Y_MSEloss": 2.221224525468399e-16, "X_Y_test_COS": 0.7267649173736572, "X_Y_test_MSEloss": 0.0022654382046312094, "X_Y_val_COS": 0.6932973861694336, "X_Y_val_MSEloss": 0.002238323912024498}}