{"train_samples": 1000, "test_samples": 200, "source_model": "google-bert/bert-base-multilingual-cased", "source_dim": 768, "target_dim": 512, "test_results": {"bleu": 0.53, "bleu1": 16.6, "bleu2": 1.82, "bleu3": 0.22, "bleu4": 0.01, "rougeL": 0.1148, "rouge1": 0.1305, "rouge2": 0.0125, "exact_match": 0.0}, "loss": {"X_Y_COS": 0.9196587204933167, "X_Y_MSEloss": 0.0004167914448771626, "X_Y_test_COS": 0.02712264657020569, "X_Y_test_MSEloss": 0.007611939683556557, "X_Y_val_COS": -0.008407414890825748, "X_Y_val_MSEloss": 0.00858105905354023}}