{"train_samples": 20, "test_samples": 200, "source_model": "text-embedding-ada-002", "source_dim": 1536, "target_dim": 512, "test_results": {"bleu": 0.1, "bleu1": 8.48, "bleu2": 0.11, "bleu3": 0.02, "bleu4": 0.01, "rougeL": 0.0337, "rouge1": 0.0375, "rouge2": 0.0017, "exact_match": 0.0}, "loss": {"X_Y_COS": 1.0, "X_Y_MSEloss": 1.1565566585762087e-14, "X_Y_test_COS": 0.8914133310317993, "X_Y_test_MSEloss": 0.00072453886969015, "X_Y_val_COS": 0.8867039680480957, "X_Y_val_MSEloss": 0.0007835024734959006}}