{"train_samples": 5, "test_samples": 200, "source_model": "text-embedding-3-large", "source_dim": 3072, "target_dim": 512, "test_results": {"bleu": 0.15, "bleu1": 13.67, "bleu2": 0.06, "bleu3": 0.03, "bleu4": 0.02, "rougeL": 0.0009, "rouge1": 0.0009, "rouge2": 0.0, "exact_match": 0.0}, "loss": {"X_Y_COS": 1.0, "X_Y_MSEloss": 8.700234728507012e-17, "X_Y_test_COS": 0.8601744771003723, "X_Y_test_MSEloss": 0.001134043326601386, "X_Y_val_COS": 0.8558454513549805, "X_Y_val_MSEloss": 0.001119748456403613}}