{"train_samples": 1000, "test_samples": 200, "source_model": "random", "source_dim": 768, "target_dim": 512, "test_results": {"bleu": 0.84, "bleu1": 8.01, "bleu2": 0.77, "bleu3": 0.41, "bleu4": 0.2, "rougeL": 0.0411, "rouge1": 0.0451, "rouge2": 0.002, "exact_match": 0.0}, "loss": {"X_Y_COS": 0.8990913033485413, "X_Y_MSEloss": 0.0004738861753139645, "X_Y_test_COS": -0.044709380716085434, "X_Y_test_MSEloss": 0.008445710875093937, "X_Y_val_COS": 0.006196033675223589, "X_Y_val_MSEloss": 0.007661064621061087}}