{"train_samples": 10, "test_samples": 200, "source_model": "intfloat/multilingual-e5-base", "source_dim": 768, "target_dim": 512, "test_results": {"bleu": 0.41, "bleu1": 21.49, "bleu2": 0.99, "bleu3": 0.05, "bleu4": 0.03, "rougeL": 0.1395, "rouge1": 0.1863, "rouge2": 0.0101, "exact_match": 0.0}, "loss": {"X_Y_COS": 1.0, "X_Y_MSEloss": 1.6785465568490074e-15, "X_Y_test_COS": 0.8985624313354492, "X_Y_test_MSEloss": 0.000377023738110438, "X_Y_val_COS": 0.8998332023620605, "X_Y_val_MSEloss": 0.0003725047572515905}}