{"train_samples": 3, "test_samples": 200, "source_model": "google/mt5-base", "source_dim": 768, "target_dim": 512, "test_results": {"bleu": 0.09, "bleu1": 9.83, "bleu2": 0.06, "bleu3": 0.02, "bleu4": 0.01, "rougeL": 0.0885, "rouge1": 0.1109, "rouge2": 0.0019, "exact_match": 0.0}, "loss": {"X_Y_COS": 1.0, "X_Y_MSEloss": 3.946403528316426e-16, "X_Y_test_COS": 0.8007151484489441, "X_Y_test_MSEloss": 0.0007051053689792752, "X_Y_val_COS": 0.8017475605010986, "X_Y_val_MSEloss": 0.000699445721693337}}