{"train_samples": 20, "test_samples": 200, "source_model": "text-embedding-3-large", "source_dim": 3072, "target_dim": 512, "test_results": {"bleu": 0.18, "bleu1": 20.15, "bleu2": 0.8, "bleu3": 0.02, "bleu4": 0.01, "rougeL": 0.1271, "rouge1": 0.1581, "rouge2": 0.0074, "exact_match": 0.0}, "loss": {"X_Y_COS": 1.0, "X_Y_MSEloss": 2.64834485958832e-16, "X_Y_test_COS": 0.880659818649292, "X_Y_test_MSEloss": 0.0005001755198463798, "X_Y_val_COS": 0.8812263011932373, "X_Y_val_MSEloss": 0.0004902314976789057}}