{"train_samples": 100, "test_samples": 200, "source_model": "sentence-transformers/gtr-t5-base", "source_dim": 768, "target_dim": 512, "test_results": {"bleu": 0.27, "bleu1": 19.3, "bleu2": 1.07, "bleu3": 0.03, "bleu4": 0.01, "rougeL": 0.1119, "rouge1": 0.1473, "rouge2": 0.0109, "exact_match": 0.0}, "loss": {"X_Y_COS": 1.0, "X_Y_MSEloss": 3.524711828355458e-15, "X_Y_test_COS": 0.8715384602546692, "X_Y_test_MSEloss": 0.00047723352327011526, "X_Y_val_COS": 0.8670336008071899, "X_Y_val_MSEloss": 0.0004900209605693817}}