{"train_samples": 20, "test_samples": 200, "source_model": "google-bert/bert-base-multilingual-cased", "source_dim": 768, "target_dim": 512, "test_results": {"bleu": 0.18, "bleu1": 16.46, "bleu2": 0.62, "bleu3": 0.01, "bleu4": 0.01, "rougeL": 0.1022, "rouge1": 0.1201, "rouge2": 0.0032, "exact_match": 0.0}, "loss": {"X_Y_COS": 1.0, "X_Y_MSEloss": 1.7994219700704587e-15, "X_Y_test_COS": 0.9063844680786133, "X_Y_test_MSEloss": 0.000353640120010823, "X_Y_val_COS": 0.9092051386833191, "X_Y_val_MSEloss": 0.0003427925694268197}}