{"train_samples": 50, "test_samples": 200, "source_model": "google/flan-t5-base", "source_dim": 768, "target_dim": 512, "test_results": {"bleu": 0.23, "bleu1": 15.53, "bleu2": 1.1, "bleu3": 0.02, "bleu4": 0.01, "rougeL": 0.1209, "rouge1": 0.1311, "rouge2": 0.0102, "exact_match": 0.0}, "loss": {"X_Y_COS": 1.0, "X_Y_MSEloss": 1.1010443945469461e-10, "X_Y_test_COS": 0.8891379237174988, "X_Y_test_MSEloss": 0.0007563905091956258, "X_Y_val_COS": 0.8930454850196838, "X_Y_val_MSEloss": 0.0007477552280761302}}