{"train_samples": 50, "test_samples": 200, "source_model": "google/flan-t5-base", "source_dim": 768, "target_dim": 512, "test_results": {"bleu": 0.23, "bleu1": 15.71, "bleu2": 0.99, "bleu3": 0.02, "bleu4": 0.01, "rougeL": 0.123, "rouge1": 0.1325, "rouge2": 0.0097, "exact_match": 0.0}, "loss": {"X_Y_COS": 1.0, "X_Y_MSEloss": 2.4242299790852573e-13, "X_Y_test_COS": 0.8835394382476807, "X_Y_test_MSEloss": 0.00043219534563831985, "X_Y_val_COS": 0.886800229549408, "X_Y_val_MSEloss": 0.00042224794742651284}}