{"train_samples": 5, "test_samples": 200, "source_model": "sentence-transformers/gtr-t5-base", "source_dim": 768, "target_dim": 512, "test_results": {"bleu": 0.18, "bleu1": 16.52, "bleu2": 0.61, "bleu3": 0.02, "bleu4": 0.01, "rougeL": 0.1274, "rouge1": 0.1617, "rouge2": 0.009, "exact_match": 0.0}, "loss": {"X_Y_COS": 1.0, "X_Y_MSEloss": 5.008327093162807e-15, "X_Y_test_COS": 0.9168084859848022, "X_Y_test_MSEloss": 0.0006800601840950549, "X_Y_val_COS": 0.9174074530601501, "X_Y_val_MSEloss": 0.0006806115852668881}}