{"train_samples": 3, "test_samples": 200, "source_model": "text-embedding-3-large", "source_dim": 3072, "target_dim": 512, "test_results": {"bleu": 0.03, "bleu1": 3.95, "bleu2": 0.02, "bleu3": 0.01, "bleu4": 0.01, "rougeL": 0.0434, "rouge1": 0.0498, "rouge2": 0.0024, "exact_match": 0.0}, "loss": {"X_Y_COS": 1.0, "X_Y_MSEloss": 1.3476014748547982e-10, "X_Y_test_COS": 0.8672327995300293, "X_Y_test_MSEloss": 0.00205660960637033, "X_Y_val_COS": 0.8702930808067322, "X_Y_val_MSEloss": 0.0019992159213870764}}