{"train_samples": 40, "test_samples": 200, "source_model": "google/mt5-base", "source_dim": 768, "target_dim": 512, "test_results": {"bleu": 0.09, "bleu1": 12.23, "bleu2": 0.08, "bleu3": 0.02, "bleu4": 0.01, "rougeL": 0.0128, "rouge1": 0.013, "rouge2": 0.0, "exact_match": 0.0}, "loss": {"X_Y_COS": 0.9999998211860657, "X_Y_MSEloss": 6.415903808232315e-09, "X_Y_test_COS": 0.907988965511322, "X_Y_test_MSEloss": 0.000839902670122683, "X_Y_val_COS": 0.9061877727508545, "X_Y_val_MSEloss": 0.000876347825396806}}