{"train_samples": 50, "test_samples": 200, "source_model": "google-t5/t5-base", "source_dim": 768, "target_dim": 512, "test_results": {"bleu": 0.81, "bleu1": 19.06, "bleu2": 1.44, "bleu3": 0.23, "bleu4": 0.07, "rougeL": 0.123, "rouge1": 0.1647, "rouge2": 0.0147, "exact_match": 0.0}, "loss": {"X_Y_COS": 1.0, "X_Y_MSEloss": 1.8326780251796265e-13, "X_Y_test_COS": 0.9227887988090515, "X_Y_test_MSEloss": 0.0002918637474067509, "X_Y_val_COS": 0.9197331070899963, "X_Y_val_MSEloss": 0.00030396238435059786}}