{"train_samples": 50, "test_samples": 200, "source_model": "google-t5/t5-base", "source_dim": 768, "target_dim": 512, "test_results": {"bleu": 0.87, "bleu1": 19.35, "bleu2": 1.5, "bleu3": 0.22, "bleu4": 0.09, "rougeL": 0.1239, "rouge1": 0.1647, "rouge2": 0.0152, "exact_match": 0.0}, "loss": {"X_Y_COS": 1.0, "X_Y_MSEloss": 2.5899521022705032e-15, "X_Y_test_COS": 0.9033076763153076, "X_Y_test_MSEloss": 0.0007205044967122376, "X_Y_val_COS": 0.9034631252288818, "X_Y_val_MSEloss": 0.000735512760002166}}