{"train_samples": 30, "test_samples": 200, "source_model": "text-embedding-3-large", "source_dim": 3072, "target_dim": 512, "test_results": {"bleu": 0.25, "bleu1": 14.14, "bleu2": 0.79, "bleu3": 0.05, "bleu4": 0.01, "rougeL": 0.0774, "rouge1": 0.0936, "rouge2": 0.0121, "exact_match": 0.0}, "loss": {"X_Y_COS": 1.0, "X_Y_MSEloss": 3.8204746106525374e-16, "X_Y_test_COS": 0.8813607692718506, "X_Y_test_MSEloss": 0.0005374166066758335, "X_Y_val_COS": 0.8769838809967041, "X_Y_val_MSEloss": 0.0005529824993573129}}