{"train_samples": 100, "test_samples": 200, "source_model": "google-bert/bert-base-multilingual-cased", "source_dim": 768, "target_dim": 512, "test_results": {"bleu": 0.07, "bleu1": 8.65, "bleu2": 0.03, "bleu3": 0.02, "bleu4": 0.01, "rougeL": 0.0063, "rouge1": 0.0063, "rouge2": 0.0004, "exact_match": 0.0}, "loss": {"X_Y_COS": 1.0, "X_Y_MSEloss": 6.512882594345015e-11, "X_Y_test_COS": 0.8951374888420105, "X_Y_test_MSEloss": 0.00039749915595166385, "X_Y_val_COS": 0.8921451568603516, "X_Y_val_MSEloss": 0.0004102449747733772}}