{"train_samples": 6000, "test_samples": 200, "source_model": "google-t5/t5-base", "source_dim": 768, "target_dim": 512, "test_results": {"bleu": 0.22, "bleu1": 18.23, "bleu2": 1.33, "bleu3": 0.02, "bleu4": 0.01, "rougeL": 0.1445, "rouge1": 0.1801, "rouge2": 0.0133, "exact_match": 0.0}, "loss": {"X_Y_COS": 0.9664440155029297, "X_Y_MSEloss": 0.00013030532863922417, "X_Y_test_COS": 0.9599642753601074, "X_Y_test_MSEloss": 0.0001549229200463742, "X_Y_val_COS": 0.9596607685089111, "X_Y_val_MSEloss": 0.00015562973567284644}}