{"train_samples": 8000, "test_samples": 200, "source_model": "sentence-transformers/gtr-t5-base", "source_dim": 768, "target_dim": 512, "test_results": {"bleu": 0.23, "bleu1": 16.06, "bleu2": 1.05, "bleu3": 0.02, "bleu4": 0.01, "rougeL": 0.1355, "rouge1": 0.1571, "rouge2": 0.0129, "exact_match": 0.0}, "loss": {"X_Y_COS": 0.9515175223350525, "X_Y_MSEloss": 0.00018611135601531714, "X_Y_test_COS": 0.943496584892273, "X_Y_test_MSEloss": 0.00021554053819272667, "X_Y_val_COS": 0.944939374923706, "X_Y_val_MSEloss": 0.00021049199858680367}}