{"train_samples": 500, "test_samples": 200, "source_model": "google-t5/t5-base", "source_dim": 768, "target_dim": 512, "test_results": {"bleu": 7.28, "bleu1": 35.4, "bleu2": 9.37, "bleu3": 5.19, "bleu4": 3.65, "rougeL": 0.2571, "rouge1": 0.3127, "rouge2": 0.0891, "exact_match": 0.0}, "loss": {"X_Y_COS": 0.9837507605552673, "X_Y_MSEloss": 0.00010050069977296516, "X_Y_test_COS": 0.9340516328811646, "X_Y_test_MSEloss": 0.0004003757785540074, "X_Y_val_COS": 0.9354046583175659, "X_Y_val_MSEloss": 0.00040465532219968736}}