{"train_samples": 500, "test_samples": 200, "source_model": "google-bert/bert-base-multilingual-cased", "source_dim": 768, "target_dim": 512, "test_results": {"bleu": 4.68, "bleu1": 27.02, "bleu2": 5.16, "bleu3": 2.63, "bleu4": 2.04, "rougeL": 0.1882, "rouge1": 0.242, "rouge2": 0.0544, "exact_match": 0.0}, "loss": {"X_Y_COS": 0.9763134121894836, "X_Y_MSEloss": 9.223447705153376e-05, "X_Y_test_COS": 0.8581328988075256, "X_Y_test_MSEloss": 0.0005588732310570776, "X_Y_val_COS": 0.8613198399543762, "X_Y_val_MSEloss": 0.0005434570484794676}}