{"train_samples": 20, "test_samples": 200, "source_model": "sentence-transformers/all-MiniLM-L6-v2", "source_dim": 384, "target_dim": 512, "test_results": {"bleu": 0.41, "bleu1": 16.91, "bleu2": 1.0, "bleu3": 0.06, "bleu4": 0.03, "rougeL": 0.1156, "rouge1": 0.1578, "rouge2": 0.0091, "exact_match": 0.0}, "loss": {"X_Y_COS": 1.0, "X_Y_MSEloss": 4.160109146815298e-16, "X_Y_test_COS": 0.9231089353561401, "X_Y_test_MSEloss": 0.0003498928272165358, "X_Y_val_COS": 0.9212681651115417, "X_Y_val_MSEloss": 0.00034660581150092185}}