{"train_samples": 50, "test_samples": 200, "source_model": "sentence-transformers/gtr-t5-base", "source_dim": 768, "target_dim": 512, "test_results": {"bleu": 0.15, "bleu1": 12.18, "bleu2": 0.12, "bleu3": 0.03, "bleu4": 0.02, "rougeL": 0.021, "rouge1": 0.0213, "rouge2": 0.0004, "exact_match": 0.0}, "loss": {"X_Y_COS": 1.0, "X_Y_MSEloss": 5.57064973576854e-14, "X_Y_test_COS": 0.8801318407058716, "X_Y_test_MSEloss": 0.00044673733646050096, "X_Y_val_COS": 0.8758149743080139, "X_Y_val_MSEloss": 0.00046010740334168077}}