{"train_samples": 40, "test_samples": 200, "source_model": "sentence-transformers/gtr-t5-base", "source_dim": 768, "target_dim": 512, "test_results": {"bleu": 0.06, "bleu1": 9.03, "bleu2": 0.02, "bleu3": 0.01, "bleu4": 0.01, "rougeL": 0.0094, "rouge1": 0.0099, "rouge2": 0.0, "exact_match": 0.0}, "loss": {"X_Y_COS": 0.9813542366027832, "X_Y_MSEloss": 6.932461110409349e-05, "X_Y_test_COS": 0.7836945056915283, "X_Y_test_MSEloss": 0.0007914182497188449, "X_Y_val_COS": 0.7931258082389832, "X_Y_val_MSEloss": 0.0007537644123658538}}