{"train_samples": 1000, "test_samples": 200, "source_model": "sentence-transformers/gtr-t5-base", "source_dim": 768, "target_dim": 512, "test_results": {"bleu": 0.22, "bleu1": 15.59, "bleu2": 0.44, "bleu3": 0.03, "bleu4": 0.02, "rougeL": 0.0736, "rouge1": 0.0813, "rouge2": 0.0036, "exact_match": 0.0}, "loss": {"X_Y_COS": 0.9595351815223694, "X_Y_MSEloss": 0.0001557145151309669, "X_Y_test_COS": 0.8614038825035095, "X_Y_test_MSEloss": 0.0005363367963582277, "X_Y_val_COS": 0.8599420189857483, "X_Y_val_MSEloss": 0.0005416296771727502}}