{"train_samples": 10, "test_samples": 200, "source_model": "google/flan-t5-base", "source_dim": 768, "target_dim": 512, "test_results": {"bleu": 0.39, "bleu1": 13.35, "bleu2": 0.66, "bleu3": 0.18, "bleu4": 0.07, "rougeL": 0.0671, "rouge1": 0.0744, "rouge2": 0.0035, "exact_match": 0.0}, "loss": {"X_Y_COS": 1.0, "X_Y_MSEloss": 7.411609756880053e-16, "X_Y_test_COS": 0.8956106305122375, "X_Y_test_MSEloss": 0.0007797511643730104, "X_Y_val_COS": 0.895677387714386, "X_Y_val_MSEloss": 0.0007751656230539083}}