{"train_samples": 30, "test_samples": 200, "source_model": "intfloat/multilingual-e5-base", "source_dim": 768, "target_dim": 512, "test_results": {"bleu": 0.17, "bleu1": 13.41, "bleu2": 0.62, "bleu3": 0.02, "bleu4": 0.01, "rougeL": 0.1173, "rouge1": 0.1488, "rouge2": 0.0081, "exact_match": 0.0}, "loss": {"X_Y_COS": 1.0, "X_Y_MSEloss": 3.509491146042737e-13, "X_Y_test_COS": 0.8771452903747559, "X_Y_test_MSEloss": 0.0004505998222157359, "X_Y_val_COS": 0.8752261996269226, "X_Y_val_MSEloss": 0.0004574323247652501}}