{"train_samples": 20, "test_samples": 200, "source_model": "text-embedding-3-large", "source_dim": 3072, "target_dim": 512, "test_results": {"bleu": 0.17, "bleu1": 13.67, "bleu2": 0.75, "bleu3": 0.02, "bleu4": 0.01, "rougeL": 0.0949, "rouge1": 0.1252, "rouge2": 0.0076, "exact_match": 0.0}, "loss": {"X_Y_COS": 1.0, "X_Y_MSEloss": 2.1031735436095671e-16, "X_Y_test_COS": 0.903484582901001, "X_Y_test_MSEloss": 0.00044880955829285085, "X_Y_val_COS": 0.9030687808990479, "X_Y_val_MSEloss": 0.00044203942525200546}}