{"train_samples": 10, "test_samples": 200, "source_model": "google/mt5-base", "source_dim": 768, "target_dim": 512, "test_results": {"bleu": 0.16, "bleu1": 15.25, "bleu2": 0.49, "bleu3": 0.02, "bleu4": 0.01, "rougeL": 0.0873, "rouge1": 0.1072, "rouge2": 0.0028, "exact_match": 0.0}, "loss": {"X_Y_COS": 1.0, "X_Y_MSEloss": 1.9727704192451512e-10, "X_Y_test_COS": 0.9245172142982483, "X_Y_test_MSEloss": 0.0006208601989783347, "X_Y_val_COS": 0.9234746098518372, "X_Y_val_MSEloss": 0.0006015126709826291}}