{"train_samples": 100, "test_samples": 200, "source_model": "sentence-transformers/gtr-t5-base", "source_dim": 768, "target_dim": 512, "test_results": {"bleu": 0.17, "bleu1": 12.66, "bleu2": 0.58, "bleu3": 0.02, "bleu4": 0.01, "rougeL": 0.1073, "rouge1": 0.1297, "rouge2": 0.0067, "exact_match": 0.0}, "loss": {"X_Y_COS": 1.0, "X_Y_MSEloss": 6.6640638997752036e-15, "X_Y_test_COS": 0.861666202545166, "X_Y_test_MSEloss": 0.0008787799160927534, "X_Y_val_COS": 0.8652336001396179, "X_Y_val_MSEloss": 0.0008429076406173408}}