{"train_samples": 30, "test_samples": 200, "source_model": "google/mt5-base", "source_dim": 768, "target_dim": 512, "test_results": {"bleu": 0.2, "bleu1": 22.1, "bleu2": 0.96, "bleu3": 0.01, "bleu4": 0.01, "rougeL": 0.132, "rouge1": 0.1711, "rouge2": 0.011, "exact_match": 0.0}, "loss": {"X_Y_COS": 1.0, "X_Y_MSEloss": 7.029583078826951e-13, "X_Y_test_COS": 0.8781673908233643, "X_Y_test_MSEloss": 0.00044855065061710775, "X_Y_val_COS": 0.8795954585075378, "X_Y_val_MSEloss": 0.00044349461677484214}}