{"train_samples": 1000, "test_samples": 200, "source_model": "text-embedding-ada-002", "source_dim": 1536, "target_dim": 512, "test_results": {"bleu": 0.17, "bleu1": 9.39, "bleu2": 0.17, "bleu3": 0.03, "bleu4": 0.02, "rougeL": 0.0597, "rouge1": 0.0677, "rouge2": 0.0028, "exact_match": 0.0}, "loss": {"X_Y_COS": 1.0, "X_Y_MSEloss": 4.296420857974326e-12, "X_Y_test_COS": -0.015129721723496914, "X_Y_test_MSEloss": 0.005527764558792114, "X_Y_val_COS": 0.02957417629659176, "X_Y_val_MSEloss": 0.005351090803742409}}