{"train_samples": 500, "test_samples": 200, "source_model": "google-bert/bert-base-multilingual-cased", "source_dim": 768, "target_dim": 512, "test_results": {"bleu": 1.84, "bleu1": 25.83, "bleu2": 3.34, "bleu3": 0.68, "bleu4": 0.24, "rougeL": 0.1635, "rouge1": 0.2233, "rouge2": 0.0326, "exact_match": 0.0}, "loss": {"X_Y_COS": 0.9815120697021484, "X_Y_MSEloss": 0.0001470746792620048, "X_Y_test_COS": 0.8575984835624695, "X_Y_test_MSEloss": 0.001190653769299388, "X_Y_val_COS": 0.8557637333869934, "X_Y_val_MSEloss": 0.0011928725289180875}}