{"train_samples": 5, "test_samples": 200, "source_model": "google/mt5-base", "source_dim": 768, "target_dim": 512, "test_results": {"bleu": 0.25, "bleu1": 17.52, "bleu2": 0.65, "bleu3": 0.03, "bleu4": 0.01, "rougeL": 0.1077, "rouge1": 0.1357, "rouge2": 0.0077, "exact_match": 0.0}, "loss": {"X_Y_COS": 1.0, "X_Y_MSEloss": 4.168667091258323e-16, "X_Y_test_COS": 0.7956993579864502, "X_Y_test_MSEloss": 0.0007193961646407843, "X_Y_val_COS": 0.788499116897583, "X_Y_val_MSEloss": 0.0007424475625157356}}