{"train_samples": 500, "test_samples": 200, "source_model": "google-bert/bert-base-multilingual-cased", "source_dim": 768, "target_dim": 512, "test_results": {"bleu": 0.12, "bleu1": 10.47, "bleu2": 0.16, "bleu3": 0.02, "bleu4": 0.01, "rougeL": 0.0448, "rouge1": 0.0489, "rouge2": 0.0027, "exact_match": 0.0}, "loss": {"X_Y_COS": 0.9747247695922852, "X_Y_MSEloss": 9.883372695185244e-05, "X_Y_test_COS": 0.8599360585212708, "X_Y_test_MSEloss": 0.0005530886119231582, "X_Y_val_COS": 0.8584383726119995, "X_Y_val_MSEloss": 0.0005605276091955602}}