{"train_samples": 1000, "test_samples": 200, "source_model": "sentence-transformers/gtr-t5-base", "source_dim": 768, "target_dim": 512, "test_results": {"bleu": 0.51, "bleu1": 18.7, "bleu2": 1.18, "bleu3": 0.13, "bleu4": 0.03, "rougeL": 0.1337, "rouge1": 0.1695, "rouge2": 0.0121, "exact_match": 0.0}, "loss": {"X_Y_COS": 0.9776470065116882, "X_Y_MSEloss": 8.706795779289678e-05, "X_Y_test_COS": 0.9219498038291931, "X_Y_test_MSEloss": 0.00030366721330210567, "X_Y_val_COS": 0.9200558066368103, "X_Y_val_MSEloss": 0.0003126296796835959}}