{"train_samples": 1, "test_samples": 200, "source_model": "text-embedding-ada-002", "source_dim": 1536, "target_dim": 512, "test_results": {"bleu": 0.25, "bleu1": 10.07, "bleu2": 1.11, "bleu3": 0.04, "bleu4": 0.01, "rougeL": 0.1082, "rouge1": 0.1145, "rouge2": 0.0126, "exact_match": 0.0}, "loss": {"X_Y_COS": 1.0, "X_Y_MSEloss": 7.168962875458073e-16, "X_Y_test_COS": 0.8265164494514465, "X_Y_test_MSEloss": 0.0006596866878680885, "X_Y_val_COS": 0.8264153599739075, "X_Y_val_MSEloss": 0.0006590988487005234}}