{"train_samples": 50, "test_samples": 200, "source_model": "google/mt5-base", "source_dim": 768, "target_dim": 512, "test_results": {"bleu": 0.52, "bleu1": 12.32, "bleu2": 0.41, "bleu3": 0.2, "bleu4": 0.17, "rougeL": 0.0547, "rouge1": 0.0616, "rouge2": 0.005, "exact_match": 0.0}, "loss": {"X_Y_COS": 1.0, "X_Y_MSEloss": 1.2688734814920131e-14, "X_Y_test_COS": 0.8967422246932983, "X_Y_test_MSEloss": 0.0007082851370796561, "X_Y_val_COS": 0.8918037414550781, "X_Y_val_MSEloss": 0.000767100544180721}}