{"train_samples": 50, "test_samples": 200, "source_model": "google-t5/t5-base", "source_dim": 768, "target_dim": 512, "test_results": {"bleu": 0.33, "bleu1": 15.09, "bleu2": 1.13, "bleu3": 0.1, "bleu4": 0.01, "rougeL": 0.0795, "rouge1": 0.0914, "rouge2": 0.0125, "exact_match": 0.0}, "loss": {"X_Y_COS": 1.0, "X_Y_MSEloss": 1.1977966090769704e-13, "X_Y_test_COS": 0.89594566822052, "X_Y_test_MSEloss": 0.00038558911182917655, "X_Y_val_COS": 0.8929846286773682, "X_Y_val_MSEloss": 0.00039619699236936867}}