{"train_samples": 40, "test_samples": 200, "source_model": "sentence-transformers/all-MiniLM-L6-v2", "source_dim": 384, "target_dim": 512, "test_results": {"bleu": 0.72, "bleu1": 22.26, "bleu2": 1.15, "bleu3": 0.18, "bleu4": 0.06, "rougeL": 0.1453, "rouge1": 0.1811, "rouge2": 0.0148, "exact_match": 0.0}, "loss": {"X_Y_COS": 1.0, "X_Y_MSEloss": 6.409418267259775e-15, "X_Y_test_COS": 0.8935738205909729, "X_Y_test_MSEloss": 0.0004259037086740136, "X_Y_val_COS": 0.8943657279014587, "X_Y_val_MSEloss": 0.00042234116699546576}}