{"train_samples": 50, "test_samples": 200, "source_model": "intfloat/multilingual-e5-base", "source_dim": 768, "target_dim": 512, "test_results": {"bleu": 0.57, "bleu1": 14.47, "bleu2": 0.49, "bleu3": 0.15, "bleu4": 0.13, "rougeL": 0.0606, "rouge1": 0.0719, "rouge2": 0.0062, "exact_match": 0.0}, "loss": {"X_Y_COS": 1.0, "X_Y_MSEloss": 4.110902590559462e-12, "X_Y_test_COS": 0.8813081979751587, "X_Y_test_MSEloss": 0.0004368712252471596, "X_Y_val_COS": 0.8745058178901672, "X_Y_val_MSEloss": 0.00046057853614911437}}