{"train_samples": 500, "test_samples": 200, "source_model": "intfloat/multilingual-e5-base", "source_dim": 768, "target_dim": 512, "test_results": {"bleu": 4.13, "bleu1": 26.81, "bleu2": 4.74, "bleu3": 2.34, "bleu4": 1.57, "rougeL": 0.1737, "rouge1": 0.2157, "rouge2": 0.0525, "exact_match": 0.0}, "loss": {"X_Y_COS": 0.959441065788269, "X_Y_MSEloss": 0.0001561901008244604, "X_Y_test_COS": 0.8149328231811523, "X_Y_test_MSEloss": 0.0007038998301140964, "X_Y_val_COS": 0.8125080466270447, "X_Y_val_MSEloss": 0.0007129142177291214}}