{"train_samples": 1000, "test_samples": 200, "source_model": "text-embedding-3-large", "source_dim": 3072, "target_dim": 512, "test_results": {"bleu": 0.33, "bleu1": 20.84, "bleu2": 0.85, "bleu3": 0.05, "bleu4": 0.03, "rougeL": 0.1176, "rouge1": 0.1327, "rouge2": 0.0037, "exact_match": 0.0}, "loss": {"X_Y_COS": 0.9949164986610413, "X_Y_MSEloss": 2.0287003280827776e-05, "X_Y_test_COS": 0.8897969126701355, "X_Y_test_MSEloss": 0.00042770965956151485, "X_Y_val_COS": 0.890833854675293, "X_Y_val_MSEloss": 0.0004251927020959556}}