{"train_samples": 20, "test_samples": 200, "source_model": "google/mt5-base", "source_dim": 768, "target_dim": 512, "test_results": {"bleu": 0.23, "bleu1": 14.51, "bleu2": 1.08, "bleu3": 0.02, "bleu4": 0.01, "rougeL": 0.1235, "rouge1": 0.135, "rouge2": 0.011, "exact_match": 0.0}, "loss": {"X_Y_COS": 1.0, "X_Y_MSEloss": 2.85228479723898e-10, "X_Y_test_COS": 0.8776168823242188, "X_Y_test_MSEloss": 0.0008521314011886716, "X_Y_val_COS": 0.8836069107055664, "X_Y_val_MSEloss": 0.0008329914417117834}}