{"train_samples": 3000, "test_samples": 200, "source_model": "google-t5/t5-base", "source_dim": 768, "target_dim": 512, "test_results": {"bleu": 4.51, "bleu1": 35.19, "bleu2": 7.51, "bleu3": 2.31, "bleu4": 0.82, "rougeL": 0.2382, "rouge1": 0.3345, "rouge2": 0.0856, "exact_match": 0.0}, "loss": {"X_Y_COS": 0.9698302149772644, "X_Y_MSEloss": 0.00011790802091127262, "X_Y_test_COS": 0.9515228271484375, "X_Y_test_MSEloss": 0.00018830403860192746, "X_Y_val_COS": 0.9502291679382324, "X_Y_val_MSEloss": 0.0001937905908562243}}