{"train_samples": 10, "test_samples": 200, "source_model": "google/flan-t5-base", "source_dim": 768, "target_dim": 512, "test_results": {"bleu": 1.19, "bleu1": 19.22, "bleu2": 1.45, "bleu3": 0.43, "bleu4": 0.17, "rougeL": 0.1244, "rouge1": 0.1607, "rouge2": 0.0147, "exact_match": 0.0}, "loss": {"X_Y_COS": 1.0, "X_Y_MSEloss": 4.746346472961512e-16, "X_Y_test_COS": 0.8141160607337952, "X_Y_test_MSEloss": 0.0006609275587834418, "X_Y_val_COS": 0.8083733320236206, "X_Y_val_MSEloss": 0.0006791308405809104}}