{"train_samples": 10, "test_samples": 200, "source_model": "google/flan-t5-base", "source_dim": 768, "target_dim": 512, "test_results": {"bleu": 0.13, "bleu1": 13.4, "bleu2": 0.2, "bleu3": 0.02, "bleu4": 0.01, "rougeL": 0.0525, "rouge1": 0.0585, "rouge2": 0.004, "exact_match": 0.0}, "loss": {"X_Y_COS": 1.0, "X_Y_MSEloss": 4.4384801721833195e-16, "X_Y_test_COS": 0.874478280544281, "X_Y_test_MSEloss": 0.00046229170402511954, "X_Y_val_COS": 0.8702725172042847, "X_Y_val_MSEloss": 0.0004761545278597623}}