{"train_samples": 3, "test_samples": 200, "source_model": "google/mt5-base", "source_dim": 768, "target_dim": 512, "test_results": {"bleu": 0.17, "bleu1": 12.43, "bleu2": 0.44, "bleu3": 0.02, "bleu4": 0.01, "rougeL": 0.0779, "rouge1": 0.0917, "rouge2": 0.0038, "exact_match": 0.0}, "loss": {"X_Y_COS": 1.0, "X_Y_MSEloss": 4.655347605855614e-16, "X_Y_test_COS": 0.8493217825889587, "X_Y_test_MSEloss": 0.0005538554978556931, "X_Y_val_COS": 0.8492311835289001, "X_Y_val_MSEloss": 0.0005538509576581419}}