{"train_samples": 20, "test_samples": 200, "source_model": "intfloat/multilingual-e5-base", "source_dim": 768, "target_dim": 512, "test_results": {"bleu": 0.32, "bleu1": 17.72, "bleu2": 0.81, "bleu3": 0.19, "bleu4": 0.04, "rougeL": 0.0503, "rouge1": 0.0596, "rouge2": 0.0031, "exact_match": 0.0}, "loss": {"X_Y_COS": 1.0, "X_Y_MSEloss": 2.2577298984896056e-14, "X_Y_test_COS": 0.902542233467102, "X_Y_test_MSEloss": 0.0003623318625614047, "X_Y_val_COS": 0.9028980731964111, "X_Y_val_MSEloss": 0.0003608365950640291}}