{"train_samples": 40, "test_samples": 200, "source_model": "google/mt5-base", "source_dim": 768, "target_dim": 512, "test_results": {"bleu": 0.1, "bleu1": 10.8, "bleu2": 0.09, "bleu3": 0.02, "bleu4": 0.01, "rougeL": 0.0075, "rouge1": 0.0081, "rouge2": 0.0, "exact_match": 0.0}, "loss": {"X_Y_COS": 1.0, "X_Y_MSEloss": 3.654811696340854e-12, "X_Y_test_COS": 0.8263473510742188, "X_Y_test_MSEloss": 0.0006280696834437549, "X_Y_val_COS": 0.8238817453384399, "X_Y_val_MSEloss": 0.0006373559008352458}}