{"train_samples": 500, "test_samples": 200, "source_model": "google-bert/bert-base-multilingual-cased", "source_dim": 768, "target_dim": 512, "test_results": {"bleu": 25.43, "bleu1": 43.56, "bleu2": 25.47, "bleu3": 21.58, "bleu4": 19.73, "rougeL": 0.3732, "rouge1": 0.4202, "rouge2": 0.2537, "exact_match": 0.0}, "loss": {"X_Y_COS": 0.9794893264770508, "X_Y_MSEloss": 8.073363278526813e-05, "X_Y_test_COS": 0.9009658694267273, "X_Y_test_MSEloss": 0.0003844489110633731, "X_Y_val_COS": 0.8983420133590698, "X_Y_val_MSEloss": 0.0003961790935136378}}