{"train_samples": 100, "test_samples": 200, "source_model": "intfloat/multilingual-e5-base", "source_dim": 768, "target_dim": 512, "test_results": {"bleu": 1.51, "bleu1": 23.24, "bleu2": 2.61, "bleu3": 0.63, "bleu4": 0.25, "rougeL": 0.1412, "rouge1": 0.1797, "rouge2": 0.029, "exact_match": 0.0}, "loss": {"X_Y_COS": 0.9999998211860657, "X_Y_MSEloss": 6.4640853780773e-10, "X_Y_test_COS": 0.8287914991378784, "X_Y_test_MSEloss": 0.0006218016496859491, "X_Y_val_COS": 0.8275681138038635, "X_Y_val_MSEloss": 0.0006257942877709866}}