{"train_samples": 10, "test_samples": 200, "source_model": "sentence-transformers/gtr-t5-base", "source_dim": 768, "target_dim": 512, "test_results": {"bleu": 0.37, "bleu1": 13.39, "bleu2": 0.66, "bleu3": 0.15, "bleu4": 0.07, "rougeL": 0.0633, "rouge1": 0.0713, "rouge2": 0.0031, "exact_match": 0.0}, "loss": {"X_Y_COS": 1.0, "X_Y_MSEloss": 7.8776319319872e-16, "X_Y_test_COS": 0.8923413157463074, "X_Y_test_MSEloss": 0.0010950983269140124, "X_Y_val_COS": 0.8955811262130737, "X_Y_val_MSEloss": 0.0010483962250873446}}