{"train_samples": 1, "test_samples": 200, "source_model": "text-embedding-3-large", "source_dim": 3072, "target_dim": 512, "test_results": {"bleu": 0.09, "bleu1": 12.89, "bleu2": 0.08, "bleu3": 0.02, "bleu4": 0.01, "rougeL": 0.0192, "rouge1": 0.0195, "rouge2": 0.0, "exact_match": 0.0}, "loss": {"X_Y_COS": 1.0, "X_Y_MSEloss": 1.1076772273975143e-16, "X_Y_test_COS": 0.7492651343345642, "X_Y_test_MSEloss": 0.0016929551493376493, "X_Y_val_COS": 0.7296448945999146, "X_Y_val_MSEloss": 0.0016891973791643977}}