{"train_samples": 3, "test_samples": 200, "source_model": "sentence-transformers/gtr-t5-base", "source_dim": 768, "target_dim": 512, "test_results": {"bleu": 0.23, "bleu1": 15.14, "bleu2": 0.8, "bleu3": 0.02, "bleu4": 0.01, "rougeL": 0.1018, "rouge1": 0.1218, "rouge2": 0.0079, "exact_match": 0.0}, "loss": {"X_Y_COS": 1.0, "X_Y_MSEloss": 3.365507009600447e-16, "X_Y_test_COS": 0.8729233145713806, "X_Y_test_MSEloss": 0.0011300425976514816, "X_Y_val_COS": 0.8729224801063538, "X_Y_val_MSEloss": 0.0011372562730684876}}