{"train_samples": 3, "test_samples": 200, "source_model": "sentence-transformers/gtr-t5-base", "source_dim": 768, "target_dim": 512, "test_results": {"bleu": 0.08, "bleu1": 9.82, "bleu2": 0.05, "bleu3": 0.03, "bleu4": 0.02, "rougeL": 0.0006, "rouge1": 0.0006, "rouge2": 0.0, "exact_match": 0.0}, "loss": {"X_Y_COS": 1.0, "X_Y_MSEloss": 4.032347726309584e-16, "X_Y_test_COS": 0.8505499958992004, "X_Y_test_MSEloss": 0.000627328350674361, "X_Y_val_COS": 0.8503468036651611, "X_Y_val_MSEloss": 0.0006488197832368314}}