{"train_samples": 30, "test_samples": 200, "source_model": "text-embedding-3-large", "source_dim": 3072, "target_dim": 512, "test_results": {"bleu": 0.51, "bleu1": 16.1, "bleu2": 1.17, "bleu3": 0.22, "bleu4": 0.07, "rougeL": 0.0603, "rouge1": 0.0704, "rouge2": 0.0092, "exact_match": 0.0}, "loss": {"X_Y_COS": 1.0, "X_Y_MSEloss": 3.6897739858198506e-16, "X_Y_test_COS": 0.9052879214286804, "X_Y_test_MSEloss": 0.0004582685942295939, "X_Y_val_COS": 0.9031391739845276, "X_Y_val_MSEloss": 0.0004758120921906084}}