{"train_samples": 1000, "test_samples": 200, "source_model": "google/mt5-base", "source_dim": 768, "target_dim": 512, "test_results": {"bleu": 8.24, "bleu1": 35.84, "bleu2": 9.42, "bleu3": 4.88, "bleu4": 3.42, "rougeL": 0.2444, "rouge1": 0.3157, "rouge2": 0.1061, "exact_match": 0.0}, "loss": {"X_Y_COS": 0.9700730443000793, "X_Y_MSEloss": 0.00011585919855860993, "X_Y_test_COS": 0.9379100799560547, "X_Y_test_MSEloss": 0.00023798926849849522, "X_Y_val_COS": 0.9342358112335205, "X_Y_val_MSEloss": 0.0002527184260543436}}