{"train_samples": 20, "test_samples": 200, "source_model": "sentence-transformers/all-MiniLM-L6-v2", "source_dim": 384, "target_dim": 512, "test_results": {"bleu": 1.54, "bleu1": 19.5, "bleu2": 1.75, "bleu3": 0.6, "bleu4": 0.33, "rougeL": 0.1179, "rouge1": 0.1589, "rouge2": 0.016, "exact_match": 0.0}, "loss": {"X_Y_COS": 1.0, "X_Y_MSEloss": 4.62058590309589e-16, "X_Y_test_COS": 0.769661545753479, "X_Y_test_MSEloss": 0.0008901962428353727, "X_Y_val_COS": 0.7517066597938538, "X_Y_val_MSEloss": 0.0009259190410375595}}