{"train_samples": 3, "test_samples": 200, "source_model": "sentence-transformers/gtr-t5-base", "source_dim": 768, "target_dim": 512, "test_results": {"bleu": 0.14, "bleu1": 14.61, "bleu2": 0.49, "bleu3": 0.01, "bleu4": 0.01, "rougeL": 0.0455, "rouge1": 0.0516, "rouge2": 0.0033, "exact_match": 0.0}, "loss": {"X_Y_COS": 1.0, "X_Y_MSEloss": 3.358051531477833e-16, "X_Y_test_COS": 0.8065526485443115, "X_Y_test_MSEloss": 0.0012123810593038797, "X_Y_val_COS": 0.8104321956634521, "X_Y_val_MSEloss": 0.0012138214660808444}}