{"train_samples": 3, "test_samples": 200, "source_model": "sentence-transformers/gtr-t5-base", "source_dim": 768, "target_dim": 512, "test_results": {"bleu": 0.17, "bleu1": 11.53, "bleu2": 0.14, "bleu3": 0.06, "bleu4": 0.03, "rougeL": 0.0408, "rouge1": 0.0453, "rouge2": 0.0002, "exact_match": 0.0}, "loss": {"X_Y_COS": 1.0, "X_Y_MSEloss": 2.3016916150808697e-10, "X_Y_test_COS": 0.8108985424041748, "X_Y_test_MSEloss": 0.002825959352776408, "X_Y_val_COS": 0.8138487935066223, "X_Y_val_MSEloss": 0.0028046166989952326}}