{"train_samples": 30, "test_samples": 200, "source_model": "google/flan-t5-base", "source_dim": 768, "target_dim": 512, "test_results": {"bleu": 0.49, "bleu1": 16.45, "bleu2": 0.84, "bleu3": 0.15, "bleu4": 0.09, "rougeL": 0.0577, "rouge1": 0.0658, "rouge2": 0.0048, "exact_match": 0.0}, "loss": {"X_Y_COS": 1.0, "X_Y_MSEloss": 7.492235117360045e-15, "X_Y_test_COS": 0.8707146048545837, "X_Y_test_MSEloss": 0.0004753326647914946, "X_Y_val_COS": 0.8742373585700989, "X_Y_val_MSEloss": 0.00046453444520011544}}