{"train_samples": 10, "test_samples": 200, "source_model": "sentence-transformers/all-MiniLM-L6-v2", "source_dim": 384, "target_dim": 512, "test_results": {"bleu": 0.1, "bleu1": 7.13, "bleu2": 0.12, "bleu3": 0.02, "bleu4": 0.01, "rougeL": 0.0516, "rouge1": 0.0566, "rouge2": 0.0021, "exact_match": 0.0}, "loss": {"X_Y_COS": 1.0, "X_Y_MSEloss": 4.484598456477862e-12, "X_Y_test_COS": 0.8470463156700134, "X_Y_test_MSEloss": 0.001337330904789269, "X_Y_val_COS": 0.8343533277511597, "X_Y_val_MSEloss": 0.00145241420250386}}