{"train_samples": 500, "test_samples": 200, "source_model": "google/mt5-base", "source_dim": 768, "target_dim": 512, "test_results": {"bleu": 1.05, "bleu1": 19.67, "bleu2": 1.62, "bleu3": 0.54, "bleu4": 0.22, "rougeL": 0.0862, "rouge1": 0.1023, "rouge2": 0.0096, "exact_match": 0.0}, "loss": {"X_Y_COS": 0.9825218915939331, "X_Y_MSEloss": 6.837344699306414e-05, "X_Y_test_COS": 0.933712363243103, "X_Y_test_MSEloss": 0.00025595721672289073, "X_Y_val_COS": 0.9313903450965881, "X_Y_val_MSEloss": 0.00026622123550623655}}