{"train_samples": 1000, "test_samples": 200, "source_model": "random", "source_dim": 768, "target_dim": 512, "test_results": {"bleu": 1.56, "bleu1": 9.05, "bleu2": 1.43, "bleu3": 0.89, "bleu4": 0.54, "rougeL": 0.0447, "rouge1": 0.048, "rouge2": 0.0029, "exact_match": 0.0}, "loss": {"X_Y_COS": 0.7271283268928528, "X_Y_MSEloss": 0.0008658892475068569, "X_Y_test_COS": 0.014070086181163788, "X_Y_test_MSEloss": 0.004263182170689106, "X_Y_val_COS": 0.014503364451229572, "X_Y_val_MSEloss": 0.00386849045753479}}