{"train_samples": 5, "test_samples": 200, "source_model": "google-bert/bert-base-multilingual-cased", "source_dim": 768, "target_dim": 512, "test_results": {"bleu": 0.16, "bleu1": 16.11, "bleu2": 0.4, "bleu3": 0.01, "bleu4": 0.01, "rougeL": 0.103, "rouge1": 0.1408, "rouge2": 0.0054, "exact_match": 0.0}, "loss": {"X_Y_COS": 1.0, "X_Y_MSEloss": 3.5259819013203064e-16, "X_Y_test_COS": 0.860979437828064, "X_Y_test_MSEloss": 0.0005450535682030022, "X_Y_val_COS": 0.8615882396697998, "X_Y_val_MSEloss": 0.0005392401362769306}}