{"train_samples": 1000, "test_samples": 200, "source_model": "sentence-transformers/gtr-t5-base", "source_dim": 768, "target_dim": 512, "test_results": {"bleu": 0.6, "bleu1": 17.77, "bleu2": 1.21, "bleu3": 0.2, "bleu4": 0.05, "rougeL": 0.102, "rouge1": 0.1336, "rouge2": 0.0138, "exact_match": 0.0}, "loss": {"X_Y_COS": 0.9782158732414246, "X_Y_MSEloss": 0.00016778515418991446, "X_Y_test_COS": 0.8410669565200806, "X_Y_test_MSEloss": 0.0013391503598541021, "X_Y_val_COS": 0.843674898147583, "X_Y_val_MSEloss": 0.0012862076982855797}}