{"train_samples": 1000, "test_samples": 200, "source_model": "sentence-transformers/gtr-t5-base", "source_dim": 768, "target_dim": 512, "test_results": {"bleu": 0.39, "bleu1": 18.81, "bleu2": 1.25, "bleu3": 0.12, "bleu4": 0.01, "rougeL": 0.1113, "rouge1": 0.1431, "rouge2": 0.0147, "exact_match": 0.0}, "loss": {"X_Y_COS": 0.9808773994445801, "X_Y_MSEloss": 7.492897566407919e-05, "X_Y_test_COS": 0.8724450469017029, "X_Y_test_MSEloss": 0.0005200242158025503, "X_Y_val_COS": 0.8733428716659546, "X_Y_val_MSEloss": 0.0005113229854032397}}