{"train_samples": 500, "test_samples": 200, "source_model": "sentence-transformers/all-MiniLM-L6-v2", "source_dim": 384, "target_dim": 512, "test_results": {"bleu": 0.37, "bleu1": 12.56, "bleu2": 0.54, "bleu3": 0.11, "bleu4": 0.04, "rougeL": 0.0557, "rouge1": 0.0607, "rouge2": 0.006, "exact_match": 0.0}, "loss": {"X_Y_COS": 0.9824967980384827, "X_Y_MSEloss": 7.228555477922782e-05, "X_Y_test_COS": 0.7896623015403748, "X_Y_test_MSEloss": 0.0009289307636208832, "X_Y_val_COS": 0.7859225273132324, "X_Y_val_MSEloss": 0.0009368701139464974}}