{"train_samples": 500, "test_samples": 200, "source_model": "sentence-transformers/all-MiniLM-L6-v2", "source_dim": 384, "target_dim": 512, "test_results": {"bleu": 0.14, "bleu1": 11.17, "bleu2": 0.39, "bleu3": 0.02, "bleu4": 0.01, "rougeL": 0.0507, "rouge1": 0.0556, "rouge2": 0.0025, "exact_match": 0.0}, "loss": {"X_Y_COS": 0.9812301993370056, "X_Y_MSEloss": 0.00013401315663941205, "X_Y_test_COS": 0.7756377458572388, "X_Y_test_MSEloss": 0.0018954179249703884, "X_Y_val_COS": 0.7561217546463013, "X_Y_val_MSEloss": 0.0020585956517606974}}