{"train_samples": 40, "test_samples": 200, "source_model": "sentence-transformers/gtr-t5-base", "source_dim": 768, "target_dim": 512, "test_results": {"bleu": 0.1, "bleu1": 9.72, "bleu2": 0.13, "bleu3": 0.02, "bleu4": 0.01, "rougeL": 0.0062, "rouge1": 0.0062, "rouge2": 0.0, "exact_match": 0.0}, "loss": {"X_Y_COS": 1.0, "X_Y_MSEloss": 1.5726537165084743e-14, "X_Y_test_COS": 0.8190799355506897, "X_Y_test_MSEloss": 0.0006480006850324571, "X_Y_val_COS": 0.8172904253005981, "X_Y_val_MSEloss": 0.0006552605773322284}}