{"train_samples": 30, "test_samples": 200, "source_model": "text-embedding-3-large", "source_dim": 3072, "target_dim": 512, "test_results": {"bleu": 0.74, "bleu1": 21.97, "bleu2": 1.35, "bleu3": 0.2, "bleu4": 0.05, "rougeL": 0.1478, "rouge1": 0.1966, "rouge2": 0.0166, "exact_match": 0.0}, "loss": {"X_Y_COS": 1.0, "X_Y_MSEloss": 3.4726625007796283e-16, "X_Y_test_COS": 0.9067383408546448, "X_Y_test_MSEloss": 0.0003897736896760762, "X_Y_val_COS": 0.906157374382019, "X_Y_val_MSEloss": 0.00038502784445881844}}