{"train_samples": 1000, "test_samples": 200, "source_model": "google-bert/bert-base-multilingual-cased", "source_dim": 768, "target_dim": 512, "test_results": {"bleu": 0.17, "bleu1": 10.03, "bleu2": 0.17, "bleu3": 0.03, "bleu4": 0.02, "rougeL": 0.0655, "rouge1": 0.0751, "rouge2": 0.0013, "exact_match": 0.0}, "loss": {"X_Y_COS": 0.9201582670211792, "X_Y_MSEloss": 0.00039709292468614876, "X_Y_test_COS": 0.04312999173998833, "X_Y_test_MSEloss": 0.00795873161405325, "X_Y_val_COS": 0.057482704520225525, "X_Y_val_MSEloss": 0.007528931833803654}}