{"train_samples": 30, "test_samples": 200, "source_model": "sentence-transformers/gtr-t5-base", "source_dim": 768, "target_dim": 512, "test_results": {"bleu": 0.14, "bleu1": 14.84, "bleu2": 0.31, "bleu3": 0.01, "bleu4": 0.01, "rougeL": 0.069, "rouge1": 0.0741, "rouge2": 0.0028, "exact_match": 0.0}, "loss": {"X_Y_COS": 1.0, "X_Y_MSEloss": 4.066046985055655e-15, "X_Y_test_COS": 0.8778094053268433, "X_Y_test_MSEloss": 0.0004526598786469549, "X_Y_val_COS": 0.8743708729743958, "X_Y_val_MSEloss": 0.0004635630175471306}}