{"train_samples": 40, "test_samples": 200, "source_model": "intfloat/multilingual-e5-base", "source_dim": 768, "target_dim": 512, "test_results": {"bleu": 10.89, "bleu1": 26.99, "bleu2": 9.96, "bleu3": 8.19, "bleu4": 7.49, "rougeL": 0.1999, "rouge1": 0.2375, "rouge2": 0.0961, "exact_match": 0.0}, "loss": {"X_Y_COS": 1.0, "X_Y_MSEloss": 1.6728920766012623e-12, "X_Y_test_COS": 0.9134554862976074, "X_Y_test_MSEloss": 0.0003233218740206212, "X_Y_val_COS": 0.9147500991821289, "X_Y_val_MSEloss": 0.0003186829562764615}}