{"train_samples": 500, "test_samples": 200, "source_model": "sentence-transformers/gtr-t5-base", "source_dim": 768, "target_dim": 512, "test_results": {"bleu": 0.52, "bleu1": 13.64, "bleu2": 0.69, "bleu3": 0.23, "bleu4": 0.12, "rougeL": 0.0454, "rouge1": 0.051, "rouge2": 0.0041, "exact_match": 0.0}, "loss": {"X_Y_COS": 0.994046688079834, "X_Y_MSEloss": 2.3761982447467744e-05, "X_Y_test_COS": 0.7850284576416016, "X_Y_test_MSEloss": 0.0009877652628347278, "X_Y_val_COS": 0.7932696342468262, "X_Y_val_MSEloss": 0.0009666501428000629}}