{"train_samples": 1000, "test_samples": 200, "source_model": "sentence-transformers/all-MiniLM-L6-v2", "source_dim": 384, "target_dim": 512, "test_results": {"bleu": 0.33, "bleu1": 15.32, "bleu2": 0.97, "bleu3": 0.08, "bleu4": 0.02, "rougeL": 0.0751, "rouge1": 0.0907, "rouge2": 0.0104, "exact_match": 0.0}, "loss": {"X_Y_COS": 0.9555336236953735, "X_Y_MSEloss": 0.0003262249520048499, "X_Y_test_COS": 0.8794901371002197, "X_Y_test_MSEloss": 0.0008599893772043288, "X_Y_val_COS": 0.8685524463653564, "X_Y_val_MSEloss": 0.0009435748215764761}}