{"train_samples": 1000, "test_samples": 200, "source_model": "text-embedding-3-large", "source_dim": 3072, "target_dim": 512, "test_results": {"bleu": 20.32, "bleu1": 37.08, "bleu2": 20.12, "bleu3": 17.39, "bleu4": 15.87, "rougeL": 0.3137, "rouge1": 0.3572, "rouge2": 0.2044, "exact_match": 0.0}, "loss": {"X_Y_COS": 0.9399067759513855, "X_Y_MSEloss": 0.0002938099205493927, "X_Y_test_COS": 0.9303747415542603, "X_Y_test_MSEloss": 0.00033299130154773593, "X_Y_val_COS": 0.9305083751678467, "X_Y_val_MSEloss": 0.000343700114171952, "reg_lambda": 10}}