{"train_samples": 1, "test_samples": 200, "source_model": "google-t5/t5-base", "source_dim": 768, "target_dim": 512, "test_results": {"bleu": 0.04, "bleu1": 12.25, "bleu2": 0.02, "bleu3": 0.01, "bleu4": 0.01, "rougeL": 0.0071, "rouge1": 0.0071, "rouge2": 0.0, "exact_match": 0.0}, "loss": {"X_Y_COS": 1.0, "X_Y_MSEloss": 3.6503075444337205e-16, "X_Y_test_COS": 0.7582312822341919, "X_Y_test_MSEloss": 0.0008563976734876633, "X_Y_val_COS": 0.7644370198249817, "X_Y_val_MSEloss": 0.0008460552780888975}}