{"train_samples": 1, "test_samples": 200, "source_model": "google-t5/t5-base", "source_dim": 768, "target_dim": 512, "test_results": {"bleu": 0.04, "bleu1": 4.49, "bleu2": 0.02, "bleu3": 0.01, "bleu4": 0.0, "rougeL": 0.0083, "rouge1": 0.0083, "rouge2": 0.0, "exact_match": 0.0}, "loss": {"X_Y_COS": 1.0, "X_Y_MSEloss": 9.178900657062052e-18, "X_Y_test_COS": 0.7530608177185059, "X_Y_test_MSEloss": 0.0018141724867746234, "X_Y_val_COS": 0.7554487586021423, "X_Y_val_MSEloss": 0.001844586804509163}}