{"train_samples": 3, "test_samples": 200, "source_model": "text-embedding-ada-002", "source_dim": 1536, "target_dim": 512, "test_results": {"bleu": 0.22, "bleu1": 15.7, "bleu2": 0.5, "bleu3": 0.05, "bleu4": 0.01, "rougeL": 0.0779, "rouge1": 0.088, "rouge2": 0.0077, "exact_match": 0.0}, "loss": {"X_Y_COS": 1.0, "X_Y_MSEloss": 1.0084929912313758e-15, "X_Y_test_COS": 0.858549177646637, "X_Y_test_MSEloss": 0.0005161398439668119, "X_Y_val_COS": 0.8571382164955139, "X_Y_val_MSEloss": 0.000520913046784699}}