{"train_samples": 50, "test_samples": 200, "source_model": "google-t5/t5-base", "source_dim": 768, "target_dim": 512, "test_results": {"bleu": 0.18, "bleu1": 8.55, "bleu2": 0.21, "bleu3": 0.03, "bleu4": 0.02, "rougeL": 0.0876, "rouge1": 0.1058, "rouge2": 0.0008, "exact_match": 0.0}, "loss": {"X_Y_COS": 0.9999963045120239, "X_Y_MSEloss": 1.4497554268189106e-08, "X_Y_test_COS": 0.8874722123146057, "X_Y_test_MSEloss": 0.0004292572848498821, "X_Y_val_COS": 0.8882834911346436, "X_Y_val_MSEloss": 0.0004237022076267749}}