{"train_samples": 10, "test_samples": 200, "source_model": "google/flan-t5-base", "source_dim": 768, "target_dim": 512, "test_results": {"bleu": 0.74, "bleu1": 18.9, "bleu2": 1.26, "bleu3": 0.2, "bleu4": 0.06, "rougeL": 0.1223, "rouge1": 0.1571, "rouge2": 0.0136, "exact_match": 0.0}, "loss": {"X_Y_COS": 1.0, "X_Y_MSEloss": 1.9091590808262282e-10, "X_Y_test_COS": 0.8689403533935547, "X_Y_test_MSEloss": 0.0009588828543201089, "X_Y_val_COS": 0.8719847202301025, "X_Y_val_MSEloss": 0.0009258525096811354}}