{"train_samples": 50, "test_samples": 200, "source_model": "text-embedding-3-large", "source_dim": 3072, "target_dim": 512, "test_results": {"bleu": 0.15, "bleu1": 11.42, "bleu2": 0.52, "bleu3": 0.02, "bleu4": 0.01, "rougeL": 0.0907, "rouge1": 0.116, "rouge2": 0.0057, "exact_match": 0.0}, "loss": {"X_Y_COS": 1.0, "X_Y_MSEloss": 1.9864177577127995e-12, "X_Y_test_COS": 0.8781399130821228, "X_Y_test_MSEloss": 0.0008758879848755896, "X_Y_val_COS": 0.8816840648651123, "X_Y_val_MSEloss": 0.000828080577775836}}