{"train_samples": 5, "test_samples": 200, "source_model": "sentence-transformers/all-MiniLM-L6-v2", "source_dim": 384, "target_dim": 512, "test_results": {"bleu": 0.08, "bleu1": 8.58, "bleu2": 0.03, "bleu3": 0.02, "bleu4": 0.01, "rougeL": 0.1942, "rouge1": 0.2665, "rouge2": 0.0102, "exact_match": 0.0}, "loss": {"X_Y_COS": 1.0, "X_Y_MSEloss": 2.467220628103381e-16, "X_Y_test_COS": 0.8627222776412964, "X_Y_test_MSEloss": 0.0005701010231859982, "X_Y_val_COS": 0.8623502850532532, "X_Y_val_MSEloss": 0.0005632058600895107}}