{"train_samples": 40, "test_samples": 200, "source_model": "google-t5/t5-base", "source_dim": 768, "target_dim": 512, "test_results": {"bleu": 0.23, "bleu1": 15.43, "bleu2": 1.02, "bleu3": 0.02, "bleu4": 0.01, "rougeL": 0.1315, "rouge1": 0.1422, "rouge2": 0.0101, "exact_match": 0.0}, "loss": {"X_Y_COS": 1.0, "X_Y_MSEloss": 4.98437735529933e-10, "X_Y_test_COS": 0.8950872421264648, "X_Y_test_MSEloss": 0.0007181751425378025, "X_Y_val_COS": 0.9011852741241455, "X_Y_val_MSEloss": 0.0006943415501154959}}