{"train_samples": 5, "test_samples": 200, "source_model": "sentence-transformers/gtr-t5-base", "source_dim": 768, "target_dim": 512, "test_results": {"bleu": 0.52, "bleu1": 18.26, "bleu2": 0.85, "bleu3": 0.11, "bleu4": 0.04, "rougeL": 0.1074, "rouge1": 0.1488, "rouge2": 0.013, "exact_match": 0.0}, "loss": {"X_Y_COS": 1.0, "X_Y_MSEloss": 3.593303550572486e-16, "X_Y_test_COS": 0.8633382320404053, "X_Y_test_MSEloss": 0.0008460754179395735, "X_Y_val_COS": 0.8623281717300415, "X_Y_val_MSEloss": 0.0008382787345908582}}