{"train_samples": 500, "test_samples": 200, "source_model": "google-bert/bert-base-multilingual-cased", "source_dim": 768, "target_dim": 512, "test_results": {"bleu": 0.21, "bleu1": 16.33, "bleu2": 0.78, "bleu3": 0.02, "bleu4": 0.01, "rougeL": 0.1282, "rouge1": 0.144, "rouge2": 0.0084, "exact_match": 0.0}, "loss": {"X_Y_COS": 0.9846022725105286, "X_Y_MSEloss": 0.0001145843489211984, "X_Y_test_COS": 0.8804076910018921, "X_Y_test_MSEloss": 0.0008655278361402452, "X_Y_val_COS": 0.8865209817886353, "X_Y_val_MSEloss": 0.0008289286051876843}}