{"train_samples": 5, "test_samples": 200, "source_model": "google/mt5-base", "source_dim": 768, "target_dim": 512, "test_results": {"bleu": 0.14, "bleu1": 8.16, "bleu2": 0.09, "bleu3": 0.03, "bleu4": 0.02, "rougeL": 0.0569, "rouge1": 0.0683, "rouge2": 0.0014, "exact_match": 0.0}, "loss": {"X_Y_COS": 1.0, "X_Y_MSEloss": 5.271476724710432e-16, "X_Y_test_COS": 0.8783687949180603, "X_Y_test_MSEloss": 0.0004541485686786473, "X_Y_val_COS": 0.8771064281463623, "X_Y_val_MSEloss": 0.0004499165224842727}}