{"train_samples": 50, "test_samples": 200, "source_model": "google/flan-t5-base", "source_dim": 768, "target_dim": 512, "test_results": {"bleu": 0.82, "bleu1": 19.0, "bleu2": 1.52, "bleu3": 0.18, "bleu4": 0.09, "rougeL": 0.1205, "rouge1": 0.1623, "rouge2": 0.0142, "exact_match": 0.0}, "loss": {"X_Y_COS": 1.0, "X_Y_MSEloss": 3.099253531696727e-15, "X_Y_test_COS": 0.8980790972709656, "X_Y_test_MSEloss": 0.0007726746262051165, "X_Y_val_COS": 0.8951669931411743, "X_Y_val_MSEloss": 0.000814434140920639}}