{"train_samples": 3, "test_samples": 200, "source_model": "google/mt5-base", "source_dim": 768, "target_dim": 512, "test_results": {"bleu": 0.1, "bleu1": 16.23, "bleu2": 0.07, "bleu3": 0.02, "bleu4": 0.01, "rougeL": 0.0709, "rouge1": 0.08, "rouge2": 0.0003, "exact_match": 0.0}, "loss": {"X_Y_COS": 1.0, "X_Y_MSEloss": 1.8024948200690005e-10, "X_Y_test_COS": 0.9100694060325623, "X_Y_test_MSEloss": 0.0007139130029827356, "X_Y_val_COS": 0.9086830019950867, "X_Y_val_MSEloss": 0.0006943055777810514}}