{"train_samples": 3, "test_samples": 200, "source_model": "google/mt5-base", "source_dim": 768, "target_dim": 512, "test_results": {"bleu": 0.07, "bleu1": 8.22, "bleu2": 0.03, "bleu3": 0.01, "bleu4": 0.01, "rougeL": 0.0327, "rouge1": 0.0359, "rouge2": 0.0003, "exact_match": 0.0}, "loss": {"X_Y_COS": 1.0, "X_Y_MSEloss": 3.405054448512158e-16, "X_Y_test_COS": 0.8794023990631104, "X_Y_test_MSEloss": 0.0004540284862741828, "X_Y_val_COS": 0.8763300776481628, "X_Y_val_MSEloss": 0.00045564002357423306}}