{"train_samples": 500, "test_samples": 200, "source_model": "sentence-transformers/gtr-t5-base", "source_dim": 768, "target_dim": 512, "test_results": {"bleu": 0.2, "bleu1": 14.39, "bleu2": 0.73, "bleu3": 0.02, "bleu4": 0.01, "rougeL": 0.1206, "rouge1": 0.1355, "rouge2": 0.0077, "exact_match": 0.0}, "loss": {"X_Y_COS": 0.99234938621521, "X_Y_MSEloss": 5.753457298851572e-05, "X_Y_test_COS": 0.8694975972175598, "X_Y_test_MSEloss": 0.001027426216751337, "X_Y_val_COS": 0.8690560460090637, "X_Y_val_MSEloss": 0.001037580776028335}}