{"train_samples": 10, "test_samples": 200, "source_model": "text-embedding-3-large", "source_dim": 3072, "target_dim": 512, "test_results": {"bleu": 0.18, "bleu1": 13.85, "bleu2": 0.68, "bleu3": 0.03, "bleu4": 0.02, "rougeL": 0.1151, "rouge1": 0.1296, "rouge2": 0.0062, "exact_match": 0.0}, "loss": {"X_Y_COS": 1.0, "X_Y_MSEloss": 1.574051781445609e-16, "X_Y_test_COS": 0.8763033747673035, "X_Y_test_MSEloss": 0.000584737048484385, "X_Y_val_COS": 0.8810622692108154, "X_Y_val_MSEloss": 0.0005652448744513094}}