{"train_samples": 10, "test_samples": 200, "source_model": "text-embedding-ada-002", "source_dim": 1536, "target_dim": 512, "test_results": {"bleu": 0.1, "bleu1": 14.86, "bleu2": 0.1, "bleu3": 0.02, "bleu4": 0.01, "rougeL": 0.0711, "rouge1": 0.0814, "rouge2": 0.0005, "exact_match": 0.0}, "loss": {"X_Y_COS": 1.0, "X_Y_MSEloss": 1.6981467933693535e-15, "X_Y_test_COS": 0.9028231501579285, "X_Y_test_MSEloss": 0.0003624336386565119, "X_Y_val_COS": 0.9021437168121338, "X_Y_val_MSEloss": 0.00036465059383772314}}