{"train_samples": 100, "test_samples": 200, "source_model": "intfloat/multilingual-e5-base", "source_dim": 768, "target_dim": 512, "test_results": {"bleu": 0.19, "bleu1": 16.26, "bleu2": 0.94, "bleu3": 0.02, "bleu4": 0.01, "rougeL": 0.1289, "rouge1": 0.1674, "rouge2": 0.012, "exact_match": 0.0}, "loss": {"X_Y_COS": 1.0, "X_Y_MSEloss": 2.3260703801465665e-14, "X_Y_test_COS": 0.9249279499053955, "X_Y_test_MSEloss": 0.000516954401973635, "X_Y_val_COS": 0.9275870323181152, "X_Y_val_MSEloss": 0.0004905685782432556}}