{"train_samples": 3, "test_samples": 200, "source_model": "google-bert/bert-base-multilingual-cased", "source_dim": 768, "target_dim": 512, "test_results": {"bleu": 0.09, "bleu1": 9.8, "bleu2": 0.06, "bleu3": 0.01, "bleu4": 0.01, "rougeL": 0.0014, "rouge1": 0.0014, "rouge2": 0.0, "exact_match": 0.0}, "loss": {"X_Y_COS": 1.0, "X_Y_MSEloss": 3.75028654896729e-16, "X_Y_test_COS": 0.8785804510116577, "X_Y_test_MSEloss": 0.0004797787987627089, "X_Y_val_COS": 0.8794509172439575, "X_Y_val_MSEloss": 0.000472945102956146}}