{"train_samples": 500, "test_samples": 200, "source_model": "intfloat/multilingual-e5-base", "source_dim": 768, "target_dim": 512, "test_results": {"bleu": 0.47, "bleu1": 19.37, "bleu2": 1.45, "bleu3": 0.09, "bleu4": 0.02, "rougeL": 0.1227, "rouge1": 0.1624, "rouge2": 0.015, "exact_match": 0.0}, "loss": {"X_Y_COS": 0.9806517362594604, "X_Y_MSEloss": 7.526409899583086e-05, "X_Y_test_COS": 0.8979828953742981, "X_Y_test_MSEloss": 0.0003956504806410521, "X_Y_val_COS": 0.8959066867828369, "X_Y_val_MSEloss": 0.00040291176992468536}}