{"train_samples": 1000, "test_samples": 200, "source_model": "google-bert/bert-base-multilingual-cased", "source_dim": 768, "target_dim": 512, "test_results": {"bleu": 0.2, "bleu1": 9.78, "bleu2": 0.32, "bleu3": 0.03, "bleu4": 0.02, "rougeL": 0.0624, "rouge1": 0.0697, "rouge2": 0.0024, "exact_match": 0.0}, "loss": {"X_Y_COS": 0.9070684909820557, "X_Y_MSEloss": 0.00043067592196166515, "X_Y_test_COS": -0.015698973089456558, "X_Y_test_MSEloss": 0.009129185229539871, "X_Y_val_COS": -0.0796409323811531, "X_Y_val_MSEloss": 0.00921610277146101}}