{"train_samples": 40, "test_samples": 200, "source_model": "google-bert/bert-base-multilingual-cased", "source_dim": 768, "target_dim": 512, "test_results": {"bleu": 0.47, "bleu1": 15.7, "bleu2": 0.78, "bleu3": 0.15, "bleu4": 0.09, "rougeL": 0.0532, "rouge1": 0.0606, "rouge2": 0.0039, "exact_match": 0.0}, "loss": {"X_Y_COS": 1.0, "X_Y_MSEloss": 1.1807471233388211e-13, "X_Y_test_COS": 0.8659139275550842, "X_Y_test_MSEloss": 0.000496090215165168, "X_Y_val_COS": 0.866625964641571, "X_Y_val_MSEloss": 0.00049413344822824}}