{"train_samples": 10, "test_samples": 200, "source_model": "sentence-transformers/gtr-t5-base", "source_dim": 768, "target_dim": 512, "test_results": {"bleu": 7.4, "bleu1": 20.8, "bleu2": 6.16, "bleu3": 5.07, "bleu4": 4.63, "rougeL": 0.1507, "rouge1": 0.1816, "rouge2": 0.06, "exact_match": 0.0}, "loss": {"X_Y_COS": 0.9749494791030884, "X_Y_MSEloss": 0.0013444422511383891, "X_Y_test_COS": 0.9061403274536133, "X_Y_test_MSEloss": 0.001560787670314312, "X_Y_val_COS": 0.9103001356124878, "X_Y_val_MSEloss": 0.0015533381374552846, "reg_lambda": 10}}