{"train_samples": 5, "test_samples": 200, "source_model": "text-embedding-ada-002", "source_dim": 1536, "target_dim": 512, "test_results": {"bleu": 0.19, "bleu1": 17.78, "bleu2": 0.66, "bleu3": 0.02, "bleu4": 0.01, "rougeL": 0.1066, "rouge1": 0.1253, "rouge2": 0.0064, "exact_match": 0.0}, "loss": {"X_Y_COS": 1.0, "X_Y_MSEloss": 7.741493090935344e-16, "X_Y_test_COS": 0.8627110719680786, "X_Y_test_MSEloss": 0.0004996119532734156, "X_Y_val_COS": 0.8618819117546082, "X_Y_val_MSEloss": 0.0005023505655117333}}