{"train_samples": 500, "test_samples": 200, "source_model": "text-embedding-ada-002", "source_dim": 1536, "target_dim": 512, "test_results": {"bleu": 0.65, "bleu1": 21.42, "bleu2": 1.33, "bleu3": 0.12, "bleu4": 0.1, "rougeL": 0.1159, "rouge1": 0.1332, "rouge2": 0.0069, "exact_match": 0.0}, "loss": {"X_Y_COS": 0.9667356610298157, "X_Y_MSEloss": 0.00012847436300944537, "X_Y_test_COS": 0.8521696925163269, "X_Y_test_MSEloss": 0.0005515927914530039, "X_Y_val_COS": 0.8509983420372009, "X_Y_val_MSEloss": 0.0005559607525356114}}