{"train_samples": 1000, "test_samples": 200, "source_model": "sentence-transformers/all-MiniLM-L6-v2", "source_dim": 384, "target_dim": 512, "test_results": {"bleu": 0.18, "bleu1": 14.95, "bleu2": 0.81, "bleu3": 0.02, "bleu4": 0.01, "rougeL": 0.1165, "rouge1": 0.1464, "rouge2": 0.0083, "exact_match": 0.0}, "loss": {"X_Y_COS": 0.9583203792572021, "X_Y_MSEloss": 0.000169714170624502, "X_Y_test_COS": 0.8897408246994019, "X_Y_test_MSEloss": 0.0004330237861722708, "X_Y_val_COS": 0.8877108693122864, "X_Y_val_MSEloss": 0.00044352965778671205}}