{"train_samples": 100, "test_samples": 200, "source_model": "text-embedding-3-large", "source_dim": 3072, "target_dim": 512, "test_results": {"bleu": 0.1, "bleu1": 7.81, "bleu2": 0.09, "bleu3": 0.02, "bleu4": 0.01, "rougeL": 0.0878, "rouge1": 0.1044, "rouge2": 0.0011, "exact_match": 0.0}, "loss": {"X_Y_COS": 1.0, "X_Y_MSEloss": 3.9793526546844094e-14, "X_Y_test_COS": 0.9021381139755249, "X_Y_test_MSEloss": 0.0003731352335307747, "X_Y_val_COS": 0.9010523557662964, "X_Y_val_MSEloss": 0.00037643546238541603}}