{"train_samples": 40, "test_samples": 200, "source_model": "google/mt5-base", "source_dim": 768, "target_dim": 512, "test_results": {"bleu": 0.48, "bleu1": 16.51, "bleu2": 0.93, "bleu3": 0.15, "bleu4": 0.1, "rougeL": 0.0659, "rouge1": 0.0714, "rouge2": 0.0044, "exact_match": 0.0}, "loss": {"X_Y_COS": 1.0, "X_Y_MSEloss": 7.955342114229769e-12, "X_Y_test_COS": 0.8828598856925964, "X_Y_test_MSEloss": 0.0008056072983890772, "X_Y_val_COS": 0.8831945061683655, "X_Y_val_MSEloss": 0.000791976461187005}}