{"train_samples": 500, "test_samples": 200, "source_model": "sentence-transformers/all-MiniLM-L6-v2", "source_dim": 384, "target_dim": 512, "test_results": {"bleu": 2.06, "bleu1": 18.6, "bleu2": 2.45, "bleu3": 0.98, "bleu4": 0.76, "rougeL": 0.1183, "rouge1": 0.1455, "rouge2": 0.0239, "exact_match": 0.0}, "loss": {"X_Y_COS": 0.9729253053665161, "X_Y_MSEloss": 0.00024818209931254387, "X_Y_test_COS": 0.49023833870887756, "X_Y_test_MSEloss": 0.0054251039400696754, "X_Y_val_COS": 0.5247969031333923, "X_Y_val_MSEloss": 0.005063059739768505}}