{"train_samples": 1000, "test_samples": 200, "source_model": "random", "source_dim": 768, "target_dim": 512, "test_results": {"bleu": 0.2, "bleu1": 10.52, "bleu2": 0.3, "bleu3": 0.03, "bleu4": 0.02, "rougeL": 0.0641, "rouge1": 0.0713, "rouge2": 0.0024, "exact_match": 0.0}, "loss": {"X_Y_COS": 0.8979490399360657, "X_Y_MSEloss": 0.00046080505126155913, "X_Y_test_COS": -0.016087735071778297, "X_Y_test_MSEloss": 0.007758975960314274, "X_Y_val_COS": -0.04527623578906059, "X_Y_val_MSEloss": 0.007469640579074621}}