{"train_samples": 100, "test_samples": 200, "source_model": "google/flan-t5-base", "source_dim": 768, "target_dim": 512, "test_results": {"bleu": 0.11, "bleu1": 11.56, "bleu2": 0.15, "bleu3": 0.02, "bleu4": 0.01, "rougeL": 0.0117, "rouge1": 0.0117, "rouge2": 0.0, "exact_match": 0.0}, "loss": {"X_Y_COS": 1.0, "X_Y_MSEloss": 7.193599882437951e-11, "X_Y_test_COS": 0.9051643013954163, "X_Y_test_MSEloss": 0.00036012171767652035, "X_Y_val_COS": 0.9018980264663696, "X_Y_val_MSEloss": 0.00037133711157366633}}