{"train_samples": 500, "test_samples": 200, "source_model": "sentence-transformers/all-MiniLM-L6-v2", "source_dim": 384, "target_dim": 512, "test_results": {"bleu": 2.36, "bleu1": 23.37, "bleu2": 2.67, "bleu3": 1.07, "bleu4": 0.73, "rougeL": 0.1423, "rouge1": 0.173, "rouge2": 0.0253, "exact_match": 0.0}, "loss": {"X_Y_COS": 0.9817461967468262, "X_Y_MSEloss": 7.576643110951409e-05, "X_Y_test_COS": 0.8033459186553955, "X_Y_test_MSEloss": 0.0008286340162158012, "X_Y_val_COS": 0.8102356791496277, "X_Y_val_MSEloss": 0.0008134907111525536}}