{"train_samples": 5, "test_samples": 200, "source_model": "google/mt5-base", "source_dim": 768, "target_dim": 512, "test_results": {"bleu": 0.29, "bleu1": 21.46, "bleu2": 0.86, "bleu3": 0.03, "bleu4": 0.01, "rougeL": 0.1265, "rouge1": 0.1707, "rouge2": 0.01, "exact_match": 0.0}, "loss": {"X_Y_COS": 1.0, "X_Y_MSEloss": 4.2053491765281503e-16, "X_Y_test_COS": 0.8966904878616333, "X_Y_test_MSEloss": 0.00038464285898953676, "X_Y_val_COS": 0.8970545530319214, "X_Y_val_MSEloss": 0.00038497516652569175}}