{"train_samples": 1000, "test_samples": 200, "source_model": "google-bert/bert-base-multilingual-cased", "source_dim": 768, "target_dim": 512, "test_results": {"bleu": 0.36, "bleu1": 16.75, "bleu2": 1.22, "bleu3": 0.06, "bleu4": 0.02, "rougeL": 0.1172, "rouge1": 0.1463, "rouge2": 0.0133, "exact_match": 0.0}, "loss": {"X_Y_COS": 0.9533599019050598, "X_Y_MSEloss": 0.00017905229469761252, "X_Y_test_COS": 0.8814703822135925, "X_Y_test_MSEloss": 0.0004494586610235274, "X_Y_val_COS": 0.8831611275672913, "X_Y_val_MSEloss": 0.0004432437417563051}}