{"train_samples": 1000, "test_samples": 200, "source_model": "google-bert/bert-base-multilingual-cased", "source_dim": 768, "target_dim": 512, "test_results": {"bleu": 0.35, "bleu1": 16.09, "bleu2": 1.11, "bleu3": 0.06, "bleu4": 0.02, "rougeL": 0.1218, "rouge1": 0.1509, "rouge2": 0.0115, "exact_match": 0.0}, "loss": {"X_Y_COS": 0.9586080312728882, "X_Y_MSEloss": 0.000262025510892272, "X_Y_test_COS": 0.8851629495620728, "X_Y_test_MSEloss": 0.0007227662717923522, "X_Y_val_COS": 0.8885034918785095, "X_Y_val_MSEloss": 0.0006989713292568922}}