{"train_samples": 20, "test_samples": 200, "source_model": "google/mt5-base", "source_dim": 768, "target_dim": 512, "test_results": {"bleu": 0.26, "bleu1": 17.75, "bleu2": 1.35, "bleu3": 0.02, "bleu4": 0.01, "rougeL": 0.1359, "rouge1": 0.1584, "rouge2": 0.014, "exact_match": 0.0}, "loss": {"X_Y_COS": 1.0, "X_Y_MSEloss": 3.785579637846474e-14, "X_Y_test_COS": 0.927774965763092, "X_Y_test_MSEloss": 0.0002751310239546001, "X_Y_val_COS": 0.9291846752166748, "X_Y_val_MSEloss": 0.0002691763511393219}}