{"train_samples": 3, "test_samples": 200, "source_model": "google-t5/t5-base", "source_dim": 768, "target_dim": 512, "test_results": {"bleu": 0.33, "bleu1": 17.89, "bleu2": 0.78, "bleu3": 0.08, "bleu4": 0.01, "rougeL": 0.0947, "rouge1": 0.1197, "rouge2": 0.0096, "exact_match": 0.0}, "loss": {"X_Y_COS": 1.0, "X_Y_MSEloss": 3.4125165440796726e-16, "X_Y_test_COS": 0.849623441696167, "X_Y_test_MSEloss": 0.0006016034749336541, "X_Y_val_COS": 0.8472697734832764, "X_Y_val_MSEloss": 0.000611670024227351}}