{"train_samples": 10, "test_samples": 200, "source_model": "intfloat/multilingual-e5-base", "source_dim": 768, "target_dim": 512, "test_results": {"bleu": 0.22, "bleu1": 16.83, "bleu2": 0.78, "bleu3": 0.02, "bleu4": 0.01, "rougeL": 0.126, "rouge1": 0.1486, "rouge2": 0.0085, "exact_match": 0.0}, "loss": {"X_Y_COS": 1.0, "X_Y_MSEloss": 1.994313028047122e-15, "X_Y_test_COS": 0.9295228123664856, "X_Y_test_MSEloss": 0.00026650860672816634, "X_Y_val_COS": 0.9324528574943542, "X_Y_val_MSEloss": 0.00025557124172337353}}