{"train_samples": 10, "test_samples": 200, "source_model": "google-bert/bert-base-multilingual-cased", "source_dim": 768, "target_dim": 512, "test_results": {"bleu": 0.07, "bleu1": 9.14, "bleu2": 0.03, "bleu3": 0.01, "bleu4": 0.01, "rougeL": 0.0031, "rouge1": 0.0031, "rouge2": 0.0, "exact_match": 0.0}, "loss": {"X_Y_COS": 1.0, "X_Y_MSEloss": 4.519272292274803e-16, "X_Y_test_COS": 0.8302426934242249, "X_Y_test_MSEloss": 0.0006068371003493667, "X_Y_val_COS": 0.8334664106369019, "X_Y_val_MSEloss": 0.0005963490693829954}}