{"train_samples": 10, "test_samples": 200, "source_model": "google-t5/t5-base", "source_dim": 768, "target_dim": 512, "test_results": {"bleu": 0.2, "bleu1": 13.41, "bleu2": 0.42, "bleu3": 0.03, "bleu4": 0.02, "rougeL": 0.0474, "rouge1": 0.0521, "rouge2": 0.0012, "exact_match": 0.0}, "loss": {"X_Y_COS": 1.0, "X_Y_MSEloss": 1.1686131349650133e-15, "X_Y_test_COS": 0.877680778503418, "X_Y_test_MSEloss": 0.0004494842723943293, "X_Y_val_COS": 0.8748411536216736, "X_Y_val_MSEloss": 0.0004592375480569899}}