{"train_samples": 5, "test_samples": 200, "source_model": "google-t5/t5-base", "source_dim": 768, "target_dim": 512, "test_results": {"bleu": 0.26, "bleu1": 16.13, "bleu2": 0.5, "bleu3": 0.07, "bleu4": 0.04, "rougeL": 0.0303, "rouge1": 0.0328, "rouge2": 0.002, "exact_match": 0.0}, "loss": {"X_Y_COS": 1.0, "X_Y_MSEloss": 3.976100503447162e-16, "X_Y_test_COS": 0.863006591796875, "X_Y_test_MSEloss": 0.0005240511964075267, "X_Y_val_COS": 0.8586702346801758, "X_Y_val_MSEloss": 0.0005323033547028899}}