{"train_samples": 1000, "test_samples": 200, "source_model": "text-embedding-ada-002", "source_dim": 1536, "target_dim": 512, "test_results": {"bleu": 0.16, "bleu1": 14.91, "bleu2": 0.65, "bleu3": 0.01, "bleu4": 0.01, "rougeL": 0.0941, "rouge1": 0.1109, "rouge2": 0.006, "exact_match": 0.0}, "loss": {"X_Y_COS": 0.95914626121521, "X_Y_MSEloss": 0.00032920073135755956, "X_Y_test_COS": 0.8225265145301819, "X_Y_test_MSEloss": 0.0013850810937583447, "X_Y_val_COS": 0.8293836712837219, "X_Y_val_MSEloss": 0.001335563836619258}}