{"train_samples": 10, "test_samples": 200, "source_model": "sentence-transformers/gtr-t5-base", "source_dim": 768, "target_dim": 512, "test_results": {"bleu": 0.22, "bleu1": 12.69, "bleu2": 0.99, "bleu3": 0.02, "bleu4": 0.01, "rougeL": 0.1319, "rouge1": 0.143, "rouge2": 0.0118, "exact_match": 0.0}, "loss": {"X_Y_COS": 0.9999998807907104, "X_Y_MSEloss": 7.056974531919214e-15, "X_Y_test_COS": 0.9286187887191772, "X_Y_test_MSEloss": 0.0005880476674064994, "X_Y_val_COS": 0.929890513420105, "X_Y_val_MSEloss": 0.0005789784481748939}}