{"train_samples": 5, "test_samples": 200, "source_model": "google/mt5-base", "source_dim": 768, "target_dim": 512, "test_results": {"bleu": 0.08, "bleu1": 8.96, "bleu2": 0.03, "bleu3": 0.02, "bleu4": 0.01, "rougeL": 0.0004, "rouge1": 0.0004, "rouge2": 0.0, "exact_match": 0.0}, "loss": {"X_Y_COS": 1.0, "X_Y_MSEloss": 8.88630205898367e-16, "X_Y_test_COS": 0.8289940357208252, "X_Y_test_MSEloss": 0.0006096310680732131, "X_Y_val_COS": 0.8291879296302795, "X_Y_val_MSEloss": 0.0006111983675509691}}