{"train_samples": 100, "test_samples": 200, "source_model": "sentence-transformers/gtr-t5-base", "source_dim": 768, "target_dim": 512, "test_results": {"bleu": 0.11, "bleu1": 10.53, "bleu2": 0.12, "bleu3": 0.02, "bleu4": 0.01, "rougeL": 0.0514, "rouge1": 0.0599, "rouge2": 0.0058, "exact_match": 0.0}, "loss": {"X_Y_COS": 1.0, "X_Y_MSEloss": 2.0080931275451297e-12, "X_Y_test_COS": 0.8749854564666748, "X_Y_test_MSEloss": 0.00047077544149942696, "X_Y_val_COS": 0.8721961975097656, "X_Y_val_MSEloss": 0.00048017731751315296}}