{"train_samples": 50, "test_samples": 200, "source_model": "google-bert/bert-base-multilingual-cased", "source_dim": 768, "target_dim": 512, "test_results": {"bleu": 0.1, "bleu1": 8.55, "bleu2": 0.09, "bleu3": 0.02, "bleu4": 0.01, "rougeL": 0.0613, "rouge1": 0.0713, "rouge2": 0.0013, "exact_match": 0.0}, "loss": {"X_Y_COS": 1.0, "X_Y_MSEloss": 4.94818650029899e-13, "X_Y_test_COS": 0.8816019892692566, "X_Y_test_MSEloss": 0.00044069139403291047, "X_Y_val_COS": 0.8836817145347595, "X_Y_val_MSEloss": 0.0004324503825046122}}