{"train_samples": 5, "test_samples": 200, "source_model": "google-t5/t5-base", "source_dim": 768, "target_dim": 512, "test_results": {"bleu": 0.14, "bleu1": 10.41, "bleu2": 0.38, "bleu3": 0.02, "bleu4": 0.01, "rougeL": 0.0715, "rouge1": 0.0793, "rouge2": 0.012, "exact_match": 0.0}, "loss": {"X_Y_COS": 1.0, "X_Y_MSEloss": 1.8107054744476159e-10, "X_Y_test_COS": 0.8863886594772339, "X_Y_test_MSEloss": 0.0008283944334834814, "X_Y_val_COS": 0.8821030855178833, "X_Y_val_MSEloss": 0.0008951035561040044}}