{"train_samples": 10, "test_samples": 200, "source_model": "text-embedding-3-large", "source_dim": 3072, "target_dim": 512, "test_results": {"bleu": 0.46, "bleu1": 18.76, "bleu2": 1.02, "bleu3": 0.11, "bleu4": 0.02, "rougeL": 0.1228, "rouge1": 0.1565, "rouge2": 0.0109, "exact_match": 0.0}, "loss": {"X_Y_COS": 1.0, "X_Y_MSEloss": 1.200284993882052e-16, "X_Y_test_COS": 0.8800239562988281, "X_Y_test_MSEloss": 0.0010105249239131808, "X_Y_val_COS": 0.886471688747406, "X_Y_val_MSEloss": 0.0010146606946364045}}