{"train_samples": 50, "test_samples": 200, "source_model": "intfloat/multilingual-e5-base", "source_dim": 768, "target_dim": 512, "test_results": {"bleu": 0.11, "bleu1": 12.2, "bleu2": 0.15, "bleu3": 0.02, "bleu4": 0.01, "rougeL": 0.0303, "rouge1": 0.0319, "rouge2": 0.0005, "exact_match": 0.0}, "loss": {"X_Y_COS": 1.0, "X_Y_MSEloss": 5.642778345277266e-12, "X_Y_test_COS": 0.8920915126800537, "X_Y_test_MSEloss": 0.00039966381154954433, "X_Y_val_COS": 0.8945809602737427, "X_Y_val_MSEloss": 0.00039102419395931065}}