{"train_samples": 30, "test_samples": 200, "source_model": "sentence-transformers/gtr-t5-base", "source_dim": 768, "target_dim": 512, "test_results": {"bleu": 0.39, "bleu1": 19.84, "bleu2": 1.12, "bleu3": 0.09, "bleu4": 0.01, "rougeL": 0.1154, "rouge1": 0.1605, "rouge2": 0.0153, "exact_match": 0.0}, "loss": {"X_Y_COS": 1.0, "X_Y_MSEloss": 6.922128474903106e-16, "X_Y_test_COS": 0.8908630013465881, "X_Y_test_MSEloss": 0.00043438110151328146, "X_Y_val_COS": 0.8894209265708923, "X_Y_val_MSEloss": 0.0004384795611258596}}