{"train_samples": 6000, "test_samples": 200, "source_model": "google-t5/t5-base", "source_dim": 768, "target_dim": 512, "test_results": {"bleu": 35.18, "bleu1": 57.63, "bleu2": 36.51, "bleu3": 30.11, "bleu4": 26.98, "rougeL": 0.496, "rouge1": 0.5672, "rouge2": 0.3647, "exact_match": 0.0}, "loss": {"X_Y_COS": 0.9714807868003845, "X_Y_MSEloss": 0.00011150508362334222, "X_Y_test_COS": 0.9668118357658386, "X_Y_test_MSEloss": 0.000129124236991629, "X_Y_val_COS": 0.9662667512893677, "X_Y_val_MSEloss": 0.00013077586481813341}}