{"train_samples": 50, "test_samples": 200, "source_model": "sentence-transformers/all-MiniLM-L6-v2", "source_dim": 384, "target_dim": 512, "test_results": {"bleu": 0.16, "bleu1": 16.44, "bleu2": 0.44, "bleu3": 0.02, "bleu4": 0.01, "rougeL": 0.0947, "rouge1": 0.1135, "rouge2": 0.0021, "exact_match": 0.0}, "loss": {"X_Y_COS": 1.0, "X_Y_MSEloss": 7.414530855877777e-15, "X_Y_test_COS": 0.8942222595214844, "X_Y_test_MSEloss": 0.00042169771040789783, "X_Y_val_COS": 0.8963711857795715, "X_Y_val_MSEloss": 0.00041539198718965054}}