{"train_samples": 100, "test_samples": 200, "source_model": "text-embedding-ada-002", "source_dim": 1536, "target_dim": 512, "test_results": {"bleu": 0.31, "bleu1": 15.37, "bleu2": 0.86, "bleu3": 0.07, "bleu4": 0.01, "rougeL": 0.0912, "rouge1": 0.1129, "rouge2": 0.0084, "exact_match": 0.0}, "loss": {"X_Y_COS": 1.0, "X_Y_MSEloss": 1.093780843675063e-09, "X_Y_test_COS": 0.7380627989768982, "X_Y_test_MSEloss": 0.0019827508367598057, "X_Y_val_COS": 0.7445406913757324, "X_Y_val_MSEloss": 0.001933598075993359}}