{"train_samples": 100, "test_samples": 200, "source_model": "text-embedding-ada-002", "source_dim": 1536, "target_dim": 512, "test_results": {"bleu": 2.98, "bleu1": 22.69, "bleu2": 3.24, "bleu3": 1.31, "bleu4": 0.86, "rougeL": 0.1577, "rouge1": 0.2085, "rouge2": 0.0343, "exact_match": 0.0}, "loss": {"X_Y_COS": 1.0, "X_Y_MSEloss": 4.506127762593515e-11, "X_Y_test_COS": 0.8512693643569946, "X_Y_test_MSEloss": 0.0005417828215286136, "X_Y_val_COS": 0.8472491502761841, "X_Y_val_MSEloss": 0.0005562698352150619}}