{"train_samples": 40, "test_samples": 200, "source_model": "text-embedding-ada-002", "source_dim": 1536, "target_dim": 512, "test_results": {"bleu": 0.1, "bleu1": 8.89, "bleu2": 0.06, "bleu3": 0.02, "bleu4": 0.01, "rougeL": 0.2122, "rouge1": 0.3118, "rouge2": 0.0279, "exact_match": 0.0}, "loss": {"X_Y_COS": 1.0, "X_Y_MSEloss": 5.460433537621268e-13, "X_Y_test_COS": 0.8891224265098572, "X_Y_test_MSEloss": 0.00040933251148089767, "X_Y_val_COS": 0.8886041045188904, "X_Y_val_MSEloss": 0.0004110638692509383}}