{"train_samples": 100, "test_samples": 200, "source_model": "google-t5/t5-base", "source_dim": 768, "target_dim": 512, "test_results": {"bleu": 0.3, "bleu1": 22.38, "bleu2": 1.04, "bleu3": 0.03, "bleu4": 0.01, "rougeL": 0.1447, "rouge1": 0.1837, "rouge2": 0.0122, "exact_match": 0.0}, "loss": {"X_Y_COS": 0.9999997615814209, "X_Y_MSEloss": 8.060775935625486e-10, "X_Y_test_COS": 0.8798071146011353, "X_Y_test_MSEloss": 0.00045158053399063647, "X_Y_val_COS": 0.8854042887687683, "X_Y_val_MSEloss": 0.0004304232425056398}}