{"train_samples": 5, "test_samples": 200, "source_model": "text-embedding-3-large", "source_dim": 3072, "target_dim": 512, "test_results": {"bleu": 0.18, "bleu1": 13.31, "bleu2": 0.76, "bleu3": 0.03, "bleu4": 0.02, "rougeL": 0.1025, "rouge1": 0.1204, "rouge2": 0.0068, "exact_match": 0.0}, "loss": {"X_Y_COS": 1.0, "X_Y_MSEloss": 8.82266275312078e-17, "X_Y_test_COS": 0.864225447177887, "X_Y_test_MSEloss": 0.0007299466524273157, "X_Y_val_COS": 0.8682286143302917, "X_Y_val_MSEloss": 0.0007145527051761746}}