{"train_samples": 50, "test_samples": 200, "source_model": "google/flan-t5-base", "source_dim": 768, "target_dim": 512, "test_results": {"bleu": 0.21, "bleu1": 21.97, "bleu2": 1.09, "bleu3": 0.01, "bleu4": 0.01, "rougeL": 0.1388, "rouge1": 0.1727, "rouge2": 0.0108, "exact_match": 0.0}, "loss": {"X_Y_COS": 1.0, "X_Y_MSEloss": 6.309116098481005e-13, "X_Y_test_COS": 0.8803436160087585, "X_Y_test_MSEloss": 0.000442484684754163, "X_Y_val_COS": 0.885176956653595, "X_Y_val_MSEloss": 0.0004261237336322665}}