{"train_samples": 10, "test_samples": 200, "source_model": "text-embedding-3-large", "source_dim": 3072, "target_dim": 512, "test_results": {"bleu": 0.2, "bleu1": 12.38, "bleu2": 0.75, "bleu3": 0.02, "bleu4": 0.01, "rougeL": 0.1087, "rouge1": 0.1216, "rouge2": 0.0082, "exact_match": 0.0}, "loss": {"X_Y_COS": 1.0, "X_Y_MSEloss": 1.497617116472157e-16, "X_Y_test_COS": 0.8988552689552307, "X_Y_test_MSEloss": 0.0005173456738702953, "X_Y_val_COS": 0.8985804319381714, "X_Y_val_MSEloss": 0.0005086029414087534}}