{"train_samples": 20, "test_samples": 200, "source_model": "google/flan-t5-base", "source_dim": 768, "target_dim": 512, "test_results": {"bleu": 0.5, "bleu1": 15.81, "bleu2": 0.76, "bleu3": 0.13, "bleu4": 0.08, "rougeL": 0.0521, "rouge1": 0.0574, "rouge2": 0.0043, "exact_match": 0.0}, "loss": {"X_Y_COS": 1.0, "X_Y_MSEloss": 2.3278289018602294e-10, "X_Y_test_COS": 0.8753818273544312, "X_Y_test_MSEloss": 0.0011613185051828623, "X_Y_val_COS": 0.8804273009300232, "X_Y_val_MSEloss": 0.0011088961036875844}}