{"train_samples": 20, "test_samples": 200, "source_model": "intfloat/multilingual-e5-base", "source_dim": 768, "target_dim": 512, "test_results": {"bleu": 1.49, "bleu1": 19.33, "bleu2": 1.73, "bleu3": 0.53, "bleu4": 0.31, "rougeL": 0.1239, "rouge1": 0.1603, "rouge2": 0.0199, "exact_match": 0.0}, "loss": {"X_Y_COS": 1.0, "X_Y_MSEloss": 5.147568637076279e-14, "X_Y_test_COS": 0.8311933875083923, "X_Y_test_MSEloss": 0.0006041310844011605, "X_Y_val_COS": 0.8284463882446289, "X_Y_val_MSEloss": 0.0006130172987468541}}