{"train_samples": 1000, "test_samples": 200, "source_model": "sentence-transformers/gtr-t5-base", "source_dim": 768, "target_dim": 512, "test_results": {"bleu": 0.38, "bleu1": 14.37, "bleu2": 0.82, "bleu3": 0.1, "bleu4": 0.02, "rougeL": 0.0991, "rouge1": 0.1184, "rouge2": 0.0092, "exact_match": 0.0}, "loss": {"X_Y_COS": 0.9817090034484863, "X_Y_MSEloss": 7.619484676979482e-05, "X_Y_test_COS": 0.7135603427886963, "X_Y_test_MSEloss": 0.0013738174457103014, "X_Y_val_COS": 0.7205268144607544, "X_Y_val_MSEloss": 0.0013907059328630567}}