{"train_samples": 1000, "test_samples": 200, "source_model": "sentence-transformers/all-MiniLM-L6-v2", "source_dim": 384, "target_dim": 512, "test_results": {"bleu": 0.1, "bleu1": 8.89, "bleu2": 0.09, "bleu3": 0.02, "bleu4": 0.01, "rougeL": 0.0799, "rouge1": 0.091, "rouge2": 0.0028, "exact_match": 0.0}, "loss": {"X_Y_COS": 0.9582985639572144, "X_Y_MSEloss": 0.00016298222180921584, "X_Y_test_COS": 0.8939521312713623, "X_Y_test_MSEloss": 0.0004114519397262484, "X_Y_val_COS": 0.8926457166671753, "X_Y_val_MSEloss": 0.00041276379488408566}}