{"train_samples": 30, "test_samples": 200, "source_model": "google-t5/t5-base", "source_dim": 768, "target_dim": 512, "test_results": {"bleu": 1.16, "bleu1": 21.52, "bleu2": 2.04, "bleu3": 0.42, "bleu4": 0.12, "rougeL": 0.1341, "rouge1": 0.1775, "rouge2": 0.0205, "exact_match": 0.0}, "loss": {"X_Y_COS": 1.0, "X_Y_MSEloss": 2.0500422540092877e-11, "X_Y_test_COS": 0.8861831426620483, "X_Y_test_MSEloss": 0.0008659426821395755, "X_Y_val_COS": 0.893622875213623, "X_Y_val_MSEloss": 0.0008004606934264302}}