{"train_samples": 500, "test_samples": 200, "source_model": "google/mt5-base", "source_dim": 768, "target_dim": 512, "test_results": {"bleu": 0.24, "bleu1": 17.64, "bleu2": 1.19, "bleu3": 0.02, "bleu4": 0.01, "rougeL": 0.1354, "rouge1": 0.153, "rouge2": 0.0116, "exact_match": 0.0}, "loss": {"X_Y_COS": 0.9825901389122009, "X_Y_MSEloss": 0.00015808574971742928, "X_Y_test_COS": 0.9002358913421631, "X_Y_test_MSEloss": 0.0007005962543189526, "X_Y_val_COS": 0.8953748941421509, "X_Y_val_MSEloss": 0.0007497088517993689}}