{"train_samples": 100, "test_samples": 200, "source_model": "text-embedding-ada-002", "source_dim": 1536, "target_dim": 512, "test_results": {"bleu": 0.2, "bleu1": 21.73, "bleu2": 0.99, "bleu3": 0.01, "bleu4": 0.01, "rougeL": 0.1275, "rouge1": 0.1653, "rouge2": 0.0096, "exact_match": 0.0}, "loss": {"X_Y_COS": 1.0, "X_Y_MSEloss": 4.6139234793907136e-11, "X_Y_test_COS": 0.8813502788543701, "X_Y_test_MSEloss": 0.0004388893721625209, "X_Y_val_COS": 0.8853763341903687, "X_Y_val_MSEloss": 0.0004245559684932232}}