{"train_samples": 3, "test_samples": 200, "source_model": "google-t5/t5-base", "source_dim": 768, "target_dim": 512, "test_results": {"bleu": 0.09, "bleu1": 8.41, "bleu2": 0.06, "bleu3": 0.02, "bleu4": 0.01, "rougeL": 0.1102, "rouge1": 0.1164, "rouge2": 0.0049, "exact_match": 0.0}, "loss": {"X_Y_COS": 1.0, "X_Y_MSEloss": 4.589635319203218e-16, "X_Y_test_COS": 0.7706893682479858, "X_Y_test_MSEloss": 0.0008083585416898131, "X_Y_val_COS": 0.769315779209137, "X_Y_val_MSEloss": 0.000812256068456918}}