{"train_samples": 1, "test_samples": 200, "source_model": "google-bert/bert-base-multilingual-cased", "source_dim": 768, "target_dim": 512, "test_results": {"bleu": 0.06, "bleu1": 10.75, "bleu2": 0.03, "bleu3": 0.01, "bleu4": 0.01, "rougeL": 0.0579, "rouge1": 0.0673, "rouge2": 0.0005, "exact_match": 0.0}, "loss": {"X_Y_COS": 0.9999999403953552, "X_Y_MSEloss": 4.553611007956492e-16, "X_Y_test_COS": 0.8137561678886414, "X_Y_test_MSEloss": 0.0017463183030486107, "X_Y_val_COS": 0.8160688877105713, "X_Y_val_MSEloss": 0.0017008748836815357}}