{"train_samples": 5, "test_samples": 200, "source_model": "google-bert/bert-base-multilingual-cased", "source_dim": 768, "target_dim": 512, "test_results": {"bleu": 0.12, "bleu1": 15.82, "bleu2": 0.31, "bleu3": 0.02, "bleu4": 0.01, "rougeL": 0.0361, "rouge1": 0.0377, "rouge2": 0.0009, "exact_match": 0.0}, "loss": {"X_Y_COS": 1.0, "X_Y_MSEloss": 3.468944290838978e-16, "X_Y_test_COS": 0.862739622592926, "X_Y_test_MSEloss": 0.0005251712864264846, "X_Y_val_COS": 0.858933687210083, "X_Y_val_MSEloss": 0.0005380927468650043}}