{"train_samples": 500, "test_samples": 200, "source_model": "google/mt5-base", "source_dim": 768, "target_dim": 512, "test_results": {"bleu": 1.12, "bleu1": 19.22, "bleu2": 2.02, "bleu3": 0.57, "bleu4": 0.25, "rougeL": 0.0852, "rouge1": 0.0954, "rouge2": 0.0122, "exact_match": 0.0}, "loss": {"X_Y_COS": 0.9725463390350342, "X_Y_MSEloss": 0.00010650313197402284, "X_Y_test_COS": 0.8965862989425659, "X_Y_test_MSEloss": 0.0003947440709453076, "X_Y_val_COS": 0.8910574316978455, "X_Y_val_MSEloss": 0.00041602877900004387}}