{"train_samples": 40, "test_samples": 200, "source_model": "google-bert/bert-base-multilingual-cased", "source_dim": 768, "target_dim": 512, "test_results": {"bleu": 0.19, "bleu1": 21.42, "bleu2": 0.73, "bleu3": 0.01, "bleu4": 0.01, "rougeL": 0.1327, "rouge1": 0.1669, "rouge2": 0.0074, "exact_match": 0.0}, "loss": {"X_Y_COS": 1.0, "X_Y_MSEloss": 1.5232276160889735e-13, "X_Y_test_COS": 0.8725066781044006, "X_Y_test_MSEloss": 0.00047420363989658654, "X_Y_val_COS": 0.8751217722892761, "X_Y_val_MSEloss": 0.00046482912148348987}}