{"train_samples": 40, "test_samples": 200, "source_model": "sentence-transformers/gtr-t5-base", "source_dim": 768, "target_dim": 512, "test_results": {"bleu": 0.23, "bleu1": 14.57, "bleu2": 0.8, "bleu3": 0.03, "bleu4": 0.01, "rougeL": 0.0843, "rouge1": 0.0939, "rouge2": 0.006, "exact_match": 0.0}, "loss": {"X_Y_COS": 1.0, "X_Y_MSEloss": 7.5184883741646e-16, "X_Y_test_COS": 0.8352767825126648, "X_Y_test_MSEloss": 0.0006046131602488458, "X_Y_val_COS": 0.842528760433197, "X_Y_val_MSEloss": 0.0005819416837766767}}