{"train_samples": 40, "test_samples": 200, "source_model": "text-embedding-ada-002", "source_dim": 1536, "target_dim": 512, "test_results": {"bleu": 0.09, "bleu1": 10.74, "bleu2": 0.06, "bleu3": 0.02, "bleu4": 0.01, "rougeL": 0.0069, "rouge1": 0.0075, "rouge2": 0.0, "exact_match": 0.0}, "loss": {"X_Y_COS": 1.0, "X_Y_MSEloss": 5.533175371878751e-13, "X_Y_test_COS": 0.8326952457427979, "X_Y_test_MSEloss": 0.0006001656875014305, "X_Y_val_COS": 0.8298100233078003, "X_Y_val_MSEloss": 0.0006102587794885039}}