{"train_samples": 8000, "test_samples": 200, "source_model": "google-bert/bert-base-multilingual-cased", "source_dim": 768, "target_dim": 512, "test_results": {"bleu": 0.23, "bleu1": 18.55, "bleu2": 0.87, "bleu3": 0.02, "bleu4": 0.01, "rougeL": 0.1451, "rouge1": 0.1678, "rouge2": 0.0084, "exact_match": 0.0}, "loss": {"X_Y_COS": 0.9414550065994263, "X_Y_MSEloss": 0.0002233059931313619, "X_Y_test_COS": 0.9352816343307495, "X_Y_test_MSEloss": 0.00024644556106068194, "X_Y_val_COS": 0.937611997127533, "X_Y_val_MSEloss": 0.00023742807388771325}}