{"train_samples": 5, "test_samples": 200, "source_model": "google-bert/bert-base-multilingual-cased", "source_dim": 768, "target_dim": 512, "test_results": {"bleu": 0.37, "bleu1": 18.17, "bleu2": 0.86, "bleu3": 0.1, "bleu4": 0.01, "rougeL": 0.1139, "rouge1": 0.1484, "rouge2": 0.0155, "exact_match": 0.0}, "loss": {"X_Y_COS": 1.0, "X_Y_MSEloss": 3.549494477144902e-16, "X_Y_test_COS": 0.8653730750083923, "X_Y_test_MSEloss": 0.0005103967851027846, "X_Y_val_COS": 0.8624497056007385, "X_Y_val_MSEloss": 0.0005191597738303244}}