{"train_samples": 20, "test_samples": 200, "source_model": "google-bert/bert-base-multilingual-cased", "source_dim": 768, "target_dim": 512, "test_results": {"bleu": 0.07, "bleu1": 9.9, "bleu2": 0.03, "bleu3": 0.01, "bleu4": 0.01, "rougeL": 0.0024, "rouge1": 0.0024, "rouge2": 0.0, "exact_match": 0.0}, "loss": {"X_Y_COS": 1.0, "X_Y_MSEloss": 3.9761568840777136e-15, "X_Y_test_COS": 0.8923629522323608, "X_Y_test_MSEloss": 0.00039980566361919045, "X_Y_val_COS": 0.8936619162559509, "X_Y_val_MSEloss": 0.0003945891512557864}}