{"train_samples": 30, "test_samples": 200, "source_model": "google/mt5-base", "source_dim": 768, "target_dim": 512, "test_results": {"bleu": 0.6, "bleu1": 16.38, "bleu2": 0.94, "bleu3": 0.2, "bleu4": 0.12, "rougeL": 0.063, "rouge1": 0.0722, "rouge2": 0.0053, "exact_match": 0.0}, "loss": {"X_Y_COS": 1.0, "X_Y_MSEloss": 1.0399766985080827e-12, "X_Y_test_COS": 0.8675918579101562, "X_Y_test_MSEloss": 0.00048678694292902946, "X_Y_val_COS": 0.870629072189331, "X_Y_val_MSEloss": 0.0004768996441271156}}