{"train_samples": 30, "test_samples": 200, "source_model": "google/mt5-base", "source_dim": 768, "target_dim": 512, "test_results": {"bleu": 0.47, "bleu1": 15.99, "bleu2": 0.66, "bleu3": 0.14, "bleu4": 0.09, "rougeL": 0.0556, "rouge1": 0.0599, "rouge2": 0.0037, "exact_match": 0.0}, "loss": {"X_Y_COS": 1.0, "X_Y_MSEloss": 1.8528425460573317e-09, "X_Y_test_COS": 0.8718661069869995, "X_Y_test_MSEloss": 0.0011812123702839017, "X_Y_val_COS": 0.8762385249137878, "X_Y_val_MSEloss": 0.0011291782138869166}}