{"train_samples": 30, "test_samples": 200, "source_model": "google/flan-t5-base", "source_dim": 768, "target_dim": 512, "test_results": {"bleu": 0.26, "bleu1": 14.54, "bleu2": 0.9, "bleu3": 0.05, "bleu4": 0.01, "rougeL": 0.0788, "rouge1": 0.091, "rouge2": 0.0125, "exact_match": 0.0}, "loss": {"X_Y_COS": 1.0, "X_Y_MSEloss": 1.2992987355507982e-14, "X_Y_test_COS": 0.8888158798217773, "X_Y_test_MSEloss": 0.0004123905091546476, "X_Y_val_COS": 0.879862904548645, "X_Y_val_MSEloss": 0.00044360666652210057}}