{"train_samples": 5, "test_samples": 200, "source_model": "sentence-transformers/all-MiniLM-L6-v2", "source_dim": 384, "target_dim": 512, "test_results": {"bleu": 0.09, "bleu1": 7.8, "bleu2": 0.06, "bleu3": 0.02, "bleu4": 0.01, "rougeL": 0.0525, "rouge1": 0.0594, "rouge2": 0.0006, "exact_match": 0.0}, "loss": {"X_Y_COS": 1.0, "X_Y_MSEloss": 2.9580311724369812e-12, "X_Y_test_COS": 0.8431864976882935, "X_Y_test_MSEloss": 0.0013721633004024625, "X_Y_val_COS": 0.8331372737884521, "X_Y_val_MSEloss": 0.0014968159375712276}}