{"train_samples": 5, "test_samples": 200, "source_model": "sentence-transformers/all-MiniLM-L6-v2", "source_dim": 384, "target_dim": 512, "test_results": {"bleu": 0.04, "bleu1": 7.57, "bleu2": 0.02, "bleu3": 0.01, "bleu4": 0.01, "rougeL": 0.0384, "rouge1": 0.0421, "rouge2": 0.0003, "exact_match": 0.0}, "loss": {"X_Y_COS": 1.0, "X_Y_MSEloss": 2.2799636133825245e-16, "X_Y_test_COS": 0.8309786915779114, "X_Y_test_MSEloss": 0.0007467599934898317, "X_Y_val_COS": 0.8256642818450928, "X_Y_val_MSEloss": 0.0007745507173240185}}