{"train_samples": 1000, "test_samples": 200, "source_model": "text-embedding-ada-002", "source_dim": 1536, "target_dim": 512, "test_results": {"bleu": 0.99, "bleu1": 8.75, "bleu2": 1.0, "bleu3": 0.52, "bleu4": 0.24, "rougeL": 0.0476, "rouge1": 0.052, "rouge2": 0.0034, "exact_match": 0.0}, "loss": {"X_Y_COS": 1.0, "X_Y_MSEloss": 5.815588895868862e-12, "X_Y_test_COS": 0.10441023856401443, "X_Y_test_MSEloss": 0.005446447059512138, "X_Y_val_COS": -0.06977317482233047, "X_Y_val_MSEloss": 0.006031719967722893}}