{"train_samples": 1, "test_samples": 200, "source_model": "google-t5/t5-base", "source_dim": 768, "target_dim": 512, "test_results": {"bleu": 0.12, "bleu1": 10.6, "bleu2": 0.22, "bleu3": 0.03, "bleu4": 0.02, "rougeL": 0.0908, "rouge1": 0.092, "rouge2": 0.0022, "exact_match": 0.0}, "loss": {"X_Y_COS": 1.0, "X_Y_MSEloss": 4.3858338981379126e-16, "X_Y_test_COS": 0.8654508590698242, "X_Y_test_MSEloss": 0.0005332487053237855, "X_Y_val_COS": 0.866555392742157, "X_Y_val_MSEloss": 0.0005271853297017515}}