{"train_samples": 10, "test_samples": 200, "source_model": "text-embedding-3-large", "source_dim": 3072, "target_dim": 512, "test_results": {"bleu": 0.28, "bleu1": 14.82, "bleu2": 0.69, "bleu3": 0.05, "bleu4": 0.03, "rougeL": 0.1095, "rouge1": 0.1387, "rouge2": 0.0074, "exact_match": 0.0}, "loss": {"X_Y_COS": 1.0, "X_Y_MSEloss": 1.7869051507565792e-12, "X_Y_test_COS": 0.9347360730171204, "X_Y_test_MSEloss": 0.0009186345268972218, "X_Y_val_COS": 0.9363695979118347, "X_Y_val_MSEloss": 0.0009643148514442146}}