{"train_samples": 40, "test_samples": 200, "source_model": "google-t5/t5-base", "source_dim": 768, "target_dim": 512, "test_results": {"bleu": 0.16, "bleu1": 14.84, "bleu2": 0.52, "bleu3": 0.02, "bleu4": 0.01, "rougeL": 0.0632, "rouge1": 0.0755, "rouge2": 0.006, "exact_match": 0.0}, "loss": {"X_Y_COS": 1.0, "X_Y_MSEloss": 1.8783798572553217e-13, "X_Y_test_COS": 0.9232063293457031, "X_Y_test_MSEloss": 0.00028994985041208565, "X_Y_val_COS": 0.922849714756012, "X_Y_val_MSEloss": 0.0002913696225732565}}