{"train_samples": 40, "test_samples": 200, "source_model": "google-bert/bert-base-multilingual-cased", "source_dim": 768, "target_dim": 512, "test_results": {"bleu": 0.48, "bleu1": 16.29, "bleu2": 0.96, "bleu3": 0.16, "bleu4": 0.1, "rougeL": 0.059, "rouge1": 0.0662, "rouge2": 0.0058, "exact_match": 0.0}, "loss": {"X_Y_COS": 1.0, "X_Y_MSEloss": 1.7512777523726736e-13, "X_Y_test_COS": 0.8809072971343994, "X_Y_test_MSEloss": 0.0008042739355005324, "X_Y_val_COS": 0.8808744549751282, "X_Y_val_MSEloss": 0.0008050557225942612}}