{"train_samples": 40, "test_samples": 200, "source_model": "google-bert/bert-base-multilingual-cased", "source_dim": 768, "target_dim": 512, "test_results": {"bleu": 0.43, "bleu1": 14.87, "bleu2": 0.61, "bleu3": 0.15, "bleu4": 0.1, "rougeL": 0.063, "rouge1": 0.069, "rouge2": 0.0025, "exact_match": 0.0}, "loss": {"X_Y_COS": 1.0, "X_Y_MSEloss": 3.039899443280092e-10, "X_Y_test_COS": 0.9124276638031006, "X_Y_test_MSEloss": 0.0008771425345912576, "X_Y_val_COS": 0.9124981760978699, "X_Y_val_MSEloss": 0.0008912265184335411}}