{"train_samples": 1000, "test_samples": 200, "source_model": "google-bert/bert-base-multilingual-cased", "source_dim": 768, "target_dim": 512, "test_results": {"bleu": 0.59, "bleu1": 24.95, "bleu2": 1.87, "bleu3": 0.13, "bleu4": 0.03, "rougeL": 0.1455, "rouge1": 0.1911, "rouge2": 0.019, "exact_match": 0.0}, "loss": {"X_Y_COS": 0.9601203203201294, "X_Y_MSEloss": 0.00015370686014648527, "X_Y_test_COS": 0.8934349417686462, "X_Y_test_MSEloss": 0.00040482269832864404, "X_Y_val_COS": 0.8951481580734253, "X_Y_val_MSEloss": 0.00039966695476323366}}