{"train_samples": 100, "test_samples": 200, "source_model": "text-embedding-ada-002", "source_dim": 1536, "target_dim": 512, "test_results": {"bleu": 0.09, "bleu1": 10.26, "bleu2": 0.07, "bleu3": 0.02, "bleu4": 0.01, "rougeL": 0.0145, "rouge1": 0.0154, "rouge2": 0.0003, "exact_match": 0.0}, "loss": {"X_Y_COS": 1.0, "X_Y_MSEloss": 2.045236063841216e-10, "X_Y_test_COS": 0.8778995871543884, "X_Y_test_MSEloss": 0.0004510906001087278, "X_Y_val_COS": 0.8772204518318176, "X_Y_val_MSEloss": 0.00045442316331900656}}