{"train_samples": 20, "test_samples": 200, "source_model": "text-embedding-ada-002", "source_dim": 1536, "target_dim": 512, "test_results": {"bleu": 0.16, "bleu1": 15.96, "bleu2": 0.52, "bleu3": 0.02, "bleu4": 0.01, "rougeL": 0.0973, "rouge1": 0.1218, "rouge2": 0.0058, "exact_match": 0.0}, "loss": {"X_Y_COS": 1.0, "X_Y_MSEloss": 2.426895906459947e-10, "X_Y_test_COS": 0.8546931147575378, "X_Y_test_MSEloss": 0.0010730737121775746, "X_Y_val_COS": 0.8604594469070435, "X_Y_val_MSEloss": 0.0010112749878317118}}