{"train_samples": 5, "test_samples": 200, "source_model": "google-t5/t5-base", "source_dim": 768, "target_dim": 512, "test_results": {"bleu": 0.7, "bleu1": 18.48, "bleu2": 1.21, "bleu3": 0.25, "bleu4": 0.04, "rougeL": 0.1151, "rouge1": 0.1526, "rouge2": 0.0093, "exact_match": 0.0}, "loss": {"X_Y_COS": 1.0, "X_Y_MSEloss": 4.1439242000778406e-16, "X_Y_test_COS": 0.8395997285842896, "X_Y_test_MSEloss": 0.0006022109882906079, "X_Y_val_COS": 0.8350474834442139, "X_Y_val_MSEloss": 0.0006179374177008867}}