{"train_samples": 1000, "test_samples": 200, "source_model": "google-t5/t5-base", "source_dim": 768, "target_dim": 512, "test_results": {"bleu": 0.65, "bleu1": 16.22, "bleu2": 1.45, "bleu3": 0.16, "bleu4": 0.06, "rougeL": 0.1159, "rouge1": 0.1349, "rouge2": 0.011, "exact_match": 0.0}, "loss": {"X_Y_COS": 0.8814959526062012, "X_Y_MSEloss": 0.000516131054610014, "X_Y_test_COS": -0.0472659096121788, "X_Y_test_MSEloss": 0.009779002517461777, "X_Y_val_COS": 0.00819405261427164, "X_Y_val_MSEloss": 0.009114640764892101}}