{"train_samples": 3, "test_samples": 200, "source_model": "google-t5/t5-base", "source_dim": 768, "target_dim": 512, "test_results": {"bleu": 0.14, "bleu1": 10.86, "bleu2": 0.31, "bleu3": 0.02, "bleu4": 0.01, "rougeL": 0.0674, "rouge1": 0.0765, "rouge2": 0.0114, "exact_match": 0.0}, "loss": {"X_Y_COS": 1.0, "X_Y_MSEloss": 1.9975980591890874e-10, "X_Y_test_COS": 0.8710644245147705, "X_Y_test_MSEloss": 0.000920796359423548, "X_Y_val_COS": 0.869893491268158, "X_Y_val_MSEloss": 0.0009596808231435716}}