{"train_samples": 500, "test_samples": 200, "source_model": "sentence-transformers/gtr-t5-base", "source_dim": 768, "target_dim": 512, "test_results": {"bleu": 3.49, "bleu1": 23.14, "bleu2": 3.97, "bleu3": 2.08, "bleu4": 1.71, "rougeL": 0.1737, "rouge1": 0.2103, "rouge2": 0.0382, "exact_match": 0.0}, "loss": {"X_Y_COS": 0.9897348880767822, "X_Y_MSEloss": 6.357017264235765e-05, "X_Y_test_COS": 0.8766283392906189, "X_Y_test_MSEloss": 0.0008130273199640214, "X_Y_val_COS": 0.8756399154663086, "X_Y_val_MSEloss": 0.0008149422355927527}}