{"train_samples": 500, "test_samples": 200, "source_model": "sentence-transformers/gtr-t5-base", "source_dim": 768, "target_dim": 512, "test_results": {"bleu": 3.81, "bleu1": 23.3, "bleu2": 4.46, "bleu3": 2.25, "bleu4": 1.76, "rougeL": 0.1779, "rouge1": 0.2135, "rouge2": 0.0392, "exact_match": 0.0}, "loss": {"X_Y_COS": 0.9945686459541321, "X_Y_MSEloss": 4.9849117203848436e-05, "X_Y_test_COS": 0.905907392501831, "X_Y_test_MSEloss": 0.0008785009267739952, "X_Y_val_COS": 0.9087241888046265, "X_Y_val_MSEloss": 0.0008970358758233488}}