{"train_samples": 10, "test_samples": 200, "source_model": "google/mt5-base", "source_dim": 768, "target_dim": 512, "test_results": {"bleu": 1.52, "bleu1": 20.27, "bleu2": 1.64, "bleu3": 0.6, "bleu4": 0.27, "rougeL": 0.1253, "rouge1": 0.1766, "rouge2": 0.0188, "exact_match": 0.0}, "loss": {"X_Y_COS": 1.0, "X_Y_MSEloss": 2.032811734291014e-15, "X_Y_test_COS": 0.8555025458335876, "X_Y_test_MSEloss": 0.0005215095588937402, "X_Y_val_COS": 0.8560600280761719, "X_Y_val_MSEloss": 0.0005245686043053865}}