{"train_samples": 30, "test_samples": 200, "source_model": "google-t5/t5-base", "source_dim": 768, "target_dim": 512, "test_results": {"bleu": 0.11, "bleu1": 8.48, "bleu2": 0.12, "bleu3": 0.02, "bleu4": 0.01, "rougeL": 0.0746, "rouge1": 0.0882, "rouge2": 0.0033, "exact_match": 0.0}, "loss": {"X_Y_COS": 1.0, "X_Y_MSEloss": 1.3391644737570374e-10, "X_Y_test_COS": 0.8830463886260986, "X_Y_test_MSEloss": 0.00044035061728209257, "X_Y_val_COS": 0.8837934136390686, "X_Y_val_MSEloss": 0.00043703734991140664}}