{"train_samples": 3000, "test_samples": 200, "source_model": "google-bert/bert-base-multilingual-cased", "source_dim": 768, "target_dim": 512, "test_results": {"bleu": 2.53, "bleu1": 29.23, "bleu2": 4.8, "bleu3": 1.11, "bleu4": 0.35, "rougeL": 0.1931, "rouge1": 0.2655, "rouge2": 0.0508, "exact_match": 0.0}, "loss": {"X_Y_COS": 0.9464730620384216, "X_Y_MSEloss": 0.00020474141638260335, "X_Y_test_COS": 0.9262147545814514, "X_Y_test_MSEloss": 0.0002806106931529939, "X_Y_val_COS": 0.9235720634460449, "X_Y_val_MSEloss": 0.0002906526788137853}}