{"train_samples": 1000, "test_samples": 200, "source_model": "google/mt5-base", "source_dim": 768, "target_dim": 512, "test_results": {"bleu": 0.81, "bleu1": 15.93, "bleu2": 1.6, "bleu3": 0.25, "bleu4": 0.09, "rougeL": 0.1161, "rouge1": 0.1326, "rouge2": 0.0113, "exact_match": 0.0}, "loss": {"X_Y_COS": 0.9105644226074219, "X_Y_MSEloss": 0.00042816466884687543, "X_Y_test_COS": -0.04425892233848572, "X_Y_test_MSEloss": 0.008312291465699673, "X_Y_val_COS": 0.018347155302762985, "X_Y_val_MSEloss": 0.008076651021838188}}