{"train_samples": 30, "test_samples": 200, "source_model": "text-embedding-3-large", "source_dim": 3072, "target_dim": 512, "test_results": {"bleu": 0.36, "bleu1": 17.77, "bleu2": 0.62, "bleu3": 0.06, "bleu4": 0.03, "rougeL": 0.1105, "rouge1": 0.1519, "rouge2": 0.0077, "exact_match": 0.0}, "loss": {"X_Y_COS": 1.0, "X_Y_MSEloss": 4.021742609112164e-16, "X_Y_test_COS": 0.8849490284919739, "X_Y_test_MSEloss": 0.00047355282003991306, "X_Y_val_COS": 0.8863717317581177, "X_Y_val_MSEloss": 0.00046348990872502327}}