{"train_samples": 100, "test_samples": 200, "source_model": "sentence-transformers/all-MiniLM-L6-v2", "source_dim": 384, "target_dim": 512, "test_results": {"bleu": 0.11, "bleu1": 8.72, "bleu2": 0.13, "bleu3": 0.02, "bleu4": 0.01, "rougeL": 0.0396, "rouge1": 0.0432, "rouge2": 0.0006, "exact_match": 0.0}, "loss": {"X_Y_COS": 0.9999998211860657, "X_Y_MSEloss": 4.4262153942042914e-09, "X_Y_test_COS": 0.8029988408088684, "X_Y_test_MSEloss": 0.0017041185637935996, "X_Y_val_COS": 0.7910957336425781, "X_Y_val_MSEloss": 0.0017897130455821753}}