{"train_samples": 30, "test_samples": 200, "source_model": "random", "source_dim": 768, "target_dim": 512, "test_results": {"bleu": 1.4, "bleu1": 9.22, "bleu2": 1.7, "bleu3": 0.94, "bleu4": 0.41, "rougeL": 0.0436, "rouge1": 0.0472, "rouge2": 0.0029, "exact_match": 0.0}, "loss": {"X_Y_COS": 1.0, "X_Y_MSEloss": 1.3551709769274705e-15, "X_Y_test_COS": 0.04610174894332886, "X_Y_test_MSEloss": 0.002013326156884432, "X_Y_val_COS": -0.06055205315351486, "X_Y_val_MSEloss": 0.0021056511905044317}}