{"train_samples": 50, "test_samples": 200, "source_model": "text-embedding-3-large", "source_dim": 3072, "target_dim": 512, "test_results": {"bleu": 0.16, "bleu1": 13.27, "bleu2": 0.58, "bleu3": 0.02, "bleu4": 0.01, "rougeL": 0.0995, "rouge1": 0.1259, "rouge2": 0.006, "exact_match": 0.0}, "loss": {"X_Y_COS": 1.0, "X_Y_MSEloss": 1.93782524782768e-15, "X_Y_test_COS": 0.9046868085861206, "X_Y_test_MSEloss": 0.0003901203745044768, "X_Y_val_COS": 0.9060981273651123, "X_Y_val_MSEloss": 0.00038132324698381126}}