{"train_samples": 10, "test_samples": 200, "source_model": "sentence-transformers/all-MiniLM-L6-v2", "source_dim": 384, "target_dim": 512, "test_results": {"bleu": 1.41, "bleu1": 19.01, "bleu2": 1.8, "bleu3": 0.55, "bleu4": 0.22, "rougeL": 0.1061, "rouge1": 0.144, "rouge2": 0.016, "exact_match": 0.0}, "loss": {"X_Y_COS": 1.0, "X_Y_MSEloss": 2.4119919623600324e-16, "X_Y_test_COS": 0.6588955521583557, "X_Y_test_MSEloss": 0.0011634581023827195, "X_Y_val_COS": 0.6493803262710571, "X_Y_val_MSEloss": 0.0011550283525139093}}