{"train_samples": 40, "test_samples": 200, "source_model": "google/mt5-base", "source_dim": 768, "target_dim": 512, "test_results": {"bleu": 1.0, "bleu1": 23.83, "bleu2": 2.04, "bleu3": 0.26, "bleu4": 0.08, "rougeL": 0.1558, "rouge1": 0.2052, "rouge2": 0.0216, "exact_match": 0.0}, "loss": {"X_Y_COS": 1.0, "X_Y_MSEloss": 1.891665643571905e-12, "X_Y_test_COS": 0.909247100353241, "X_Y_test_MSEloss": 0.00034074971335940063, "X_Y_val_COS": 0.9098321199417114, "X_Y_val_MSEloss": 0.00033909990452229977}}