{"train_samples": 50, "test_samples": 200, "source_model": "sentence-transformers/all-MiniLM-L6-v2", "source_dim": 384, "target_dim": 512, "test_results": {"bleu": 0.11, "bleu1": 10.74, "bleu2": 0.18, "bleu3": 0.02, "bleu4": 0.01, "rougeL": 0.0103, "rouge1": 0.0106, "rouge2": 0.0, "exact_match": 0.0}, "loss": {"X_Y_COS": 1.0, "X_Y_MSEloss": 1.188626427102088e-14, "X_Y_test_COS": 0.8790650963783264, "X_Y_test_MSEloss": 0.0004678592085838318, "X_Y_val_COS": 0.8769238591194153, "X_Y_val_MSEloss": 0.0004841670161113143}}