{"train_samples": 20, "test_samples": 200, "source_model": "google-bert/bert-base-multilingual-cased", "source_dim": 768, "target_dim": 512, "test_results": {"bleu": 0.46, "bleu1": 16.33, "bleu2": 0.87, "bleu3": 0.15, "bleu4": 0.06, "rougeL": 0.0683, "rouge1": 0.0818, "rouge2": 0.0062, "exact_match": 0.0}, "loss": {"X_Y_COS": 1.0, "X_Y_MSEloss": 2.807869539160038e-15, "X_Y_test_COS": 0.903555154800415, "X_Y_test_MSEloss": 0.0003626492398325354, "X_Y_val_COS": 0.9041911363601685, "X_Y_val_MSEloss": 0.000360423990059644}}