{"train_samples": 30, "test_samples": 200, "source_model": "text-embedding-ada-002", "source_dim": 1536, "target_dim": 512, "test_results": {"bleu": 0.15, "bleu1": 12.37, "bleu2": 0.41, "bleu3": 0.02, "bleu4": 0.01, "rougeL": 0.0603, "rouge1": 0.0681, "rouge2": 0.0074, "exact_match": 0.0}, "loss": {"X_Y_COS": 1.0, "X_Y_MSEloss": 4.616507778268039e-14, "X_Y_test_COS": 0.917254626750946, "X_Y_test_MSEloss": 0.00030996595160104334, "X_Y_val_COS": 0.9169634580612183, "X_Y_val_MSEloss": 0.0003112103440798819}}