{"train_samples": 1, "test_samples": 200, "source_model": "google-t5/t5-base", "source_dim": 768, "target_dim": 512, "test_results": {"bleu": 0.15, "bleu1": 16.35, "bleu2": 0.92, "bleu3": 0.01, "bleu4": 0.01, "rougeL": 0.0654, "rouge1": 0.0686, "rouge2": 0.0102, "exact_match": 0.0}, "loss": {"X_Y_COS": 1.0000001192092896, "X_Y_MSEloss": 2.9994813090814063e-16, "X_Y_test_COS": 0.7554585337638855, "X_Y_test_MSEloss": 0.0009659861098043621, "X_Y_val_COS": 0.7579639554023743, "X_Y_val_MSEloss": 0.0009604126098565757}}