{"train_samples": 50, "test_samples": 200, "source_model": "text-embedding-ada-002", "source_dim": 1536, "target_dim": 512, "test_results": {"bleu": 0.16, "bleu1": 19.87, "bleu2": 0.52, "bleu3": 0.02, "bleu4": 0.01, "rougeL": 0.1046, "rouge1": 0.1298, "rouge2": 0.0027, "exact_match": 0.0}, "loss": {"X_Y_COS": 1.0, "X_Y_MSEloss": 1.1230328732930728e-12, "X_Y_test_COS": 0.850055992603302, "X_Y_test_MSEloss": 0.0005428470904007554, "X_Y_val_COS": 0.8497355580329895, "X_Y_val_MSEloss": 0.0005442498368211091}}