{"train_samples": 50, "test_samples": 200, "source_model": "google/flan-t5-base", "source_dim": 768, "target_dim": 512, "test_results": {"bleu": 0.23, "bleu1": 20.61, "bleu2": 0.94, "bleu3": 0.02, "bleu4": 0.01, "rougeL": 0.1262, "rouge1": 0.1424, "rouge2": 0.0073, "exact_match": 0.0}, "loss": {"X_Y_COS": 1.0, "X_Y_MSEloss": 1.5092119221016276e-10, "X_Y_test_COS": 0.9106046557426453, "X_Y_test_MSEloss": 0.0008117802208289504, "X_Y_val_COS": 0.9144124388694763, "X_Y_val_MSEloss": 0.0007891273126006126}}