{"train_samples": 50, "test_samples": 200, "source_model": "intfloat/multilingual-e5-base", "source_dim": 768, "target_dim": 512, "test_results": {"bleu": 0.15, "bleu1": 11.94, "bleu2": 0.34, "bleu3": 0.02, "bleu4": 0.01, "rougeL": 0.0634, "rouge1": 0.0735, "rouge2": 0.011, "exact_match": 0.0}, "loss": {"X_Y_COS": 1.0, "X_Y_MSEloss": 3.5135308551481614e-10, "X_Y_test_COS": 0.8935401439666748, "X_Y_test_MSEloss": 0.0008127365726977587, "X_Y_val_COS": 0.8898333311080933, "X_Y_val_MSEloss": 0.0008657436119392514}}