{"train_samples": 30, "test_samples": 200, "source_model": "google-t5/t5-base", "source_dim": 768, "target_dim": 512, "test_results": {"bleu": 0.05, "bleu1": 10.34, "bleu2": 0.02, "bleu3": 0.01, "bleu4": 0.0, "rougeL": 0.0034, "rouge1": 0.0034, "rouge2": 0.0, "exact_match": 0.0}, "loss": {"X_Y_COS": 0.9880803823471069, "X_Y_MSEloss": 4.489603088586591e-05, "X_Y_test_COS": 0.8002007603645325, "X_Y_test_MSEloss": 0.0007323920726776123, "X_Y_val_COS": 0.8066785335540771, "X_Y_val_MSEloss": 0.0007092647138051689}}