{"train_samples": 100, "test_samples": 200, "source_model": "text-embedding-ada-002", "source_dim": 1536, "target_dim": 512, "test_results": {"bleu": 13.48, "bleu1": 31.24, "bleu2": 12.88, "bleu3": 10.69, "bleu4": 9.55, "rougeL": 0.248, "rouge1": 0.2905, "rouge2": 0.1299, "exact_match": 0.0}, "loss": {"X_Y_COS": 0.9923404455184937, "X_Y_MSEloss": 3.2226278563030064e-05, "X_Y_test_COS": 0.9207192063331604, "X_Y_test_MSEloss": 0.0002968941698782146, "X_Y_val_COS": 0.9230849742889404, "X_Y_val_MSEloss": 0.00028884763014502823, "reg_lambda": 0.1}}