{"train_samples": 100, "test_samples": 200, "source_model": "text-embedding-ada-002", "source_dim": 1536, "target_dim": 512, "test_results": {"bleu": 0.15, "bleu1": 11.65, "bleu2": 0.34, "bleu3": 0.02, "bleu4": 0.01, "rougeL": 0.0547, "rouge1": 0.0638, "rouge2": 0.0095, "exact_match": 0.0}, "loss": {"X_Y_COS": 1.0, "X_Y_MSEloss": 1.8943420443395809e-10, "X_Y_test_COS": 0.8904981017112732, "X_Y_test_MSEloss": 0.0004077801713719964, "X_Y_val_COS": 0.8913297653198242, "X_Y_val_MSEloss": 0.00040551848360337317}}