{"train_samples": 1000, "test_samples": 200, "source_model": "google-bert/bert-base-multilingual-cased", "source_dim": 768, "target_dim": 512, "test_results": {"bleu": 5.86, "bleu1": 28.39, "bleu2": 6.22, "bleu3": 3.87, "bleu4": 3.29, "rougeL": 0.2123, "rouge1": 0.2526, "rouge2": 0.0554, "exact_match": 0.0}, "loss": {"X_Y_COS": 0.9778982400894165, "X_Y_MSEloss": 0.0002017014630837366, "X_Y_test_COS": 0.9394592046737671, "X_Y_test_MSEloss": 0.000534936087206006, "X_Y_val_COS": 0.9416599273681641, "X_Y_val_MSEloss": 0.0005329399136826396}}