{"train_samples": 500, "test_samples": 200, "source_model": "sentence-transformers/gtr-t5-base", "source_dim": 768, "target_dim": 512, "test_results": {"bleu": 0.05, "bleu1": 11.34, "bleu2": 0.02, "bleu3": 0.01, "bleu4": 0.01, "rougeL": 0.0136, "rouge1": 0.014, "rouge2": 0.0, "exact_match": 0.0}, "loss": {"X_Y_COS": 0.9914491176605225, "X_Y_MSEloss": 7.764638576190919e-05, "X_Y_test_COS": 0.8574143052101135, "X_Y_test_MSEloss": 0.0013742538867518306, "X_Y_val_COS": 0.857063353061676, "X_Y_val_MSEloss": 0.0013951760483905673}}