{"cosine_similarities": {"X_Y_COS": 0.621613085269928, "X_Y_test_COS": 0.5966637134552002, "X_Y_COS_LOSS": 0.37838688492774963, "X_Y_MSE_LOSS": 0.06063155457377434, "X_Y_test_COS_LOSS": 0.4033362865447998, "X_Y_test_MSE_LOSS": 0.06298395246267319}, "rouge_results": {"X_vs_gold": {"rouge1_f": 0.01825331760001271, "rouge2_f": 0.0024912762767997088, "rougeL_f": 0.016203873223375555}, "Y_vs_gold": {"rouge1_f": 0.0016609147248746803, "rouge2_f": 0.0, "rougeL_f": 0.0016609147248746803}, "X_vs_Y": {"rouge1_f": 0.5846698964031343, "rouge2_f": 0.4832801585544946, "rougeL_f": 0.5846698964031343}}}