{"train_samples": 30, "test_samples": 200, "source_model": "text-embedding-3-large", "source_dim": 3072, "target_dim": 512, "test_results": {"bleu": 0.26, "bleu1": 15.56, "bleu2": 0.65, "bleu3": 0.05, "bleu4": 0.01, "rougeL": 0.0862, "rouge1": 0.1093, "rouge2": 0.0048, "exact_match": 0.0}, "loss": {"X_Y_COS": 1.0, "X_Y_MSEloss": 1.6715539542799807e-12, "X_Y_test_COS": 0.7777895927429199, "X_Y_test_MSEloss": 0.001725545385852456, "X_Y_val_COS": 0.7838854193687439, "X_Y_val_MSEloss": 0.0016835691640153527}}