{"train_samples": 1000, "test_samples": 200, "source_model": "text-embedding-3-large", "source_dim": 3072, "target_dim": 512, "test_results": {"bleu": 0.38, "bleu1": 17.36, "bleu2": 1.1, "bleu3": 0.14, "bleu4": 0.02, "rougeL": 0.0664, "rouge1": 0.0762, "rouge2": 0.0056, "exact_match": 0.0}, "loss": {"X_Y_COS": 1.0, "X_Y_MSEloss": 6.570225474789027e-10, "X_Y_test_COS": 0.8694073557853699, "X_Y_test_MSEloss": 0.0005133299855515361, "X_Y_val_COS": 0.8774828910827637, "X_Y_val_MSEloss": 0.0004803902411367744}}