{"train_samples": 1, "test_samples": 200, "source_model": "google-bert/bert-base-multilingual-cased", "source_dim": 768, "target_dim": 512, "test_results": {"bleu": 0.06, "bleu1": 18.58, "bleu2": 0.02, "bleu3": 0.01, "bleu4": 0.01, "rougeL": 0.0788, "rouge1": 0.0887, "rouge2": 0.0, "exact_match": 0.0}, "loss": {"X_Y_COS": 1.0, "X_Y_MSEloss": 2.1381794962605663e-17, "X_Y_test_COS": 0.8720123767852783, "X_Y_test_MSEloss": 0.0016885697841644287, "X_Y_val_COS": 0.877674400806427, "X_Y_val_MSEloss": 0.0016608696896582842}}