{"train_samples": 5, "test_samples": 200, "source_model": "google/mt5-base", "source_dim": 768, "target_dim": 512, "test_results": {"bleu": 0.12, "bleu1": 14.64, "bleu2": 0.15, "bleu3": 0.02, "bleu4": 0.01, "rougeL": 0.0808, "rouge1": 0.0952, "rouge2": 0.0018, "exact_match": 0.0}, "loss": {"X_Y_COS": 1.0, "X_Y_MSEloss": 1.7657007800320201e-10, "X_Y_test_COS": 0.9144141674041748, "X_Y_test_MSEloss": 0.000687399588059634, "X_Y_val_COS": 0.9125206470489502, "X_Y_val_MSEloss": 0.0006752973422408104}}