{"train_samples": 5, "test_samples": 200, "source_model": "google/mt5-base", "source_dim": 768, "target_dim": 512, "test_results": {"bleu": 0.14, "bleu1": 15.21, "bleu2": 0.31, "bleu3": 0.02, "bleu4": 0.01, "rougeL": 0.0803, "rouge1": 0.0929, "rouge2": 0.0029, "exact_match": 0.0}, "loss": {"X_Y_COS": 1.0, "X_Y_MSEloss": 4.37883555310902e-16, "X_Y_test_COS": 0.8863653540611267, "X_Y_test_MSEloss": 0.0006328361923806369, "X_Y_val_COS": 0.8864352107048035, "X_Y_val_MSEloss": 0.0006078147562220693}}