{"train_samples": 3, "test_samples": 200, "source_model": "text-embedding-3-large", "source_dim": 3072, "target_dim": 512, "test_results": {"bleu": 0.16, "bleu1": 15.03, "bleu2": 0.32, "bleu3": 0.02, "bleu4": 0.01, "rougeL": 0.0923, "rouge1": 0.1107, "rouge2": 0.0035, "exact_match": 0.0}, "loss": {"X_Y_COS": 1.0, "X_Y_MSEloss": 1.5404808217212669e-16, "X_Y_test_COS": 0.8964573740959167, "X_Y_test_MSEloss": 0.000933584407903254, "X_Y_val_COS": 0.8968572020530701, "X_Y_val_MSEloss": 0.0009257742785848677}}