{"train_samples": 3, "test_samples": 200, "source_model": "text-embedding-3-large", "source_dim": 3072, "target_dim": 512, "test_results": {"bleu": 0.2, "bleu1": 14.98, "bleu2": 0.53, "bleu3": 0.02, "bleu4": 0.01, "rougeL": 0.1194, "rouge1": 0.1444, "rouge2": 0.0069, "exact_match": 0.0}, "loss": {"X_Y_COS": 1.0, "X_Y_MSEloss": 1.5436588118866723e-10, "X_Y_test_COS": 0.9236907958984375, "X_Y_test_MSEloss": 0.0019661367405205965, "X_Y_val_COS": 0.9220526814460754, "X_Y_val_MSEloss": 0.0020811562426388264}}