{"epoch": 4, "dev_acc": 60.5, "test_acc": 54.50000000000001, "test_f1": 54.50000000000001, "test_roc": 47.17}