{"train_samples": 1000, "test_samples": 200, "source_model": "random", "source_dim": 768, "target_dim": 512, "test_results": {"bleu": 0.24, "bleu1": 7.39, "bleu2": 0.34, "bleu3": 0.05, "bleu4": 0.03, "rougeL": 0.0556, "rouge1": 0.0624, "rouge2": 0.0031, "exact_match": 0.0}, "loss": {"X_Y_COS": 0.9120109677314758, "X_Y_MSEloss": 0.00041581166442483664, "X_Y_test_COS": 0.018342316150665283, "X_Y_test_MSEloss": 0.008538085035979748, "X_Y_val_COS": 0.03510715067386627, "X_Y_val_MSEloss": 0.0090947849676013}}