{"train_samples": 10, "test_samples": 200, "source_model": "sentence-transformers/gtr-t5-base", "source_dim": 768, "target_dim": 512, "test_results": {"bleu": 0.17, "bleu1": 14.22, "bleu2": 0.61, "bleu3": 0.02, "bleu4": 0.01, "rougeL": 0.1017, "rouge1": 0.132, "rouge2": 0.0051, "exact_match": 0.0}, "loss": {"X_Y_COS": 1.0, "X_Y_MSEloss": 4.1838287163163787e-16, "X_Y_test_COS": 0.8979222774505615, "X_Y_test_MSEloss": 0.0004023173823952675, "X_Y_val_COS": 0.8981389999389648, "X_Y_val_MSEloss": 0.000406200677389279}}