{"train_samples": 100, "test_samples": 200, "source_model": "google-bert/bert-base-multilingual-cased", "source_dim": 768, "target_dim": 512, "test_results": {"bleu": 0.17, "bleu1": 18.19, "bleu2": 0.94, "bleu3": 0.01, "bleu4": 0.01, "rougeL": 0.0672, "rouge1": 0.078, "rouge2": 0.0067, "exact_match": 0.0}, "loss": {"X_Y_COS": 1.0, "X_Y_MSEloss": 3.566654957487536e-11, "X_Y_test_COS": 0.8831515312194824, "X_Y_test_MSEloss": 0.00044405413791537285, "X_Y_val_COS": 0.8775594234466553, "X_Y_val_MSEloss": 0.00046203171950764954}}