{"train_samples": 10, "test_samples": 200, "source_model": "sentence-transformers/gtr-t5-base", "source_dim": 768, "target_dim": 512, "test_results": {"bleu": 0.04, "bleu1": 11.09, "bleu2": 0.02, "bleu3": 0.01, "bleu4": 0.01, "rougeL": 0.0057, "rouge1": 0.0063, "rouge2": 0.0, "exact_match": 0.0}, "loss": {"X_Y_COS": 1.0, "X_Y_MSEloss": 4.730398960147081e-16, "X_Y_test_COS": 0.8168880343437195, "X_Y_test_MSEloss": 0.0006652701995335519, "X_Y_val_COS": 0.8163236975669861, "X_Y_val_MSEloss": 0.0006694397307001054}}