{"train_samples": 3, "test_samples": 200, "source_model": "sentence-transformers/gtr-t5-base", "source_dim": 768, "target_dim": 512, "test_results": {"bleu": 0.14, "bleu1": 13.78, "bleu2": 0.53, "bleu3": 0.01, "bleu4": 0.01, "rougeL": 0.0751, "rouge1": 0.08, "rouge2": 0.0049, "exact_match": 0.0}, "loss": {"X_Y_COS": 1.0, "X_Y_MSEloss": 6.555389149126003e-16, "X_Y_test_COS": 0.8333210349082947, "X_Y_test_MSEloss": 0.0018822260899469256, "X_Y_val_COS": 0.8365768790245056, "X_Y_val_MSEloss": 0.001865573925897479}}