{"train_samples": 3, "test_samples": 200, "source_model": "sentence-transformers/gtr-t5-base", "source_dim": 768, "target_dim": 512, "test_results": {"bleu": 0.1, "bleu1": 12.01, "bleu2": 0.27, "bleu3": 0.02, "bleu4": 0.01, "rougeL": 0.0315, "rouge1": 0.033, "rouge2": 0.0016, "exact_match": 0.0}, "loss": {"X_Y_COS": 1.0, "X_Y_MSEloss": 2.6664104257889676e-10, "X_Y_test_COS": 0.8752257227897644, "X_Y_test_MSEloss": 0.0024007621686905622, "X_Y_val_COS": 0.8780831694602966, "X_Y_val_MSEloss": 0.0024593884591013193}}