{"train_samples": 1000, "test_samples": 200, "source_model": "google-bert/bert-base-multilingual-cased", "source_dim": 768, "target_dim": 512, "test_results": {"bleu": 0.18, "bleu1": 10.01, "bleu2": 0.21, "bleu3": 0.03, "bleu4": 0.02, "rougeL": 0.0623, "rouge1": 0.0684, "rouge2": 0.001, "exact_match": 0.0}, "loss": {"X_Y_COS": 0.8995268940925598, "X_Y_MSEloss": 0.0004487702390179038, "X_Y_test_COS": -0.06328202784061432, "X_Y_test_MSEloss": 0.007448124699294567, "X_Y_val_COS": 0.05615819990634918, "X_Y_val_MSEloss": 0.00694398395717144}}