{"train_samples": 5, "test_samples": 200, "source_model": "google-t5/t5-base", "source_dim": 768, "target_dim": 512, "test_results": {"bleu": 8.33, "bleu1": 22.42, "bleu2": 7.44, "bleu3": 6.23, "bleu4": 5.72, "rougeL": 0.1683, "rouge1": 0.1921, "rouge2": 0.0692, "exact_match": 0.0}, "loss": {"X_Y_COS": 1.0, "X_Y_MSEloss": 1.877089456092662e-10, "X_Y_test_COS": 0.8849599361419678, "X_Y_test_MSEloss": 0.0010174663038924336, "X_Y_val_COS": 0.8838362097740173, "X_Y_val_MSEloss": 0.0010100611252710223}}