{"train_samples": 40, "test_samples": 200, "source_model": "google-bert/bert-base-multilingual-cased", "source_dim": 768, "target_dim": 512, "test_results": {"bleu": 0.79, "bleu1": 15.65, "bleu2": 1.25, "bleu3": 0.31, "bleu4": 0.18, "rougeL": 0.0726, "rouge1": 0.0843, "rouge2": 0.0082, "exact_match": 0.0}, "loss": {"X_Y_COS": 1.0, "X_Y_MSEloss": 5.713764422536627e-13, "X_Y_test_COS": 0.8486530780792236, "X_Y_test_MSEloss": 0.0005491399206221104, "X_Y_val_COS": 0.8381402492523193, "X_Y_val_MSEloss": 0.000584522495046258}}