{"train_samples": 1, "test_samples": 200, "source_model": "sentence-transformers/all-MiniLM-L6-v2", "source_dim": 384, "target_dim": 512, "test_results": {"bleu": 0.13, "bleu1": 13.5, "bleu2": 0.28, "bleu3": 0.02, "bleu4": 0.01, "rougeL": 0.0756, "rouge1": 0.098, "rouge2": 0.0017, "exact_match": 0.0}, "loss": {"X_Y_COS": 1.0, "X_Y_MSEloss": 1.7535761794514217e-16, "X_Y_test_COS": 0.7181625366210938, "X_Y_test_MSEloss": 0.001489664544351399, "X_Y_val_COS": 0.7102484107017517, "X_Y_val_MSEloss": 0.001496498822234571}}