{"train_samples": 30, "test_samples": 200, "source_model": "google-t5/t5-base", "source_dim": 768, "target_dim": 512, "test_results": {"bleu": 0.21, "bleu1": 16.37, "bleu2": 0.91, "bleu3": 0.03, "bleu4": 0.01, "rougeL": 0.1302, "rouge1": 0.1498, "rouge2": 0.0089, "exact_match": 0.0}, "loss": {"X_Y_COS": 1.0, "X_Y_MSEloss": 4.261696551211003e-11, "X_Y_test_COS": 0.9212740659713745, "X_Y_test_MSEloss": 0.00056139548541978, "X_Y_val_COS": 0.9213975071907043, "X_Y_val_MSEloss": 0.0005710773984901607}}