{"train_samples": 100, "test_samples": 200, "source_model": "intfloat/multilingual-e5-base", "source_dim": 768, "target_dim": 512, "test_results": {"bleu": 0.09, "bleu1": 10.28, "bleu2": 0.03, "bleu3": 0.02, "bleu4": 0.01, "rougeL": 0.0031, "rouge1": 0.0031, "rouge2": 0.0, "exact_match": 0.0}, "loss": {"X_Y_COS": 0.9999998211860657, "X_Y_MSEloss": 7.886549746594085e-10, "X_Y_test_COS": 0.8941699266433716, "X_Y_test_MSEloss": 0.0003948552184738219, "X_Y_val_COS": 0.8927937150001526, "X_Y_val_MSEloss": 0.00040050092502497137}}