{"train_samples": 10, "test_samples": 200, "source_model": "sentence-transformers/gtr-t5-base", "source_dim": 768, "target_dim": 512, "test_results": {"bleu": 0.17, "bleu1": 13.14, "bleu2": 0.61, "bleu3": 0.03, "bleu4": 0.02, "rougeL": 0.1098, "rouge1": 0.1199, "rouge2": 0.0056, "exact_match": 0.0}, "loss": {"X_Y_COS": 1.0, "X_Y_MSEloss": 1.3785105001939968e-10, "X_Y_test_COS": 0.8806658983230591, "X_Y_test_MSEloss": 0.0008862495305947959, "X_Y_val_COS": 0.886576771736145, "X_Y_val_MSEloss": 0.0008704994688741863}}