{"train_samples": 8000, "test_samples": 200, "source_model": "sentence-transformers/gtr-t5-base", "source_dim": 768, "target_dim": 512, "test_results": {"bleu": 30.77, "bleu1": 51.28, "bleu2": 31.59, "bleu3": 26.31, "bleu4": 23.74, "rougeL": 0.4498, "rouge1": 0.5143, "rouge2": 0.323, "exact_match": 0.0}, "loss": {"X_Y_COS": 0.9532856941223145, "X_Y_MSEloss": 0.0001793154515326023, "X_Y_test_COS": 0.9449580311775208, "X_Y_test_MSEloss": 0.00021047540940344334, "X_Y_val_COS": 0.9471281170845032, "X_Y_val_MSEloss": 0.00020195553952362388}}