{"train_samples": 100, "test_samples": 200, "source_model": "google-bert/bert-base-multilingual-cased", "source_dim": 768, "target_dim": 512, "test_results": {"bleu": 0.09, "bleu1": 12.5, "bleu2": 0.06, "bleu3": 0.02, "bleu4": 0.01, "rougeL": 0.018, "rouge1": 0.0187, "rouge2": 0.0, "exact_match": 0.0}, "loss": {"X_Y_COS": 1.0, "X_Y_MSEloss": 6.872294400217527e-11, "X_Y_test_COS": 0.863777220249176, "X_Y_test_MSEloss": 0.0005103738512843847, "X_Y_val_COS": 0.86130690574646, "X_Y_val_MSEloss": 0.0005215764394961298}}