{"train_samples": 40, "test_samples": 200, "source_model": "text-embedding-ada-002", "source_dim": 1536, "target_dim": 512, "test_results": {"bleu": 0.23, "bleu1": 16.46, "bleu2": 0.76, "bleu3": 0.02, "bleu4": 0.01, "rougeL": 0.1013, "rouge1": 0.1257, "rouge2": 0.0082, "exact_match": 0.0}, "loss": {"X_Y_COS": 1.0, "X_Y_MSEloss": 2.5307284046149903e-10, "X_Y_test_COS": 0.855602502822876, "X_Y_test_MSEloss": 0.001087369630113244, "X_Y_val_COS": 0.8590734601020813, "X_Y_val_MSEloss": 0.0010657497914507985}}