{"train_samples": 30, "test_samples": 200, "source_model": "google-t5/t5-base", "source_dim": 768, "target_dim": 512, "test_results": {"bleu": 0.08, "bleu1": 9.22, "bleu2": 0.04, "bleu3": 0.02, "bleu4": 0.01, "rougeL": 0.0899, "rouge1": 0.1057, "rouge2": 0.0031, "exact_match": 0.0}, "loss": {"X_Y_COS": 1.0, "X_Y_MSEloss": 2.4111299068430014e-10, "X_Y_test_COS": 0.7863563299179077, "X_Y_test_MSEloss": 0.0007802943582646549, "X_Y_val_COS": 0.7877121567726135, "X_Y_val_MSEloss": 0.0007717636763118207}}