{"train_samples": 30, "test_samples": 200, "source_model": "google-t5/t5-base", "source_dim": 768, "target_dim": 512, "test_results": {"bleu": 11.0, "bleu1": 27.06, "bleu2": 10.27, "bleu3": 8.44, "bleu4": 7.7, "rougeL": 0.2014, "rouge1": 0.2375, "rouge2": 0.0942, "exact_match": 0.0}, "loss": {"X_Y_COS": 0.9969606399536133, "X_Y_MSEloss": 1.4080092114454601e-05, "X_Y_test_COS": 0.9156553149223328, "X_Y_test_MSEloss": 0.0003180579515174031, "X_Y_val_COS": 0.9139277338981628, "X_Y_val_MSEloss": 0.0003260621742811054, "reg_lambda": 0.1}}