{"train_samples": 20, "test_samples": 200, "source_model": "text-embedding-ada-002", "source_dim": 1536, "target_dim": 512, "test_results": {"bleu": 0.19, "bleu1": 12.58, "bleu2": 0.15, "bleu3": 0.06, "bleu4": 0.02, "rougeL": 0.022, "rouge1": 0.0238, "rouge2": 0.0, "exact_match": 0.0}, "loss": {"X_Y_COS": 1.0, "X_Y_MSEloss": 1.0926702149690899e-14, "X_Y_test_COS": 0.8846889138221741, "X_Y_test_MSEloss": 0.0004245680756866932, "X_Y_val_COS": 0.8820433020591736, "X_Y_val_MSEloss": 0.0004336149140726775}}