{"train_samples": 100, "test_samples": 200, "source_model": "google/flan-t5-base", "source_dim": 768, "target_dim": 512, "test_results": {"bleu": 1.29, "bleu1": 24.46, "bleu2": 2.55, "bleu3": 0.44, "bleu4": 0.12, "rougeL": 0.1563, "rouge1": 0.2123, "rouge2": 0.0271, "exact_match": 0.0}, "loss": {"X_Y_COS": 1.0, "X_Y_MSEloss": 1.1808631850129814e-09, "X_Y_test_COS": 0.8910401463508606, "X_Y_test_MSEloss": 0.0008569850469939411, "X_Y_val_COS": 0.8895836472511292, "X_Y_val_MSEloss": 0.0008652695105411112}}