{"train_samples": 40, "test_samples": 200, "source_model": "google-bert/bert-base-multilingual-cased", "source_dim": 768, "target_dim": 512, "test_results": {"bleu": 1.25, "bleu1": 17.53, "bleu2": 1.81, "bleu3": 0.53, "bleu4": 0.32, "rougeL": 0.1277, "rouge1": 0.149, "rouge2": 0.0138, "exact_match": 0.0}, "loss": {"X_Y_COS": 1.0, "X_Y_MSEloss": 2.5752400212297744e-10, "X_Y_test_COS": 0.9349369406700134, "X_Y_test_MSEloss": 0.0005727334646508098, "X_Y_val_COS": 0.9360523819923401, "X_Y_val_MSEloss": 0.0006018374115228653}}