{"train_samples": 1, "test_samples": 200, "source_model": "sentence-transformers/all-MiniLM-L6-v2", "source_dim": 384, "target_dim": 512, "test_results": {"bleu": 0.09, "bleu1": 9.34, "bleu2": 0.17, "bleu3": 0.02, "bleu4": 0.01, "rougeL": 0.0352, "rouge1": 0.038, "rouge2": 0.0017, "exact_match": 0.0}, "loss": {"X_Y_COS": 1.0, "X_Y_MSEloss": 2.6844922553101935e-17, "X_Y_test_COS": 0.7699720859527588, "X_Y_test_MSEloss": 0.0030942901503294706, "X_Y_val_COS": 0.7345870733261108, "X_Y_val_MSEloss": 0.003099465277045965}}