{"train_samples": 100, "test_samples": 200, "source_model": "text-embedding-3-large", "source_dim": 3072, "target_dim": 512, "test_results": {"bleu": 2.1, "bleu1": 21.57, "bleu2": 3.05, "bleu3": 0.97, "bleu4": 0.45, "rougeL": 0.1541, "rouge1": 0.1957, "rouge2": 0.0346, "exact_match": 0.0}, "loss": {"X_Y_COS": 1.0, "X_Y_MSEloss": 7.869303692291559e-15, "X_Y_test_COS": 0.8866384625434875, "X_Y_test_MSEloss": 0.0004318281135056168, "X_Y_val_COS": 0.8899281024932861, "X_Y_val_MSEloss": 0.00041966838762164116}}