{"train_samples": 10, "test_samples": 200, "source_model": "google/mt5-base", "source_dim": 768, "target_dim": 512, "test_results": {"bleu": 0.7, "bleu1": 20.34, "bleu2": 1.15, "bleu3": 0.16, "bleu4": 0.07, "rougeL": 0.1225, "rouge1": 0.1658, "rouge2": 0.011, "exact_match": 0.0}, "loss": {"X_Y_COS": 1.0, "X_Y_MSEloss": 1.96854185730011e-10, "X_Y_test_COS": 0.8750834465026855, "X_Y_test_MSEloss": 0.0009885556064546108, "X_Y_val_COS": 0.8848118185997009, "X_Y_val_MSEloss": 0.0009251849260181189}}