{"train_samples": 5, "test_samples": 200, "source_model": "intfloat/multilingual-e5-base", "source_dim": 768, "target_dim": 512, "test_results": {"bleu": 0.1, "bleu1": 12.93, "bleu2": 0.14, "bleu3": 0.02, "bleu4": 0.01, "rougeL": 0.048, "rouge1": 0.0541, "rouge2": 0.006, "exact_match": 0.0}, "loss": {"X_Y_COS": 1.0, "X_Y_MSEloss": 6.691009182497665e-16, "X_Y_test_COS": 0.86543208360672, "X_Y_test_MSEloss": 0.0004905190435238183, "X_Y_val_COS": 0.8583000898361206, "X_Y_val_MSEloss": 0.0005147121846675873}}