{"train_samples": 5, "test_samples": 200, "source_model": "intfloat/multilingual-e5-base", "source_dim": 768, "target_dim": 512, "test_results": {"bleu": 0.24, "bleu1": 15.9, "bleu2": 1.21, "bleu3": 0.02, "bleu4": 0.01, "rougeL": 0.1278, "rouge1": 0.1508, "rouge2": 0.0122, "exact_match": 0.0}, "loss": {"X_Y_COS": 1.0, "X_Y_MSEloss": 5.124559389404766e-16, "X_Y_test_COS": 0.9235758781433105, "X_Y_test_MSEloss": 0.0002883423294406384, "X_Y_val_COS": 0.926152765750885, "X_Y_val_MSEloss": 0.00027870628400705755}}