{"train_samples": 1000, "test_samples": 200, "source_model": "intfloat/multilingual-e5-base", "source_dim": 768, "target_dim": 512, "test_results": {"bleu": 1.48, "bleu1": 22.95, "bleu2": 2.67, "bleu3": 0.61, "bleu4": 0.14, "rougeL": 0.1611, "rouge1": 0.2101, "rouge2": 0.0325, "exact_match": 0.0}, "loss": {"X_Y_COS": 0.9703076481819153, "X_Y_MSEloss": 0.00011451757018221542, "X_Y_test_COS": 0.9299477934837341, "X_Y_test_MSEloss": 0.0002683172933757305, "X_Y_val_COS": 0.926222562789917, "X_Y_val_MSEloss": 0.0002827256394084543}}