{"train_samples": 30, "test_samples": 200, "source_model": "google/flan-t5-base", "source_dim": 768, "target_dim": 512, "test_results": {"bleu": 0.99, "bleu1": 21.15, "bleu2": 1.81, "bleu3": 0.33, "bleu4": 0.1, "rougeL": 0.1309, "rouge1": 0.1735, "rouge2": 0.0174, "exact_match": 0.0}, "loss": {"X_Y_COS": 1.0, "X_Y_MSEloss": 6.879594821335849e-15, "X_Y_test_COS": 0.8939640522003174, "X_Y_test_MSEloss": 0.00039578392170369625, "X_Y_val_COS": 0.8985478281974792, "X_Y_val_MSEloss": 0.0003823678125627339}}