{"train_samples": 1000, "test_samples": 200, "source_model": "text-embedding-ada-002", "source_dim": 1536, "target_dim": 512, "test_results": {"bleu": 11.7, "bleu1": 43.8, "bleu2": 16.61, "bleu3": 7.22, "bleu4": 3.57, "rougeL": 0.3763, "rouge1": 0.4724, "rouge2": 0.1837, "exact_match": 0.0}, "loss": {"X_Y_COS": 0.9827868342399597, "X_Y_MSEloss": 6.690654117846861e-05, "X_Y_test_COS": 0.9445216059684753, "X_Y_test_MSEloss": 0.0002119261334883049, "X_Y_val_COS": 0.9448731541633606, "X_Y_val_MSEloss": 0.00021068152273073792}}