{"train_samples": 50, "test_samples": 200, "source_model": "sentence-transformers/gtr-t5-base", "source_dim": 768, "target_dim": 512, "test_results": {"bleu": 0.27, "bleu1": 18.98, "bleu2": 1.12, "bleu3": 0.03, "bleu4": 0.01, "rougeL": 0.1161, "rouge1": 0.1466, "rouge2": 0.01, "exact_match": 0.0}, "loss": {"X_Y_COS": 1.0, "X_Y_MSEloss": 7.852107123517283e-16, "X_Y_test_COS": 0.8783369064331055, "X_Y_test_MSEloss": 0.0004597328952513635, "X_Y_val_COS": 0.8761414289474487, "X_Y_val_MSEloss": 0.0004673337971325964}}