{"train_samples": 1000, "test_samples": 200, "source_model": "google/mt5-base", "source_dim": 768, "target_dim": 512, "test_results": {"bleu": 3.46, "bleu1": 25.1, "bleu2": 4.65, "bleu3": 1.72, "bleu4": 0.71, "rougeL": 0.1819, "rouge1": 0.2318, "rouge2": 0.0507, "exact_match": 0.0}, "loss": {"X_Y_COS": 0.9639925956726074, "X_Y_MSEloss": 0.00013934425078332424, "X_Y_test_COS": 0.9321305751800537, "X_Y_test_MSEloss": 0.00026087480364367366, "X_Y_val_COS": 0.932729184627533, "X_Y_val_MSEloss": 0.00025820458540692925}}