{"train_samples": 100, "test_samples": 200, "source_model": "google-bert/bert-base-multilingual-cased", "source_dim": 768, "target_dim": 512, "test_results": {"bleu": 3.53, "bleu1": 21.12, "bleu2": 2.99, "bleu3": 2.06, "bleu4": 1.74, "rougeL": 0.1349, "rouge1": 0.1801, "rouge2": 0.0298, "exact_match": 0.0}, "loss": {"X_Y_COS": 0.9219381213188171, "X_Y_MSEloss": 0.00034543051151558757, "X_Y_test_COS": 0.9131505489349365, "X_Y_test_MSEloss": 0.0003776328812818974, "X_Y_val_COS": 0.9152785539627075, "X_Y_val_MSEloss": 0.0003718712832778692, "reg_lambda": 10}}