{"train_samples": 100, "test_samples": 200, "source_model": "google/flan-t5-base", "source_dim": 768, "target_dim": 512, "test_results": {"bleu": 0.22, "bleu1": 22.33, "bleu2": 1.26, "bleu3": 0.01, "bleu4": 0.01, "rougeL": 0.1419, "rouge1": 0.1811, "rouge2": 0.0112, "exact_match": 0.0}, "loss": {"X_Y_COS": 1.0, "X_Y_MSEloss": 7.491291614813989e-11, "X_Y_test_COS": 0.8793371915817261, "X_Y_test_MSEloss": 0.00045192777179181576, "X_Y_val_COS": 0.8858677744865417, "X_Y_val_MSEloss": 0.00042816411587409675}}