{"train_samples": 100, "test_samples": 200, "source_model": "sentence-transformers/gtr-t5-base", "source_dim": 768, "target_dim": 512, "test_results": {"bleu": 0.25, "bleu1": 17.84, "bleu2": 1.36, "bleu3": 0.02, "bleu4": 0.01, "rougeL": 0.1385, "rouge1": 0.1615, "rouge2": 0.0147, "exact_match": 0.0}, "loss": {"X_Y_COS": 1.0, "X_Y_MSEloss": 1.1872600342091588e-12, "X_Y_test_COS": 0.9241796135902405, "X_Y_test_MSEloss": 0.0002919057442341, "X_Y_val_COS": 0.9274816513061523, "X_Y_val_MSEloss": 0.00027988411602564156}}