{"train_samples": 1000, "test_samples": 200, "source_model": "text-embedding-3-large", "source_dim": 3072, "target_dim": 512, "test_results": {"bleu": 0.11, "bleu1": 9.6, "bleu2": 0.16, "bleu3": 0.02, "bleu4": 0.01, "rougeL": 0.0858, "rouge1": 0.0997, "rouge2": 0.0024, "exact_match": 0.0}, "loss": {"X_Y_COS": 0.9745835661888123, "X_Y_MSEloss": 9.909301297739148e-05, "X_Y_test_COS": 0.8069888949394226, "X_Y_test_MSEloss": 0.0007230802439153194, "X_Y_val_COS": 0.7996677160263062, "X_Y_val_MSEloss": 0.0007530706934630871}}