{"train_samples": 10, "test_samples": 200, "source_model": "google-t5/t5-base", "source_dim": 768, "target_dim": 512, "test_results": {"bleu": 0.25, "bleu1": 18.1, "bleu2": 1.27, "bleu3": 0.02, "bleu4": 0.01, "rougeL": 0.1379, "rouge1": 0.1578, "rouge2": 0.0126, "exact_match": 0.0}, "loss": {"X_Y_COS": 1.0, "X_Y_MSEloss": 8.455243815752404e-16, "X_Y_test_COS": 0.9279058575630188, "X_Y_test_MSEloss": 0.00027379897073842585, "X_Y_val_COS": 0.9305358529090881, "X_Y_val_MSEloss": 0.0002646518696565181}}