{"train_samples": 50, "test_samples": 200, "source_model": "google/mt5-base", "source_dim": 768, "target_dim": 512, "test_results": {"bleu": 0.58, "bleu1": 16.41, "bleu2": 0.96, "bleu3": 0.17, "bleu4": 0.12, "rougeL": 0.0613, "rouge1": 0.0687, "rouge2": 0.0048, "exact_match": 0.0}, "loss": {"X_Y_COS": 0.999998927116394, "X_Y_MSEloss": 4.179471702059345e-08, "X_Y_test_COS": 0.8733079433441162, "X_Y_test_MSEloss": 0.0011639005970209837, "X_Y_val_COS": 0.8736177086830139, "X_Y_val_MSEloss": 0.0011548184556886554}}