{"train_samples": 10, "test_samples": 200, "source_model": "text-embedding-3-large", "source_dim": 3072, "target_dim": 512, "test_results": {"bleu": 0.1, "bleu1": 13.19, "bleu2": 0.03, "bleu3": 0.02, "bleu4": 0.01, "rougeL": 0.0014, "rouge1": 0.0014, "rouge2": 0.0, "exact_match": 0.0}, "loss": {"X_Y_COS": 1.0, "X_Y_MSEloss": 1.3206789482823281e-16, "X_Y_test_COS": 0.873869776725769, "X_Y_test_MSEloss": 0.0008450044551864266, "X_Y_val_COS": 0.8734422326087952, "X_Y_val_MSEloss": 0.0008243029587902129}}