{"train_samples": 10, "test_samples": 200, "source_model": "intfloat/multilingual-e5-base", "source_dim": 768, "target_dim": 512, "test_results": {"bleu": 0.12, "bleu1": 14.14, "bleu2": 0.24, "bleu3": 0.02, "bleu4": 0.01, "rougeL": 0.0522, "rouge1": 0.0561, "rouge2": 0.0006, "exact_match": 0.0}, "loss": {"X_Y_COS": 1.0, "X_Y_MSEloss": 1.785044644582001e-15, "X_Y_test_COS": 0.8756163120269775, "X_Y_test_MSEloss": 0.0004564136906992644, "X_Y_val_COS": 0.8751013875007629, "X_Y_val_MSEloss": 0.00045784690883010626}}