{"train_samples": 40, "test_samples": 200, "source_model": "text-embedding-3-large", "source_dim": 3072, "target_dim": 512, "test_results": {"bleu": 0.17, "bleu1": 13.67, "bleu2": 0.67, "bleu3": 0.02, "bleu4": 0.01, "rougeL": 0.1166, "rouge1": 0.1463, "rouge2": 0.0087, "exact_match": 0.0}, "loss": {"X_Y_COS": 1.0, "X_Y_MSEloss": 1.6394181874879502e-15, "X_Y_test_COS": 0.8752992153167725, "X_Y_test_MSEloss": 0.0004932165611535311, "X_Y_val_COS": 0.8743635416030884, "X_Y_val_MSEloss": 0.0004923049127683043}}