{"train_samples": 5, "test_samples": 200, "source_model": "google-t5/t5-base", "source_dim": 768, "target_dim": 512, "test_results": {"bleu": 0.13, "bleu1": 9.72, "bleu2": 0.23, "bleu3": 0.02, "bleu4": 0.01, "rougeL": 0.0655, "rouge1": 0.0763, "rouge2": 0.0096, "exact_match": 0.0}, "loss": {"X_Y_COS": 1.0, "X_Y_MSEloss": 3.368438537691335e-16, "X_Y_test_COS": 0.8848900198936462, "X_Y_test_MSEloss": 0.00043086352525278926, "X_Y_val_COS": 0.8832375407218933, "X_Y_val_MSEloss": 0.0004379329620860517}}