{"train_samples": 500, "test_samples": 200, "source_model": "text-embedding-ada-002", "source_dim": 1536, "target_dim": 512, "test_results": {"bleu": 0.14, "bleu1": 12.13, "bleu2": 0.22, "bleu3": 0.02, "bleu4": 0.01, "rougeL": 0.0591, "rouge1": 0.0686, "rouge2": 0.007, "exact_match": 0.0}, "loss": {"X_Y_COS": 0.9732908606529236, "X_Y_MSEloss": 0.00010412758274469525, "X_Y_test_COS": 0.890866219997406, "X_Y_test_MSEloss": 0.0004126173153053969, "X_Y_val_COS": 0.8924111127853394, "X_Y_val_MSEloss": 0.00040679017547518015}}