{"train_samples": 3, "test_samples": 200, "source_model": "google/flan-t5-base", "source_dim": 768, "target_dim": 512, "test_results": {"bleu": 0.28, "bleu1": 16.77, "bleu2": 0.45, "bleu3": 0.06, "bleu4": 0.01, "rougeL": 0.0988, "rouge1": 0.1168, "rouge2": 0.0023, "exact_match": 0.0}, "loss": {"X_Y_COS": 1.0, "X_Y_MSEloss": 2.0800176858681851e-10, "X_Y_test_COS": 0.8337736129760742, "X_Y_test_MSEloss": 0.0011780285276472569, "X_Y_val_COS": 0.8368308544158936, "X_Y_val_MSEloss": 0.0011401635129004717}}