{"epoch": 0, "dev_acc": 49.5, "test_acc": 49.5, "test_f1": 43.580000000000005, "test_roc": 44.800000000000004}