{"train_samples": 50, "test_samples": 200, "source_model": "google-bert/bert-base-multilingual-cased", "source_dim": 768, "target_dim": 512, "test_results": {"bleu": 0.1, "bleu1": 8.41, "bleu2": 0.11, "bleu3": 0.01, "bleu4": 0.01, "rougeL": 0.0068, "rouge1": 0.0068, "rouge2": 0.0, "exact_match": 0.0}, "loss": {"X_Y_COS": 1.0, "X_Y_MSEloss": 5.597498376266885e-13, "X_Y_test_COS": 0.9026536345481873, "X_Y_test_MSEloss": 0.00036556064151227474, "X_Y_val_COS": 0.8995048403739929, "X_Y_val_MSEloss": 0.00037647029967047274}}