{"train_samples": 3, "test_samples": 200, "source_model": "google/mt5-base", "source_dim": 768, "target_dim": 512, "test_results": {"bleu": 0.65, "bleu1": 17.19, "bleu2": 0.92, "bleu3": 0.16, "bleu4": 0.07, "rougeL": 0.104, "rouge1": 0.1182, "rouge2": 0.0117, "exact_match": 0.0}, "loss": {"X_Y_COS": 1.0000001192092896, "X_Y_MSEloss": 3.193326387247329e-16, "X_Y_test_COS": 0.8342049717903137, "X_Y_test_MSEloss": 0.0005921684205532074, "X_Y_val_COS": 0.8378291130065918, "X_Y_val_MSEloss": 0.0005868764128535986}}