{"train_samples": 1, "test_samples": 200, "source_model": "google/mt5-base", "source_dim": 768, "target_dim": 512, "test_results": {"bleu": 0.05, "bleu1": 10.01, "bleu2": 0.02, "bleu3": 0.01, "bleu4": 0.01, "rougeL": 0.0155, "rouge1": 0.0155, "rouge2": 0.0, "exact_match": 0.0}, "loss": {"X_Y_COS": 1.0, "X_Y_MSEloss": 3.7287207592579503e-17, "X_Y_test_COS": 0.8324651718139648, "X_Y_test_MSEloss": 0.001187491579912603, "X_Y_val_COS": 0.8380609750747681, "X_Y_val_MSEloss": 0.0011940387776121497}}