{"train_samples": 1000, "test_samples": 200, "source_model": "sentence-transformers/all-MiniLM-L6-v2", "source_dim": 384, "target_dim": 512, "test_results": {"bleu": 4.03, "bleu1": 28.57, "bleu2": 4.79, "bleu3": 1.89, "bleu4": 1.16, "rougeL": 0.1896, "rouge1": 0.2469, "rouge2": 0.0504, "exact_match": 0.0}, "loss": {"X_Y_COS": 0.9616474509239197, "X_Y_MSEloss": 0.00015636296302545816, "X_Y_test_COS": 0.895420491695404, "X_Y_test_MSEloss": 0.00040924703353084624, "X_Y_val_COS": 0.8950756788253784, "X_Y_val_MSEloss": 0.0004145332204643637}}