{"train_samples": 1000, "test_samples": 200, "source_model": "google-bert/bert-base-multilingual-cased", "source_dim": 768, "target_dim": 512, "test_results": {"bleu": 0.8, "bleu1": 17.44, "bleu2": 1.93, "bleu3": 0.23, "bleu4": 0.05, "rougeL": 0.1311, "rouge1": 0.1516, "rouge2": 0.0151, "exact_match": 0.0}, "loss": {"X_Y_COS": 0.9536094069480896, "X_Y_MSEloss": 0.00031127003603614867, "X_Y_test_COS": 0.1823740154504776, "X_Y_test_MSEloss": 0.005455167032778263, "X_Y_val_COS": 0.1281757950782776, "X_Y_val_MSEloss": 0.005140074994415045}}