{"train_samples": 1000, "test_samples": 200, "source_model": "google-t5/t5-base", "source_dim": 768, "target_dim": 512, "test_results": {"bleu": 0.24, "bleu1": 17.12, "bleu2": 1.31, "bleu3": 0.02, "bleu4": 0.01, "rougeL": 0.1453, "rouge1": 0.1615, "rouge2": 0.0153, "exact_match": 0.0}, "loss": {"X_Y_COS": 0.9752330780029297, "X_Y_MSEloss": 9.693653555586934e-05, "X_Y_test_COS": 0.9453190565109253, "X_Y_test_MSEloss": 0.00021066449698992074, "X_Y_val_COS": 0.9464669823646545, "X_Y_val_MSEloss": 0.00020698137814179063}}