{"train_samples": 5, "test_samples": 200, "source_model": "sentence-transformers/all-MiniLM-L6-v2", "source_dim": 384, "target_dim": 512, "test_results": {"bleu": 0.18, "bleu1": 8.76, "bleu2": 0.17, "bleu3": 0.04, "bleu4": 0.02, "rougeL": 0.0022, "rouge1": 0.0022, "rouge2": 0.0, "exact_match": 0.0}, "loss": {"X_Y_COS": 1.0000001192092896, "X_Y_MSEloss": 1.8132595767528378e-16, "X_Y_test_COS": 0.8780155777931213, "X_Y_test_MSEloss": 0.0005031023756600916, "X_Y_val_COS": 0.8674125671386719, "X_Y_val_MSEloss": 0.0005174800753593445}}