{"train_samples": 50, "test_samples": 200, "source_model": "sentence-transformers/gtr-t5-base", "source_dim": 768, "target_dim": 512, "test_results": {"bleu": 0.16, "bleu1": 11.74, "bleu2": 0.15, "bleu3": 0.03, "bleu4": 0.02, "rougeL": 0.0327, "rouge1": 0.0357, "rouge2": 0.0006, "exact_match": 0.0}, "loss": {"X_Y_COS": 1.0, "X_Y_MSEloss": 4.1070557463837934e-14, "X_Y_test_COS": 0.8851844072341919, "X_Y_test_MSEloss": 0.0004292806261219084, "X_Y_val_COS": 0.8882589340209961, "X_Y_val_MSEloss": 0.00041923223761841655}}