{"train_samples": 10, "test_samples": 200, "source_model": "text-embedding-3-large", "source_dim": 3072, "target_dim": 512, "test_results": {"bleu": 0.94, "bleu1": 18.98, "bleu2": 1.46, "bleu3": 0.33, "bleu4": 0.09, "rougeL": 0.1191, "rouge1": 0.1486, "rouge2": 0.0156, "exact_match": 0.0}, "loss": {"X_Y_COS": 1.0, "X_Y_MSEloss": 1.6000170470480975e-16, "X_Y_test_COS": 0.8129717111587524, "X_Y_test_MSEloss": 0.0008482648408971727, "X_Y_val_COS": 0.8089385032653809, "X_Y_val_MSEloss": 0.0008482456905767322}}