{"train_samples": 20, "test_samples": 200, "source_model": "google-t5/t5-base", "source_dim": 768, "target_dim": 512, "test_results": {"bleu": 0.79, "bleu1": 19.02, "bleu2": 1.51, "bleu3": 0.22, "bleu4": 0.06, "rougeL": 0.1358, "rouge1": 0.1752, "rouge2": 0.0214, "exact_match": 0.0}, "loss": {"X_Y_COS": 1.0, "X_Y_MSEloss": 3.0954785176090516e-15, "X_Y_test_COS": 0.9204159379005432, "X_Y_test_MSEloss": 0.0003017916460521519, "X_Y_val_COS": 0.9186286926269531, "X_Y_val_MSEloss": 0.0003097141161561012}}