{"train_samples": 500, "test_samples": 200, "source_model": "text-embedding-3-large", "source_dim": 3072, "target_dim": 512, "test_results": {"bleu": 3.3, "bleu1": 26.89, "bleu2": 4.0, "bleu3": 1.4, "bleu4": 0.9, "rougeL": 0.1776, "rouge1": 0.2265, "rouge2": 0.0437, "exact_match": 0.0}, "loss": {"X_Y_COS": 1.0, "X_Y_MSEloss": 6.907328181648964e-11, "X_Y_test_COS": 0.9034649729728699, "X_Y_test_MSEloss": 0.00037082182825542986, "X_Y_val_COS": 0.9049674868583679, "X_Y_val_MSEloss": 0.00036631550756283104}}