{"train_samples": 10, "test_samples": 200, "source_model": "text-embedding-ada-002", "source_dim": 1536, "target_dim": 512, "test_results": {"bleu": 0.04, "bleu1": 12.66, "bleu2": 0.02, "bleu3": 0.01, "bleu4": 0.01, "rougeL": 0.0061, "rouge1": 0.0061, "rouge2": 0.0, "exact_match": 0.0}, "loss": {"X_Y_COS": 1.0, "X_Y_MSEloss": 1.511750522941585e-15, "X_Y_test_COS": 0.8902813792228699, "X_Y_test_MSEloss": 0.00040486102807335556, "X_Y_val_COS": 0.8851431012153625, "X_Y_val_MSEloss": 0.00042284015216864645}}