{"train_samples": 1000, "test_samples": 200, "source_model": "google-bert/bert-base-multilingual-cased", "source_dim": 768, "target_dim": 512, "test_results": {"bleu": 0.16, "bleu1": 9.85, "bleu2": 0.12, "bleu3": 0.03, "bleu4": 0.02, "rougeL": 0.0632, "rouge1": 0.0709, "rouge2": 0.0011, "exact_match": 0.0}, "loss": {"X_Y_COS": 0.899930477142334, "X_Y_MSEloss": 0.00045777636114507914, "X_Y_test_COS": -0.008052768185734749, "X_Y_test_MSEloss": 0.00861369725316763, "X_Y_val_COS": 0.02271907590329647, "X_Y_val_MSEloss": 0.007675809785723686}}