{"train_samples": 30, "test_samples": 200, "source_model": "google/flan-t5-base", "source_dim": 768, "target_dim": 512, "test_results": {"bleu": 1.82, "bleu1": 21.91, "bleu2": 2.64, "bleu3": 0.66, "bleu4": 0.35, "rougeL": 0.1439, "rouge1": 0.1851, "rouge2": 0.0286, "exact_match": 0.0}, "loss": {"X_Y_COS": 1.0, "X_Y_MSEloss": 9.525296811073794e-14, "X_Y_test_COS": 0.8331599235534668, "X_Y_test_MSEloss": 0.0006012710509821773, "X_Y_val_COS": 0.8311446309089661, "X_Y_val_MSEloss": 0.0006071535754017532}}