{"train_samples": 500, "test_samples": 200, "source_model": "text-embedding-3-large", "source_dim": 3072, "target_dim": 512, "test_results": {"bleu": 0.11, "bleu1": 12.78, "bleu2": 0.11, "bleu3": 0.02, "bleu4": 0.01, "rougeL": 0.024, "rouge1": 0.0257, "rouge2": 0.0, "exact_match": 0.0}, "loss": {"X_Y_COS": 1.0, "X_Y_MSEloss": 3.4086630740226553e-10, "X_Y_test_COS": 0.8704878687858582, "X_Y_test_MSEloss": 0.0004949344438500702, "X_Y_val_COS": 0.8656835556030273, "X_Y_val_MSEloss": 0.0005124079179950058}}