{"train_samples": 10, "test_samples": 200, "source_model": "text-embedding-ada-002", "source_dim": 1536, "target_dim": 512, "test_results": {"bleu": 0.14, "bleu1": 11.18, "bleu2": 0.29, "bleu3": 0.02, "bleu4": 0.01, "rougeL": 0.0576, "rouge1": 0.0643, "rouge2": 0.0111, "exact_match": 0.0}, "loss": {"X_Y_COS": 1.0, "X_Y_MSEloss": 1.9449641897040237e-10, "X_Y_test_COS": 0.8849617838859558, "X_Y_test_MSEloss": 0.0008574104285798967, "X_Y_val_COS": 0.8806106448173523, "X_Y_val_MSEloss": 0.0009275793563574553}}