{"train_samples": 3, "test_samples": 200, "source_model": "text-embedding-ada-002", "source_dim": 1536, "target_dim": 512, "test_results": {"bleu": 0.25, "bleu1": 15.62, "bleu2": 1.47, "bleu3": 0.02, "bleu4": 0.01, "rougeL": 0.1329, "rouge1": 0.1596, "rouge2": 0.0152, "exact_match": 0.0}, "loss": {"X_Y_COS": 1.0, "X_Y_MSEloss": 1.330955575514891e-15, "X_Y_test_COS": 0.9191857576370239, "X_Y_test_MSEloss": 0.00030900901765562594, "X_Y_val_COS": 0.9212000966072083, "X_Y_val_MSEloss": 0.0003019202558789402}}