{"train_samples": 1000, "test_samples": 200, "source_model": "google-bert/bert-base-multilingual-cased", "source_dim": 768, "target_dim": 512, "test_results": {"bleu": 0.21, "bleu1": 10.5, "bleu2": 0.38, "bleu3": 0.03, "bleu4": 0.02, "rougeL": 0.0648, "rouge1": 0.0772, "rouge2": 0.0025, "exact_match": 0.0}, "loss": {"X_Y_COS": 0.9132840037345886, "X_Y_MSEloss": 0.0004128744767513126, "X_Y_test_COS": -0.026751846075057983, "X_Y_test_MSEloss": 0.009435676038265228, "X_Y_val_COS": -0.012877100147306919, "X_Y_val_MSEloss": 0.009850570000708103}}