{"train_samples": 100, "test_samples": 200, "source_model": "sentence-transformers/gtr-t5-base", "source_dim": 768, "target_dim": 512, "test_results": {"bleu": 0.18, "bleu1": 12.82, "bleu2": 0.56, "bleu3": 0.02, "bleu4": 0.01, "rougeL": 0.1002, "rouge1": 0.1066, "rouge2": 0.0048, "exact_match": 0.0}, "loss": {"X_Y_COS": 0.9999998807907104, "X_Y_MSEloss": 2.2284949441342405e-09, "X_Y_test_COS": 0.8752120733261108, "X_Y_test_MSEloss": 0.000885273446328938, "X_Y_val_COS": 0.879882276058197, "X_Y_val_MSEloss": 0.0008661709725856781}}