{"train_samples": 1, "test_samples": 200, "source_model": "text-embedding-ada-002", "source_dim": 1536, "target_dim": 512, "test_results": {"bleu": 0.11, "bleu1": 10.92, "bleu2": 0.13, "bleu3": 0.02, "bleu4": 0.01, "rougeL": 0.0362, "rouge1": 0.0415, "rouge2": 0.0014, "exact_match": 0.0}, "loss": {"X_Y_COS": 0.9999999403953552, "X_Y_MSEloss": 6.362978838893611e-15, "X_Y_test_COS": 0.7700889110565186, "X_Y_test_MSEloss": 0.0013760605361312628, "X_Y_val_COS": 0.775593638420105, "X_Y_val_MSEloss": 0.001369369332678616}}