{"train_samples": 5, "test_samples": 200, "source_model": "google/mt5-base", "source_dim": 768, "target_dim": 512, "test_results": {"bleu": 0.04, "bleu1": 9.39, "bleu2": 0.01, "bleu3": 0.01, "bleu4": 0.0, "rougeL": 0.0027, "rouge1": 0.0027, "rouge2": 0.0, "exact_match": 0.0}, "loss": {"X_Y_COS": 1.0, "X_Y_MSEloss": 6.713322147910712e-16, "X_Y_test_COS": 0.8847218155860901, "X_Y_test_MSEloss": 0.0004246125172358006, "X_Y_val_COS": 0.8852667808532715, "X_Y_val_MSEloss": 0.000426235084887594}}