{"train_samples": 3, "test_samples": 200, "source_model": "google-t5/t5-base", "source_dim": 768, "target_dim": 512, "test_results": {"bleu": 0.26, "bleu1": 19.07, "bleu2": 0.64, "bleu3": 0.03, "bleu4": 0.01, "rougeL": 0.1221, "rouge1": 0.161, "rouge2": 0.0083, "exact_match": 0.0}, "loss": {"X_Y_COS": 1.0, "X_Y_MSEloss": 4.002107855999217e-16, "X_Y_test_COS": 0.8836669921875, "X_Y_test_MSEloss": 0.00043111585546284914, "X_Y_val_COS": 0.8853945136070251, "X_Y_val_MSEloss": 0.00042437680531293154}}