{"train_samples": 500, "test_samples": 200, "source_model": "text-embedding-3-large", "source_dim": 3072, "target_dim": 512, "test_results": {"bleu": 0.13, "bleu1": 13.22, "bleu2": 0.24, "bleu3": 0.02, "bleu4": 0.01, "rougeL": 0.0361, "rouge1": 0.0387, "rouge2": 0.0011, "exact_match": 0.0}, "loss": {"X_Y_COS": 1.0, "X_Y_MSEloss": 6.421433523806641e-11, "X_Y_test_COS": 0.8809974193572998, "X_Y_test_MSEloss": 0.00045416055945679545, "X_Y_val_COS": 0.8805485367774963, "X_Y_val_MSEloss": 0.0004600489337462932}}