{"train_samples": 3, "test_samples": 200, "source_model": "text-embedding-ada-002", "source_dim": 1536, "target_dim": 512, "test_results": {"bleu": 0.08, "bleu1": 9.47, "bleu2": 0.09, "bleu3": 0.02, "bleu4": 0.01, "rougeL": 0.042, "rouge1": 0.0447, "rouge2": 0.0046, "exact_match": 0.0}, "loss": {"X_Y_COS": 1.0, "X_Y_MSEloss": 7.209600339893782e-16, "X_Y_test_COS": 0.8955985307693481, "X_Y_test_MSEloss": 0.0003893768007401377, "X_Y_val_COS": 0.8956928849220276, "X_Y_val_MSEloss": 0.0003891063679475337}}