{"train_samples": 1000, "test_samples": 200, "source_model": "sentence-transformers/gtr-t5-base", "source_dim": 768, "target_dim": 512, "test_results": {"bleu": 0.87, "bleu1": 9.08, "bleu2": 0.76, "bleu3": 0.45, "bleu4": 0.21, "rougeL": 0.0441, "rouge1": 0.0484, "rouge2": 0.002, "exact_match": 0.0}, "loss": {"X_Y_COS": 0.9105008840560913, "X_Y_MSEloss": 0.00043122959323227406, "X_Y_test_COS": -0.025650963187217712, "X_Y_test_MSEloss": 0.008053656667470932, "X_Y_val_COS": 0.004486087244004011, "X_Y_val_MSEloss": 0.007717997767031193}}