{"train_samples": 1000, "test_samples": 200, "source_model": "text-embedding-3-large", "source_dim": 3072, "target_dim": 512, "test_results": {"bleu": 1.16, "bleu1": 17.05, "bleu2": 1.99, "bleu3": 0.46, "bleu4": 0.14, "rougeL": 0.1206, "rouge1": 0.1389, "rouge2": 0.0127, "exact_match": 0.0}, "loss": {"X_Y_COS": 1.0, "X_Y_MSEloss": 7.722299091416501e-14, "X_Y_test_COS": 0.015485442243516445, "X_Y_test_MSEloss": 0.0029415416065603495, "X_Y_val_COS": 0.0917574092745781, "X_Y_val_MSEloss": 0.002900879131630063}}