{"train_samples": 1000, "test_samples": 200, "source_model": "text-embedding-3-large", "source_dim": 3072, "target_dim": 512, "test_results": {"bleu": 1.16, "bleu1": 8.84, "bleu2": 1.03, "bleu3": 0.65, "bleu4": 0.34, "rougeL": 0.0455, "rouge1": 0.05, "rouge2": 0.0017, "exact_match": 0.0}, "loss": {"X_Y_COS": 1.0, "X_Y_MSEloss": 8.108516977431077e-14, "X_Y_test_COS": -0.0753619521856308, "X_Y_test_MSEloss": 0.003130707424134016, "X_Y_val_COS": 0.042234357446432114, "X_Y_val_MSEloss": 0.0027791750617325306}}