{"train_samples": 1000, "test_samples": 200, "source_model": "sentence-transformers/gtr-t5-base", "source_dim": 768, "target_dim": 512, "test_results": {"bleu": 0.83, "bleu1": 16.36, "bleu2": 1.62, "bleu3": 0.24, "bleu4": 0.08, "rougeL": 0.1288, "rouge1": 0.1429, "rouge2": 0.0129, "exact_match": 0.0}, "loss": {"X_Y_COS": 0.9149530529975891, "X_Y_MSEloss": 0.00043571172864176333, "X_Y_test_COS": 0.051909711211919785, "X_Y_test_MSEloss": 0.008385751396417618, "X_Y_val_COS": 0.032370053231716156, "X_Y_val_MSEloss": 0.00876140408217907}}