{"train_samples": 1, "test_samples": 200, "source_model": "sentence-transformers/all-MiniLM-L6-v2", "source_dim": 384, "target_dim": 512, "test_results": {"bleu": 0.03, "bleu1": 1.42, "bleu2": 0.01, "bleu3": 0.01, "bleu4": 0.0, "rougeL": 0.0063, "rouge1": 0.0063, "rouge2": 0.0, "exact_match": 0.0}, "loss": {"X_Y_COS": 1.0, "X_Y_MSEloss": 2.3025546769175113e-17, "X_Y_test_COS": 0.7223173379898071, "X_Y_test_MSEloss": 0.0028749273624271154, "X_Y_val_COS": 0.6903007626533508, "X_Y_val_MSEloss": 0.002846884075552225}}