{"train_samples": 100, "test_samples": 200, "source_model": "google-t5/t5-base", "source_dim": 768, "target_dim": 512, "test_results": {"bleu": 0.55, "bleu1": 17.52, "bleu2": 0.92, "bleu3": 0.23, "bleu4": 0.14, "rougeL": 0.0576, "rouge1": 0.0633, "rouge2": 0.0039, "exact_match": 0.0}, "loss": {"X_Y_COS": 1.0, "X_Y_MSEloss": 8.44843986436139e-12, "X_Y_test_COS": 0.9036691188812256, "X_Y_test_MSEloss": 0.000654075585771352, "X_Y_val_COS": 0.9043933153152466, "X_Y_val_MSEloss": 0.0006445221370086074}}