{"train_samples": 3, "test_samples": 200, "source_model": "text-embedding-3-large", "source_dim": 3072, "target_dim": 512, "test_results": {"bleu": 0.27, "bleu1": 16.33, "bleu2": 0.52, "bleu3": 0.17, "bleu4": 0.1, "rougeL": 0.0125, "rouge1": 0.0129, "rouge2": 0.0, "exact_match": 0.0}, "loss": {"X_Y_COS": 1.0, "X_Y_MSEloss": 6.956105613395436e-15, "X_Y_test_COS": 0.7899816036224365, "X_Y_test_MSEloss": 0.002980587538331747, "X_Y_val_COS": 0.7961353063583374, "X_Y_val_MSEloss": 0.0030444234143942595}}