{"train_samples": 1000, "test_samples": 200, "source_model": "sentence-transformers/gtr-t5-base", "source_dim": 768, "target_dim": 512, "test_results": {"bleu": 0.22, "bleu1": 10.53, "bleu2": 0.33, "bleu3": 0.04, "bleu4": 0.02, "rougeL": 0.0126, "rouge1": 0.013, "rouge2": 0.0018, "exact_match": 0.0}, "loss": {"X_Y_COS": 0.9428961277008057, "X_Y_MSEloss": 0.00021601842308882624, "X_Y_test_COS": 0.8802198767662048, "X_Y_test_MSEloss": 0.0004646199813578278, "X_Y_val_COS": 0.8714128136634827, "X_Y_val_MSEloss": 0.0004947961424477398}}