{"train_samples": 300, "test_samples": 200, "source_model": "text-embedding-ada-002", "source_dim": 1536, "target_dim": 512, "test_results": {"bleu": 18.35, "bleu1": 35.47, "bleu2": 17.79, "bleu3": 15.46, "bleu4": 14.34, "rougeL": 0.287, "rouge1": 0.3325, "rouge2": 0.1779, "exact_match": 0.0}, "loss": {"X_Y_COS": 0.9518648386001587, "X_Y_MSEloss": 0.00018547156651038677, "X_Y_test_COS": 0.9274001717567444, "X_Y_test_MSEloss": 0.0002727773680817336, "X_Y_val_COS": 0.9294662475585938, "X_Y_val_MSEloss": 0.0002659187885001302, "reg_lambda": 1}}