{"train_samples": 5, "test_samples": 200, "source_model": "google-bert/bert-base-multilingual-cased", "source_dim": 768, "target_dim": 512, "test_results": {"bleu": 8.32, "bleu1": 23.42, "bleu2": 7.85, "bleu3": 6.62, "bleu4": 6.0, "rougeL": 0.1565, "rouge1": 0.1759, "rouge2": 0.0699, "exact_match": 0.0}, "loss": {"X_Y_COS": 1.0, "X_Y_MSEloss": 3.7840709874641196e-16, "X_Y_test_COS": 0.8976240158081055, "X_Y_test_MSEloss": 0.0004013662983197719, "X_Y_val_COS": 0.8991068005561829, "X_Y_val_MSEloss": 0.0004007074749097228}}