{"train_samples": 10, "test_samples": 200, "source_model": "intfloat/multilingual-e5-base", "source_dim": 768, "target_dim": 512, "test_results": {"bleu": 0.17, "bleu1": 16.71, "bleu2": 0.77, "bleu3": 0.01, "bleu4": 0.01, "rougeL": 0.0876, "rouge1": 0.0985, "rouge2": 0.0063, "exact_match": 0.0}, "loss": {"X_Y_COS": 1.0, "X_Y_MSEloss": 1.564673988518981e-15, "X_Y_test_COS": 0.8812493681907654, "X_Y_test_MSEloss": 0.0004369506787043065, "X_Y_val_COS": 0.877824068069458, "X_Y_val_MSEloss": 0.00044933511526323855}}