{"train_samples": 20, "test_samples": 200, "source_model": "sentence-transformers/all-MiniLM-L6-v2", "source_dim": 384, "target_dim": 512, "test_results": {"bleu": 0.24, "bleu1": 15.91, "bleu2": 1.16, "bleu3": 0.02, "bleu4": 0.01, "rougeL": 0.1312, "rouge1": 0.1496, "rouge2": 0.0125, "exact_match": 0.0}, "loss": {"X_Y_COS": 1.0, "X_Y_MSEloss": 3.957287107595256e-16, "X_Y_test_COS": 0.925186812877655, "X_Y_test_MSEloss": 0.00032570696203038096, "X_Y_val_COS": 0.9281781315803528, "X_Y_val_MSEloss": 0.00030976644484326243}}