{"train_samples": 5, "test_samples": 200, "source_model": "google-bert/bert-base-multilingual-cased", "source_dim": 768, "target_dim": 512, "test_results": {"bleu": 0.08, "bleu1": 8.16, "bleu2": 0.04, "bleu3": 0.02, "bleu4": 0.01, "rougeL": 0.0, "rouge1": 0.0, "rouge2": 0.0, "exact_match": 0.0}, "loss": {"X_Y_COS": 1.000000238418579, "X_Y_MSEloss": 5.271539722785884e-16, "X_Y_test_COS": 0.82582026720047, "X_Y_test_MSEloss": 0.0006325937574729323, "X_Y_val_COS": 0.8264815211296082, "X_Y_val_MSEloss": 0.0006279557710513473}}