{"train_samples": 5, "test_samples": 200, "source_model": "sentence-transformers/gtr-t5-base", "source_dim": 768, "target_dim": 512, "test_results": {"bleu": 0.12, "bleu1": 14.47, "bleu2": 0.34, "bleu3": 0.01, "bleu4": 0.01, "rougeL": 0.0689, "rouge1": 0.0725, "rouge2": 0.0033, "exact_match": 0.0}, "loss": {"X_Y_COS": 1.0, "X_Y_MSEloss": 6.163562295638005e-16, "X_Y_test_COS": 0.8500380516052246, "X_Y_test_MSEloss": 0.0016269419575110078, "X_Y_val_COS": 0.8549695611000061, "X_Y_val_MSEloss": 0.001604495570063591}}