{"train_samples": 1000, "test_samples": 200, "source_model": "google-bert/bert-base-multilingual-cased", "source_dim": 768, "target_dim": 512, "test_results": {"bleu": 10.58, "bleu1": 43.24, "bleu2": 15.95, "bleu3": 6.24, "bleu4": 2.91, "rougeL": 0.3582, "rouge1": 0.4542, "rouge2": 0.169, "exact_match": 0.0}, "loss": {"X_Y_COS": 0.9834288954734802, "X_Y_MSEloss": 6.4783678681124e-05, "X_Y_test_COS": 0.9421609044075012, "X_Y_test_MSEloss": 0.00022468606766778976, "X_Y_val_COS": 0.944075882434845, "X_Y_val_MSEloss": 0.0002178231516154483}}