{"train_samples": 50, "test_samples": 200, "source_model": "google/flan-t5-base", "source_dim": 768, "target_dim": 512, "test_results": {"bleu": 0.25, "bleu1": 16.11, "bleu2": 1.2, "bleu3": 0.02, "bleu4": 0.01, "rougeL": 0.1455, "rouge1": 0.168, "rouge2": 0.0118, "exact_match": 0.0}, "loss": {"X_Y_COS": 1.0, "X_Y_MSEloss": 1.0719496714968815e-14, "X_Y_test_COS": 0.9332271814346313, "X_Y_test_MSEloss": 0.0005074639338999987, "X_Y_val_COS": 0.9354946613311768, "X_Y_val_MSEloss": 0.0004921815125271678}}