{"train_samples": 3, "test_samples": 200, "source_model": "google-bert/bert-base-multilingual-cased", "source_dim": 768, "target_dim": 512, "test_results": {"bleu": 0.19, "bleu1": 19.15, "bleu2": 0.79, "bleu3": 0.01, "bleu4": 0.01, "rougeL": 0.1302, "rouge1": 0.1786, "rouge2": 0.0086, "exact_match": 0.0}, "loss": {"X_Y_COS": 1.0000001192092896, "X_Y_MSEloss": 3.359328433645819e-16, "X_Y_test_COS": 0.8487780690193176, "X_Y_test_MSEloss": 0.0005913420463912189, "X_Y_val_COS": 0.8528382182121277, "X_Y_val_MSEloss": 0.000576352293137461}}