{"train_samples": 40, "test_samples": 200, "source_model": "intfloat/multilingual-e5-base", "source_dim": 768, "target_dim": 512, "test_results": {"bleu": 0.13, "bleu1": 11.47, "bleu2": 0.18, "bleu3": 0.02, "bleu4": 0.01, "rougeL": 0.0572, "rouge1": 0.0644, "rouge2": 0.006, "exact_match": 0.0}, "loss": {"X_Y_COS": 1.0, "X_Y_MSEloss": 1.1863306561069042e-12, "X_Y_test_COS": 0.8932482600212097, "X_Y_test_MSEloss": 0.0003952146216761321, "X_Y_val_COS": 0.8928145170211792, "X_Y_val_MSEloss": 0.0003972221747972071}}