{"train_samples": 5, "test_samples": 200, "source_model": "text-embedding-ada-002", "source_dim": 1536, "target_dim": 512, "test_results": {"bleu": 0.22, "bleu1": 13.95, "bleu2": 0.43, "bleu3": 0.03, "bleu4": 0.02, "rougeL": 0.0934, "rouge1": 0.1148, "rouge2": 0.0047, "exact_match": 0.0}, "loss": {"X_Y_COS": 1.0, "X_Y_MSEloss": 7.95772048533687e-16, "X_Y_test_COS": 0.8399459719657898, "X_Y_test_MSEloss": 0.0005751461139880121, "X_Y_val_COS": 0.8410513401031494, "X_Y_val_MSEloss": 0.0005715902661904693}}