{"train_samples": 1000, "test_samples": 200, "source_model": "google-t5/t5-base", "source_dim": 768, "target_dim": 512, "test_results": {"bleu": 1.1, "bleu1": 9.46, "bleu2": 1.15, "bleu3": 0.66, "bleu4": 0.25, "rougeL": 0.0429, "rouge1": 0.0473, "rouge2": 0.001, "exact_match": 0.0}, "loss": {"X_Y_COS": 0.9117166996002197, "X_Y_MSEloss": 0.0004426012746989727, "X_Y_test_COS": -0.021012434735894203, "X_Y_test_MSEloss": 0.008727854117751122, "X_Y_val_COS": -0.0010016488377004862, "X_Y_val_MSEloss": 0.007783690467476845}}