{"train_samples": 30, "test_samples": 200, "source_model": "google/flan-t5-base", "source_dim": 768, "target_dim": 512, "test_results": {"bleu": 13.84, "bleu1": 29.32, "bleu2": 12.82, "bleu3": 10.93, "bleu4": 10.32, "rougeL": 0.2247, "rouge1": 0.2613, "rouge2": 0.1204, "exact_match": 0.0}, "loss": {"X_Y_COS": 1.0, "X_Y_MSEloss": 1.1472388726399378e-14, "X_Y_test_COS": 0.9124091863632202, "X_Y_test_MSEloss": 0.00033032154897227883, "X_Y_val_COS": 0.9052250981330872, "X_Y_val_MSEloss": 0.0003576858143787831}}