{"train_samples": 30, "test_samples": 200, "source_model": "intfloat/multilingual-e5-base", "source_dim": 768, "target_dim": 512, "test_results": {"bleu": 0.04, "bleu1": 9.55, "bleu2": 0.01, "bleu3": 0.01, "bleu4": 0.0, "rougeL": 0.0031, "rouge1": 0.0036, "rouge2": 0.0, "exact_match": 0.0}, "loss": {"X_Y_COS": 1.0, "X_Y_MSEloss": 4.2473078006033393e-13, "X_Y_test_COS": 0.9009628295898438, "X_Y_test_MSEloss": 0.00036772919702343643, "X_Y_val_COS": 0.9029046297073364, "X_Y_val_MSEloss": 0.00036093994276598096}}