{"train_samples": 500, "test_samples": 200, "source_model": "text-embedding-ada-002", "source_dim": 1536, "target_dim": 512, "test_results": {"bleu": 0.09, "bleu1": 7.22, "bleu2": 0.06, "bleu3": 0.02, "bleu4": 0.01, "rougeL": 0.0376, "rouge1": 0.0419, "rouge2": 0.005, "exact_match": 0.0}, "loss": {"X_Y_COS": 0.9748625755310059, "X_Y_MSEloss": 0.00019182130927219987, "X_Y_test_COS": 0.8231667876243591, "X_Y_test_MSEloss": 0.0013477515894919634, "X_Y_val_COS": 0.823016881942749, "X_Y_val_MSEloss": 0.0013732356019318104}}