{"train_samples": 30, "test_samples": 200, "source_model": "google-t5/t5-base", "source_dim": 768, "target_dim": 512, "test_results": {"bleu": 0.42, "bleu1": 18.3, "bleu2": 1.07, "bleu3": 0.07, "bleu4": 0.03, "rougeL": 0.1337, "rouge1": 0.1812, "rouge2": 0.0107, "exact_match": 0.0}, "loss": {"X_Y_COS": 1.0, "X_Y_MSEloss": 4.9515106641598305e-15, "X_Y_test_COS": 0.9324566125869751, "X_Y_test_MSEloss": 0.00045331649016588926, "X_Y_val_COS": 0.9326943755149841, "X_Y_val_MSEloss": 0.00044756196439266205}}