{"train_samples": 30, "test_samples": 200, "source_model": "google/mt5-base", "source_dim": 768, "target_dim": 512, "test_results": {"bleu": 10.91, "bleu1": 26.91, "bleu2": 10.01, "bleu3": 8.09, "bleu4": 7.49, "rougeL": 0.206, "rouge1": 0.2451, "rouge2": 0.0983, "exact_match": 0.0}, "loss": {"X_Y_COS": 0.9997829794883728, "X_Y_MSEloss": 9.939728897734312e-07, "X_Y_test_COS": 0.8920673727989197, "X_Y_test_MSEloss": 0.00039553261012770236, "X_Y_val_COS": 0.8961241245269775, "X_Y_val_MSEloss": 0.000384207145543769, "reg_lambda": 0.01}}