{"train_samples": 40, "test_samples": 200, "source_model": "intfloat/multilingual-e5-base", "source_dim": 768, "target_dim": 512, "test_results": {"bleu": 1.13, "bleu1": 20.23, "bleu2": 1.55, "bleu3": 0.32, "bleu4": 0.19, "rougeL": 0.1279, "rouge1": 0.1667, "rouge2": 0.0173, "exact_match": 0.0}, "loss": {"X_Y_COS": 1.0, "X_Y_MSEloss": 1.0917755415007502e-12, "X_Y_test_COS": 0.8491202592849731, "X_Y_test_MSEloss": 0.0005465651047416031, "X_Y_val_COS": 0.8494946956634521, "X_Y_val_MSEloss": 0.0005452328477986157}}