{"train_samples": 20, "test_samples": 200, "source_model": "sentence-transformers/gtr-t5-base", "source_dim": 768, "target_dim": 512, "test_results": {"bleu": 1.8, "bleu1": 18.68, "bleu2": 2.04, "bleu3": 0.75, "bleu4": 0.37, "rougeL": 0.1301, "rouge1": 0.176, "rouge2": 0.0235, "exact_match": 0.0}, "loss": {"X_Y_COS": 1.0, "X_Y_MSEloss": 4.94292587936029e-16, "X_Y_test_COS": 0.8582245707511902, "X_Y_test_MSEloss": 0.0005543965962715447, "X_Y_val_COS": 0.8647758364677429, "X_Y_val_MSEloss": 0.000536829000338912}}