{"train_samples": 1000, "test_samples": 200, "source_model": "google-bert/bert-base-multilingual-cased", "source_dim": 768, "target_dim": 512, "test_results": {"bleu": 0.19, "bleu1": 10.21, "bleu2": 0.26, "bleu3": 0.03, "bleu4": 0.02, "rougeL": 0.0696, "rouge1": 0.0786, "rouge2": 0.0032, "exact_match": 0.0}, "loss": {"X_Y_COS": 0.8871721625328064, "X_Y_MSEloss": 0.0004889025003649294, "X_Y_test_COS": 0.03412778675556183, "X_Y_test_MSEloss": 0.00817524828016758, "X_Y_val_COS": 0.08907929807901382, "X_Y_val_MSEloss": 0.00890367291867733}}