{"train_samples": 3, "test_samples": 200, "source_model": "google-bert/bert-base-multilingual-cased", "source_dim": 768, "target_dim": 512, "test_results": {"bleu": 0.21, "bleu1": 15.64, "bleu2": 0.39, "bleu3": 0.05, "bleu4": 0.01, "rougeL": 0.0697, "rouge1": 0.0817, "rouge2": 0.0078, "exact_match": 0.0}, "loss": {"X_Y_COS": 1.0, "X_Y_MSEloss": 3.6998301197883313e-16, "X_Y_test_COS": 0.8564246296882629, "X_Y_test_MSEloss": 0.0005563376471400261, "X_Y_val_COS": 0.8547933101654053, "X_Y_val_MSEloss": 0.0005632303073070943}}