{"train_samples": 1000, "test_samples": 200, "source_model": "text-embedding-ada-002", "source_dim": 1536, "target_dim": 512, "test_results": {"bleu": 1.16, "bleu1": 8.87, "bleu2": 1.09, "bleu3": 0.63, "bleu4": 0.3, "rougeL": 0.0474, "rouge1": 0.0514, "rouge2": 0.0043, "exact_match": 0.0}, "loss": {"X_Y_COS": 1.0, "X_Y_MSEloss": 4.054650712403962e-12, "X_Y_test_COS": -0.05569678544998169, "X_Y_test_MSEloss": 0.006084498483687639, "X_Y_val_COS": 0.06690038740634918, "X_Y_val_MSEloss": 0.005132530815899372}}