{"train_samples": 500, "test_samples": 200, "source_model": "sentence-transformers/all-MiniLM-L6-v2", "source_dim": 384, "target_dim": 512, "test_results": {"bleu": 0.07, "bleu1": 10.96, "bleu2": 0.03, "bleu3": 0.01, "bleu4": 0.01, "rougeL": 0.0167, "rouge1": 0.017, "rouge2": 0.0, "exact_match": 0.0}, "loss": {"X_Y_COS": 0.9767327308654785, "X_Y_MSEloss": 9.409688209416345e-05, "X_Y_test_COS": 0.726970374584198, "X_Y_test_MSEloss": 0.0012093695113435388, "X_Y_val_COS": 0.7254499793052673, "X_Y_val_MSEloss": 0.001181598985567689}}