{"train_samples": 5, "test_samples": 200, "source_model": "text-embedding-ada-002", "source_dim": 1536, "target_dim": 512, "test_results": {"bleu": 0.12, "bleu1": 15.17, "bleu2": 0.36, "bleu3": 0.01, "bleu4": 0.01, "rougeL": 0.0734, "rouge1": 0.0796, "rouge2": 0.0027, "exact_match": 0.0}, "loss": {"X_Y_COS": 1.0, "X_Y_MSEloss": 8.656954653624767e-16, "X_Y_test_COS": 0.86418217420578, "X_Y_test_MSEloss": 0.0004950884613208473, "X_Y_val_COS": 0.8668761849403381, "X_Y_val_MSEloss": 0.00048614165280014277}}