{"train_samples": 5, "test_samples": 200, "source_model": "sentence-transformers/all-MiniLM-L6-v2", "source_dim": 384, "target_dim": 512, "test_results": {"bleu": 0.18, "bleu1": 19.08, "bleu2": 0.68, "bleu3": 0.01, "bleu4": 0.01, "rougeL": 0.1159, "rouge1": 0.1489, "rouge2": 0.0065, "exact_match": 0.0}, "loss": {"X_Y_COS": 1.0, "X_Y_MSEloss": 1.872880902421088e-16, "X_Y_test_COS": 0.8164564371109009, "X_Y_test_MSEloss": 0.0007529317517764866, "X_Y_val_COS": 0.817928671836853, "X_Y_val_MSEloss": 0.0007478643674403429}}