{"train_samples": 30, "test_samples": 200, "source_model": "google/mt5-base", "source_dim": 768, "target_dim": 512, "test_results": {"bleu": 0.04, "bleu1": 8.31, "bleu2": 0.02, "bleu3": 0.01, "bleu4": 0.01, "rougeL": 0.0136, "rouge1": 0.0136, "rouge2": 0.0, "exact_match": 0.0}, "loss": {"X_Y_COS": 1.0, "X_Y_MSEloss": 2.4950310706373102e-09, "X_Y_test_COS": 0.8636817932128906, "X_Y_test_MSEloss": 0.0011098955292254686, "X_Y_val_COS": 0.8588240146636963, "X_Y_val_MSEloss": 0.0011694456916302443}}