{"train_samples": 30, "test_samples": 200, "source_model": "google/mt5-base", "source_dim": 768, "target_dim": 512, "test_results": {"bleu": 0.05, "bleu1": 10.12, "bleu2": 0.02, "bleu3": 0.01, "bleu4": 0.01, "rougeL": 0.0146, "rouge1": 0.0155, "rouge2": 0.0003, "exact_match": 0.0}, "loss": {"X_Y_COS": 1.0, "X_Y_MSEloss": 4.2637459318414783e-13, "X_Y_test_COS": 0.8784390091896057, "X_Y_test_MSEloss": 0.00046185165410861373, "X_Y_val_COS": 0.8736581206321716, "X_Y_val_MSEloss": 0.00047602891572751105}}