{"train_samples": 5, "test_samples": 200, "source_model": "google/mt5-base", "source_dim": 768, "target_dim": 512, "test_results": {"bleu": 0.01, "bleu1": 9.95, "bleu2": 0.04, "bleu3": 0.02, "bleu4": 0.01, "rougeL": 0.0017, "rouge1": 0.0017, "rouge2": 0.0, "exact_match": 0.0}, "loss": {"X_Y_COS": 1.0, "X_Y_MSEloss": 4.3300332204573714e-16, "X_Y_test_COS": 0.7961578369140625, "X_Y_test_MSEloss": 0.000717179907951504, "X_Y_val_COS": 0.7921318411827087, "X_Y_val_MSEloss": 0.0007254804368130863}}