{"train_samples": 500, "test_samples": 200, "source_model": "sentence-transformers/gtr-t5-base", "source_dim": 768, "target_dim": 512, "test_results": {"bleu": 0.09, "bleu1": 10.63, "bleu2": 0.06, "bleu3": 0.02, "bleu4": 0.01, "rougeL": 0.0116, "rouge1": 0.0122, "rouge2": 0.0, "exact_match": 0.0}, "loss": {"X_Y_COS": 0.9764237403869629, "X_Y_MSEloss": 9.165028313873336e-05, "X_Y_test_COS": 0.7421923875808716, "X_Y_test_MSEloss": 0.0010755641851574183, "X_Y_val_COS": 0.7386625409126282, "X_Y_val_MSEloss": 0.001070727943442762}}