{"train_samples": 30, "test_samples": 200, "source_model": "sentence-transformers/gtr-t5-base", "source_dim": 768, "target_dim": 512, "test_results": {"bleu": 0.88, "bleu1": 19.96, "bleu2": 1.75, "bleu3": 0.33, "bleu4": 0.06, "rougeL": 0.1304, "rouge1": 0.1662, "rouge2": 0.0218, "exact_match": 0.0}, "loss": {"X_Y_COS": 1.0, "X_Y_MSEloss": 2.6486910843055104e-15, "X_Y_test_COS": 0.8237520456314087, "X_Y_test_MSEloss": 0.0006323919515125453, "X_Y_val_COS": 0.8220539093017578, "X_Y_val_MSEloss": 0.0006386238965205848}}