{"train_samples": 100, "test_samples": 200, "source_model": "google/flan-t5-base", "source_dim": 768, "target_dim": 512, "test_results": {"bleu": 0.82, "bleu1": 16.51, "bleu2": 0.99, "bleu3": 0.27, "bleu4": 0.21, "rougeL": 0.0769, "rouge1": 0.0871, "rouge2": 0.0079, "exact_match": 0.0}, "loss": {"X_Y_COS": 1.0, "X_Y_MSEloss": 7.060964313243545e-11, "X_Y_test_COS": 0.9180559515953064, "X_Y_test_MSEloss": 0.0003122292400803417, "X_Y_val_COS": 0.9153668284416199, "X_Y_val_MSEloss": 0.00032185023883357644}}