{"train_samples": 1000, "test_samples": 200, "source_model": "random", "source_dim": 768, "target_dim": 512, "test_results": {"bleu": 0.09, "bleu1": 6.88, "bleu2": 0.12, "bleu3": 0.01, "bleu4": 0.01, "rougeL": 0.0471, "rouge1": 0.0519, "rouge2": 0.002, "exact_match": 0.0}, "loss": {"X_Y_COS": 0.890853762626648, "X_Y_MSEloss": 0.0004740303847938776, "X_Y_test_COS": 0.03888546675443649, "X_Y_test_MSEloss": 0.007418238557875156, "X_Y_val_COS": 0.00819553155452013, "X_Y_val_MSEloss": 0.008654806762933731}}