{"train_samples": 500, "test_samples": 200, "source_model": "google/flan-t5-base", "source_dim": 768, "target_dim": 512, "test_results": {"bleu": 0.12, "bleu1": 14.16, "bleu2": 0.19, "bleu3": 0.02, "bleu4": 0.01, "rougeL": 0.0168, "rouge1": 0.0176, "rouge2": 0.0, "exact_match": 0.0}, "loss": {"X_Y_COS": 0.9693008661270142, "X_Y_MSEloss": 0.00011875686323037371, "X_Y_test_COS": 0.8185458183288574, "X_Y_test_MSEloss": 0.000708746665623039, "X_Y_val_COS": 0.8147771954536438, "X_Y_val_MSEloss": 0.0007178735686466098}}