{"train_samples": 3, "test_samples": 200, "source_model": "sentence-transformers/all-MiniLM-L6-v2", "source_dim": 384, "target_dim": 512, "test_results": {"bleu": 0.17, "bleu1": 17.87, "bleu2": 0.69, "bleu3": 0.01, "bleu4": 0.01, "rougeL": 0.121, "rouge1": 0.1509, "rouge2": 0.0063, "exact_match": 0.0}, "loss": {"X_Y_COS": 1.0, "X_Y_MSEloss": 2.0974407187434316e-16, "X_Y_test_COS": 0.7940590977668762, "X_Y_test_MSEloss": 0.0009030941873788834, "X_Y_val_COS": 0.796920120716095, "X_Y_val_MSEloss": 0.0008863075636327267}}