{"train_samples": 20, "test_samples": 200, "source_model": "text-embedding-ada-002", "source_dim": 1536, "target_dim": 512, "test_results": {"bleu": 0.52, "bleu1": 18.11, "bleu2": 1.03, "bleu3": 0.1, "bleu4": 0.04, "rougeL": 0.1271, "rouge1": 0.1744, "rouge2": 0.0167, "exact_match": 0.0}, "loss": {"X_Y_COS": 1.0, "X_Y_MSEloss": 7.475554497529766e-15, "X_Y_test_COS": 0.9167080521583557, "X_Y_test_MSEloss": 0.00031180409132502973, "X_Y_val_COS": 0.9172938466072083, "X_Y_val_MSEloss": 0.0003100070753134787}}