{"train_samples": 100, "test_samples": 200, "source_model": "google/mt5-base", "source_dim": 768, "target_dim": 512, "test_results": {"bleu": 0.19, "bleu1": 17.36, "bleu2": 0.86, "bleu3": 0.02, "bleu4": 0.01, "rougeL": 0.1268, "rouge1": 0.1698, "rouge2": 0.0122, "exact_match": 0.0}, "loss": {"X_Y_COS": 0.9999993443489075, "X_Y_MSEloss": 2.3531280035626878e-08, "X_Y_test_COS": 0.9047956466674805, "X_Y_test_MSEloss": 0.0006421331781893969, "X_Y_val_COS": 0.9053853154182434, "X_Y_val_MSEloss": 0.0006266446434892714}}