{"train_samples": 100, "test_samples": 200, "source_model": "intfloat/multilingual-e5-base", "source_dim": 768, "target_dim": 512, "test_results": {"bleu": 0.11, "bleu1": 12.53, "bleu2": 0.12, "bleu3": 0.02, "bleu4": 0.01, "rougeL": 0.0337, "rouge1": 0.0385, "rouge2": 0.0012, "exact_match": 0.0}, "loss": {"X_Y_COS": 0.9999998807907104, "X_Y_MSEloss": 4.3111586522925904e-10, "X_Y_test_COS": 0.8866408467292786, "X_Y_test_MSEloss": 0.0004228650650475174, "X_Y_val_COS": 0.8891761302947998, "X_Y_val_MSEloss": 0.00041394034633412957}}