{"train_samples": 20, "test_samples": 200, "source_model": "sentence-transformers/all-MiniLM-L6-v2", "source_dim": 384, "target_dim": 512, "test_results": {"bleu": 0.53, "bleu1": 14.92, "bleu2": 0.73, "bleu3": 0.24, "bleu4": 0.09, "rougeL": 0.0539, "rouge1": 0.0608, "rouge2": 0.0041, "exact_match": 0.0}, "loss": {"X_Y_COS": 1.0, "X_Y_MSEloss": 4.43103104680781e-16, "X_Y_test_COS": 0.8223567605018616, "X_Y_test_MSEloss": 0.0007798579172231257, "X_Y_val_COS": 0.8107244968414307, "X_Y_val_MSEloss": 0.0008153767557814717}}