{"train_samples": 30, "test_samples": 200, "source_model": "intfloat/multilingual-e5-base", "source_dim": 768, "target_dim": 512, "test_results": {"bleu": 0.37, "bleu1": 21.15, "bleu2": 1.04, "bleu3": 0.08, "bleu4": 0.01, "rougeL": 0.1213, "rouge1": 0.1544, "rouge2": 0.0097, "exact_match": 0.0}, "loss": {"X_Y_COS": 1.0, "X_Y_MSEloss": 1.6334267380520295e-13, "X_Y_test_COS": 0.8530805110931396, "X_Y_test_MSEloss": 0.0005322087672539055, "X_Y_val_COS": 0.8503105044364929, "X_Y_val_MSEloss": 0.0005418469081632793}}