{"train_samples": 500, "test_samples": 200, "source_model": "google/mt5-base", "source_dim": 768, "target_dim": 512, "test_results": {"bleu": 0.15, "bleu1": 11.93, "bleu2": 0.32, "bleu3": 0.02, "bleu4": 0.01, "rougeL": 0.0633, "rouge1": 0.0693, "rouge2": 0.007, "exact_match": 0.0}, "loss": {"X_Y_COS": 0.9757193922996521, "X_Y_MSEloss": 9.516251884633675e-05, "X_Y_test_COS": 0.8886643648147583, "X_Y_test_MSEloss": 0.00043346022721379995, "X_Y_val_COS": 0.8777039647102356, "X_Y_val_MSEloss": 0.0004774320696014911}}