{"train_samples": 50, "test_samples": 200, "source_model": "google-t5/t5-base", "source_dim": 768, "target_dim": 512, "test_results": {"bleu": 0.23, "bleu1": 16.47, "bleu2": 1.08, "bleu3": 0.02, "bleu4": 0.01, "rougeL": 0.1304, "rouge1": 0.1473, "rouge2": 0.0113, "exact_match": 0.0}, "loss": {"X_Y_COS": 1.0, "X_Y_MSEloss": 2.966302117130004e-12, "X_Y_test_COS": 0.9159159660339355, "X_Y_test_MSEloss": 0.0003158867184538394, "X_Y_val_COS": 0.9179428815841675, "X_Y_val_MSEloss": 0.0003092662082053721}}