{"train_samples": 50, "test_samples": 200, "source_model": "google/mt5-base", "source_dim": 768, "target_dim": 512, "test_results": {"bleu": 0.08, "bleu1": 10.22, "bleu2": 0.03, "bleu3": 0.02, "bleu4": 0.01, "rougeL": 0.0477, "rouge1": 0.0528, "rouge2": 0.0006, "exact_match": 0.0}, "loss": {"X_Y_COS": 0.9999998807907104, "X_Y_MSEloss": 2.7205584451905906e-09, "X_Y_test_COS": 0.8487677574157715, "X_Y_test_MSEloss": 0.001136690960265696, "X_Y_val_COS": 0.8440942168235779, "X_Y_val_MSEloss": 0.0012014093808829784}}