{"train_samples": 100, "test_samples": 200, "source_model": "google-bert/bert-base-multilingual-cased", "source_dim": 768, "target_dim": 512, "test_results": {"bleu": 1.08, "bleu1": 16.98, "bleu2": 1.61, "bleu3": 0.51, "bleu4": 0.35, "rougeL": 0.078, "rouge1": 0.0926, "rouge2": 0.0098, "exact_match": 0.0}, "loss": {"X_Y_COS": 0.9999377131462097, "X_Y_MSEloss": 2.4502699602635403e-07, "X_Y_test_COS": 0.840251624584198, "X_Y_test_MSEloss": 0.0005969990743324161, "X_Y_val_COS": 0.8332728147506714, "X_Y_val_MSEloss": 0.0006185938837006688}}