{"train_samples": 100, "test_samples": 200, "source_model": "text-embedding-3-large", "source_dim": 3072, "target_dim": 512, "test_results": {"bleu": 13.53, "bleu1": 30.91, "bleu2": 12.91, "bleu3": 10.62, "bleu4": 9.45, "rougeL": 0.244, "rouge1": 0.2947, "rouge2": 0.1317, "exact_match": 0.0}, "loss": {"X_Y_COS": 1.0, "X_Y_MSEloss": 6.6434238244329844e-15, "X_Y_test_COS": 0.9146750569343567, "X_Y_test_MSEloss": 0.000352283037500456, "X_Y_val_COS": 0.9133280515670776, "X_Y_val_MSEloss": 0.00036533980164676905}}