{"train_samples": 50, "test_samples": 200, "source_model": "text-embedding-ada-002", "source_dim": 1536, "target_dim": 512, "test_results": {"bleu": 0.04, "bleu1": 12.23, "bleu2": 0.02, "bleu3": 0.01, "bleu4": 0.0, "rougeL": 0.0193, "rouge1": 0.0196, "rouge2": 0.0, "exact_match": 0.0}, "loss": {"X_Y_COS": 1.0, "X_Y_MSEloss": 1.0897795253012044e-12, "X_Y_test_COS": 0.8911111354827881, "X_Y_test_MSEloss": 0.00040293351048603654, "X_Y_val_COS": 0.8857945799827576, "X_Y_val_MSEloss": 0.0004213601932860911}}