{"train_samples": 5, "test_samples": 200, "source_model": "intfloat/multilingual-e5-base", "source_dim": 768, "target_dim": 512, "test_results": {"bleu": 0.04, "bleu1": 6.42, "bleu2": 0.02, "bleu3": 0.01, "bleu4": 0.01, "rougeL": 0.0126, "rouge1": 0.0126, "rouge2": 0.0, "exact_match": 0.0}, "loss": {"X_Y_COS": 1.0, "X_Y_MSEloss": 2.019723277513208e-10, "X_Y_test_COS": 0.8633540272712708, "X_Y_test_MSEloss": 0.0011068739695474505, "X_Y_val_COS": 0.8591365814208984, "X_Y_val_MSEloss": 0.0011549020418897271}}