{"train_samples": 100, "test_samples": 200, "source_model": "sentence-transformers/gtr-t5-base", "source_dim": 768, "target_dim": 512, "test_results": {"bleu": 12.11, "bleu1": 28.94, "bleu2": 11.34, "bleu3": 9.61, "bleu4": 8.64, "rougeL": 0.2261, "rouge1": 0.2747, "rouge2": 0.1153, "exact_match": 0.0}, "loss": {"X_Y_COS": 0.9761354327201843, "X_Y_MSEloss": 0.00011596990225370973, "X_Y_test_COS": 0.919360339641571, "X_Y_test_MSEloss": 0.00032549287425354123, "X_Y_val_COS": 0.921230137348175, "X_Y_val_MSEloss": 0.00032101391116157174, "reg_lambda": 1}}