{"train_samples": 3, "test_samples": 200, "source_model": "sentence-transformers/all-MiniLM-L6-v2", "source_dim": 384, "target_dim": 512, "test_results": {"bleu": 0.08, "bleu1": 11.83, "bleu2": 0.14, "bleu3": 0.03, "bleu4": 0.01, "rougeL": 0.0057, "rouge1": 0.0059, "rouge2": 0.0, "exact_match": 0.0}, "loss": {"X_Y_COS": 1.0, "X_Y_MSEloss": 1.7291182354483518e-16, "X_Y_test_COS": 0.8746434450149536, "X_Y_test_MSEloss": 0.0007612319313921034, "X_Y_val_COS": 0.8743488788604736, "X_Y_val_MSEloss": 0.0007760691223666072}}