{"train_samples": 1000, "test_samples": 200, "source_model": "google-t5/t5-base", "source_dim": 768, "target_dim": 512, "test_results": {"bleu": 3.09, "bleu1": 32.49, "bleu2": 5.11, "bleu3": 1.27, "bleu4": 0.46, "rougeL": 0.1989, "rouge1": 0.2919, "rouge2": 0.0572, "exact_match": 0.0}, "loss": {"X_Y_COS": 0.9725129008293152, "X_Y_MSEloss": 0.00010659066174412146, "X_Y_test_COS": 0.8971412181854248, "X_Y_test_MSEloss": 0.00040101585909724236, "X_Y_val_COS": 0.8928849697113037, "X_Y_val_MSEloss": 0.0004172586486674845}}