{"train_samples": 40, "test_samples": 200, "source_model": "sentence-transformers/gtr-t5-base", "source_dim": 768, "target_dim": 512, "test_results": {"bleu": 0.97, "bleu1": 20.48, "bleu2": 1.63, "bleu3": 0.37, "bleu4": 0.1, "rougeL": 0.13, "rouge1": 0.1661, "rouge2": 0.0216, "exact_match": 0.0}, "loss": {"X_Y_COS": 1.0, "X_Y_MSEloss": 1.9194596677070755e-14, "X_Y_test_COS": 0.8244801759719849, "X_Y_test_MSEloss": 0.0006314236670732498, "X_Y_val_COS": 0.8232815861701965, "X_Y_val_MSEloss": 0.0006351303891278803}}