{"train_samples": 30, "test_samples": 200, "source_model": "sentence-transformers/gtr-t5-base", "source_dim": 768, "target_dim": 512, "test_results": {"bleu": 0.09, "bleu1": 10.92, "bleu2": 0.06, "bleu3": 0.02, "bleu4": 0.01, "rougeL": 0.026, "rouge1": 0.0282, "rouge2": 0.0003, "exact_match": 0.0}, "loss": {"X_Y_COS": 1.0, "X_Y_MSEloss": 1.6412741425545028e-15, "X_Y_test_COS": 0.8880727887153625, "X_Y_test_MSEloss": 0.0004184488789178431, "X_Y_val_COS": 0.8904353380203247, "X_Y_val_MSEloss": 0.00041403708746656775}}