{"train_samples": 5, "test_samples": 200, "source_model": "sentence-transformers/all-MiniLM-L6-v2", "source_dim": 384, "target_dim": 512, "test_results": {"bleu": 0.1, "bleu1": 10.2, "bleu2": 0.1, "bleu3": 0.01, "bleu4": 0.01, "rougeL": 0.0372, "rouge1": 0.039, "rouge2": 0.0008, "exact_match": 0.0}, "loss": {"X_Y_COS": 1.0, "X_Y_MSEloss": 2.1082818140260006e-16, "X_Y_test_COS": 0.8649584650993347, "X_Y_test_MSEloss": 0.0006644096574746072, "X_Y_val_COS": 0.8639556765556335, "X_Y_val_MSEloss": 0.0006524737109430134}}