{"train_samples": 1, "test_samples": 200, "source_model": "sentence-transformers/gtr-t5-base", "source_dim": 768, "target_dim": 512, "test_results": {"bleu": 0.12, "bleu1": 14.47, "bleu2": 0.23, "bleu3": 0.01, "bleu4": 0.01, "rougeL": 0.0783, "rouge1": 0.0839, "rouge2": 0.0005, "exact_match": 0.0}, "loss": {"X_Y_COS": 0.9999999403953552, "X_Y_MSEloss": 8.064393167736116e-16, "X_Y_test_COS": 0.7760093808174133, "X_Y_test_MSEloss": 0.002580622909590602, "X_Y_val_COS": 0.7616244554519653, "X_Y_val_MSEloss": 0.002556935418397188}}