{"train_samples": 1, "test_samples": 200, "source_model": "sentence-transformers/gtr-t5-base", "source_dim": 768, "target_dim": 512, "test_results": {"bleu": 0.05, "bleu1": 7.4, "bleu2": 0.08, "bleu3": 0.02, "bleu4": 0.01, "rougeL": 0.0135, "rouge1": 0.0135, "rouge2": 0.0002, "exact_match": 0.0}, "loss": {"X_Y_COS": 1.0, "X_Y_MSEloss": 4.532333672670362e-17, "X_Y_test_COS": 0.8135692477226257, "X_Y_test_MSEloss": 0.0034797941334545612, "X_Y_val_COS": 0.7985718250274658, "X_Y_val_MSEloss": 0.003539439057931304}}