{"train_samples": 1000, "test_samples": 200, "source_model": "google-bert/bert-base-multilingual-cased", "source_dim": 768, "target_dim": 512, "test_results": {"bleu": 0.7, "bleu1": 17.38, "bleu2": 1.77, "bleu3": 0.16, "bleu4": 0.06, "rougeL": 0.1293, "rouge1": 0.1439, "rouge2": 0.0114, "exact_match": 0.0}, "loss": {"X_Y_COS": 0.9233287572860718, "X_Y_MSEloss": 0.0003977564047090709, "X_Y_test_COS": 0.10031546652317047, "X_Y_test_MSEloss": 0.00691373972222209, "X_Y_val_COS": -0.11795218288898468, "X_Y_val_MSEloss": 0.00903303362429142}}