{"train_samples": 1000, "test_samples": 200, "source_model": "text-embedding-ada-002", "source_dim": 1536, "target_dim": 512, "test_results": {"bleu": 1.12, "bleu1": 9.49, "bleu2": 1.01, "bleu3": 0.63, "bleu4": 0.27, "rougeL": 0.0484, "rouge1": 0.0542, "rouge2": 0.0018, "exact_match": 0.0}, "loss": {"X_Y_COS": 1.0, "X_Y_MSEloss": 4.158768381751221e-12, "X_Y_test_COS": 0.057159360498189926, "X_Y_test_MSEloss": 0.006234426517039537, "X_Y_val_COS": 0.0019933402072638273, "X_Y_val_MSEloss": 0.0059617385268211365}}