{"train_samples": 40, "test_samples": 200, "source_model": "google-t5/t5-base", "source_dim": 768, "target_dim": 512, "test_results": {"bleu": 0.24, "bleu1": 16.59, "bleu2": 1.12, "bleu3": 0.02, "bleu4": 0.01, "rougeL": 0.1342, "rouge1": 0.1487, "rouge2": 0.0106, "exact_match": 0.0}, "loss": {"X_Y_COS": 1.0, "X_Y_MSEloss": 7.192627569929666e-13, "X_Y_test_COS": 0.8867097496986389, "X_Y_test_MSEloss": 0.0004208713653497398, "X_Y_val_COS": 0.8914768695831299, "X_Y_val_MSEloss": 0.00040416530100628734}}