{"train_samples": 10, "test_samples": 200, "source_model": "text-embedding-3-large", "source_dim": 3072, "target_dim": 512, "test_results": {"bleu": 0.15, "bleu1": 8.23, "bleu2": 0.12, "bleu3": 0.03, "bleu4": 0.02, "rougeL": 0.0047, "rouge1": 0.0047, "rouge2": 0.0, "exact_match": 0.0}, "loss": {"X_Y_COS": 1.0, "X_Y_MSEloss": 1.319522615960428e-16, "X_Y_test_COS": 0.8830381631851196, "X_Y_test_MSEloss": 0.000828592455945909, "X_Y_val_COS": 0.881145179271698, "X_Y_val_MSEloss": 0.0008096506935544312}}