{"train_samples": 30, "test_samples": 200, "source_model": "google-bert/bert-base-multilingual-cased", "source_dim": 768, "target_dim": 512, "test_results": {"bleu": 1.04, "bleu1": 20.62, "bleu2": 1.81, "bleu3": 0.29, "bleu4": 0.12, "rougeL": 0.129, "rouge1": 0.1691, "rouge2": 0.0173, "exact_match": 0.0}, "loss": {"X_Y_COS": 1.0, "X_Y_MSEloss": 5.379318865350591e-11, "X_Y_test_COS": 0.8309051990509033, "X_Y_test_MSEloss": 0.0012128413654863834, "X_Y_val_COS": 0.8358320593833923, "X_Y_val_MSEloss": 0.0011857926147058606}}