{"train_samples": 30, "test_samples": 200, "source_model": "google-bert/bert-base-multilingual-cased", "source_dim": 768, "target_dim": 512, "test_results": {"bleu": 1.1, "bleu1": 21.0, "bleu2": 1.81, "bleu3": 0.29, "bleu4": 0.14, "rougeL": 0.1297, "rouge1": 0.1701, "rouge2": 0.018, "exact_match": 0.0}, "loss": {"X_Y_COS": 1.0, "X_Y_MSEloss": 1.501832105942416e-14, "X_Y_test_COS": 0.8406132459640503, "X_Y_test_MSEloss": 0.0005777881015092134, "X_Y_val_COS": 0.8423611521720886, "X_Y_val_MSEloss": 0.0005735817248933017}}