{"train_samples": 10, "test_samples": 200, "source_model": "google/flan-t5-base", "source_dim": 768, "target_dim": 512, "test_results": {"bleu": 0.14, "bleu1": 12.48, "bleu2": 0.28, "bleu3": 0.01, "bleu4": 0.01, "rougeL": 0.0469, "rouge1": 0.051, "rouge2": 0.0026, "exact_match": 0.0}, "loss": {"X_Y_COS": 1.0, "X_Y_MSEloss": 4.46878489345371e-16, "X_Y_test_COS": 0.8854504227638245, "X_Y_test_MSEloss": 0.0004308669304009527, "X_Y_val_COS": 0.8866578340530396, "X_Y_val_MSEloss": 0.000426393817178905}}