{"train_samples": 10, "test_samples": 200, "source_model": "google/mt5-base", "source_dim": 768, "target_dim": 512, "test_results": {"bleu": 0.23, "bleu1": 15.42, "bleu2": 0.79, "bleu3": 0.03, "bleu4": 0.01, "rougeL": 0.0854, "rouge1": 0.101, "rouge2": 0.0063, "exact_match": 0.0}, "loss": {"X_Y_COS": 1.0, "X_Y_MSEloss": 2.8322573117773838e-15, "X_Y_test_COS": 0.8291282653808594, "X_Y_test_MSEloss": 0.0006141148041933775, "X_Y_val_COS": 0.8395901322364807, "X_Y_val_MSEloss": 0.0005794335738755763}}