{"train_samples": 1000, "test_samples": 200, "source_model": "sentence-transformers/gtr-t5-base", "source_dim": 768, "target_dim": 512, "test_results": {"bleu": 0.1, "bleu1": 9.31, "bleu2": 0.07, "bleu3": 0.02, "bleu4": 0.01, "rougeL": 0.1959, "rouge1": 0.2704, "rouge2": 0.0222, "exact_match": 0.0}, "loss": {"X_Y_COS": 0.9488655924797058, "X_Y_MSEloss": 0.00019509330741129816, "X_Y_test_COS": 0.8776266574859619, "X_Y_test_MSEloss": 0.0004705966857727617, "X_Y_val_COS": 0.878822922706604, "X_Y_val_MSEloss": 0.0004640817060135305}}