{"train_samples": 50, "test_samples": 200, "source_model": "google-t5/t5-base", "source_dim": 768, "target_dim": 512, "test_results": {"bleu": 1.22, "bleu1": 17.53, "bleu2": 1.73, "bleu3": 0.58, "bleu4": 0.34, "rougeL": 0.078, "rouge1": 0.0883, "rouge2": 0.0119, "exact_match": 0.0}, "loss": {"X_Y_COS": 1.0, "X_Y_MSEloss": 1.0643083501104753e-13, "X_Y_test_COS": 0.9178851842880249, "X_Y_test_MSEloss": 0.00030896440148353577, "X_Y_val_COS": 0.9126367568969727, "X_Y_val_MSEloss": 0.0003277371288277209}}