{"train_samples": 3, "test_samples": 200, "source_model": "google-t5/t5-base", "source_dim": 768, "target_dim": 512, "test_results": {"bleu": 0.1, "bleu1": 11.52, "bleu2": 0.08, "bleu3": 0.01, "bleu4": 0.01, "rougeL": 0.0302, "rouge1": 0.0326, "rouge2": 0.0, "exact_match": 0.0}, "loss": {"X_Y_COS": 1.0, "X_Y_MSEloss": 3.4891981720968084e-16, "X_Y_test_COS": 0.8555451035499573, "X_Y_test_MSEloss": 0.0005488229217007756, "X_Y_val_COS": 0.857629656791687, "X_Y_val_MSEloss": 0.0005406458512879908}}