{"train_samples": 1000, "test_samples": 200, "source_model": "google/mt5-base", "source_dim": 768, "target_dim": 512, "test_results": {"bleu": 0.23, "bleu1": 23.68, "bleu2": 1.45, "bleu3": 0.02, "bleu4": 0.01, "rougeL": 0.1397, "rouge1": 0.1891, "rouge2": 0.0159, "exact_match": 0.0}, "loss": {"X_Y_COS": 0.9610010385513306, "X_Y_MSEloss": 0.00015016531688161194, "X_Y_test_COS": 0.9110229015350342, "X_Y_test_MSEloss": 0.000339025427820161, "X_Y_val_COS": 0.9129521250724792, "X_Y_val_MSEloss": 0.0003316756337881088}}