{"train_samples": 20, "test_samples": 200, "source_model": "google/flan-t5-base", "source_dim": 768, "target_dim": 512, "test_results": {"bleu": 0.15, "bleu1": 15.15, "bleu2": 0.41, "bleu3": 0.02, "bleu4": 0.01, "rougeL": 0.1013, "rouge1": 0.1199, "rouge2": 0.0024, "exact_match": 0.0}, "loss": {"X_Y_COS": 1.0, "X_Y_MSEloss": 1.7523815731834702e-10, "X_Y_test_COS": 0.9296868443489075, "X_Y_test_MSEloss": 0.0005536559037864208, "X_Y_val_COS": 0.9289599657058716, "X_Y_val_MSEloss": 0.0005412649479694664}}