{"train_samples": 500, "test_samples": 200, "source_model": "text-embedding-3-large", "source_dim": 3072, "target_dim": 512, "test_results": {"bleu": 0.1, "bleu1": 12.16, "bleu2": 0.09, "bleu3": 0.02, "bleu4": 0.01, "rougeL": 0.0114, "rouge1": 0.012, "rouge2": 0.0, "exact_match": 0.0}, "loss": {"X_Y_COS": 1.0, "X_Y_MSEloss": 2.809363297551215e-10, "X_Y_test_COS": 0.8937522768974304, "X_Y_test_MSEloss": 0.0004099478537682444, "X_Y_val_COS": 0.8912623524665833, "X_Y_val_MSEloss": 0.00041963212424889207}}