{"train_samples": 30, "test_samples": 200, "source_model": "google/flan-t5-base", "source_dim": 768, "target_dim": 512, "test_results": {"bleu": 0.24, "bleu1": 18.91, "bleu2": 1.08, "bleu3": 0.02, "bleu4": 0.01, "rougeL": 0.1432, "rouge1": 0.1678, "rouge2": 0.0124, "exact_match": 0.0}, "loss": {"X_Y_COS": 1.0, "X_Y_MSEloss": 6.7956386096698976e-15, "X_Y_test_COS": 0.9298704862594604, "X_Y_test_MSEloss": 0.0002672853006515652, "X_Y_val_COS": 0.9339323043823242, "X_Y_val_MSEloss": 0.0002533315564505756}}