{"train_samples": 1000, "test_samples": 200, "source_model": "google/mt5-base", "source_dim": 768, "target_dim": 512, "test_results": {"bleu": 0.19, "bleu1": 18.45, "bleu2": 0.83, "bleu3": 0.01, "bleu4": 0.01, "rougeL": 0.086, "rouge1": 0.0951, "rouge2": 0.0065, "exact_match": 0.0}, "loss": {"X_Y_COS": 0.95710688829422, "X_Y_MSEloss": 0.00016470119589939713, "X_Y_test_COS": 0.908525824546814, "X_Y_test_MSEloss": 0.0003470126539468765, "X_Y_val_COS": 0.9062985181808472, "X_Y_val_MSEloss": 0.00035459533683024347}}