{"train_samples": 40, "test_samples": 200, "source_model": "google-t5/t5-base", "source_dim": 768, "target_dim": 512, "test_results": {"bleu": 0.23, "bleu1": 16.92, "bleu2": 1.22, "bleu3": 0.03, "bleu4": 0.01, "rougeL": 0.1418, "rouge1": 0.1591, "rouge2": 0.0119, "exact_match": 0.0}, "loss": {"X_Y_COS": 1.0, "X_Y_MSEloss": 5.365729527362362e-10, "X_Y_test_COS": 0.9235216975212097, "X_Y_test_MSEloss": 0.0005451368633657694, "X_Y_val_COS": 0.9236934185028076, "X_Y_val_MSEloss": 0.0005556651158258319}}