{"train_samples": 5, "test_samples": 200, "source_model": "intfloat/multilingual-e5-base", "source_dim": 768, "target_dim": 512, "test_results": {"bleu": 0.0, "bleu1": 9.8, "bleu2": 0.09, "bleu3": 0.05, "bleu4": 0.03, "rougeL": 0.0015, "rouge1": 0.0015, "rouge2": 0.0, "exact_match": 0.0}, "loss": {"X_Y_COS": 1.0, "X_Y_MSEloss": 9.050051527138055e-16, "X_Y_test_COS": 0.7980451583862305, "X_Y_test_MSEloss": 0.0007098070345818996, "X_Y_val_COS": 0.797174334526062, "X_Y_val_MSEloss": 0.0007127801654860377}}