{"train_samples": 500, "test_samples": 200, "source_model": "google/mt5-base", "source_dim": 768, "target_dim": 512, "test_results": {"bleu": 6.36, "bleu1": 32.54, "bleu2": 7.77, "bleu3": 3.47, "bleu4": 2.15, "rougeL": 0.2175, "rouge1": 0.2908, "rouge2": 0.0726, "exact_match": 0.0}, "loss": {"X_Y_COS": 0.9648424386978149, "X_Y_MSEloss": 0.0001359382295049727, "X_Y_test_COS": 0.8709068298339844, "X_Y_test_MSEloss": 0.000489662925247103, "X_Y_val_COS": 0.870685875415802, "X_Y_val_MSEloss": 0.0004901160136796534}}