{"train_samples": 50, "test_samples": 200, "source_model": "sentence-transformers/gtr-t5-base", "source_dim": 768, "target_dim": 512, "test_results": {"bleu": 0.18, "bleu1": 16.86, "bleu2": 0.65, "bleu3": 0.02, "bleu4": 0.01, "rougeL": 0.1262, "rouge1": 0.1624, "rouge2": 0.0075, "exact_match": 0.0}, "loss": {"X_Y_COS": 1.0, "X_Y_MSEloss": 1.7744173033576276e-14, "X_Y_test_COS": 0.9237676858901978, "X_Y_test_MSEloss": 0.00029318584711290896, "X_Y_val_COS": 0.9252352714538574, "X_Y_val_MSEloss": 0.00028754278901033103}}