{"train_samples": 100, "test_samples": 200, "source_model": "text-embedding-3-large", "source_dim": 3072, "target_dim": 512, "test_results": {"bleu": 0.19, "bleu1": 13.19, "bleu2": 0.77, "bleu3": 0.02, "bleu4": 0.01, "rougeL": 0.1025, "rouge1": 0.1169, "rouge2": 0.0069, "exact_match": 0.0}, "loss": {"X_Y_COS": 1.0, "X_Y_MSEloss": 1.715877162578039e-10, "X_Y_test_COS": 0.8747210502624512, "X_Y_test_MSEloss": 0.0009213985176756978, "X_Y_val_COS": 0.879067063331604, "X_Y_val_MSEloss": 0.0008974515949375927}}