{"train_samples": 1000, "test_samples": 200, "source_model": "google-bert/bert-base-multilingual-cased", "source_dim": 768, "target_dim": 512, "test_results": {"bleu": 0.66, "bleu1": 19.45, "bleu2": 1.17, "bleu3": 0.18, "bleu4": 0.08, "rougeL": 0.0917, "rouge1": 0.1092, "rouge2": 0.0117, "exact_match": 0.0}, "loss": {"X_Y_COS": 0.9638014435768127, "X_Y_MSEloss": 0.00013971261796541512, "X_Y_test_COS": 0.9154157638549805, "X_Y_test_MSEloss": 0.0003241880040150136, "X_Y_val_COS": 0.9137898087501526, "X_Y_val_MSEloss": 0.0003297976800240576}}