{"train_samples": 10, "test_samples": 200, "source_model": "google/mt5-base", "source_dim": 768, "target_dim": 512, "test_results": {"bleu": 0.44, "bleu1": 17.15, "bleu2": 1.07, "bleu3": 0.15, "bleu4": 0.02, "rougeL": 0.1113, "rouge1": 0.1413, "rouge2": 0.0132, "exact_match": 0.0}, "loss": {"X_Y_COS": 1.0, "X_Y_MSEloss": 2.056857600907236e-10, "X_Y_test_COS": 0.8671615123748779, "X_Y_test_MSEloss": 0.0009566078661009669, "X_Y_val_COS": 0.86939936876297, "X_Y_val_MSEloss": 0.0009274096810258925}}