{"train_samples": 100, "test_samples": 200, "source_model": "google/mt5-base", "source_dim": 768, "target_dim": 512, "test_results": {"bleu": 1.14, "bleu1": 18.47, "bleu2": 1.18, "bleu3": 0.4, "bleu4": 0.26, "rougeL": 0.0788, "rouge1": 0.0932, "rouge2": 0.0119, "exact_match": 0.0}, "loss": {"X_Y_COS": 0.9999998211860657, "X_Y_MSEloss": 7.083447162159473e-10, "X_Y_test_COS": 0.8797138929367065, "X_Y_test_MSEloss": 0.0004511643201112747, "X_Y_val_COS": 0.8754554390907288, "X_Y_val_MSEloss": 0.00046523159835487604}}