{"train_samples": 500, "test_samples": 200, "source_model": "random", "source_dim": 768, "target_dim": 512, "test_results": {"bleu": 0.41, "bleu1": 15.63, "bleu2": 1.52, "bleu3": 0.11, "bleu4": 0.01, "rougeL": 0.1064, "rouge1": 0.1232, "rouge2": 0.0102, "exact_match": 0.0}, "loss": {"X_Y_COS": 1.0, "X_Y_MSEloss": 1.3160734438008581e-12, "X_Y_test_COS": 0.12646974623203278, "X_Y_test_MSEloss": 0.005236579105257988, "X_Y_val_COS": -0.09683132916688919, "X_Y_val_MSEloss": 0.006631828378885984}}