{"train_samples": 40, "test_samples": 200, "source_model": "intfloat/multilingual-e5-base", "source_dim": 768, "target_dim": 512, "test_results": {"bleu": 0.04, "bleu1": 8.49, "bleu2": 0.02, "bleu3": 0.01, "bleu4": 0.01, "rougeL": 0.0159, "rouge1": 0.0165, "rouge2": 0.0005, "exact_match": 0.0}, "loss": {"X_Y_COS": 0.9999998211860657, "X_Y_MSEloss": 2.3758877087942665e-09, "X_Y_test_COS": 0.8751736283302307, "X_Y_test_MSEloss": 0.0010162669932469726, "X_Y_val_COS": 0.8722831606864929, "X_Y_val_MSEloss": 0.0010582327377051115}}