{"train_samples": 10, "test_samples": 200, "source_model": "google-bert/bert-base-multilingual-cased", "source_dim": 768, "target_dim": 512, "test_results": {"bleu": 0.13, "bleu1": 12.58, "bleu2": 0.25, "bleu3": 0.02, "bleu4": 0.01, "rougeL": 0.054, "rouge1": 0.063, "rouge2": 0.0053, "exact_match": 0.0}, "loss": {"X_Y_COS": 1.0, "X_Y_MSEloss": 4.733228579586503e-16, "X_Y_test_COS": 0.9103690385818481, "X_Y_test_MSEloss": 0.0003469969960860908, "X_Y_val_COS": 0.9088600873947144, "X_Y_val_MSEloss": 0.0003473350952845067}}