{"train_samples": 1000, "test_samples": 200, "source_model": "text-embedding-3-large", "source_dim": 3072, "target_dim": 512, "test_results": {"bleu": 0.2, "bleu1": 12.51, "bleu2": 0.75, "bleu3": 0.02, "bleu4": 0.01, "rougeL": 0.102, "rouge1": 0.1124, "rouge2": 0.0075, "exact_match": 0.0}, "loss": {"X_Y_COS": 0.9963284730911255, "X_Y_MSEloss": 2.9122144042048603e-05, "X_Y_test_COS": 0.8823686242103577, "X_Y_test_MSEloss": 0.0009102346957661211, "X_Y_val_COS": 0.8861767053604126, "X_Y_val_MSEloss": 0.0008794933673925698}}