{"train_samples": 20, "test_samples": 200, "source_model": "intfloat/multilingual-e5-base", "source_dim": 768, "target_dim": 512, "test_results": {"bleu": 0.18, "bleu1": 20.14, "bleu2": 0.73, "bleu3": 0.01, "bleu4": 0.01, "rougeL": 0.1101, "rouge1": 0.1341, "rouge2": 0.0054, "exact_match": 0.0}, "loss": {"X_Y_COS": 1.0, "X_Y_MSEloss": 3.6003965515332345e-14, "X_Y_test_COS": 0.839104413986206, "X_Y_test_MSEloss": 0.0005783539381809533, "X_Y_val_COS": 0.8413540720939636, "X_Y_val_MSEloss": 0.0005711851990781724}}