{"train_samples": 50, "test_samples": 200, "source_model": "intfloat/multilingual-e5-base", "source_dim": 768, "target_dim": 512, "test_results": {"bleu": 0.43, "bleu1": 15.65, "bleu2": 0.93, "bleu3": 0.11, "bleu4": 0.02, "rougeL": 0.106, "rouge1": 0.1388, "rouge2": 0.0115, "exact_match": 0.0}, "loss": {"X_Y_COS": 1.0, "X_Y_MSEloss": 1.525512775455394e-14, "X_Y_test_COS": 0.8949223160743713, "X_Y_test_MSEloss": 0.0007868613465689123, "X_Y_val_COS": 0.8970851302146912, "X_Y_val_MSEloss": 0.000781398091930896}}