{"train_samples": 10, "test_samples": 200, "source_model": "google-bert/bert-base-multilingual-cased", "source_dim": 768, "target_dim": 512, "test_results": {"bleu": 0.16, "bleu1": 16.0, "bleu2": 0.54, "bleu3": 0.02, "bleu4": 0.01, "rougeL": 0.0855, "rouge1": 0.1008, "rouge2": 0.0033, "exact_match": 0.0}, "loss": {"X_Y_COS": 1.0, "X_Y_MSEloss": 1.8006446333984627e-10, "X_Y_test_COS": 0.9228646755218506, "X_Y_test_MSEloss": 0.0005999800050631166, "X_Y_val_COS": 0.9215089082717896, "X_Y_val_MSEloss": 0.0005960881826467812}}