{"train_samples": 10, "test_samples": 200, "source_model": "text-embedding-ada-002", "source_dim": 1536, "target_dim": 512, "test_results": {"bleu": 0.56, "bleu1": 17.45, "bleu2": 0.94, "bleu3": 0.26, "bleu4": 0.03, "rougeL": 0.107, "rouge1": 0.1326, "rouge2": 0.0093, "exact_match": 0.0}, "loss": {"X_Y_COS": 1.0, "X_Y_MSEloss": 1.812098029884356e-15, "X_Y_test_COS": 0.8761692643165588, "X_Y_test_MSEloss": 0.00045406719436869025, "X_Y_val_COS": 0.8759675621986389, "X_Y_val_MSEloss": 0.0004546877753455192}}