{"train_samples": 1000, "test_samples": 200, "source_model": "google/mt5-base", "source_dim": 768, "target_dim": 512, "test_results": {"bleu": 1.28, "bleu1": 8.61, "bleu2": 1.2, "bleu3": 0.78, "bleu4": 0.38, "rougeL": 0.0411, "rouge1": 0.0445, "rouge2": 0.0018, "exact_match": 0.0}, "loss": {"X_Y_COS": 0.8872894644737244, "X_Y_MSEloss": 0.0005000719102099538, "X_Y_test_COS": -0.10953130573034286, "X_Y_test_MSEloss": 0.009014124982059002, "X_Y_val_COS": 0.09010152518749237, "X_Y_val_MSEloss": 0.008164498023688793}}