{"train_samples": 1000, "test_samples": 200, "source_model": "google-t5/t5-base", "source_dim": 768, "target_dim": 512, "test_results": {"bleu": 0.95, "bleu1": 15.96, "bleu2": 1.51, "bleu3": 0.3, "bleu4": 0.15, "rougeL": 0.1173, "rouge1": 0.1301, "rouge2": 0.0107, "exact_match": 0.0}, "loss": {"X_Y_COS": 0.9172282218933105, "X_Y_MSEloss": 0.0004245360614731908, "X_Y_test_COS": 0.02637576498091221, "X_Y_test_MSEloss": 0.007234973832964897, "X_Y_val_COS": 0.02582497149705887, "X_Y_val_MSEloss": 0.007704418618232012}}