{"train_samples": 20, "test_samples": 200, "source_model": "sentence-transformers/gtr-t5-base", "source_dim": 768, "target_dim": 512, "test_results": {"bleu": 0.05, "bleu1": 7.92, "bleu2": 0.02, "bleu3": 0.01, "bleu4": 0.0, "rougeL": 0.2139, "rouge1": 0.3109, "rouge2": 0.0213, "exact_match": 0.0}, "loss": {"X_Y_COS": 1.0, "X_Y_MSEloss": 2.2487984442805774e-14, "X_Y_test_COS": 0.8741390109062195, "X_Y_test_MSEloss": 0.0004651455383282155, "X_Y_val_COS": 0.873073399066925, "X_Y_val_MSEloss": 0.000469029153464362}}