{"train_samples": 40, "test_samples": 200, "source_model": "text-embedding-ada-002", "source_dim": 1536, "target_dim": 512, "test_results": {"bleu": 0.18, "bleu1": 15.57, "bleu2": 0.69, "bleu3": 0.02, "bleu4": 0.01, "rougeL": 0.0985, "rouge1": 0.1198, "rouge2": 0.0085, "exact_match": 0.0}, "loss": {"X_Y_COS": 1.0, "X_Y_MSEloss": 2.404763888019801e-10, "X_Y_test_COS": 0.8405818939208984, "X_Y_test_MSEloss": 0.0011857367353513837, "X_Y_val_COS": 0.8460203409194946, "X_Y_val_MSEloss": 0.0011255652643740177}}