{"train_samples": 500, "test_samples": 200, "source_model": "google-bert/bert-base-multilingual-cased", "source_dim": 768, "target_dim": 512, "test_results": {"bleu": 0.15, "bleu1": 10.38, "bleu2": 0.24, "bleu3": 0.05, "bleu4": 0.03, "rougeL": 0.0619, "rouge1": 0.0714, "rouge2": 0.0022, "exact_match": 0.0}, "loss": {"X_Y_COS": 0.9563469886779785, "X_Y_MSEloss": 0.00016785107436589897, "X_Y_test_COS": 0.7681031823158264, "X_Y_test_MSEloss": 0.000908523506950587, "X_Y_val_COS": 0.7683683037757874, "X_Y_val_MSEloss": 0.0009100139141082764}}