{"train_samples": 40, "test_samples": 200, "source_model": "google-t5/t5-base", "source_dim": 768, "target_dim": 512, "test_results": {"bleu": 0.47, "bleu1": 17.17, "bleu2": 0.7, "bleu3": 0.15, "bleu4": 0.09, "rougeL": 0.0598, "rouge1": 0.0707, "rouge2": 0.0037, "exact_match": 0.0}, "loss": {"X_Y_COS": 1.0, "X_Y_MSEloss": 3.7599985652130366e-14, "X_Y_test_COS": 0.8812907338142395, "X_Y_test_MSEloss": 0.0004379460879135877, "X_Y_val_COS": 0.8824746608734131, "X_Y_val_MSEloss": 0.0004347964422777295}}