{"train_samples": 1, "test_samples": 200, "source_model": "sentence-transformers/gtr-t5-base", "source_dim": 768, "target_dim": 512, "test_results": {"bleu": 0.05, "bleu1": 8.54, "bleu2": 0.03, "bleu3": 0.02, "bleu4": 0.01, "rougeL": 0.0326, "rouge1": 0.036, "rouge2": 0.0, "exact_match": 0.0}, "loss": {"X_Y_COS": 0.9999999403953552, "X_Y_MSEloss": 3.454469027165994e-17, "X_Y_test_COS": 0.7427825927734375, "X_Y_test_MSEloss": 0.003712553298100829, "X_Y_val_COS": 0.7306134104728699, "X_Y_val_MSEloss": 0.0036824399139732122}}