{"train_samples": 40, "test_samples": 200, "source_model": "text-embedding-3-large", "source_dim": 3072, "target_dim": 512, "test_results": {"bleu": 0.19, "bleu1": 14.39, "bleu2": 0.78, "bleu3": 0.03, "bleu4": 0.02, "rougeL": 0.1122, "rouge1": 0.1252, "rouge2": 0.0076, "exact_match": 0.0}, "loss": {"X_Y_COS": 1.0, "X_Y_MSEloss": 1.5478645925756651e-12, "X_Y_test_COS": 0.896909773349762, "X_Y_test_MSEloss": 0.0007742321467958391, "X_Y_val_COS": 0.899262547492981, "X_Y_val_MSEloss": 0.0007710784557275474}}