{"train_samples": 500, "test_samples": 200, "source_model": "intfloat/multilingual-e5-base", "source_dim": 768, "target_dim": 512, "test_results": {"bleu": 0.13, "bleu1": 15.39, "bleu2": 0.32, "bleu3": 0.02, "bleu4": 0.01, "rougeL": 0.0894, "rouge1": 0.1012, "rouge2": 0.0013, "exact_match": 0.0}, "loss": {"X_Y_COS": 0.9768007397651672, "X_Y_MSEloss": 0.00012500763114076108, "X_Y_test_COS": 0.8941444158554077, "X_Y_test_MSEloss": 0.0005810791626572609, "X_Y_val_COS": 0.8959967494010925, "X_Y_val_MSEloss": 0.000564065994694829}}