{"train_samples": 100, "test_samples": 200, "source_model": "sentence-transformers/all-MiniLM-L6-v2", "source_dim": 384, "target_dim": 512, "test_results": {"bleu": 2.04, "bleu1": 18.74, "bleu2": 2.46, "bleu3": 0.97, "bleu4": 0.7, "rougeL": 0.1192, "rouge1": 0.1468, "rouge2": 0.0241, "exact_match": 0.0}, "loss": {"X_Y_COS": 1.0, "X_Y_MSEloss": 4.946268949979071e-10, "X_Y_test_COS": 0.5156747698783875, "X_Y_test_MSEloss": 0.002860807813704014, "X_Y_val_COS": 0.5333159565925598, "X_Y_val_MSEloss": 0.0027473627123981714}}