{"train_samples": 500, "test_samples": 200, "source_model": "google/flan-t5-base", "source_dim": 768, "target_dim": 512, "test_results": {"bleu": 0.23, "bleu1": 11.93, "bleu2": 0.37, "bleu3": 0.04, "bleu4": 0.02, "rougeL": 0.02, "rouge1": 0.0211, "rouge2": 0.0018, "exact_match": 0.0}, "loss": {"X_Y_COS": 0.9293572306632996, "X_Y_MSEloss": 0.00026397171313874424, "X_Y_test_COS": 0.8282651901245117, "X_Y_test_MSEloss": 0.0006442456506192684, "X_Y_val_COS": 0.827266275882721, "X_Y_val_MSEloss": 0.0006525444914586842}}