{"train_samples": 500, "test_samples": 200, "source_model": "google/flan-t5-base", "source_dim": 768, "target_dim": 512, "test_results": {"bleu": 0.18, "bleu1": 15.33, "bleu2": 0.52, "bleu3": 0.02, "bleu4": 0.01, "rougeL": 0.0698, "rouge1": 0.0812, "rouge2": 0.0077, "exact_match": 0.0}, "loss": {"X_Y_COS": 0.9892885088920593, "X_Y_MSEloss": 8.361686923308298e-05, "X_Y_test_COS": 0.8979092240333557, "X_Y_test_MSEloss": 0.0007642122800461948, "X_Y_val_COS": 0.8935664296150208, "X_Y_val_MSEloss": 0.0008218285511247814}}