{"train_samples": 500, "test_samples": 200, "source_model": "intfloat/multilingual-e5-base", "source_dim": 768, "target_dim": 512, "test_results": {"bleu": 1.16, "bleu1": 17.81, "bleu2": 1.5, "bleu3": 0.56, "bleu4": 0.34, "rougeL": 0.0804, "rouge1": 0.0912, "rouge2": 0.0134, "exact_match": 0.0}, "loss": {"X_Y_COS": 0.9809408187866211, "X_Y_MSEloss": 7.453133002854884e-05, "X_Y_test_COS": 0.9122671484947205, "X_Y_test_MSEloss": 0.00033735379111021757, "X_Y_val_COS": 0.9109890460968018, "X_Y_val_MSEloss": 0.0003436134720686823}}