{"train_samples": 20, "test_samples": 200, "source_model": "google/flan-t5-base", "source_dim": 768, "target_dim": 512, "test_results": {"bleu": 1.88, "bleu1": 21.3, "bleu2": 2.31, "bleu3": 0.72, "bleu4": 0.36, "rougeL": 0.1443, "rouge1": 0.204, "rouge2": 0.0267, "exact_match": 0.0}, "loss": {"X_Y_COS": 1.0, "X_Y_MSEloss": 1.2588354846165156e-15, "X_Y_test_COS": 0.8659496903419495, "X_Y_test_MSEloss": 0.000489060883410275, "X_Y_val_COS": 0.8642281293869019, "X_Y_val_MSEloss": 0.0004972584429197013}}