{"train_samples": 5, "test_samples": 200, "source_model": "text-embedding-ada-002", "source_dim": 1536, "target_dim": 512, "test_results": {"bleu": 0.48, "bleu1": 16.18, "bleu2": 0.61, "bleu3": 0.13, "bleu4": 0.04, "rougeL": 0.1028, "rouge1": 0.1194, "rouge2": 0.0065, "exact_match": 0.0}, "loss": {"X_Y_COS": 1.0, "X_Y_MSEloss": 7.636363067291285e-16, "X_Y_test_COS": 0.8672886490821838, "X_Y_test_MSEloss": 0.00048201135359704494, "X_Y_val_COS": 0.8683167695999146, "X_Y_val_MSEloss": 0.00047879060730338097}}