{"train_samples": 100, "test_samples": 200, "source_model": "google-t5/t5-base", "source_dim": 768, "target_dim": 512, "test_results": {"bleu": 0.17, "bleu1": 14.75, "bleu2": 0.48, "bleu3": 0.02, "bleu4": 0.01, "rougeL": 0.0672, "rouge1": 0.0773, "rouge2": 0.0084, "exact_match": 0.0}, "loss": {"X_Y_COS": 0.9999998211860657, "X_Y_MSEloss": 3.850561647311679e-09, "X_Y_test_COS": 0.9096680283546448, "X_Y_test_MSEloss": 0.0006745444261468947, "X_Y_val_COS": 0.9084184765815735, "X_Y_val_MSEloss": 0.0007111156010068953}}