{"train_samples": 1000, "test_samples": 200, "source_model": "sentence-transformers/all-MiniLM-L6-v2", "source_dim": 384, "target_dim": 512, "test_results": {"bleu": 0.14, "bleu1": 12.89, "bleu2": 0.32, "bleu3": 0.02, "bleu4": 0.01, "rougeL": 0.0455, "rouge1": 0.047, "rouge2": 0.0019, "exact_match": 0.0}, "loss": {"X_Y_COS": 0.9549740552902222, "X_Y_MSEloss": 0.00018188873946201056, "X_Y_test_COS": 0.871437132358551, "X_Y_test_MSEloss": 0.000495861517265439, "X_Y_val_COS": 0.8717218041419983, "X_Y_val_MSEloss": 0.0005008410662412643}}