{"train_samples": 20, "test_samples": 200, "source_model": "sentence-transformers/gtr-t5-base", "source_dim": 768, "target_dim": 512, "test_results": {"bleu": 0.13, "bleu1": 14.58, "bleu2": 0.23, "bleu3": 0.01, "bleu4": 0.01, "rougeL": 0.0676, "rouge1": 0.0752, "rouge2": 0.002, "exact_match": 0.0}, "loss": {"X_Y_COS": 1.0, "X_Y_MSEloss": 8.998926736024154e-16, "X_Y_test_COS": 0.8791661858558655, "X_Y_test_MSEloss": 0.0004499528440646827, "X_Y_val_COS": 0.8754131197929382, "X_Y_val_MSEloss": 0.0004615644284058362}}