{"train_samples": 50, "test_samples": 200, "source_model": "text-embedding-3-large", "source_dim": 3072, "target_dim": 512, "test_results": {"bleu": 0.2, "bleu1": 14.65, "bleu2": 0.6, "bleu3": 0.02, "bleu4": 0.01, "rougeL": 0.1096, "rouge1": 0.1184, "rouge2": 0.0079, "exact_match": 0.0}, "loss": {"X_Y_COS": 1.0, "X_Y_MSEloss": 1.885245042352159e-15, "X_Y_test_COS": 0.908959150314331, "X_Y_test_MSEloss": 0.00036087114131078124, "X_Y_val_COS": 0.9090899229049683, "X_Y_val_MSEloss": 0.0003576532762963325}}