{"train_samples": 1, "test_samples": 200, "source_model": "sentence-transformers/all-MiniLM-L6-v2", "source_dim": 384, "target_dim": 512, "test_results": {"bleu": 0.05, "bleu1": 9.81, "bleu2": 0.01, "bleu3": 0.01, "bleu4": 0.0, "rougeL": 0.0595, "rouge1": 0.0646, "rouge2": 0.0076, "exact_match": 0.0}, "loss": {"X_Y_COS": 1.0, "X_Y_MSEloss": 1.533289909045772e-16, "X_Y_test_COS": 0.7829163074493408, "X_Y_test_MSEloss": 0.001209594076499343, "X_Y_val_COS": 0.7907903790473938, "X_Y_val_MSEloss": 0.001205774606205523}}