{"train_samples": 30, "test_samples": 200, "source_model": "google/mt5-base", "source_dim": 768, "target_dim": 512, "test_results": {"bleu": 0.52, "bleu1": 17.47, "bleu2": 1.27, "bleu3": 0.15, "bleu4": 0.02, "rougeL": 0.1132, "rouge1": 0.1496, "rouge2": 0.0137, "exact_match": 0.0}, "loss": {"X_Y_COS": 1.0, "X_Y_MSEloss": 7.348892409322558e-14, "X_Y_test_COS": 0.8881611824035645, "X_Y_test_MSEloss": 0.0008462253026664257, "X_Y_val_COS": 0.8917881846427917, "X_Y_val_MSEloss": 0.0008288371609523892}}