{"train_samples": 1000, "test_samples": 200, "source_model": "google-t5/t5-base", "source_dim": 768, "target_dim": 512, "test_results": {"bleu": 0.51, "bleu1": 17.05, "bleu2": 1.77, "bleu3": 0.19, "bleu4": 0.01, "rougeL": 0.1202, "rouge1": 0.1352, "rouge2": 0.0112, "exact_match": 0.0}, "loss": {"X_Y_COS": 0.8786430954933167, "X_Y_MSEloss": 0.0005189916118979454, "X_Y_test_COS": -0.01711989752948284, "X_Y_test_MSEloss": 0.008869757875800133, "X_Y_val_COS": 0.06433293968439102, "X_Y_val_MSEloss": 0.007215213496237993}}