{"train_samples": 1, "test_samples": 200, "source_model": "google-bert/bert-base-multilingual-cased", "source_dim": 768, "target_dim": 512, "test_results": {"bleu": 0.04, "bleu1": 6.26, "bleu2": 0.02, "bleu3": 0.01, "bleu4": 0.01, "rougeL": 0.0094, "rouge1": 0.0101, "rouge2": 0.0, "exact_match": 0.0}, "loss": {"X_Y_COS": 1.0, "X_Y_MSEloss": 2.2819021276916548e-17, "X_Y_test_COS": 0.8263433575630188, "X_Y_test_MSEloss": 0.0016423016786575317, "X_Y_val_COS": 0.8309970498085022, "X_Y_val_MSEloss": 0.0016444793436676264}}