{"train_samples": 500, "test_samples": 200, "source_model": "text-embedding-ada-002", "source_dim": 1536, "target_dim": 512, "test_results": {"bleu": 0.23, "bleu1": 18.05, "bleu2": 0.86, "bleu3": 0.07, "bleu4": 0.02, "rougeL": 0.0555, "rouge1": 0.0623, "rouge2": 0.0054, "exact_match": 0.0}, "loss": {"X_Y_COS": 0.9813399314880371, "X_Y_MSEloss": 7.284605817403644e-05, "X_Y_test_COS": 0.892983078956604, "X_Y_test_MSEloss": 0.0004052561125718057, "X_Y_val_COS": 0.8917556405067444, "X_Y_val_MSEloss": 0.0004106905544176698}}