{"train_samples": 10, "test_samples": 200, "source_model": "text-embedding-ada-002", "source_dim": 1536, "target_dim": 512, "test_results": {"bleu": 0.19, "bleu1": 13.06, "bleu2": 0.57, "bleu3": 0.02, "bleu4": 0.01, "rougeL": 0.1071, "rouge1": 0.1189, "rouge2": 0.0071, "exact_match": 0.0}, "loss": {"X_Y_COS": 1.0, "X_Y_MSEloss": 2.406778898086156e-15, "X_Y_test_COS": 0.8993667364120483, "X_Y_test_MSEloss": 0.00037342472933232784, "X_Y_val_COS": 0.8993821740150452, "X_Y_val_MSEloss": 0.0003736369253601879}}