{"train_samples": 30, "test_samples": 200, "source_model": "google/mt5-base", "source_dim": 768, "target_dim": 512, "test_results": {"bleu": 0.64, "bleu1": 19.83, "bleu2": 1.61, "bleu3": 0.24, "bleu4": 0.02, "rougeL": 0.1418, "rouge1": 0.1829, "rouge2": 0.0235, "exact_match": 0.0}, "loss": {"X_Y_COS": 1.0, "X_Y_MSEloss": 1.0258835881488126e-12, "X_Y_test_COS": 0.9027331471443176, "X_Y_test_MSEloss": 0.0003592919383663684, "X_Y_val_COS": 0.9050214886665344, "X_Y_val_MSEloss": 0.00035353205748833716}}