{"train_samples": 100, "test_samples": 200, "source_model": "sentence-transformers/all-MiniLM-L6-v2", "source_dim": 384, "target_dim": 512, "test_results": {"bleu": 0.18, "bleu1": 12.81, "bleu2": 0.61, "bleu3": 0.03, "bleu4": 0.01, "rougeL": 0.0569, "rouge1": 0.0645, "rouge2": 0.0089, "exact_match": 0.0}, "loss": {"X_Y_COS": 1.0, "X_Y_MSEloss": 1.013311206861725e-13, "X_Y_test_COS": 0.7638320922851562, "X_Y_test_MSEloss": 0.0008368806447833776, "X_Y_val_COS": 0.7369044423103333, "X_Y_val_MSEloss": 0.0008530577761121094}}