{"train_samples": 30, "test_samples": 200, "source_model": "google/flan-t5-base", "source_dim": 768, "target_dim": 512, "test_results": {"bleu": 0.18, "bleu1": 20.1, "bleu2": 0.78, "bleu3": 0.01, "bleu4": 0.01, "rougeL": 0.1082, "rouge1": 0.1325, "rouge2": 0.0055, "exact_match": 0.0}, "loss": {"X_Y_COS": 1.0, "X_Y_MSEloss": 5.1793235634556636e-14, "X_Y_test_COS": 0.8403539657592773, "X_Y_test_MSEloss": 0.0005749579868279397, "X_Y_val_COS": 0.8472710251808167, "X_Y_val_MSEloss": 0.0005529775517061353}}