{"train_samples": 3, "test_samples": 200, "source_model": "sentence-transformers/gtr-t5-base", "source_dim": 768, "target_dim": 512, "test_results": {"bleu": 0.04, "bleu1": 8.03, "bleu2": 0.01, "bleu3": 0.01, "bleu4": 0.0, "rougeL": 0.0833, "rouge1": 0.0985, "rouge2": 0.0, "exact_match": 0.0}, "loss": {"X_Y_COS": 1.0, "X_Y_MSEloss": 3.688003422262293e-16, "X_Y_test_COS": 0.8723398447036743, "X_Y_test_MSEloss": 0.000497935339808464, "X_Y_val_COS": 0.8707705736160278, "X_Y_val_MSEloss": 0.0005033751367591321}}