{"train_samples": 30, "test_samples": 200, "source_model": "intfloat/multilingual-e5-base", "source_dim": 768, "target_dim": 512, "test_results": {"bleu": 0.17, "bleu1": 13.6, "bleu2": 0.7, "bleu3": 0.02, "bleu4": 0.01, "rougeL": 0.0969, "rouge1": 0.1243, "rouge2": 0.0073, "exact_match": 0.0}, "loss": {"X_Y_COS": 1.0, "X_Y_MSEloss": 2.7798878650397985e-13, "X_Y_test_COS": 0.9063758850097656, "X_Y_test_MSEloss": 0.00034914686693809927, "X_Y_val_COS": 0.9047258496284485, "X_Y_val_MSEloss": 0.0003552960406523198}}