{"epoch": 2, "dev_acc": 49.5, "test_acc": 50.0, "test_f1": 48.449999999999996, "test_roc": 51.13999999999999}