{"train_samples": 3, "test_samples": 200, "source_model": "google-t5/t5-base", "source_dim": 768, "target_dim": 512, "test_results": {"bleu": 0.15, "bleu1": 14.26, "bleu2": 0.65, "bleu3": 0.01, "bleu4": 0.01, "rougeL": 0.0859, "rouge1": 0.0905, "rouge2": 0.0061, "exact_match": 0.0}, "loss": {"X_Y_COS": 1.0, "X_Y_MSEloss": 7.042623676210358e-16, "X_Y_test_COS": 0.8370918035507202, "X_Y_test_MSEloss": 0.0010545708937570453, "X_Y_val_COS": 0.8415520787239075, "X_Y_val_MSEloss": 0.0010148074943572283}}