{"train_samples": 500, "test_samples": 200, "source_model": "text-embedding-ada-002", "source_dim": 1536, "target_dim": 512, "test_results": {"bleu": 4.12, "bleu1": 29.23, "bleu2": 5.01, "bleu3": 1.9, "bleu4": 1.07, "rougeL": 0.1942, "rouge1": 0.2565, "rouge2": 0.0571, "exact_match": 0.0}, "loss": {"X_Y_COS": 0.9803173542022705, "X_Y_MSEloss": 7.657089736312628e-05, "X_Y_test_COS": 0.9145203232765198, "X_Y_test_MSEloss": 0.0003254774201195687, "X_Y_val_COS": 0.91230708360672, "X_Y_val_MSEloss": 0.00033480770071037114}}