{"train_samples": 1000, "test_samples": 200, "source_model": "google-bert/bert-base-multilingual-cased", "source_dim": 768, "target_dim": 512, "test_results": {"bleu": 0.68, "bleu1": 16.22, "bleu2": 1.37, "bleu3": 0.22, "bleu4": 0.06, "rougeL": 0.1237, "rouge1": 0.1391, "rouge2": 0.0123, "exact_match": 0.0}, "loss": {"X_Y_COS": 0.9066222906112671, "X_Y_MSEloss": 0.00046307474258355796, "X_Y_test_COS": -0.0026033998001366854, "X_Y_test_MSEloss": 0.009457752108573914, "X_Y_val_COS": -0.025342710316181183, "X_Y_val_MSEloss": 0.008922589011490345}}