{"train_samples": 3, "test_samples": 200, "source_model": "intfloat/multilingual-e5-base", "source_dim": 768, "target_dim": 512, "test_results": {"bleu": 0.13, "bleu1": 16.49, "bleu2": 0.18, "bleu3": 0.01, "bleu4": 0.01, "rougeL": 0.0967, "rouge1": 0.1113, "rouge2": 0.0035, "exact_match": 0.0}, "loss": {"X_Y_COS": 1.0, "X_Y_MSEloss": 3.379231590323927e-16, "X_Y_test_COS": 0.884745717048645, "X_Y_test_MSEloss": 0.00042626095819287, "X_Y_val_COS": 0.8826030492782593, "X_Y_val_MSEloss": 0.0004335021076258272}}