{"train_samples": 20, "test_samples": 200, "source_model": "google-t5/t5-base", "source_dim": 768, "target_dim": 512, "test_results": {"bleu": 0.63, "bleu1": 16.98, "bleu2": 1.03, "bleu3": 0.14, "bleu4": 0.06, "rougeL": 0.1146, "rouge1": 0.1509, "rouge2": 0.0107, "exact_match": 0.0}, "loss": {"X_Y_COS": 1.0, "X_Y_MSEloss": 3.1043990450930602e-15, "X_Y_test_COS": 0.89496910572052, "X_Y_test_MSEloss": 0.0007798672304488719, "X_Y_val_COS": 0.9008519649505615, "X_Y_val_MSEloss": 0.0007579035591334105}}