{"train_samples": 1000, "test_samples": 200, "source_model": "google-bert/bert-base-multilingual-cased", "source_dim": 768, "target_dim": 512, "test_results": {"bleu": 0.91, "bleu1": 17.1, "bleu2": 1.84, "bleu3": 0.25, "bleu4": 0.12, "rougeL": 0.1209, "rouge1": 0.1365, "rouge2": 0.014, "exact_match": 0.0}, "loss": {"X_Y_COS": 0.8992059826850891, "X_Y_MSEloss": 0.0004670656635425985, "X_Y_test_COS": 0.008040512911975384, "X_Y_test_MSEloss": 0.008330910466611385, "X_Y_val_COS": 0.07702045142650604, "X_Y_val_MSEloss": 0.008157647214829922}}