{"train_samples": 10, "test_samples": 200, "source_model": "google-t5/t5-base", "source_dim": 768, "target_dim": 512, "test_results": {"bleu": 0.14, "bleu1": 16.17, "bleu2": 0.55, "bleu3": 0.01, "bleu4": 0.01, "rougeL": 0.0637, "rouge1": 0.0713, "rouge2": 0.0039, "exact_match": 0.0}, "loss": {"X_Y_COS": 1.0, "X_Y_MSEloss": 2.349169470061696e-10, "X_Y_test_COS": 0.8706344962120056, "X_Y_test_MSEloss": 0.001171977841295302, "X_Y_val_COS": 0.8756530284881592, "X_Y_val_MSEloss": 0.0011225235648453236}}