{"train_samples": 50, "test_samples": 200, "source_model": "text-embedding-ada-002", "source_dim": 1536, "target_dim": 512, "test_results": {"bleu": 1.01, "bleu1": 17.23, "bleu2": 1.52, "bleu3": 0.6, "bleu4": 0.36, "rougeL": 0.0651, "rouge1": 0.0738, "rouge2": 0.0111, "exact_match": 0.0}, "loss": {"X_Y_COS": 1.0, "X_Y_MSEloss": 2.309810058064715e-13, "X_Y_test_COS": 0.9121764302253723, "X_Y_test_MSEloss": 0.0003272518515586853, "X_Y_val_COS": 0.9084833860397339, "X_Y_val_MSEloss": 0.00034095003502443433}}