{"train_samples": 5, "test_samples": 200, "source_model": "google-bert/bert-base-multilingual-cased", "source_dim": 768, "target_dim": 512, "test_results": {"bleu": 0.18, "bleu1": 18.75, "bleu2": 0.85, "bleu3": 0.01, "bleu4": 0.01, "rougeL": 0.1004, "rouge1": 0.1296, "rouge2": 0.0077, "exact_match": 0.0}, "loss": {"X_Y_COS": 1.0, "X_Y_MSEloss": 1.81900647322486e-10, "X_Y_test_COS": 0.7945958375930786, "X_Y_test_MSEloss": 0.0014145848108455539, "X_Y_val_COS": 0.8014148473739624, "X_Y_val_MSEloss": 0.0013743385206907988}}