{"train_samples": 20, "test_samples": 200, "source_model": "google-t5/t5-base", "source_dim": 768, "target_dim": 512, "test_results": {"bleu": 1.03, "bleu1": 23.05, "bleu2": 1.8, "bleu3": 0.26, "bleu4": 0.11, "rougeL": 0.1498, "rouge1": 0.1999, "rouge2": 0.019, "exact_match": 0.0}, "loss": {"X_Y_COS": 1.0, "X_Y_MSEloss": 2.3214926752864254e-14, "X_Y_test_COS": 0.9075712561607361, "X_Y_test_MSEloss": 0.0003451209340710193, "X_Y_val_COS": 0.9079923629760742, "X_Y_val_MSEloss": 0.00034343995503149927}}