{"train_samples": 1000, "test_samples": 200, "source_model": "google/mt5-base", "source_dim": 768, "target_dim": 512, "test_results": {"bleu": 0.18, "bleu1": 9.34, "bleu2": 0.23, "bleu3": 0.03, "bleu4": 0.02, "rougeL": 0.0576, "rouge1": 0.0645, "rouge2": 0.0011, "exact_match": 0.0}, "loss": {"X_Y_COS": 0.9213539958000183, "X_Y_MSEloss": 0.00039484607987105846, "X_Y_test_COS": 0.006245627999305725, "X_Y_test_MSEloss": 0.007817893289029598, "X_Y_val_COS": 0.13749395310878754, "X_Y_val_MSEloss": 0.0068991463631391525}}