{"train_samples": 500, "test_samples": 200, "source_model": "google-bert/bert-base-multilingual-cased", "source_dim": 768, "target_dim": 512, "test_results": {"bleu": 0.66, "bleu1": 16.83, "bleu2": 1.3, "bleu3": 0.32, "bleu4": 0.09, "rougeL": 0.063, "rouge1": 0.0727, "rouge2": 0.01, "exact_match": 0.0}, "loss": {"X_Y_COS": 0.9754482507705688, "X_Y_MSEloss": 9.56691219471395e-05, "X_Y_test_COS": 0.8807842135429382, "X_Y_test_MSEloss": 0.00045930533087812364, "X_Y_val_COS": 0.8792678713798523, "X_Y_val_MSEloss": 0.0004680157289840281}}