{"train_samples": 10, "test_samples": 200, "source_model": "sentence-transformers/gtr-t5-base", "source_dim": 768, "target_dim": 512, "test_results": {"bleu": 0.13, "bleu1": 13.72, "bleu2": 0.23, "bleu3": 0.02, "bleu4": 0.01, "rougeL": 0.0824, "rouge1": 0.0978, "rouge2": 0.0017, "exact_match": 0.0}, "loss": {"X_Y_COS": 1.0, "X_Y_MSEloss": 1.705481172953327e-10, "X_Y_test_COS": 0.9253080487251282, "X_Y_test_MSEloss": 0.0006338736275210977, "X_Y_val_COS": 0.9240829348564148, "X_Y_val_MSEloss": 0.0006363006541505456}}