{"train_samples": 500, "test_samples": 200, "source_model": "google-t5/t5-base", "source_dim": 768, "target_dim": 512, "test_results": {"bleu": 28.8, "bleu1": 48.42, "bleu2": 29.2, "bleu3": 24.6, "bleu4": 22.16, "rougeL": 0.4196, "rouge1": 0.4755, "rouge2": 0.295, "exact_match": 0.0}, "loss": {"X_Y_COS": 0.9924907088279724, "X_Y_MSEloss": 2.9895842089899816e-05, "X_Y_test_COS": 0.9302451610565186, "X_Y_test_MSEloss": 0.00027715243049897254, "X_Y_val_COS": 0.9247565269470215, "X_Y_val_MSEloss": 0.0002954268711619079, "reg_lambda": 0.001}}