{"train_samples": 20, "test_samples": 200, "source_model": "text-embedding-ada-002", "source_dim": 1536, "target_dim": 512, "test_results": {"bleu": 0.22, "bleu1": 12.7, "bleu2": 0.95, "bleu3": 0.02, "bleu4": 0.01, "rougeL": 0.1267, "rouge1": 0.1397, "rouge2": 0.0098, "exact_match": 0.0}, "loss": {"X_Y_COS": 1.0, "X_Y_MSEloss": 1.0664600509657264e-14, "X_Y_test_COS": 0.9251978993415833, "X_Y_test_MSEloss": 0.0005625292542390525, "X_Y_val_COS": 0.9263975620269775, "X_Y_val_MSEloss": 0.000554512080270797}}