{"train_samples": 30, "test_samples": 200, "source_model": "intfloat/multilingual-e5-base", "source_dim": 768, "target_dim": 512, "test_results": {"bleu": 0.41, "bleu1": 19.29, "bleu2": 1.15, "bleu3": 0.07, "bleu4": 0.03, "rougeL": 0.117, "rouge1": 0.1525, "rouge2": 0.0133, "exact_match": 0.0}, "loss": {"X_Y_COS": 1.0, "X_Y_MSEloss": 1.1942428990163734e-10, "X_Y_test_COS": 0.883888304233551, "X_Y_test_MSEloss": 0.0008993293740786612, "X_Y_val_COS": 0.8895642757415771, "X_Y_val_MSEloss": 0.0008333045989274979}}