{"train_samples": 100, "test_samples": 200, "source_model": "google/mt5-base", "source_dim": 768, "target_dim": 512, "test_results": {"bleu": 13.33, "bleu1": 32.47, "bleu2": 12.74, "bleu3": 10.05, "bleu4": 9.04, "rougeL": 0.2498, "rouge1": 0.3057, "rouge2": 0.1257, "exact_match": 0.0}, "loss": {"X_Y_COS": 0.9999992251396179, "X_Y_MSEloss": 2.683457900332087e-08, "X_Y_test_COS": 0.8950433731079102, "X_Y_test_MSEloss": 0.0008814629982225597, "X_Y_val_COS": 0.890673041343689, "X_Y_val_MSEloss": 0.0009208294795826077}}