{"train_samples": 40, "test_samples": 200, "source_model": "text-embedding-ada-002", "source_dim": 1536, "target_dim": 512, "test_results": {"bleu": 0.16, "bleu1": 16.31, "bleu2": 0.64, "bleu3": 0.01, "bleu4": 0.01, "rougeL": 0.0951, "rouge1": 0.1213, "rouge2": 0.0058, "exact_match": 0.0}, "loss": {"X_Y_COS": 1.0, "X_Y_MSEloss": 2.411567889826216e-10, "X_Y_test_COS": 0.7828086614608765, "X_Y_test_MSEloss": 0.001575165893882513, "X_Y_val_COS": 0.7866765260696411, "X_Y_val_MSEloss": 0.001546739600598812}}