{"train_samples": 50, "test_samples": 200, "source_model": "sentence-transformers/all-MiniLM-L6-v2", "source_dim": 384, "target_dim": 512, "test_results": {"bleu": 0.1, "bleu1": 9.69, "bleu2": 0.1, "bleu3": 0.01, "bleu4": 0.01, "rougeL": 0.0069, "rouge1": 0.0069, "rouge2": 0.0, "exact_match": 0.0}, "loss": {"X_Y_COS": 1.0, "X_Y_MSEloss": 8.34463195157481e-13, "X_Y_test_COS": 0.8598597645759583, "X_Y_test_MSEloss": 0.0005283015198074281, "X_Y_val_COS": 0.8546045422554016, "X_Y_val_MSEloss": 0.0005343188531696796}}