{"train_samples": 7000, "test_samples": 200, "source_model": "google-t5/t5-base", "source_dim": 768, "target_dim": 512, "test_results": {"bleu": 34.33, "bleu1": 57.01, "bleu2": 35.89, "bleu3": 29.56, "bleu4": 26.47, "rougeL": 0.4916, "rouge1": 0.5636, "rouge2": 0.3567, "exact_match": 0.0}, "loss": {"X_Y_COS": 0.9710437059402466, "X_Y_MSEloss": 0.00011315015581203625, "X_Y_test_COS": 0.9675160050392151, "X_Y_test_MSEloss": 0.00012655672617256641, "X_Y_val_COS": 0.9669932126998901, "X_Y_val_MSEloss": 0.00012817092647310346}}