{"train_samples": 1, "test_samples": 200, "source_model": "text-embedding-3-large", "source_dim": 3072, "target_dim": 512, "test_results": {"bleu": 0.07, "bleu1": 11.31, "bleu2": 0.09, "bleu3": 0.02, "bleu4": 0.01, "rougeL": 0.0802, "rouge1": 0.0939, "rouge2": 0.0008, "exact_match": 0.0}, "loss": {"X_Y_COS": 1.0, "X_Y_MSEloss": 2.954800982858232e-17, "X_Y_test_COS": 0.7621825933456421, "X_Y_test_MSEloss": 0.0036971874069422483, "X_Y_val_COS": 0.7651901841163635, "X_Y_val_MSEloss": 0.003647278528660536}}