{"train_samples": 5, "test_samples": 200, "source_model": "sentence-transformers/gtr-t5-base", "source_dim": 768, "target_dim": 512, "test_results": {"bleu": 0.17, "bleu1": 13.36, "bleu2": 0.57, "bleu3": 0.03, "bleu4": 0.02, "rougeL": 0.1021, "rouge1": 0.1182, "rouge2": 0.0044, "exact_match": 0.0}, "loss": {"X_Y_COS": 1.0, "X_Y_MSEloss": 3.6790084617580444e-16, "X_Y_test_COS": 0.8632553815841675, "X_Y_test_MSEloss": 0.0005370596190914512, "X_Y_val_COS": 0.8673974275588989, "X_Y_val_MSEloss": 0.0005202801548875868}}