{"train_samples": 20, "test_samples": 200, "source_model": "sentence-transformers/gtr-t5-base", "source_dim": 768, "target_dim": 512, "test_results": {"bleu": 0.81, "bleu1": 19.31, "bleu2": 1.31, "bleu3": 0.21, "bleu4": 0.09, "rougeL": 0.1268, "rouge1": 0.16, "rouge2": 0.0181, "exact_match": 0.0}, "loss": {"X_Y_COS": 1.0, "X_Y_MSEloss": 1.0117832907149851e-15, "X_Y_test_COS": 0.8234664797782898, "X_Y_test_MSEloss": 0.0006334389327093959, "X_Y_val_COS": 0.8225422501564026, "X_Y_val_MSEloss": 0.0006385448505170643}}