{"train_samples": 20, "test_samples": 200, "source_model": "google-bert/bert-base-multilingual-cased", "source_dim": 768, "target_dim": 512, "test_results": {"bleu": 0.13, "bleu1": 13.47, "bleu2": 0.24, "bleu3": 0.02, "bleu4": 0.01, "rougeL": 0.0545, "rouge1": 0.0635, "rouge2": 0.0035, "exact_match": 0.0}, "loss": {"X_Y_COS": 1.0, "X_Y_MSEloss": 1.2777392906476292e-14, "X_Y_test_COS": 0.8713068962097168, "X_Y_test_MSEloss": 0.0004741532320622355, "X_Y_val_COS": 0.8672005534172058, "X_Y_val_MSEloss": 0.00048683889326639473}}