{"train_samples": 500, "test_samples": 200, "source_model": "text-embedding-3-large", "source_dim": 3072, "target_dim": 512, "test_results": {"bleu": 13.24, "bleu1": 30.32, "bleu2": 12.44, "bleu3": 10.44, "bleu4": 9.47, "rougeL": 0.2342, "rouge1": 0.2814, "rouge2": 0.1267, "exact_match": 0.0}, "loss": {"X_Y_COS": 0.9383924007415771, "X_Y_MSEloss": 0.0003466712951194495, "X_Y_test_COS": 0.9256311058998108, "X_Y_test_MSEloss": 0.00039863080019131303, "X_Y_val_COS": 0.9236509203910828, "X_Y_val_MSEloss": 0.0004079817153979093, "reg_lambda": 10}}