{"train_samples": 50, "test_samples": 200, "source_model": "google-bert/bert-base-multilingual-cased", "source_dim": 768, "target_dim": 512, "test_results": {"bleu": 0.21, "bleu1": 14.17, "bleu2": 0.93, "bleu3": 0.02, "bleu4": 0.01, "rougeL": 0.1055, "rouge1": 0.1129, "rouge2": 0.0089, "exact_match": 0.0}, "loss": {"X_Y_COS": 1.0, "X_Y_MSEloss": 1.149471420824888e-10, "X_Y_test_COS": 0.8703787922859192, "X_Y_test_MSEloss": 0.0008918970124796033, "X_Y_val_COS": 0.8764834403991699, "X_Y_val_MSEloss": 0.0008740825578570366}}