{"train_samples": 20, "test_samples": 200, "source_model": "google/mt5-base", "source_dim": 768, "target_dim": 512, "test_results": {"bleu": 0.93, "bleu1": 19.7, "bleu2": 1.7, "bleu3": 0.28, "bleu4": 0.1, "rougeL": 0.1253, "rouge1": 0.1611, "rouge2": 0.0142, "exact_match": 0.0}, "loss": {"X_Y_COS": 1.0, "X_Y_MSEloss": 1.231915909344003e-13, "X_Y_test_COS": 0.88818359375, "X_Y_test_MSEloss": 0.0004161213873885572, "X_Y_val_COS": 0.8939452171325684, "X_Y_val_MSEloss": 0.0003960489120800048}}