{"train_samples": 20, "test_samples": 200, "source_model": "sentence-transformers/gtr-t5-base", "source_dim": 768, "target_dim": 512, "test_results": {"bleu": 8.41, "bleu1": 23.09, "bleu2": 7.29, "bleu3": 5.97, "bleu4": 5.35, "rougeL": 0.1659, "rouge1": 0.1999, "rouge2": 0.0697, "exact_match": 0.0}, "loss": {"X_Y_COS": 1.0, "X_Y_MSEloss": 4.532034431811965e-16, "X_Y_test_COS": 0.9021735787391663, "X_Y_test_MSEloss": 0.0004140934906899929, "X_Y_val_COS": 0.9099604487419128, "X_Y_val_MSEloss": 0.0003903962206095457}}