{"train_samples": 30, "test_samples": 200, "source_model": "sentence-transformers/all-MiniLM-L6-v2", "source_dim": 384, "target_dim": 512, "test_results": {"bleu": 0.04, "bleu1": 9.57, "bleu2": 0.02, "bleu3": 0.01, "bleu4": 0.0, "rougeL": 0.005, "rouge1": 0.005, "rouge2": 0.0, "exact_match": 0.0}, "loss": {"X_Y_COS": 1.0, "X_Y_MSEloss": 1.0368965470516542e-15, "X_Y_test_COS": 0.8005636930465698, "X_Y_test_MSEloss": 0.0007241618586704135, "X_Y_val_COS": 0.792353630065918, "X_Y_val_MSEloss": 0.000752945663407445}}