{"train_samples": 5, "test_samples": 200, "source_model": "intfloat/multilingual-e5-base", "source_dim": 768, "target_dim": 512, "test_results": {"bleu": 0.25, "bleu1": 18.89, "bleu2": 0.99, "bleu3": 0.02, "bleu4": 0.01, "rougeL": 0.1056, "rouge1": 0.1296, "rouge2": 0.0091, "exact_match": 0.0}, "loss": {"X_Y_COS": 1.0, "X_Y_MSEloss": 1.9850053545322766e-10, "X_Y_test_COS": 0.8598820567131042, "X_Y_test_MSEloss": 0.0010423928033560514, "X_Y_val_COS": 0.8661664128303528, "X_Y_val_MSEloss": 0.0009773971978574991}}