{"train_samples": 10, "test_samples": 200, "source_model": "sentence-transformers/gtr-t5-base", "source_dim": 768, "target_dim": 512, "test_results": {"bleu": 9.99, "bleu1": 23.81, "bleu2": 8.75, "bleu3": 7.25, "bleu4": 6.61, "rougeL": 0.1779, "rouge1": 0.2078, "rouge2": 0.0842, "exact_match": 0.0}, "loss": {"X_Y_COS": 1.0, "X_Y_MSEloss": 3.6677950690253776e-16, "X_Y_test_COS": 0.9027466177940369, "X_Y_test_MSEloss": 0.000518127519171685, "X_Y_val_COS": 0.9089324474334717, "X_Y_val_MSEloss": 0.0004956909688189626}}