{"train_samples": 1000, "test_samples": 200, "source_model": "google-bert/bert-base-multilingual-cased", "source_dim": 768, "target_dim": 512, "test_results": {"bleu": 0.26, "bleu1": 19.04, "bleu2": 1.3, "bleu3": 0.02, "bleu4": 0.01, "rougeL": 0.1518, "rouge1": 0.1734, "rouge2": 0.0131, "exact_match": 0.0}, "loss": {"X_Y_COS": 0.9739675521850586, "X_Y_MSEloss": 0.0002005536516662687, "X_Y_test_COS": 0.9296026825904846, "X_Y_test_MSEloss": 0.0005337261245585978, "X_Y_val_COS": 0.9321377277374268, "X_Y_val_MSEloss": 0.0005162694142200053}}