{"train_samples": 100, "test_samples": 200, "source_model": "sentence-transformers/all-MiniLM-L6-v2", "source_dim": 384, "target_dim": 512, "test_results": {"bleu": 0.15, "bleu1": 11.73, "bleu2": 0.39, "bleu3": 0.03, "bleu4": 0.02, "rougeL": 0.0401, "rouge1": 0.044, "rouge2": 0.0018, "exact_match": 0.0}, "loss": {"X_Y_COS": 1.0, "X_Y_MSEloss": 6.056143364574496e-10, "X_Y_test_COS": 0.5532983541488647, "X_Y_test_MSEloss": 0.003196059027686715, "X_Y_val_COS": 0.574946939945221, "X_Y_val_MSEloss": 0.0030134362168610096}}