{"train_samples": 5, "test_samples": 200, "source_model": "sentence-transformers/gtr-t5-base", "source_dim": 768, "target_dim": 512, "test_results": {"bleu": 0.22, "bleu1": 22.13, "bleu2": 1.1, "bleu3": 0.01, "bleu4": 0.01, "rougeL": 0.1409, "rouge1": 0.1883, "rouge2": 0.0133, "exact_match": 0.0}, "loss": {"X_Y_COS": 1.0, "X_Y_MSEloss": 4.0209556625646055e-16, "X_Y_test_COS": 0.8951971530914307, "X_Y_test_MSEloss": 0.0004327550414018333, "X_Y_val_COS": 0.8957946300506592, "X_Y_val_MSEloss": 0.0004270680947229266}}