{"train_samples": 1000, "test_samples": 200, "source_model": "google-t5/t5-base", "source_dim": 768, "target_dim": 512, "test_results": {"bleu": 0.18, "bleu1": 15.93, "bleu2": 0.6, "bleu3": 0.02, "bleu4": 0.01, "rougeL": 0.0733, "rouge1": 0.0844, "rouge2": 0.0096, "exact_match": 0.0}, "loss": {"X_Y_COS": 0.9752897024154663, "X_Y_MSEloss": 0.00018872668442782015, "X_Y_test_COS": 0.928416907787323, "X_Y_test_MSEloss": 0.0005442643887363374, "X_Y_val_COS": 0.9291120767593384, "X_Y_val_MSEloss": 0.0005573868402279913}}