{"train_samples": 20, "test_samples": 200, "source_model": "sentence-transformers/gtr-t5-base", "source_dim": 768, "target_dim": 512, "test_results": {"bleu": 0.59, "bleu1": 19.08, "bleu2": 1.57, "bleu3": 0.21, "bleu4": 0.04, "rougeL": 0.1241, "rouge1": 0.163, "rouge2": 0.0173, "exact_match": 0.0}, "loss": {"X_Y_COS": 1.0, "X_Y_MSEloss": 1.8850290772753908e-10, "X_Y_test_COS": 0.8748922348022461, "X_Y_test_MSEloss": 0.0009504700428806245, "X_Y_val_COS": 0.8763183355331421, "X_Y_val_MSEloss": 0.0009355737129226327}}