{"train_samples": 40, "test_samples": 200, "source_model": "google/mt5-base", "source_dim": 768, "target_dim": 512, "test_results": {"bleu": 0.73, "bleu1": 23.61, "bleu2": 1.99, "bleu3": 0.28, "bleu4": 0.03, "rougeL": 0.1345, "rouge1": 0.1744, "rouge2": 0.0189, "exact_match": 0.0}, "loss": {"X_Y_COS": 1.0, "X_Y_MSEloss": 3.6736963297812064e-12, "X_Y_test_COS": 0.857134997844696, "X_Y_test_MSEloss": 0.0005199933075346053, "X_Y_val_COS": 0.853692352771759, "X_Y_val_MSEloss": 0.0005333185545168817}}