{"train_samples": 3, "test_samples": 200, "source_model": "google/mt5-base", "source_dim": 768, "target_dim": 512, "test_results": {"bleu": 0.15, "bleu1": 15.46, "bleu2": 0.47, "bleu3": 0.02, "bleu4": 0.01, "rougeL": 0.1181, "rouge1": 0.1367, "rouge2": 0.0079, "exact_match": 0.0}, "loss": {"X_Y_COS": 1.0, "X_Y_MSEloss": 1.6545036325203125e-15, "X_Y_test_COS": 0.9074103832244873, "X_Y_test_MSEloss": 0.0006559828179888427, "X_Y_val_COS": 0.908428430557251, "X_Y_val_MSEloss": 0.0006433635717257857}}