{"train_samples": 3, "test_samples": 200, "source_model": "google/mt5-base", "source_dim": 768, "target_dim": 512, "test_results": {"bleu": 0.12, "bleu1": 15.96, "bleu2": 0.16, "bleu3": 0.02, "bleu4": 0.01, "rougeL": 0.1007, "rouge1": 0.1174, "rouge2": 0.0062, "exact_match": 0.0}, "loss": {"X_Y_COS": 1.0, "X_Y_MSEloss": 3.4486753218067746e-16, "X_Y_test_COS": 0.9019268751144409, "X_Y_test_MSEloss": 0.0003740547108463943, "X_Y_val_COS": 0.9006470441818237, "X_Y_val_MSEloss": 0.0003766400332096964}}