{"train_samples": 30, "test_samples": 200, "source_model": "text-embedding-3-large", "source_dim": 3072, "target_dim": 512, "test_results": {"bleu": 0.09, "bleu1": 8.46, "bleu2": 0.04, "bleu3": 0.02, "bleu4": 0.01, "rougeL": 0.0051, "rouge1": 0.0051, "rouge2": 0.0, "exact_match": 0.0}, "loss": {"X_Y_COS": 1.0, "X_Y_MSEloss": 3.7065383560327893e-16, "X_Y_test_COS": 0.8470606803894043, "X_Y_test_MSEloss": 0.0006454851245507598, "X_Y_val_COS": 0.8507484197616577, "X_Y_val_MSEloss": 0.0006298732478171587}}