{"train_samples": 2000, "test_samples": 200, "source_model": "sentence-transformers/gtr-t5-base", "source_dim": 768, "target_dim": 512, "test_results": {"bleu": 2.61, "bleu1": 27.61, "bleu2": 4.44, "bleu3": 1.14, "bleu4": 0.41, "rougeL": 0.1923, "rouge1": 0.2655, "rouge2": 0.0541, "exact_match": 0.0}, "loss": {"X_Y_COS": 0.9605755805969238, "X_Y_MSEloss": 0.00015271651500370353, "X_Y_test_COS": 0.9011927843093872, "X_Y_test_MSEloss": 0.0003821303544100374, "X_Y_val_COS": 0.9060506224632263, "X_Y_val_MSEloss": 0.0003619503986556083}}