{"train_samples": 10, "test_samples": 200, "source_model": "google-bert/bert-base-multilingual-cased", "source_dim": 768, "target_dim": 512, "test_results": {"bleu": 9.8, "bleu1": 23.83, "bleu2": 8.57, "bleu3": 7.22, "bleu4": 6.65, "rougeL": 0.1795, "rouge1": 0.2066, "rouge2": 0.0835, "exact_match": 0.0}, "loss": {"X_Y_COS": 0.9999657869338989, "X_Y_MSEloss": 1.8469549445399025e-07, "X_Y_test_COS": 0.9035691618919373, "X_Y_test_MSEloss": 0.0003639574279077351, "X_Y_val_COS": 0.906812846660614, "X_Y_val_MSEloss": 0.00035545500577427447, "reg_lambda": 0.01}}