{"train_samples": 1000, "test_samples": 200, "source_model": "text-embedding-3-large", "source_dim": 3072, "target_dim": 512, "test_results": {"bleu": 1.41, "bleu1": 9.35, "bleu2": 1.32, "bleu3": 0.77, "bleu4": 0.44, "rougeL": 0.0474, "rouge1": 0.0509, "rouge2": 0.0036, "exact_match": 0.0}, "loss": {"X_Y_COS": 1.0, "X_Y_MSEloss": 1.0252685338088888e-13, "X_Y_test_COS": 0.07005228847265244, "X_Y_test_MSEloss": 0.002634742297232151, "X_Y_val_COS": -0.05671912059187889, "X_Y_val_MSEloss": 0.003238650504499674}}