{"train_samples": 5, "test_samples": 200, "source_model": "sentence-transformers/gtr-t5-base", "source_dim": 768, "target_dim": 512, "test_results": {"bleu": 0.16, "bleu1": 13.86, "bleu2": 0.56, "bleu3": 0.03, "bleu4": 0.02, "rougeL": 0.1158, "rouge1": 0.1332, "rouge2": 0.0064, "exact_match": 0.0}, "loss": {"X_Y_COS": 1.0, "X_Y_MSEloss": 1.4677035975463326e-10, "X_Y_test_COS": 0.89918053150177, "X_Y_test_MSEloss": 0.0008253264240920544, "X_Y_val_COS": 0.8973130583763123, "X_Y_val_MSEloss": 0.0008417816134169698}}