{"epoch": 0, "dev_acc": 56.99999999999999, "test_acc": 56.49999999999999, "test_f1": 47.27, "test_roc": 58.540000000000006}