{"train_samples": 1, "test_samples": 200, "source_model": "google/flan-t5-base", "source_dim": 768, "target_dim": 512, "test_results": {"bleu": 0.37, "bleu1": 21.89, "bleu2": 1.45, "bleu3": 0.05, "bleu4": 0.01, "rougeL": 0.1385, "rouge1": 0.1595, "rouge2": 0.013, "exact_match": 0.0}, "loss": {"X_Y_COS": 1.0, "X_Y_MSEloss": 3.211157754276012e-16, "X_Y_test_COS": 0.7756454348564148, "X_Y_test_MSEloss": 0.0010108434362336993, "X_Y_val_COS": 0.7768252491950989, "X_Y_val_MSEloss": 0.001000992371700704}}