{"train_samples": 30, "test_samples": 200, "source_model": "sentence-transformers/all-MiniLM-L6-v2", "source_dim": 384, "target_dim": 512, "test_results": {"bleu": 1.67, "bleu1": 19.78, "bleu2": 1.75, "bleu3": 0.66, "bleu4": 0.37, "rougeL": 0.1338, "rouge1": 0.1844, "rouge2": 0.0219, "exact_match": 0.0}, "loss": {"X_Y_COS": 1.0, "X_Y_MSEloss": 4.902572700357503e-16, "X_Y_test_COS": 0.782715916633606, "X_Y_test_MSEloss": 0.0008136311080306768, "X_Y_val_COS": 0.7417502999305725, "X_Y_val_MSEloss": 0.0008958664839155972}}