{"train_samples": 5, "test_samples": 200, "source_model": "text-embedding-ada-002", "source_dim": 1536, "target_dim": 512, "test_results": {"bleu": 0.04, "bleu1": 7.57, "bleu2": 0.08, "bleu3": 0.04, "bleu4": 0.02, "rougeL": 0.0, "rouge1": 0.0, "rouge2": 0.0, "exact_match": 0.0}, "loss": {"X_Y_COS": 1.0, "X_Y_MSEloss": 2.316693344255635e-15, "X_Y_test_COS": 0.8278800845146179, "X_Y_test_MSEloss": 0.0006136185256764293, "X_Y_val_COS": 0.8290873765945435, "X_Y_val_MSEloss": 0.0006093581905588508}}