{"train_samples": 20, "test_samples": 200, "source_model": "google-t5/t5-base", "source_dim": 768, "target_dim": 512, "test_results": {"bleu": 0.45, "bleu1": 15.17, "bleu2": 0.71, "bleu3": 0.15, "bleu4": 0.1, "rougeL": 0.0562, "rouge1": 0.0612, "rouge2": 0.0043, "exact_match": 0.0}, "loss": {"X_Y_COS": 1.0, "X_Y_MSEloss": 2.426394487078671e-15, "X_Y_test_COS": 0.8856377005577087, "X_Y_test_MSEloss": 0.0007720697321929038, "X_Y_val_COS": 0.8916381001472473, "X_Y_val_MSEloss": 0.0007253619842231274}}