{"train_samples": 30, "test_samples": 200, "source_model": "sentence-transformers/gtr-t5-base", "source_dim": 768, "target_dim": 512, "test_results": {"bleu": 0.14, "bleu1": 11.26, "bleu2": 0.13, "bleu3": 0.05, "bleu4": 0.03, "rougeL": 0.0141, "rouge1": 0.0145, "rouge2": 0.0, "exact_match": 0.0}, "loss": {"X_Y_COS": 1.0, "X_Y_MSEloss": 3.982506243050332e-15, "X_Y_test_COS": 0.8912002444267273, "X_Y_test_MSEloss": 0.0006471576634794474, "X_Y_val_COS": 0.888098955154419, "X_Y_val_MSEloss": 0.0006920729647390544}}