{"train_samples": 20, "test_samples": 200, "source_model": "google-bert/bert-base-multilingual-cased", "source_dim": 768, "target_dim": 512, "test_results": {"bleu": 0.46, "bleu1": 20.06, "bleu2": 1.44, "bleu3": 0.14, "bleu4": 0.01, "rougeL": 0.1194, "rouge1": 0.1604, "rouge2": 0.0164, "exact_match": 0.0}, "loss": {"X_Y_COS": 1.0, "X_Y_MSEloss": 3.2316028532216852e-15, "X_Y_test_COS": 0.8920357823371887, "X_Y_test_MSEloss": 0.00040187433478422463, "X_Y_val_COS": 0.8921825885772705, "X_Y_val_MSEloss": 0.0004012287827208638}}