{"train_samples": 20, "test_samples": 200, "source_model": "intfloat/multilingual-e5-base", "source_dim": 768, "target_dim": 512, "test_results": {"bleu": 0.48, "bleu1": 16.29, "bleu2": 0.71, "bleu3": 0.14, "bleu4": 0.09, "rougeL": 0.0598, "rouge1": 0.0705, "rouge2": 0.0043, "exact_match": 0.0}, "loss": {"X_Y_COS": 1.0, "X_Y_MSEloss": 2.0960470636715786e-14, "X_Y_test_COS": 0.8691799640655518, "X_Y_test_MSEloss": 0.00047888688277453184, "X_Y_val_COS": 0.8729268312454224, "X_Y_val_MSEloss": 0.0004655267985071987}}