{"epoch": 0, "dev_acc": 31.5, "test_acc": 28.000000000000004, "test_f1": 28.000000000000004, "test_roc": 48.699999999999996}