{"train_samples": 5, "test_samples": 200, "source_model": "google-t5/t5-base", "source_dim": 768, "target_dim": 512, "test_results": {"bleu": 0.33, "bleu1": 10.8, "bleu2": 0.69, "bleu3": 0.06, "bleu4": 0.03, "rougeL": 0.094, "rouge1": 0.1046, "rouge2": 0.0071, "exact_match": 0.0}, "loss": {"X_Y_COS": 1.0, "X_Y_MSEloss": 4.2943318405217867e-16, "X_Y_test_COS": 0.8471434116363525, "X_Y_test_MSEloss": 0.0005562971346080303, "X_Y_val_COS": 0.8483961224555969, "X_Y_val_MSEloss": 0.0005516562378033996}}