{"train_samples": 30, "test_samples": 200, "source_model": "google-t5/t5-base", "source_dim": 768, "target_dim": 512, "test_results": {"bleu": 0.07, "bleu1": 8.95, "bleu2": 0.04, "bleu3": 0.02, "bleu4": 0.01, "rougeL": 0.0191, "rouge1": 0.0198, "rouge2": 0.0, "exact_match": 0.0}, "loss": {"X_Y_COS": 1.0, "X_Y_MSEloss": 6.07127542684438e-11, "X_Y_test_COS": 0.8851341009140015, "X_Y_test_MSEloss": 0.0009270316222682595, "X_Y_val_COS": 0.8828033208847046, "X_Y_val_MSEloss": 0.0009675769251771271}}