{"train_samples": 1, "test_samples": 200, "source_model": "sentence-transformers/all-MiniLM-L6-v2", "source_dim": 384, "target_dim": 512, "test_results": {"bleu": 0.17, "bleu1": 11.01, "bleu2": 0.74, "bleu3": 0.03, "bleu4": 0.02, "rougeL": 0.0771, "rouge1": 0.0822, "rouge2": 0.0043, "exact_match": 0.0}, "loss": {"X_Y_COS": 1.0, "X_Y_MSEloss": 1.658769369852024e-16, "X_Y_test_COS": -0.02754775993525982, "X_Y_test_MSEloss": 0.001933958032168448, "X_Y_val_COS": 0.022350899875164032, "X_Y_val_MSEloss": 0.001932591199874878}}