{"train_samples": 3, "test_samples": 200, "source_model": "text-embedding-ada-002", "source_dim": 1536, "target_dim": 512, "test_results": {"bleu": 0.16, "bleu1": 13.03, "bleu2": 0.13, "bleu3": 0.03, "bleu4": 0.02, "rougeL": 0.0869, "rouge1": 0.1063, "rouge2": 0.0046, "exact_match": 0.0}, "loss": {"X_Y_COS": 0.9999999403953552, "X_Y_MSEloss": 2.207724836278402e-10, "X_Y_test_COS": 0.8202943205833435, "X_Y_test_MSEloss": 0.0010620993562042713, "X_Y_val_COS": 0.824120283126831, "X_Y_val_MSEloss": 0.001025718403980136}}