{"train_samples": 20, "test_samples": 200, "source_model": "google/flan-t5-base", "source_dim": 768, "target_dim": 512, "test_results": {"bleu": 0.18, "bleu1": 20.58, "bleu2": 0.72, "bleu3": 0.01, "bleu4": 0.01, "rougeL": 0.1185, "rouge1": 0.1411, "rouge2": 0.0059, "exact_match": 0.0}, "loss": {"X_Y_COS": 1.0, "X_Y_MSEloss": 2.2879515258278707e-14, "X_Y_test_COS": 0.8418298959732056, "X_Y_test_MSEloss": 0.0005692265112884343, "X_Y_val_COS": 0.845849871635437, "X_Y_val_MSEloss": 0.0005573100643232465}}