{"train_samples": 1, "test_samples": 200, "source_model": "text-embedding-3-large", "source_dim": 3072, "target_dim": 512, "test_results": {"bleu": 0.06, "bleu1": 6.62, "bleu2": 0.03, "bleu3": 0.01, "bleu4": 0.01, "rougeL": 0.0, "rouge1": 0.0, "rouge2": 0.0, "exact_match": 0.0}, "loss": {"X_Y_COS": 1.0, "X_Y_MSEloss": 7.661538739368255e-17, "X_Y_test_COS": 0.7658584713935852, "X_Y_test_MSEloss": 0.0016791924135759473, "X_Y_val_COS": 0.7327617406845093, "X_Y_val_MSEloss": 0.0016849159728735685}}