{"train_samples": 10, "test_samples": 200, "source_model": "google/mt5-base", "source_dim": 768, "target_dim": 512, "test_results": {"bleu": 0.37, "bleu1": 19.29, "bleu2": 1.05, "bleu3": 0.05, "bleu4": 0.03, "rougeL": 0.1224, "rouge1": 0.1534, "rouge2": 0.0089, "exact_match": 0.0}, "loss": {"X_Y_COS": 1.0, "X_Y_MSEloss": 2.042828110650533e-15, "X_Y_test_COS": 0.8748054504394531, "X_Y_test_MSEloss": 0.00046438476420007646, "X_Y_val_COS": 0.8743897080421448, "X_Y_val_MSEloss": 0.00046370079508051276}}