{"train_samples": 10, "test_samples": 200, "source_model": "sentence-transformers/all-MiniLM-L6-v2", "source_dim": 384, "target_dim": 512, "test_results": {"bleu": 0.03, "bleu1": 10.37, "bleu2": 0.03, "bleu3": 0.01, "bleu4": 0.01, "rougeL": 0.0023, "rouge1": 0.0023, "rouge2": 0.0, "exact_match": 0.0}, "loss": {"X_Y_COS": 1.0, "X_Y_MSEloss": 2.3578771449423233e-16, "X_Y_test_COS": 0.8000041246414185, "X_Y_test_MSEloss": 0.0007828035159036517, "X_Y_val_COS": 0.8000216484069824, "X_Y_val_MSEloss": 0.0007790806703269482}}