{"train_samples": 30, "test_samples": 200, "source_model": "sentence-transformers/all-MiniLM-L6-v2", "source_dim": 384, "target_dim": 512, "test_results": {"bleu": 0.22, "bleu1": 12.9, "bleu2": 0.54, "bleu3": 0.03, "bleu4": 0.02, "rougeL": 0.1063, "rouge1": 0.1348, "rouge2": 0.0067, "exact_match": 0.0}, "loss": {"X_Y_COS": 1.0, "X_Y_MSEloss": 1.012997194807519e-15, "X_Y_test_COS": 0.8571937084197998, "X_Y_test_MSEloss": 0.0005462744156830013, "X_Y_val_COS": 0.8549036383628845, "X_Y_val_MSEloss": 0.0005469300667755306}}