{"train_samples": 100, "test_samples": 200, "source_model": "text-embedding-3-large", "source_dim": 3072, "target_dim": 512, "test_results": {"bleu": 13.55, "bleu1": 30.99, "bleu2": 12.93, "bleu3": 10.61, "bleu4": 9.43, "rougeL": 0.245, "rouge1": 0.297, "rouge2": 0.1322, "exact_match": 0.0}, "loss": {"X_Y_COS": 0.9999998211860657, "X_Y_MSEloss": 1.2325105380739387e-09, "X_Y_test_COS": 0.9147186279296875, "X_Y_test_MSEloss": 0.00035218088305555284, "X_Y_val_COS": 0.9133576154708862, "X_Y_val_MSEloss": 0.0003652512968983501, "reg_lambda": 0.001}}