{"train_samples": 50, "test_samples": 200, "source_model": "text-embedding-ada-002", "source_dim": 1536, "target_dim": 512, "test_results": {"bleu": 0.07, "bleu1": 10.81, "bleu2": 0.03, "bleu3": 0.02, "bleu4": 0.01, "rougeL": 0.0079, "rouge1": 0.0079, "rouge2": 0.0, "exact_match": 0.0}, "loss": {"X_Y_COS": 1.0, "X_Y_MSEloss": 1.6979947179210364e-12, "X_Y_test_COS": 0.8333016037940979, "X_Y_test_MSEloss": 0.0005990553763695061, "X_Y_val_COS": 0.8291550874710083, "X_Y_val_MSEloss": 0.0006136710871942341}}