{"train_samples": 30, "test_samples": 200, "source_model": "google-t5/t5-base", "source_dim": 768, "target_dim": 512, "test_results": {"bleu": 1.36, "bleu1": 22.05, "bleu2": 2.26, "bleu3": 0.41, "bleu4": 0.19, "rougeL": 0.1383, "rouge1": 0.1811, "rouge2": 0.0204, "exact_match": 0.0}, "loss": {"X_Y_COS": 1.0, "X_Y_MSEloss": 2.0577442527702772e-11, "X_Y_test_COS": 0.8454252481460571, "X_Y_test_MSEloss": 0.0011205696500837803, "X_Y_val_COS": 0.8512995839118958, "X_Y_val_MSEloss": 0.001070056576281786}}