{"train_samples": 1000, "test_samples": 200, "source_model": "text-embedding-ada-002", "source_dim": 1536, "target_dim": 512, "test_results": {"bleu": 0.46, "bleu1": 23.51, "bleu2": 1.54, "bleu3": 0.13, "bleu4": 0.01, "rougeL": 0.1391, "rouge1": 0.1849, "rouge2": 0.0146, "exact_match": 0.0}, "loss": {"X_Y_COS": 0.96012943983078, "X_Y_MSEloss": 0.00015315486234612763, "X_Y_test_COS": 0.9017881751060486, "X_Y_test_MSEloss": 0.00037044784403406084, "X_Y_val_COS": 0.8989675641059875, "X_Y_val_MSEloss": 0.0003811125352513045}}