{"train_samples": 20, "test_samples": 200, "source_model": "google-bert/bert-base-multilingual-cased", "source_dim": 768, "target_dim": 512, "test_results": {"bleu": 1.46, "bleu1": 20.33, "bleu2": 1.73, "bleu3": 0.53, "bleu4": 0.28, "rougeL": 0.1307, "rouge1": 0.1683, "rouge2": 0.0218, "exact_match": 0.0}, "loss": {"X_Y_COS": 1.0, "X_Y_MSEloss": 2.79720581787058e-15, "X_Y_test_COS": 0.8234100341796875, "X_Y_test_MSEloss": 0.0006329878815449774, "X_Y_val_COS": 0.8191645741462708, "X_Y_val_MSEloss": 0.000646088388748467}}