{"train_samples": 3, "test_samples": 200, "source_model": "google-bert/bert-base-multilingual-cased", "source_dim": 768, "target_dim": 512, "test_results": {"bleu": 0.27, "bleu1": 20.02, "bleu2": 0.74, "bleu3": 0.03, "bleu4": 0.01, "rougeL": 0.1293, "rouge1": 0.1756, "rouge2": 0.0077, "exact_match": 0.0}, "loss": {"X_Y_COS": 1.0, "X_Y_MSEloss": 3.239951845224534e-16, "X_Y_test_COS": 0.8837945461273193, "X_Y_test_MSEloss": 0.00048269564285874367, "X_Y_val_COS": 0.8845034837722778, "X_Y_val_MSEloss": 0.0004769930965267122}}