{"train_samples": 1000, "test_samples": 200, "source_model": "text-embedding-ada-002", "source_dim": 1536, "target_dim": 512, "test_results": {"bleu": 0.14, "bleu1": 11.51, "bleu2": 0.18, "bleu3": 0.02, "bleu4": 0.01, "rougeL": 0.0185, "rouge1": 0.0197, "rouge2": 0.0009, "exact_match": 0.0}, "loss": {"X_Y_COS": 0.9457759857177734, "X_Y_MSEloss": 0.00020675463019870222, "X_Y_test_COS": 0.8892646431922913, "X_Y_test_MSEloss": 0.000413161120377481, "X_Y_val_COS": 0.8889623880386353, "X_Y_val_MSEloss": 0.000413387140724808}}