{"train_samples": 1, "test_samples": 200, "source_model": "text-embedding-3-large", "source_dim": 3072, "target_dim": 512, "test_results": {"bleu": 0.23, "bleu1": 15.57, "bleu2": 0.86, "bleu3": 0.02, "bleu4": 0.01, "rougeL": 0.0754, "rouge1": 0.0837, "rouge2": 0.0093, "exact_match": 0.0}, "loss": {"X_Y_COS": 1.0, "X_Y_MSEloss": 8.134722445695539e-17, "X_Y_test_COS": 0.6197697520256042, "X_Y_test_MSEloss": 0.0017693794798105955, "X_Y_val_COS": 0.6366342306137085, "X_Y_val_MSEloss": 0.0017761125927791}}