{"train_samples": 1000, "test_samples": 200, "source_model": "text-embedding-ada-002", "source_dim": 1536, "target_dim": 512, "test_results": {"bleu": 0.14, "bleu1": 16.98, "bleu2": 0.33, "bleu3": 0.01, "bleu4": 0.01, "rougeL": 0.0754, "rouge1": 0.0858, "rouge2": 0.0032, "exact_match": 0.0}, "loss": {"X_Y_COS": 0.9496527314186096, "X_Y_MSEloss": 0.000192159233847633, "X_Y_test_COS": 0.8962634205818176, "X_Y_test_MSEloss": 0.0003888520586770028, "X_Y_val_COS": 0.8932222723960876, "X_Y_val_MSEloss": 0.00039972554077394307}}