{"train_samples": 1000, "test_samples": 200, "source_model": "google-t5/t5-base", "source_dim": 768, "target_dim": 512, "test_results": {"bleu": 0.81, "bleu1": 16.28, "bleu2": 1.52, "bleu3": 0.24, "bleu4": 0.09, "rougeL": 0.118, "rouge1": 0.135, "rouge2": 0.0106, "exact_match": 0.0}, "loss": {"X_Y_COS": 0.90843266248703, "X_Y_MSEloss": 0.00045266601955518126, "X_Y_test_COS": 0.026500873267650604, "X_Y_test_MSEloss": 0.008803365752100945, "X_Y_val_COS": -0.013877891935408115, "X_Y_val_MSEloss": 0.0077394843101501465}}