{"train_samples": 500, "test_samples": 200, "source_model": "sentence-transformers/gtr-t5-base", "source_dim": 768, "target_dim": 512, "test_results": {"bleu": 0.23, "bleu1": 18.56, "bleu2": 0.91, "bleu3": 0.02, "bleu4": 0.01, "rougeL": 0.1133, "rouge1": 0.1263, "rouge2": 0.0067, "exact_match": 0.0}, "loss": {"X_Y_COS": 0.988412618637085, "X_Y_MSEloss": 4.556769272312522e-05, "X_Y_test_COS": 0.8547948002815247, "X_Y_test_MSEloss": 0.0005850340821780264, "X_Y_val_COS": 0.8559780716896057, "X_Y_val_MSEloss": 0.000577267084736377}}