{"train_samples": 3, "test_samples": 200, "source_model": "sentence-transformers/gtr-t5-base", "source_dim": 768, "target_dim": 512, "test_results": {"bleu": 0.3, "bleu1": 16.16, "bleu2": 0.67, "bleu3": 0.14, "bleu4": 0.01, "rougeL": 0.0725, "rouge1": 0.0826, "rouge2": 0.0085, "exact_match": 0.0}, "loss": {"X_Y_COS": 1.0, "X_Y_MSEloss": 3.5259948715123113e-16, "X_Y_test_COS": 0.8512667417526245, "X_Y_test_MSEloss": 0.0010312370723113418, "X_Y_val_COS": 0.8514713644981384, "X_Y_val_MSEloss": 0.0010176212526857853}}