{"train_samples": 100, "test_samples": 200, "source_model": "google-t5/t5-base", "source_dim": 768, "target_dim": 512, "test_results": {"bleu": 0.64, "bleu1": 16.23, "bleu2": 1.13, "bleu3": 0.35, "bleu4": 0.13, "rougeL": 0.0692, "rouge1": 0.0826, "rouge2": 0.0087, "exact_match": 0.0}, "loss": {"X_Y_COS": 0.9999592304229736, "X_Y_MSEloss": 3.742130445516523e-07, "X_Y_test_COS": 0.9154009819030762, "X_Y_test_MSEloss": 0.0006096510915085673, "X_Y_val_COS": 0.9107263684272766, "X_Y_val_MSEloss": 0.0006402742001228034}}