{"train_samples": 1000, "test_samples": 200, "source_model": "google-t5/t5-base", "source_dim": 768, "target_dim": 512, "test_results": {"bleu": 0.83, "bleu1": 9.13, "bleu2": 0.88, "bleu3": 0.39, "bleu4": 0.17, "rougeL": 0.0425, "rouge1": 0.0491, "rouge2": 0.0007, "exact_match": 0.0}, "loss": {"X_Y_COS": 0.8976908326148987, "X_Y_MSEloss": 0.00047435620217584074, "X_Y_test_COS": -0.011531505733728409, "X_Y_test_MSEloss": 0.007501053623855114, "X_Y_val_COS": 0.08591557294130325, "X_Y_val_MSEloss": 0.007078779395669699}}