{"train_samples": 50, "test_samples": 200, "source_model": "intfloat/multilingual-e5-base", "source_dim": 768, "target_dim": 512, "test_results": {"bleu": 0.17, "bleu1": 14.18, "bleu2": 0.5, "bleu3": 0.03, "bleu4": 0.02, "rougeL": 0.0632, "rouge1": 0.0686, "rouge2": 0.002, "exact_match": 0.0}, "loss": {"X_Y_COS": 1.0, "X_Y_MSEloss": 4.833710653961987e-10, "X_Y_test_COS": 0.9172781109809875, "X_Y_test_MSEloss": 0.0008587516495026648, "X_Y_val_COS": 0.9200876951217651, "X_Y_val_MSEloss": 0.0008181105949915946}}