{"train_samples": 50, "test_samples": 200, "source_model": "intfloat/multilingual-e5-base", "source_dim": 768, "target_dim": 512, "test_results": {"bleu": 0.43, "bleu1": 14.78, "bleu2": 0.65, "bleu3": 0.16, "bleu4": 0.1, "rougeL": 0.0679, "rouge1": 0.0745, "rouge2": 0.0042, "exact_match": 0.0}, "loss": {"X_Y_COS": 1.0, "X_Y_MSEloss": 4.815243256212076e-12, "X_Y_test_COS": 0.8874654769897461, "X_Y_test_MSEloss": 0.0007783269975334406, "X_Y_val_COS": 0.891261100769043, "X_Y_val_MSEloss": 0.0007323118625208735}}