{"train_samples": 20, "test_samples": 200, "source_model": "text-embedding-ada-002", "source_dim": 1536, "target_dim": 512, "test_results": {"bleu": 0.18, "bleu1": 14.14, "bleu2": 0.59, "bleu3": 0.03, "bleu4": 0.01, "rougeL": 0.1111, "rouge1": 0.1235, "rouge2": 0.0062, "exact_match": 0.0}, "loss": {"X_Y_COS": 1.0, "X_Y_MSEloss": 3.0618366175794165e-10, "X_Y_test_COS": 0.904944121837616, "X_Y_test_MSEloss": 0.0006772297201678157, "X_Y_val_COS": 0.9051945805549622, "X_Y_val_MSEloss": 0.0006839607958681881}}