{"train_samples": 1000, "test_samples": 200, "source_model": "google/mt5-base", "source_dim": 768, "target_dim": 512, "test_results": {"bleu": 0.65, "bleu1": 16.91, "bleu2": 1.65, "bleu3": 0.27, "bleu4": 0.03, "rougeL": 0.1229, "rouge1": 0.1378, "rouge2": 0.0119, "exact_match": 0.0}, "loss": {"X_Y_COS": 0.9184123873710632, "X_Y_MSEloss": 0.00043361479765735567, "X_Y_test_COS": 0.015234122052788734, "X_Y_test_MSEloss": 0.00852339155972004, "X_Y_val_COS": 0.0665486678481102, "X_Y_val_MSEloss": 0.008140238001942635}}