{"train_samples": 10, "test_samples": 200, "source_model": "google-bert/bert-base-multilingual-cased", "source_dim": 768, "target_dim": 512, "test_results": {"bleu": 0.04, "bleu1": 11.65, "bleu2": 0.02, "bleu3": 0.01, "bleu4": 0.01, "rougeL": 0.0086, "rouge1": 0.0092, "rouge2": 0.0, "exact_match": 0.0}, "loss": {"X_Y_COS": 1.0, "X_Y_MSEloss": 1.8916561372872565e-10, "X_Y_test_COS": 0.9147756695747375, "X_Y_test_MSEloss": 0.0008087849710136652, "X_Y_val_COS": 0.9111340045928955, "X_Y_val_MSEloss": 0.0008619832224212587}}