{"train_samples": 1000, "test_samples": 200, "source_model": "text-embedding-3-large", "source_dim": 3072, "target_dim": 512, "test_results": {"bleu": 8.29, "bleu1": 29.06, "bleu2": 9.76, "bleu3": 5.74, "bleu4": 2.89, "rougeL": 0.1633, "rouge1": 0.2064, "rouge2": 0.0398, "exact_match": 0.0}, "loss": {"X_Y_COS": 0.99504154920578, "X_Y_MSEloss": 1.9948240151279606e-05, "X_Y_test_COS": 0.8886762857437134, "X_Y_test_MSEloss": 0.0004245100717525929, "X_Y_val_COS": 0.9129734635353088, "X_Y_val_MSEloss": 0.0003434441168792546}}