{"train_samples": 1000, "test_samples": 200, "source_model": "google-bert/bert-base-multilingual-cased", "source_dim": 768, "target_dim": 512, "test_results": {"bleu": 2.38, "bleu1": 27.29, "bleu2": 3.83, "bleu3": 0.95, "bleu4": 0.33, "rougeL": 0.2001, "rouge1": 0.2558, "rouge2": 0.05, "exact_match": 0.0}, "loss": {"X_Y_COS": 0.9658034443855286, "X_Y_MSEloss": 0.00013229268370196223, "X_Y_test_COS": 0.9156034588813782, "X_Y_test_MSEloss": 0.0003275538911111653, "X_Y_val_COS": 0.9114593863487244, "X_Y_val_MSEloss": 0.0003418297856114805}}