{"train_samples": 10, "test_samples": 200, "source_model": "intfloat/multilingual-e5-base", "source_dim": 768, "target_dim": 512, "test_results": {"bleu": 0.18, "bleu1": 19.2, "bleu2": 0.89, "bleu3": 0.01, "bleu4": 0.01, "rougeL": 0.1243, "rouge1": 0.1555, "rouge2": 0.0096, "exact_match": 0.0}, "loss": {"X_Y_COS": 1.0, "X_Y_MSEloss": 1.4369781601271197e-15, "X_Y_test_COS": 0.8750159740447998, "X_Y_test_MSEloss": 0.00045807575224898756, "X_Y_val_COS": 0.8756517767906189, "X_Y_val_MSEloss": 0.0004560491943266243}}