{"train_samples": 10, "test_samples": 200, "source_model": "text-embedding-3-large", "source_dim": 3072, "target_dim": 512, "test_results": {"bleu": 0.08, "bleu1": 7.57, "bleu2": 0.04, "bleu3": 0.02, "bleu4": 0.01, "rougeL": 0.1062, "rouge1": 0.1177, "rouge2": 0.0032, "exact_match": 0.0}, "loss": {"X_Y_COS": 1.0, "X_Y_MSEloss": 1.65262507226198e-16, "X_Y_test_COS": 0.7990771532058716, "X_Y_test_MSEloss": 0.0007561621605418622, "X_Y_val_COS": 0.8001716136932373, "X_Y_val_MSEloss": 0.0007511322037316859}}