{"train_samples": 50, "test_samples": 200, "source_model": "google-bert/bert-base-multilingual-cased", "source_dim": 768, "target_dim": 512, "test_results": {"bleu": 0.15, "bleu1": 14.45, "bleu2": 0.52, "bleu3": 0.02, "bleu4": 0.01, "rougeL": 0.0962, "rouge1": 0.1086, "rouge2": 0.0025, "exact_match": 0.0}, "loss": {"X_Y_COS": 1.0, "X_Y_MSEloss": 4.854420754263344e-10, "X_Y_test_COS": 0.9181468486785889, "X_Y_test_MSEloss": 0.0006335361395031214, "X_Y_val_COS": 0.919879138469696, "X_Y_val_MSEloss": 0.0006037601851858199}}