{"train_samples": 50, "test_samples": 200, "source_model": "google/flan-t5-base", "source_dim": 768, "target_dim": 512, "test_results": {"bleu": 0.16, "bleu1": 10.81, "bleu2": 0.17, "bleu3": 0.03, "bleu4": 0.02, "rougeL": 0.0082, "rouge1": 0.0082, "rouge2": 0.0, "exact_match": 0.0}, "loss": {"X_Y_COS": 1.0, "X_Y_MSEloss": 7.102328165690952e-13, "X_Y_test_COS": 0.9075625538825989, "X_Y_test_MSEloss": 0.0003476323909126222, "X_Y_val_COS": 0.9041503071784973, "X_Y_val_MSEloss": 0.00035955850034952164}}