{"train_samples": 30, "test_samples": 200, "source_model": "sentence-transformers/gtr-t5-base", "source_dim": 768, "target_dim": 512, "test_results": {"bleu": 0.14, "bleu1": 16.31, "bleu2": 0.26, "bleu3": 0.02, "bleu4": 0.01, "rougeL": 0.0985, "rouge1": 0.1213, "rouge2": 0.0022, "exact_match": 0.0}, "loss": {"X_Y_COS": 1.0, "X_Y_MSEloss": 1.6337282436647694e-15, "X_Y_test_COS": 0.9094056487083435, "X_Y_test_MSEloss": 0.00034365063766017556, "X_Y_val_COS": 0.9096913933753967, "X_Y_val_MSEloss": 0.00034710639738477767}}