{"train_samples": 500, "test_samples": 200, "source_model": "google/mt5-base", "source_dim": 768, "target_dim": 512, "test_results": {"bleu": 0.1, "bleu1": 9.27, "bleu2": 0.06, "bleu3": 0.02, "bleu4": 0.01, "rougeL": 0.1982, "rouge1": 0.2647, "rouge2": 0.0224, "exact_match": 0.0}, "loss": {"X_Y_COS": 0.9745614528656006, "X_Y_MSEloss": 9.877129923552275e-05, "X_Y_test_COS": 0.8957585096359253, "X_Y_test_MSEloss": 0.00040052426629699767, "X_Y_val_COS": 0.8894740343093872, "X_Y_val_MSEloss": 0.0004240998241584748}}