{"train_samples": 3, "test_samples": 200, "source_model": "sentence-transformers/gtr-t5-base", "source_dim": 768, "target_dim": 512, "test_results": {"bleu": 0.12, "bleu1": 15.9, "bleu2": 0.17, "bleu3": 0.02, "bleu4": 0.01, "rougeL": 0.1045, "rouge1": 0.1259, "rouge2": 0.0064, "exact_match": 0.0}, "loss": {"X_Y_COS": 1.0, "X_Y_MSEloss": 3.206957794346611e-16, "X_Y_test_COS": 0.9049261212348938, "X_Y_test_MSEloss": 0.000533940561581403, "X_Y_val_COS": 0.9047467708587646, "X_Y_val_MSEloss": 0.0005367600242607296}}