{"train_samples": 3, "test_samples": 200, "source_model": "sentence-transformers/gtr-t5-base", "source_dim": 768, "target_dim": 512, "test_results": {"bleu": 0.1, "bleu1": 11.6, "bleu2": 0.09, "bleu3": 0.02, "bleu4": 0.01, "rougeL": 0.0517, "rouge1": 0.061, "rouge2": 0.0036, "exact_match": 0.0}, "loss": {"X_Y_COS": 1.0000001192092896, "X_Y_MSEloss": 3.1964715264596027e-16, "X_Y_test_COS": 0.8479650020599365, "X_Y_test_MSEloss": 0.0006386779132299125, "X_Y_val_COS": 0.8378979563713074, "X_Y_val_MSEloss": 0.0006720836972817779}}