{"train_samples": 3, "test_samples": 200, "source_model": "google/flan-t5-base", "source_dim": 768, "target_dim": 512, "test_results": {"bleu": 0.1, "bleu1": 9.03, "bleu2": 0.16, "bleu3": 0.02, "bleu4": 0.01, "rougeL": 0.0621, "rouge1": 0.0722, "rouge2": 0.009, "exact_match": 0.0}, "loss": {"X_Y_COS": 1.0, "X_Y_MSEloss": 3.0898629009269924e-16, "X_Y_test_COS": 0.8539561033248901, "X_Y_test_MSEloss": 0.0005610424559563398, "X_Y_val_COS": 0.8558551073074341, "X_Y_val_MSEloss": 0.0005599536816589534}}