{"epoch": 2, "dev_acc": 56.00000000000001, "test_acc": 56.49999999999999, "test_f1": 58.37, "test_roc": 59.01}