{"epoch": 1, "dev_acc": 52.0, "test_acc": 52.0, "test_f1": 50.519999999999996, "test_roc": 52.239999999999995}