{"train_samples": 50, "test_samples": 200, "source_model": "google/flan-t5-base", "source_dim": 768, "target_dim": 512, "test_results": {"bleu": 1.1, "bleu1": 16.67, "bleu2": 1.57, "bleu3": 0.49, "bleu4": 0.33, "rougeL": 0.0736, "rouge1": 0.0856, "rouge2": 0.0104, "exact_match": 0.0}, "loss": {"X_Y_COS": 1.0, "X_Y_MSEloss": 8.273732718909466e-13, "X_Y_test_COS": 0.8670031428337097, "X_Y_test_MSEloss": 0.0004863035283051431, "X_Y_val_COS": 0.8539062142372131, "X_Y_val_MSEloss": 0.0005313505535013974}}