{"train_samples": 50, "test_samples": 200, "source_model": "text-embedding-3-large", "source_dim": 3072, "target_dim": 512, "test_results": {"bleu": 0.19, "bleu1": 11.33, "bleu2": 0.29, "bleu3": 0.04, "bleu4": 0.02, "rougeL": 0.0527, "rouge1": 0.0583, "rouge2": 0.0066, "exact_match": 0.0}, "loss": {"X_Y_COS": 1.0, "X_Y_MSEloss": 2.752708424294233e-15, "X_Y_test_COS": 0.9169983267784119, "X_Y_test_MSEloss": 0.0003266444255132228, "X_Y_val_COS": 0.916920006275177, "X_Y_val_MSEloss": 0.0003293610061518848}}