{"train_samples": 10, "test_samples": 200, "source_model": "sentence-transformers/all-MiniLM-L6-v2", "source_dim": 384, "target_dim": 512, "test_results": {"bleu": 0.17, "bleu1": 17.53, "bleu2": 0.67, "bleu3": 0.01, "bleu4": 0.01, "rougeL": 0.0852, "rouge1": 0.105, "rouge2": 0.006, "exact_match": 0.0}, "loss": {"X_Y_COS": 1.0, "X_Y_MSEloss": 2.9220047935828316e-16, "X_Y_test_COS": 0.418098121881485, "X_Y_test_MSEloss": 0.0015863650478422642, "X_Y_val_COS": 0.3720938265323639, "X_Y_val_MSEloss": 0.0016395860584452748}}