{"train_samples": 3, "test_samples": 200, "source_model": "sentence-transformers/all-MiniLM-L6-v2", "source_dim": 384, "target_dim": 512, "test_results": {"bleu": 0.18, "bleu1": 17.45, "bleu2": 0.26, "bleu3": 0.04, "bleu4": 0.02, "rougeL": 0.1026, "rouge1": 0.1184, "rouge2": 0.0068, "exact_match": 0.0}, "loss": {"X_Y_COS": 1.0, "X_Y_MSEloss": 1.8556844130561515e-16, "X_Y_test_COS": 0.9020274877548218, "X_Y_test_MSEloss": 0.000761947245337069, "X_Y_val_COS": 0.8966664671897888, "X_Y_val_MSEloss": 0.0007654110668227077}}