{"train_samples": 3, "test_samples": 200, "source_model": "sentence-transformers/all-MiniLM-L6-v2", "source_dim": 384, "target_dim": 512, "test_results": {"bleu": 0.09, "bleu1": 11.79, "bleu2": 0.07, "bleu3": 0.02, "bleu4": 0.01, "rougeL": 0.0834, "rouge1": 0.0949, "rouge2": 0.0045, "exact_match": 0.0}, "loss": {"X_Y_COS": 1.0, "X_Y_MSEloss": 1.935181022724589e-15, "X_Y_test_COS": 0.9023858904838562, "X_Y_test_MSEloss": 0.0014175570104271173, "X_Y_val_COS": 0.8986691236495972, "X_Y_val_MSEloss": 0.0014406410045921803}}