{"train_samples": 10, "test_samples": 200, "source_model": "sentence-transformers/all-MiniLM-L6-v2", "source_dim": 384, "target_dim": 512, "test_results": {"bleu": 0.14, "bleu1": 14.16, "bleu2": 0.49, "bleu3": 0.01, "bleu4": 0.01, "rougeL": 0.0491, "rouge1": 0.0531, "rouge2": 0.0033, "exact_match": 0.0}, "loss": {"X_Y_COS": 1.0, "X_Y_MSEloss": 2.8150404142123745e-16, "X_Y_test_COS": 0.4571819305419922, "X_Y_test_MSEloss": 0.0015422586584463716, "X_Y_val_COS": 0.4111247956752777, "X_Y_val_MSEloss": 0.0016044833464547992}}