{"train_samples": 20, "test_samples": 200, "source_model": "google/flan-t5-base", "source_dim": 768, "target_dim": 512, "test_results": {"bleu": 0.8, "bleu1": 21.64, "bleu2": 1.83, "bleu3": 0.22, "bleu4": 0.05, "rougeL": 0.1209, "rouge1": 0.1583, "rouge2": 0.0171, "exact_match": 0.0}, "loss": {"X_Y_COS": 1.0, "X_Y_MSEloss": 1.1087449521321978e-15, "X_Y_test_COS": 0.8495890498161316, "X_Y_test_MSEloss": 0.0005483041750267148, "X_Y_val_COS": 0.8482717871665955, "X_Y_val_MSEloss": 0.0005514153745025396}}