{"train_samples": 10, "test_samples": 200, "source_model": "text-embedding-3-large", "source_dim": 3072, "target_dim": 512, "test_results": {"bleu": 0.42, "bleu1": 19.06, "bleu2": 1.06, "bleu3": 0.14, "bleu4": 0.01, "rougeL": 0.1101, "rouge1": 0.1512, "rouge2": 0.0127, "exact_match": 0.0}, "loss": {"X_Y_COS": 1.0, "X_Y_MSEloss": 1.3050338526998472e-16, "X_Y_test_COS": 0.8794784545898438, "X_Y_test_MSEloss": 0.0007906393730081618, "X_Y_val_COS": 0.8779246211051941, "X_Y_val_MSEloss": 0.000789379293564707}}