{"train_samples": 30, "test_samples": 200, "source_model": "intfloat/multilingual-e5-base", "source_dim": 768, "target_dim": 512, "test_results": {"bleu": 0.7, "bleu1": 20.34, "bleu2": 1.64, "bleu3": 0.19, "bleu4": 0.05, "rougeL": 0.1247, "rouge1": 0.1625, "rouge2": 0.013, "exact_match": 0.0}, "loss": {"X_Y_COS": 1.0, "X_Y_MSEloss": 1.1146642636683524e-10, "X_Y_test_COS": 0.838617205619812, "X_Y_test_MSEloss": 0.0011775948805734515, "X_Y_val_COS": 0.8424252867698669, "X_Y_val_MSEloss": 0.0011247399961575866}}