{"train_samples": 500, "test_samples": 200, "source_model": "google-t5/t5-base", "source_dim": 768, "target_dim": 512, "test_results": {"bleu": 0.1, "bleu1": 12.42, "bleu2": 0.09, "bleu3": 0.02, "bleu4": 0.01, "rougeL": 0.016, "rouge1": 0.0166, "rouge2": 0.0, "exact_match": 0.0}, "loss": {"X_Y_COS": 0.9804481863975525, "X_Y_MSEloss": 7.62611671234481e-05, "X_Y_test_COS": 0.8989735245704651, "X_Y_test_MSEloss": 0.0003896283160429448, "X_Y_val_COS": 0.8972605466842651, "X_Y_val_MSEloss": 0.000397666881326586}}