{"train_samples": 100, "test_samples": 200, "source_model": "intfloat/multilingual-e5-base", "source_dim": 768, "target_dim": 512, "test_results": {"bleu": 0.09, "bleu1": 11.94, "bleu2": 0.08, "bleu3": 0.02, "bleu4": 0.01, "rougeL": 0.0088, "rouge1": 0.0088, "rouge2": 0.0, "exact_match": 0.0}, "loss": {"X_Y_COS": 0.9999998807907104, "X_Y_MSEloss": 5.331420305232371e-10, "X_Y_test_COS": 0.8877900242805481, "X_Y_test_MSEloss": 0.0006510557141155005, "X_Y_val_COS": 0.8861002922058105, "X_Y_val_MSEloss": 0.0006759805255569518}}