{"train_samples": 100, "test_samples": 200, "source_model": "intfloat/multilingual-e5-base", "source_dim": 768, "target_dim": 512, "test_results": {"bleu": 2.65, "bleu1": 23.97, "bleu2": 3.2, "bleu3": 1.07, "bleu4": 0.6, "rougeL": 0.1706, "rouge1": 0.2363, "rouge2": 0.0369, "exact_match": 0.0}, "loss": {"X_Y_COS": 0.9998880624771118, "X_Y_MSEloss": 4.387089518331777e-07, "X_Y_test_COS": 0.8754364848136902, "X_Y_test_MSEloss": 0.00045981616131030023, "X_Y_val_COS": 0.8761711120605469, "X_Y_val_MSEloss": 0.0004581548273563385}}