{"train_samples": 1, "test_samples": 200, "source_model": "random", "source_dim": 768, "target_dim": 512, "test_results": {"bleu": 0.2, "bleu1": 16.2, "bleu2": 1.57, "bleu3": 0.01, "bleu4": 0.01, "rougeL": 0.1395, "rouge1": 0.1501, "rouge2": 0.0087, "exact_match": 0.0}, "loss": {"X_Y_COS": 1.0000001192092896, "X_Y_MSEloss": 2.8380193592801996e-16, "X_Y_test_COS": 0.04417327791452408, "X_Y_test_MSEloss": 0.0019445959478616714, "X_Y_val_COS": -0.06595834344625473, "X_Y_val_MSEloss": 0.0019678424578160048}}