{"train_samples": 5, "test_samples": 200, "source_model": "sentence-transformers/all-MiniLM-L6-v2", "source_dim": 384, "target_dim": 512, "test_results": {"bleu": 0.06, "bleu1": 8.38, "bleu2": 0.12, "bleu3": 0.02, "bleu4": 0.01, "rougeL": 0.0195, "rouge1": 0.0198, "rouge2": 0.0005, "exact_match": 0.0}, "loss": {"X_Y_COS": 1.0, "X_Y_MSEloss": 4.142848824412182e-12, "X_Y_test_COS": 0.2449118047952652, "X_Y_test_MSEloss": 0.00424363324418664, "X_Y_val_COS": 0.20914039015769958, "X_Y_val_MSEloss": 0.004382893443107605}}