{"train_samples": 5, "test_samples": 200, "source_model": "sentence-transformers/all-MiniLM-L6-v2", "source_dim": 384, "target_dim": 512, "test_results": {"bleu": 0.17, "bleu1": 9.99, "bleu2": 0.31, "bleu3": 0.08, "bleu4": 0.04, "rougeL": 0.0197, "rouge1": 0.0218, "rouge2": 0.0008, "exact_match": 0.0}, "loss": {"X_Y_COS": 1.0, "X_Y_MSEloss": 3.5692507265462203e-16, "X_Y_test_COS": 0.22969773411750793, "X_Y_test_MSEloss": 0.003091673832386732, "X_Y_val_COS": 0.19421416521072388, "X_Y_val_MSEloss": 0.003112504491582513}}