{"train_samples": 1000, "test_samples": 200, "source_model": "random", "source_dim": 768, "target_dim": 512, "test_results": {"bleu": 0.26, "bleu1": 15.03, "bleu2": 1.01, "bleu3": 0.02, "bleu4": 0.01, "rougeL": 0.1309, "rouge1": 0.1476, "rouge2": 0.0095, "exact_match": 0.0}, "loss": {"X_Y_COS": 0.9053640961647034, "X_Y_MSEloss": 0.0004475960158742964, "X_Y_test_COS": -0.020969010889530182, "X_Y_test_MSEloss": 0.007889808155596256, "X_Y_val_COS": -0.054011695086956024, "X_Y_val_MSEloss": 0.008740218356251717}}