{"train_samples": 40, "test_samples": 200, "source_model": "sentence-transformers/gtr-t5-base", "source_dim": 768, "target_dim": 512, "test_results": {"bleu": 0.22, "bleu1": 14.85, "bleu2": 0.91, "bleu3": 0.02, "bleu4": 0.01, "rougeL": 0.1274, "rouge1": 0.1394, "rouge2": 0.0091, "exact_match": 0.0}, "loss": {"X_Y_COS": 1.0, "X_Y_MSEloss": 1.1180244521792528e-14, "X_Y_test_COS": 0.8792448043823242, "X_Y_test_MSEloss": 0.00044887143303640187, "X_Y_val_COS": 0.88435298204422, "X_Y_val_MSEloss": 0.00043187360279262066}}