{"train_samples": 500, "test_samples": 200, "source_model": "google-t5/t5-base", "source_dim": 768, "target_dim": 512, "test_results": {"bleu": 0.38, "bleu1": 22.39, "bleu2": 1.6, "bleu3": 0.05, "bleu4": 0.03, "rougeL": 0.1345, "rouge1": 0.153, "rouge2": 0.0089, "exact_match": 0.0}, "loss": {"X_Y_COS": 0.9880223870277405, "X_Y_MSEloss": 0.00011261813779128715, "X_Y_test_COS": 0.9315287470817566, "X_Y_test_MSEloss": 0.0006308425217866898, "X_Y_val_COS": 0.9336493611335754, "X_Y_val_MSEloss": 0.0006255150656215847}}