{"train_samples": 100, "test_samples": 200, "source_model": "google/flan-t5-base", "source_dim": 768, "target_dim": 512, "test_results": {"bleu": 3.45, "bleu1": 27.18, "bleu2": 4.35, "bleu3": 1.51, "bleu4": 0.87, "rougeL": 0.1812, "rouge1": 0.2416, "rouge2": 0.0462, "exact_match": 0.0}, "loss": {"X_Y_COS": 1.0, "X_Y_MSEloss": 1.0972635022810096e-09, "X_Y_test_COS": 0.8578557372093201, "X_Y_test_MSEloss": 0.0010553403990343213, "X_Y_val_COS": 0.8571011424064636, "X_Y_val_MSEloss": 0.0010597413638606668}}