{"train_samples": 100, "test_samples": 200, "source_model": "google/mt5-base", "source_dim": 768, "target_dim": 512, "test_results": {"bleu": 0.89, "bleu1": 24.46, "bleu2": 2.04, "bleu3": 0.28, "bleu4": 0.05, "rougeL": 0.1452, "rouge1": 0.2058, "rouge2": 0.0252, "exact_match": 0.0}, "loss": {"X_Y_COS": 0.9997867941856384, "X_Y_MSEloss": 8.394871429118211e-07, "X_Y_test_COS": 0.906143307685852, "X_Y_test_MSEloss": 0.000355642318027094, "X_Y_val_COS": 0.9022443890571594, "X_Y_val_MSEloss": 0.0003697429201565683}}