{"train_samples": 1000, "test_samples": 200, "source_model": "sentence-transformers/gtr-t5-base", "source_dim": 768, "target_dim": 512, "test_results": {"bleu": 25.81, "bleu1": 42.64, "bleu2": 25.95, "bleu3": 22.22, "bleu4": 20.17, "rougeL": 0.3765, "rouge1": 0.4219, "rouge2": 0.2665, "exact_match": 0.0}, "loss": {"X_Y_COS": 0.9807150363922119, "X_Y_MSEloss": 7.641180127393454e-05, "X_Y_test_COS": 0.8899771571159363, "X_Y_test_MSEloss": 0.0004532159073278308, "X_Y_val_COS": 0.8797048926353455, "X_Y_val_MSEloss": 0.0005021008546464145, "reg_lambda": 0.001}}