{"train_samples": 20, "test_samples": 200, "source_model": "google/flan-t5-base", "source_dim": 768, "target_dim": 512, "test_results": {"bleu": 0.23, "bleu1": 16.26, "bleu2": 0.85, "bleu3": 0.03, "bleu4": 0.02, "rougeL": 0.0631, "rouge1": 0.0715, "rouge2": 0.0051, "exact_match": 0.0}, "loss": {"X_Y_COS": 1.0, "X_Y_MSEloss": 8.759463639692667e-16, "X_Y_test_COS": 0.8910800814628601, "X_Y_test_MSEloss": 0.0004081895749550313, "X_Y_val_COS": 0.8854280114173889, "X_Y_val_MSEloss": 0.0004257836553733796}}