{"train_samples": 10, "test_samples": 200, "source_model": "text-embedding-ada-002", "source_dim": 1536, "target_dim": 512, "test_results": {"bleu": 0.59, "bleu1": 16.89, "bleu2": 1.18, "bleu3": 0.32, "bleu4": 0.02, "rougeL": 0.1277, "rouge1": 0.171, "rouge2": 0.0217, "exact_match": 0.0}, "loss": {"X_Y_COS": 1.0, "X_Y_MSEloss": 1.6816483915018526e-15, "X_Y_test_COS": 0.9175500273704529, "X_Y_test_MSEloss": 0.0003091561666224152, "X_Y_val_COS": 0.9173173904418945, "X_Y_val_MSEloss": 0.0003101969778072089}}