{"train_samples": 3, "test_samples": 200, "source_model": "text-embedding-3-large", "source_dim": 3072, "target_dim": 512, "test_results": {"bleu": 0.24, "bleu1": 12.06, "bleu2": 0.26, "bleu3": 0.08, "bleu4": 0.04, "rougeL": 0.0399, "rouge1": 0.0478, "rouge2": 0.0031, "exact_match": 0.0}, "loss": {"X_Y_COS": 1.0, "X_Y_MSEloss": 1.0667808223428516e-14, "X_Y_test_COS": 0.8956985473632812, "X_Y_test_MSEloss": 0.0019548023119568825, "X_Y_val_COS": 0.8968861103057861, "X_Y_val_MSEloss": 0.0019450527615845203}}