{"train_samples": 1000, "test_samples": 200, "source_model": "google/flan-t5-base", "source_dim": 768, "target_dim": 512, "test_results": {"bleu": 4.98, "bleu1": 33.08, "bleu2": 6.76, "bleu3": 2.56, "bleu4": 1.18, "rougeL": 0.2362, "rouge1": 0.3279, "rouge2": 0.0732, "exact_match": 0.0}, "loss": {"X_Y_COS": 0.9763240218162537, "X_Y_MSEloss": 9.23469488043338e-05, "X_Y_test_COS": 0.9129894971847534, "X_Y_test_MSEloss": 0.00033978724968619645, "X_Y_val_COS": 0.9124267101287842, "X_Y_val_MSEloss": 0.00033937228727154434}}