{"train_samples": 1000, "test_samples": 200, "source_model": "sentence-transformers/gtr-t5-base", "source_dim": 768, "target_dim": 512, "test_results": {"bleu": 0.07, "bleu1": 11.57, "bleu2": 0.03, "bleu3": 0.02, "bleu4": 0.01, "rougeL": 0.0129, "rouge1": 0.0138, "rouge2": 0.0, "exact_match": 0.0}, "loss": {"X_Y_COS": 0.942343533039093, "X_Y_MSEloss": 0.0002196939749410376, "X_Y_test_COS": 0.8056341409683228, "X_Y_test_MSEloss": 0.0007442258065566421, "X_Y_val_COS": 0.806583821773529, "X_Y_val_MSEloss": 0.0007364651537500322}}