{"train_samples": 5, "test_samples": 200, "source_model": "intfloat/multilingual-e5-base", "source_dim": 768, "target_dim": 512, "test_results": {"bleu": 0.16, "bleu1": 18.43, "bleu2": 0.68, "bleu3": 0.01, "bleu4": 0.01, "rougeL": 0.0963, "rouge1": 0.1183, "rouge2": 0.0064, "exact_match": 0.0}, "loss": {"X_Y_COS": 1.0, "X_Y_MSEloss": 4.515250473962121e-16, "X_Y_test_COS": 0.8172897100448608, "X_Y_test_MSEloss": 0.0006498846341855824, "X_Y_val_COS": 0.8210867643356323, "X_Y_val_MSEloss": 0.0006372928619384766}}