{"train_samples": 1000, "test_samples": 200, "source_model": "intfloat/multilingual-e5-base", "source_dim": 768, "target_dim": 512, "test_results": {"bleu": 0.92, "bleu1": 17.94, "bleu2": 1.39, "bleu3": 0.39, "bleu4": 0.21, "rougeL": 0.0883, "rouge1": 0.102, "rouge2": 0.0133, "exact_match": 0.0}, "loss": {"X_Y_COS": 0.9605414867401123, "X_Y_MSEloss": 0.00015161432384047657, "X_Y_test_COS": 0.9074689745903015, "X_Y_test_MSEloss": 0.00035090785240754485, "X_Y_val_COS": 0.9038777947425842, "X_Y_val_MSEloss": 0.0003647741104941815}}