{"train_samples": 1000, "test_samples": 200, "source_model": "sentence-transformers/all-MiniLM-L6-v2", "source_dim": 384, "target_dim": 512, "test_results": {"bleu": 0.48, "bleu1": 16.5, "bleu2": 0.85, "bleu3": 0.15, "bleu4": 0.03, "rougeL": 0.0692, "rouge1": 0.0837, "rouge2": 0.0084, "exact_match": 0.0}, "loss": {"X_Y_COS": 0.944267988204956, "X_Y_MSEloss": 0.00022186222486197948, "X_Y_test_COS": 0.8485110402107239, "X_Y_test_MSEloss": 0.0005822604289278388, "X_Y_val_COS": 0.8463950753211975, "X_Y_val_MSEloss": 0.0005824617692269385}}