{"epoch": 2, "dev_acc": 40.0, "test_acc": 27.500000000000004, "test_f1": 27.500000000000004, "test_roc": 44.2}