{"train_samples": 100, "test_samples": 200, "source_model": "sentence-transformers/gtr-t5-base", "source_dim": 768, "target_dim": 512, "test_results": {"bleu": 0.16, "bleu1": 13.83, "bleu2": 0.52, "bleu3": 0.02, "bleu4": 0.01, "rougeL": 0.1097, "rouge1": 0.1396, "rouge2": 0.0066, "exact_match": 0.0}, "loss": {"X_Y_COS": 1.0, "X_Y_MSEloss": 2.6079455435479293e-12, "X_Y_test_COS": 0.8588724136352539, "X_Y_test_MSEloss": 0.0005248895613476634, "X_Y_val_COS": 0.8620875477790833, "X_Y_val_MSEloss": 0.0005122160655446351}}