{"train_samples": 1, "test_samples": 200, "source_model": "text-embedding-3-large", "source_dim": 3072, "target_dim": 512, "test_results": {"bleu": 0.15, "bleu1": 13.59, "bleu2": 0.67, "bleu3": 0.01, "bleu4": 0.01, "rougeL": 0.0853, "rouge1": 0.0951, "rouge2": 0.0072, "exact_match": 0.0}, "loss": {"X_Y_COS": 1.0, "X_Y_MSEloss": 8.698700143034603e-17, "X_Y_test_COS": 0.49045324325561523, "X_Y_test_MSEloss": 0.0018295542104169726, "X_Y_val_COS": 0.49012458324432373, "X_Y_val_MSEloss": 0.0018393626669421792}}