{"train_samples": 3, "test_samples": 200, "source_model": "sentence-transformers/gtr-t5-base", "source_dim": 768, "target_dim": 512, "test_results": {"bleu": 0.08, "bleu1": 9.4, "bleu2": 0.08, "bleu3": 0.02, "bleu4": 0.01, "rougeL": 0.0411, "rouge1": 0.0465, "rouge2": 0.0049, "exact_match": 0.0}, "loss": {"X_Y_COS": 1.0, "X_Y_MSEloss": 3.2265554897681153e-16, "X_Y_test_COS": 0.8946453928947449, "X_Y_test_MSEloss": 0.0005199021543376148, "X_Y_val_COS": 0.8939369916915894, "X_Y_val_MSEloss": 0.0005350263090804219}}