{"train_samples": 4000, "test_samples": 200, "source_model": "google/mt5-base", "source_dim": 768, "target_dim": 512, "test_results": {"bleu": 32.03, "bleu1": 53.19, "bleu2": 33.37, "bleu3": 27.66, "bleu4": 24.85, "rougeL": 0.4552, "rouge1": 0.52, "rouge2": 0.3376, "exact_match": 0.0}, "loss": {"X_Y_COS": 0.9564515948295593, "X_Y_MSEloss": 0.00016754548414610326, "X_Y_test_COS": 0.9488782286643982, "X_Y_test_MSEloss": 0.00019552635785657912, "X_Y_val_COS": 0.9462915062904358, "X_Y_val_MSEloss": 0.00020586568280123174}}