{"train_samples": 20, "test_samples": 200, "source_model": "sentence-transformers/gtr-t5-base", "source_dim": 768, "target_dim": 512, "test_results": {"bleu": 0.47, "bleu1": 15.59, "bleu2": 0.61, "bleu3": 0.13, "bleu4": 0.09, "rougeL": 0.0586, "rouge1": 0.0678, "rouge2": 0.0038, "exact_match": 0.0}, "loss": {"X_Y_COS": 1.0, "X_Y_MSEloss": 5.017607186132925e-16, "X_Y_test_COS": 0.8620527982711792, "X_Y_test_MSEloss": 0.000579774146899581, "X_Y_val_COS": 0.865746796131134, "X_Y_val_MSEloss": 0.0005701008485630155}}