{"train_samples": 30, "test_samples": 200, "source_model": "google/mt5-base", "source_dim": 768, "target_dim": 512, "test_results": {"bleu": 0.1, "bleu1": 9.58, "bleu2": 0.04, "bleu3": 0.02, "bleu4": 0.01, "rougeL": 0.0074, "rouge1": 0.0074, "rouge2": 0.0, "exact_match": 0.0}, "loss": {"X_Y_COS": 1.0, "X_Y_MSEloss": 1.6119990542060036e-12, "X_Y_test_COS": 0.8555877208709717, "X_Y_test_MSEloss": 0.0005248865927569568, "X_Y_val_COS": 0.8555589318275452, "X_Y_val_MSEloss": 0.0005247321096248925}}