{"train_samples": 1000, "test_samples": 200, "source_model": "google/flan-t5-base", "source_dim": 768, "target_dim": 512, "test_results": {"bleu": 0.72, "bleu1": 18.69, "bleu2": 1.69, "bleu3": 0.37, "bleu4": 0.14, "rougeL": 0.0599, "rouge1": 0.066, "rouge2": 0.0076, "exact_match": 0.0}, "loss": {"X_Y_COS": 0.9847842454910278, "X_Y_MSEloss": 0.00015644000086467713, "X_Y_test_COS": 0.9307395815849304, "X_Y_test_MSEloss": 0.0006528290687128901, "X_Y_val_COS": 0.9353918433189392, "X_Y_val_MSEloss": 0.0006373718497343361}}