{"train_samples": 30, "test_samples": 200, "source_model": "google/mt5-base", "source_dim": 768, "target_dim": 512, "test_results": {"bleu": 1.59, "bleu1": 23.51, "bleu2": 2.16, "bleu3": 0.53, "bleu4": 0.24, "rougeL": 0.1584, "rouge1": 0.206, "rouge2": 0.027, "exact_match": 0.0}, "loss": {"X_Y_COS": 1.0, "X_Y_MSEloss": 5.586396146020634e-13, "X_Y_test_COS": 0.9073502421379089, "X_Y_test_MSEloss": 0.0003468191425781697, "X_Y_val_COS": 0.9082863926887512, "X_Y_val_MSEloss": 0.0003441130684223026}}