{"train_samples": 30, "test_samples": 200, "source_model": "intfloat/multilingual-e5-base", "source_dim": 768, "target_dim": 512, "test_results": {"bleu": 0.32, "bleu1": 17.75, "bleu2": 0.4, "bleu3": 0.06, "bleu4": 0.03, "rougeL": 0.1049, "rouge1": 0.1479, "rouge2": 0.0046, "exact_match": 0.0}, "loss": {"X_Y_COS": 1.0, "X_Y_MSEloss": 2.9234432799910004e-13, "X_Y_test_COS": 0.8870406746864319, "X_Y_test_MSEloss": 0.00041667642653919756, "X_Y_val_COS": 0.8875992298126221, "X_Y_val_MSEloss": 0.00041509862057864666}}