{"train_samples": 1000, "test_samples": 200, "source_model": "google-bert/bert-base-multilingual-cased", "source_dim": 768, "target_dim": 512, "test_results": {"bleu": 0.69, "bleu1": 16.83, "bleu2": 1.79, "bleu3": 0.16, "bleu4": 0.06, "rougeL": 0.1184, "rouge1": 0.1344, "rouge2": 0.0115, "exact_match": 0.0}, "loss": {"X_Y_COS": 0.9145040512084961, "X_Y_MSEloss": 0.00043813278898596764, "X_Y_test_COS": -0.04312705993652344, "X_Y_test_MSEloss": 0.009947453625500202, "X_Y_val_COS": 0.03618161007761955, "X_Y_val_MSEloss": 0.007972446270287037}}