{"train_samples": 3, "test_samples": 200, "source_model": "google/flan-t5-base", "source_dim": 768, "target_dim": 512, "test_results": {"bleu": 0.13, "bleu1": 9.98, "bleu2": 0.28, "bleu3": 0.02, "bleu4": 0.01, "rougeL": 0.0701, "rouge1": 0.0821, "rouge2": 0.011, "exact_match": 0.0}, "loss": {"X_Y_COS": 1.0, "X_Y_MSEloss": 1.9105056425772204e-10, "X_Y_test_COS": 0.8648809790611267, "X_Y_test_MSEloss": 0.0009669644059613347, "X_Y_val_COS": 0.8637123107910156, "X_Y_val_MSEloss": 0.0010120462393388152}}