{"train_samples": 1000, "test_samples": 200, "source_model": "text-embedding-ada-002", "source_dim": 1536, "target_dim": 512, "test_results": {"bleu": 0.25, "bleu1": 18.32, "bleu2": 1.03, "bleu3": 0.07, "bleu4": 0.02, "rougeL": 0.0708, "rouge1": 0.0781, "rouge2": 0.0066, "exact_match": 0.0}, "loss": {"X_Y_COS": 0.9624589085578918, "X_Y_MSEloss": 0.00014445555279962718, "X_Y_test_COS": 0.9085447192192078, "X_Y_test_MSEloss": 0.00034611302544362843, "X_Y_val_COS": 0.9064648747444153, "X_Y_val_MSEloss": 0.00035428148112259805}}