{"train_samples": 4000, "test_samples": 200, "source_model": "google/mt5-base", "source_dim": 768, "target_dim": 512, "test_results": {"bleu": 0.34, "bleu1": 14.37, "bleu2": 0.63, "bleu3": 0.1, "bleu4": 0.02, "rougeL": 0.0722, "rouge1": 0.0827, "rouge2": 0.0075, "exact_match": 0.0}, "loss": {"X_Y_COS": 0.9423877596855164, "X_Y_MSEloss": 0.00022059734328649938, "X_Y_test_COS": 0.9285491108894348, "X_Y_test_MSEloss": 0.00027234142180532217, "X_Y_val_COS": 0.9260960221290588, "X_Y_val_MSEloss": 0.0002810852602124214}}