{"train_samples": 20, "test_samples": 200, "source_model": "google-t5/t5-base", "source_dim": 768, "target_dim": 512, "test_results": {"bleu": 0.15, "bleu1": 9.02, "bleu2": 0.13, "bleu3": 0.04, "bleu4": 0.02, "rougeL": 0.0499, "rouge1": 0.0554, "rouge2": 0.0014, "exact_match": 0.0}, "loss": {"X_Y_COS": 1.0, "X_Y_MSEloss": 1.2381486318797843e-14, "X_Y_test_COS": 0.8588598966598511, "X_Y_test_MSEloss": 0.0005146046751178801, "X_Y_val_COS": 0.8540250062942505, "X_Y_val_MSEloss": 0.0005287858075462282}}