{"train_samples": 500, "test_samples": 200, "source_model": "sentence-transformers/gtr-t5-base", "source_dim": 768, "target_dim": 512, "test_results": {"bleu": 0.23, "bleu1": 13.25, "bleu2": 0.66, "bleu3": 0.06, "bleu4": 0.02, "rougeL": 0.0408, "rouge1": 0.0457, "rouge2": 0.0033, "exact_match": 0.0}, "loss": {"X_Y_COS": 0.9938811659812927, "X_Y_MSEloss": 2.4154080165317282e-05, "X_Y_test_COS": 0.6708992719650269, "X_Y_test_MSEloss": 0.001649827929213643, "X_Y_val_COS": 0.684589684009552, "X_Y_val_MSEloss": 0.0015873111551627517}}