{"train_samples": 50, "test_samples": 200, "source_model": "sentence-transformers/gtr-t5-base", "source_dim": 768, "target_dim": 512, "test_results": {"bleu": 0.17, "bleu1": 13.22, "bleu2": 0.66, "bleu3": 0.02, "bleu4": 0.01, "rougeL": 0.1141, "rouge1": 0.1395, "rouge2": 0.0088, "exact_match": 0.0}, "loss": {"X_Y_COS": 1.0, "X_Y_MSEloss": 4.139159057414384e-15, "X_Y_test_COS": 0.8701806664466858, "X_Y_test_MSEloss": 0.0008300727349705994, "X_Y_val_COS": 0.8732882142066956, "X_Y_val_MSEloss": 0.0007931733853183687}}