{"train_samples": 20, "test_samples": 200, "source_model": "text-embedding-3-large", "source_dim": 3072, "target_dim": 512, "test_results": {"bleu": 0.2, "bleu1": 13.89, "bleu2": 0.71, "bleu3": 0.02, "bleu4": 0.01, "rougeL": 0.1182, "rouge1": 0.1328, "rouge2": 0.0078, "exact_match": 0.0}, "loss": {"X_Y_COS": 1.0, "X_Y_MSEloss": 2.852467359080194e-16, "X_Y_test_COS": 0.8819209337234497, "X_Y_test_MSEloss": 0.00048386215348728, "X_Y_val_COS": 0.8864701390266418, "X_Y_val_MSEloss": 0.0004640142433345318}}