{"train_samples": 30, "test_samples": 200, "source_model": "intfloat/multilingual-e5-base", "source_dim": 768, "target_dim": 512, "test_results": {"bleu": 0.1, "bleu1": 13.54, "bleu2": 0.05, "bleu3": 0.03, "bleu4": 0.02, "rougeL": 0.0017, "rouge1": 0.0017, "rouge2": 0.0, "exact_match": 0.0}, "loss": {"X_Y_COS": 1.0, "X_Y_MSEloss": 4.808065295729136e-13, "X_Y_test_COS": 0.895745575428009, "X_Y_test_MSEloss": 0.000386072788387537, "X_Y_val_COS": 0.8943043351173401, "X_Y_val_MSEloss": 0.00039168036892078817}}