{"train_samples": 100, "test_samples": 200, "source_model": "google/mt5-base", "source_dim": 768, "target_dim": 512, "test_results": {"bleu": 3.13, "bleu1": 27.9, "bleu2": 4.0, "bleu3": 1.24, "bleu4": 0.78, "rougeL": 0.1644, "rouge1": 0.2189, "rouge2": 0.0351, "exact_match": 0.0}, "loss": {"X_Y_COS": 0.9999995231628418, "X_Y_MSEloss": 2.146593569563038e-09, "X_Y_test_COS": 0.8614829182624817, "X_Y_test_MSEloss": 0.0005137464613653719, "X_Y_val_COS": 0.8569630980491638, "X_Y_val_MSEloss": 0.0005309354746714234}}