{"train_samples": 1000, "test_samples": 200, "source_model": "google-bert/bert-base-multilingual-cased", "source_dim": 768, "target_dim": 512, "test_results": {"bleu": 0.42, "bleu1": 9.7, "bleu2": 0.51, "bleu3": 0.1, "bleu4": 0.07, "rougeL": 0.0634, "rouge1": 0.0726, "rouge2": 0.0052, "exact_match": 0.0}, "loss": {"X_Y_COS": 0.894450843334198, "X_Y_MSEloss": 0.00047056504990905523, "X_Y_test_COS": 0.002681403188034892, "X_Y_test_MSEloss": 0.008475333452224731, "X_Y_val_COS": 0.006352553144097328, "X_Y_val_MSEloss": 0.008272466249763966}}