{"train_samples": 40, "test_samples": 200, "source_model": "google-t5/t5-base", "source_dim": 768, "target_dim": 512, "test_results": {"bleu": 1.54, "bleu1": 23.03, "bleu2": 2.85, "bleu3": 0.71, "bleu4": 0.16, "rougeL": 0.1531, "rouge1": 0.1966, "rouge2": 0.033, "exact_match": 0.0}, "loss": {"X_Y_COS": 1.0, "X_Y_MSEloss": 2.814504814104002e-13, "X_Y_test_COS": 0.8410511016845703, "X_Y_test_MSEloss": 0.0005746641545556486, "X_Y_val_COS": 0.8404184579849243, "X_Y_val_MSEloss": 0.0005756953032687306}}