{"train_samples": 1000, "test_samples": 200, "source_model": "google-t5/t5-base", "source_dim": 768, "target_dim": 512, "test_results": {"bleu": 12.78, "bleu1": 40.64, "bleu2": 15.31, "bleu3": 9.17, "bleu4": 6.58, "rougeL": 0.3101, "rouge1": 0.3844, "rouge2": 0.1589, "exact_match": 0.0}, "loss": {"X_Y_COS": 0.9717729687690735, "X_Y_MSEloss": 0.00010936860780930147, "X_Y_test_COS": 0.92218017578125, "X_Y_test_MSEloss": 0.0002984789025504142, "X_Y_val_COS": 0.9223983287811279, "X_Y_val_MSEloss": 0.00029749274835921824}}