{"train_samples": 1000, "test_samples": 200, "source_model": "google-t5/t5-base", "source_dim": 768, "target_dim": 512, "test_results": {"bleu": 12.8, "bleu1": 40.88, "bleu2": 15.88, "bleu3": 9.41, "bleu4": 6.74, "rougeL": 0.3123, "rouge1": 0.39, "rouge2": 0.1678, "exact_match": 0.0}, "loss": {"X_Y_COS": 0.9738203883171082, "X_Y_MSEloss": 0.00019435280410107225, "X_Y_test_COS": 0.9224870204925537, "X_Y_test_MSEloss": 0.0005751908174715936, "X_Y_val_COS": 0.9228429198265076, "X_Y_val_MSEloss": 0.0005650896346196532}}