{"train_samples": 1000, "test_samples": 200, "source_model": "sentence-transformers/gtr-t5-base", "source_dim": 768, "target_dim": 512, "test_results": {"bleu": 0.89, "bleu1": 20.7, "bleu2": 2.13, "bleu3": 0.41, "bleu4": 0.03, "rougeL": 0.1509, "rouge1": 0.1864, "rouge2": 0.0264, "exact_match": 0.0}, "loss": {"X_Y_COS": 0.9826696515083313, "X_Y_MSEloss": 6.826710887253284e-05, "X_Y_test_COS": 0.8488752841949463, "X_Y_test_MSEloss": 0.0006348893512040377, "X_Y_val_COS": 0.8458947539329529, "X_Y_val_MSEloss": 0.0006513246917165816}}