{"epoch": 0, "dev_acc": 54.50000000000001, "test_acc": 47.5, "test_f1": 28.57, "test_roc": 46.589999999999996}