{"train_samples": 30, "test_samples": 200, "source_model": "intfloat/multilingual-e5-base", "source_dim": 768, "target_dim": 512, "test_results": {"bleu": 0.08, "bleu1": 7.93, "bleu2": 0.03, "bleu3": 0.02, "bleu4": 0.01, "rougeL": 0.0843, "rouge1": 0.1036, "rouge2": 0.0002, "exact_match": 0.0}, "loss": {"X_Y_COS": 1.0, "X_Y_MSEloss": 4.765950546541109e-13, "X_Y_test_COS": 0.9039785861968994, "X_Y_test_MSEloss": 0.00035734992707148194, "X_Y_val_COS": 0.9017400741577148, "X_Y_val_MSEloss": 0.00036547030322253704}}