{"train_samples": 30, "test_samples": 200, "source_model": "sentence-transformers/all-MiniLM-L6-v2", "source_dim": 384, "target_dim": 512, "test_results": {"bleu": 0.12, "bleu1": 12.6, "bleu2": 0.25, "bleu3": 0.02, "bleu4": 0.01, "rougeL": 0.0775, "rouge1": 0.0931, "rouge2": 0.0034, "exact_match": 0.0}, "loss": {"X_Y_COS": 1.0, "X_Y_MSEloss": 2.570520532541032e-11, "X_Y_test_COS": 0.9214543104171753, "X_Y_test_MSEloss": 0.0007274675299413502, "X_Y_val_COS": 0.9149846434593201, "X_Y_val_MSEloss": 0.000723122211638838}}