{"train_samples": 100, "test_samples": 200, "source_model": "random", "source_dim": 768, "target_dim": 512, "test_results": {"bleu": 0.84, "bleu1": 12.71, "bleu2": 0.77, "bleu3": 0.33, "bleu4": 0.29, "rougeL": 0.0768, "rouge1": 0.0911, "rouge2": 0.0064, "exact_match": 0.0}, "loss": {"X_Y_COS": 0.9937788248062134, "X_Y_MSEloss": 0.0005300078773871064, "X_Y_test_COS": -0.0006212746957316995, "X_Y_test_MSEloss": 0.00200475100427866, "X_Y_val_COS": -0.02635866589844227, "X_Y_val_MSEloss": 0.0020463557448238134, "reg_lambda": 1}}