{"train_samples": 1000, "test_samples": 200, "source_model": "text-embedding-3-large", "source_dim": 3072, "target_dim": 512, "test_results": {"bleu": 10.78, "bleu1": 40.38, "bleu2": 15.73, "bleu3": 6.7, "bleu4": 3.17, "rougeL": 0.3435, "rouge1": 0.4373, "rouge2": 0.1709, "exact_match": 0.0}, "loss": {"X_Y_COS": 0.9960005283355713, "X_Y_MSEloss": 1.604164208401926e-05, "X_Y_test_COS": 0.9424344897270203, "X_Y_test_MSEloss": 0.00022513935982715338, "X_Y_val_COS": 0.9416552782058716, "X_Y_val_MSEloss": 0.00022707523021381348}}