{"train_samples": 500, "test_samples": 200, "source_model": "google/flan-t5-base", "source_dim": 768, "target_dim": 512, "test_results": {"bleu": 27.72, "bleu1": 47.32, "bleu2": 28.43, "bleu3": 23.65, "bleu4": 21.28, "rougeL": 0.4012, "rouge1": 0.4631, "rouge2": 0.2843, "exact_match": 0.0}, "loss": {"X_Y_COS": 0.9944348931312561, "X_Y_MSEloss": 5.15289866598323e-05, "X_Y_test_COS": 0.911411702632904, "X_Y_test_MSEloss": 0.000787438708357513, "X_Y_val_COS": 0.9088790416717529, "X_Y_val_MSEloss": 0.0008077089441940188}}