{"train_samples": 100, "test_samples": 200, "source_model": "google-t5/t5-base", "source_dim": 768, "target_dim": 512, "test_results": {"bleu": 0.7, "bleu1": 17.93, "bleu2": 1.23, "bleu3": 0.21, "bleu4": 0.13, "rougeL": 0.0667, "rouge1": 0.0731, "rouge2": 0.0061, "exact_match": 0.0}, "loss": {"X_Y_COS": 1.0, "X_Y_MSEloss": 5.5402171565688274e-12, "X_Y_test_COS": 0.9048631191253662, "X_Y_test_MSEloss": 0.0003572294663172215, "X_Y_val_COS": 0.903727114200592, "X_Y_val_MSEloss": 0.00036255145096220076}}