{"train_samples": 100, "test_samples": 200, "source_model": "sentence-transformers/all-MiniLM-L6-v2", "source_dim": 384, "target_dim": 512, "test_results": {"bleu": 0.12, "bleu1": 10.17, "bleu2": 0.18, "bleu3": 0.02, "bleu4": 0.01, "rougeL": 0.043, "rouge1": 0.0466, "rouge2": 0.0034, "exact_match": 0.0}, "loss": {"X_Y_COS": 1.0, "X_Y_MSEloss": 5.964066131285356e-15, "X_Y_test_COS": 0.8598813414573669, "X_Y_test_MSEloss": 0.0011300115147605538, "X_Y_val_COS": 0.8484352231025696, "X_Y_val_MSEloss": 0.0012109564850106835}}