{"train_samples": 100, "test_samples": 200, "source_model": "google/mt5-base", "source_dim": 768, "target_dim": 512, "test_results": {"bleu": 1.09, "bleu1": 20.39, "bleu2": 1.88, "bleu3": 0.33, "bleu4": 0.12, "rougeL": 0.1273, "rouge1": 0.1676, "rouge2": 0.0189, "exact_match": 0.0}, "loss": {"X_Y_COS": 1.0, "X_Y_MSEloss": 4.083289153848646e-13, "X_Y_test_COS": 0.8928007483482361, "X_Y_test_MSEloss": 0.0008138783159665763, "X_Y_val_COS": 0.8883126974105835, "X_Y_val_MSEloss": 0.0008599606226198375}}