{"train_samples": 10, "test_samples": 200, "source_model": "intfloat/multilingual-e5-base", "source_dim": 768, "target_dim": 512, "test_results": {"bleu": 0.19, "bleu1": 13.9, "bleu2": 0.77, "bleu3": 0.03, "bleu4": 0.01, "rougeL": 0.11, "rouge1": 0.1287, "rouge2": 0.0071, "exact_match": 0.0}, "loss": {"X_Y_COS": 1.0, "X_Y_MSEloss": 3.145900059618495e-15, "X_Y_test_COS": 0.877659797668457, "X_Y_test_MSEloss": 0.0004491645668167621, "X_Y_val_COS": 0.882620096206665, "X_Y_val_MSEloss": 0.00043242250103503466}}