{"train_samples": 5, "test_samples": 200, "source_model": "google-t5/t5-base", "source_dim": 768, "target_dim": 512, "test_results": {"bleu": 0.09, "bleu1": 9.98, "bleu2": 0.1, "bleu3": 0.02, "bleu4": 0.01, "rougeL": 0.0085, "rouge1": 0.0088, "rouge2": 0.0, "exact_match": 0.0}, "loss": {"X_Y_COS": 1.0, "X_Y_MSEloss": 4.2654586049322557e-16, "X_Y_test_COS": 0.8883395195007324, "X_Y_test_MSEloss": 0.00041677229455672204, "X_Y_val_COS": 0.8894250988960266, "X_Y_val_MSEloss": 0.00041454500751569867}}