{"train_samples": 3, "test_samples": 200, "source_model": "text-embedding-3-large", "source_dim": 3072, "target_dim": 512, "test_results": {"bleu": 0.11, "bleu1": 12.18, "bleu2": 0.22, "bleu3": 0.02, "bleu4": 0.01, "rougeL": 0.0568, "rouge1": 0.0643, "rouge2": 0.0018, "exact_match": 0.0}, "loss": {"X_Y_COS": 1.0, "X_Y_MSEloss": 1.7470958013632298e-10, "X_Y_test_COS": 0.9035269021987915, "X_Y_test_MSEloss": 0.0021053829696029425, "X_Y_val_COS": 0.9026394486427307, "X_Y_val_MSEloss": 0.0020857336930930614}}