{"train_samples": 1000, "test_samples": 200, "source_model": "google-bert/bert-base-multilingual-cased", "source_dim": 768, "target_dim": 512, "test_results": {"bleu": 0.19, "bleu1": 13.69, "bleu2": 0.59, "bleu3": 0.02, "bleu4": 0.01, "rougeL": 0.086, "rouge1": 0.101, "rouge2": 0.0057, "exact_match": 0.0}, "loss": {"X_Y_COS": 0.9792659878730774, "X_Y_MSEloss": 8.688579691806808e-05, "X_Y_test_COS": 0.685096263885498, "X_Y_test_MSEloss": 0.0015277978964149952, "X_Y_val_COS": 0.6833178400993347, "X_Y_val_MSEloss": 0.0015531566459685564}}