{"train_samples": 30, "test_samples": 200, "source_model": "google/flan-t5-base", "source_dim": 768, "target_dim": 512, "test_results": {"bleu": 0.1, "bleu1": 8.45, "bleu2": 0.09, "bleu3": 0.02, "bleu4": 0.01, "rougeL": 0.0694, "rouge1": 0.0821, "rouge2": 0.0019, "exact_match": 0.0}, "loss": {"X_Y_COS": 1.0, "X_Y_MSEloss": 6.85102278727423e-12, "X_Y_test_COS": 0.8876393437385559, "X_Y_test_MSEloss": 0.00042008317541331053, "X_Y_val_COS": 0.8861497044563293, "X_Y_val_MSEloss": 0.0004243199364282191}}