{"train_samples": 1000, "test_samples": 200, "source_model": "google/mt5-base", "source_dim": 768, "target_dim": 512, "test_results": {"bleu": 9.95, "bleu1": 37.14, "bleu2": 11.45, "bleu3": 5.94, "bleu4": 4.3, "rougeL": 0.2721, "rouge1": 0.3486, "rouge2": 0.1115, "exact_match": 0.0}, "loss": {"X_Y_COS": 0.9495147466659546, "X_Y_MSEloss": 0.000392116024158895, "X_Y_test_COS": 0.8898191452026367, "X_Y_test_MSEloss": 0.0008603976457379758, "X_Y_val_COS": 0.8911637663841248, "X_Y_val_MSEloss": 0.0008371120784431696}}