{"train_samples": 20, "test_samples": 200, "source_model": "google-t5/t5-base", "source_dim": 768, "target_dim": 512, "test_results": {"bleu": 0.17, "bleu1": 15.23, "bleu2": 0.72, "bleu3": 0.02, "bleu4": 0.01, "rougeL": 0.1009, "rouge1": 0.1216, "rouge2": 0.0034, "exact_match": 0.0}, "loss": {"X_Y_COS": 1.0, "X_Y_MSEloss": 1.8099959031570023e-10, "X_Y_test_COS": 0.9346039891242981, "X_Y_test_MSEloss": 0.0005022570840083063, "X_Y_val_COS": 0.9325622320175171, "X_Y_val_MSEloss": 0.0004993571201339364}}