{"train_samples": 30, "test_samples": 200, "source_model": "google/mt5-base", "source_dim": 768, "target_dim": 512, "test_results": {"bleu": 10.82, "bleu1": 26.1, "bleu2": 9.44, "bleu3": 7.82, "bleu4": 7.22, "rougeL": 0.2079, "rouge1": 0.252, "rouge2": 0.0956, "exact_match": 0.0}, "loss": {"X_Y_COS": 1.0, "X_Y_MSEloss": 1.3359329198436853e-09, "X_Y_test_COS": 0.8766309022903442, "X_Y_test_MSEloss": 0.0010298738488927484, "X_Y_val_COS": 0.8771252036094666, "X_Y_val_MSEloss": 0.001032459083944559}}