{"train_samples": 5, "test_samples": 200, "source_model": "text-embedding-ada-002", "source_dim": 1536, "target_dim": 512, "test_results": {"bleu": 8.17, "bleu1": 24.19, "bleu2": 8.03, "bleu3": 6.94, "bleu4": 6.4, "rougeL": 0.1591, "rouge1": 0.1781, "rouge2": 0.0695, "exact_match": 0.0}, "loss": {"X_Y_COS": 1.0, "X_Y_MSEloss": 1.5257093082749807e-15, "X_Y_test_COS": 0.9004092216491699, "X_Y_test_MSEloss": 0.00037117727333679795, "X_Y_val_COS": 0.9024311900138855, "X_Y_val_MSEloss": 0.0003647571720648557}}