{"train_samples": 1000, "test_samples": 200, "source_model": "text-embedding-3-large", "source_dim": 3072, "target_dim": 512, "test_results": {"bleu": 0.19, "bleu1": 9.58, "bleu2": 0.29, "bleu3": 0.03, "bleu4": 0.02, "rougeL": 0.063, "rouge1": 0.0714, "rouge2": 0.0033, "exact_match": 0.0}, "loss": {"X_Y_COS": 1.0, "X_Y_MSEloss": 8.084535103002055e-14, "X_Y_test_COS": -0.006926221773028374, "X_Y_test_MSEloss": 0.0029250981751829386, "X_Y_val_COS": -0.02173716574907303, "X_Y_val_MSEloss": 0.0028218405786901712}}