{"train_samples": 500, "test_samples": 200, "source_model": "sentence-transformers/all-MiniLM-L6-v2", "source_dim": 384, "target_dim": 512, "test_results": {"bleu": 0.22, "bleu1": 18.09, "bleu2": 0.85, "bleu3": 0.02, "bleu4": 0.01, "rougeL": 0.1042, "rouge1": 0.1141, "rouge2": 0.006, "exact_match": 0.0}, "loss": {"X_Y_COS": 0.9823195338249207, "X_Y_MSEloss": 0.0002606031484901905, "X_Y_test_COS": 0.8380546569824219, "X_Y_test_MSEloss": 0.0019224275602027774, "X_Y_val_COS": 0.8438859581947327, "X_Y_val_MSEloss": 0.0019298010738566518}}