{"train_samples": 500, "test_samples": 200, "source_model": "google-t5/t5-base", "source_dim": 768, "target_dim": 512, "test_results": {"bleu": 0.87, "bleu1": 19.47, "bleu2": 1.48, "bleu3": 0.43, "bleu4": 0.2, "rougeL": 0.0691, "rouge1": 0.0807, "rouge2": 0.0065, "exact_match": 0.0}, "loss": {"X_Y_COS": 0.988655686378479, "X_Y_MSEloss": 4.454402733244933e-05, "X_Y_test_COS": 0.8734674453735352, "X_Y_test_MSEloss": 0.0005070341285318136, "X_Y_val_COS": 0.8789016604423523, "X_Y_val_MSEloss": 0.0004815012216567993}}