{"train_samples": 1000, "test_samples": 200, "source_model": "google-t5/t5-base", "source_dim": 768, "target_dim": 512, "test_results": {"bleu": 0.89, "bleu1": 7.76, "bleu2": 0.86, "bleu3": 0.48, "bleu4": 0.2, "rougeL": 0.0424, "rouge1": 0.0468, "rouge2": 0.0021, "exact_match": 0.0}, "loss": {"X_Y_COS": 0.9081726670265198, "X_Y_MSEloss": 0.00043550552800297737, "X_Y_test_COS": 0.013336951844394207, "X_Y_test_MSEloss": 0.007242310326546431, "X_Y_val_COS": -0.05682644620537758, "X_Y_val_MSEloss": 0.007486987393349409}}