{"train_samples": 50, "test_samples": 200, "source_model": "google-t5/t5-base", "source_dim": 768, "target_dim": 512, "test_results": {"bleu": 1.19, "bleu1": 25.32, "bleu2": 2.41, "bleu3": 0.4, "bleu4": 0.08, "rougeL": 0.1531, "rouge1": 0.2105, "rouge2": 0.0259, "exact_match": 0.0}, "loss": {"X_Y_COS": 1.0, "X_Y_MSEloss": 6.663884288132804e-12, "X_Y_test_COS": 0.9109748601913452, "X_Y_test_MSEloss": 0.00033438665559515357, "X_Y_val_COS": 0.9123628735542297, "X_Y_val_MSEloss": 0.0003295218921266496}}