{"train_samples": 100, "test_samples": 200, "source_model": "text-embedding-ada-002", "source_dim": 1536, "target_dim": 512, "test_results": {"bleu": 9.94, "bleu1": 26.59, "bleu2": 9.18, "bleu3": 7.78, "bleu4": 7.06, "rougeL": 0.1923, "rouge1": 0.236, "rouge2": 0.0918, "exact_match": 0.0}, "loss": {"X_Y_COS": 0.9493262767791748, "X_Y_MSEloss": 0.00019679719116538763, "X_Y_test_COS": 0.9186892509460449, "X_Y_test_MSEloss": 0.00030525767942890525, "X_Y_val_COS": 0.9209623336791992, "X_Y_val_MSEloss": 0.0002977380354423076, "reg_lambda": 1}}