{"train_samples": 50, "test_samples": 200, "source_model": "intfloat/multilingual-e5-base", "source_dim": 768, "target_dim": 512, "test_results": {"bleu": 0.15, "bleu1": 14.07, "bleu2": 0.49, "bleu3": 0.02, "bleu4": 0.01, "rougeL": 0.088, "rouge1": 0.106, "rouge2": 0.0019, "exact_match": 0.0}, "loss": {"X_Y_COS": 1.0, "X_Y_MSEloss": 2.498926343630359e-10, "X_Y_test_COS": 0.9308375120162964, "X_Y_test_MSEloss": 0.0005451999022625387, "X_Y_val_COS": 0.9304632544517517, "X_Y_val_MSEloss": 0.0005276130978018045}}