{"train_samples": 10, "test_samples": 200, "source_model": "sentence-transformers/all-MiniLM-L6-v2", "source_dim": 384, "target_dim": 512, "test_results": {"bleu": 0.67, "bleu1": 13.85, "bleu2": 1.12, "bleu3": 0.46, "bleu4": 0.26, "rougeL": 0.0412, "rouge1": 0.0467, "rouge2": 0.0037, "exact_match": 0.0}, "loss": {"X_Y_COS": 1.0, "X_Y_MSEloss": 2.5998990748679065e-16, "X_Y_test_COS": 0.6556585431098938, "X_Y_test_MSEloss": 0.0011740780901163816, "X_Y_val_COS": 0.6416018009185791, "X_Y_val_MSEloss": 0.0011774585582315922}}