{"train_samples": 20, "test_samples": 200, "source_model": "google-t5/t5-base", "source_dim": 768, "target_dim": 512, "test_results": {"bleu": 0.17, "bleu1": 17.17, "bleu2": 0.48, "bleu3": 0.02, "bleu4": 0.01, "rougeL": 0.1006, "rouge1": 0.1255, "rouge2": 0.0016, "exact_match": 0.0}, "loss": {"X_Y_COS": 1.0, "X_Y_MSEloss": 4.2565866230240366e-15, "X_Y_test_COS": 0.9137637615203857, "X_Y_test_MSEloss": 0.000322982290526852, "X_Y_val_COS": 0.9155274629592896, "X_Y_val_MSEloss": 0.0003166100650560111}}