{"train_samples": 500, "test_samples": 200, "source_model": "sentence-transformers/gtr-t5-base", "source_dim": 768, "target_dim": 512, "test_results": {"bleu": 23.68, "bleu1": 40.46, "bleu2": 23.39, "bleu3": 20.13, "bleu4": 18.4, "rougeL": 0.346, "rouge1": 0.3949, "rouge2": 0.2372, "exact_match": 0.0}, "loss": {"X_Y_COS": 0.9877874255180359, "X_Y_MSEloss": 4.9271653551841155e-05, "X_Y_test_COS": 0.9091305136680603, "X_Y_test_MSEloss": 0.00034888519439846277, "X_Y_val_COS": 0.9057490229606628, "X_Y_val_MSEloss": 0.0003628147824201733, "reg_lambda": 0.1}}