{"train_samples": 100, "test_samples": 200, "source_model": "intfloat/multilingual-e5-base", "source_dim": 768, "target_dim": 512, "test_results": {"bleu": 0.15, "bleu1": 11.47, "bleu2": 0.35, "bleu3": 0.02, "bleu4": 0.01, "rougeL": 0.06, "rouge1": 0.0675, "rouge2": 0.0102, "exact_match": 0.0}, "loss": {"X_Y_COS": 0.9999995827674866, "X_Y_MSEloss": 1.4027965455909452e-08, "X_Y_test_COS": 0.8876016139984131, "X_Y_test_MSEloss": 0.0008617545245215297, "X_Y_val_COS": 0.8836750388145447, "X_Y_val_MSEloss": 0.0009085888741537929}}