{"train_samples": 50, "test_samples": 200, "source_model": "sentence-transformers/all-MiniLM-L6-v2", "source_dim": 384, "target_dim": 512, "test_results": {"bleu": 0.11, "bleu1": 12.08, "bleu2": 0.38, "bleu3": 0.02, "bleu4": 0.01, "rougeL": 0.046, "rouge1": 0.05, "rouge2": 0.0026, "exact_match": 0.0}, "loss": {"X_Y_COS": 1.0, "X_Y_MSEloss": 2.9143612523263585e-10, "X_Y_test_COS": 0.5924078226089478, "X_Y_test_MSEloss": 0.002862864639610052, "X_Y_val_COS": 0.542091429233551, "X_Y_val_MSEloss": 0.0029790662229061127}}