{"train_samples": 3000, "test_samples": 200, "source_model": "google/mt5-base", "source_dim": 768, "target_dim": 512, "test_results": {"bleu": 31.46, "bleu1": 52.09, "bleu2": 32.24, "bleu3": 26.89, "bleu4": 24.26, "rougeL": 0.4497, "rouge1": 0.5123, "rouge2": 0.3284, "exact_match": 0.0}, "loss": {"X_Y_COS": 0.958083987236023, "X_Y_MSEloss": 0.00016155109915416688, "X_Y_test_COS": 0.9471616148948669, "X_Y_test_MSEloss": 0.00020250708621460944, "X_Y_val_COS": 0.9437565207481384, "X_Y_val_MSEloss": 0.00021582319459412247}}