{"train_samples": 500, "test_samples": 200, "source_model": "sentence-transformers/all-MiniLM-L6-v2", "source_dim": 384, "target_dim": 512, "test_results": {"bleu": 0.06, "bleu1": 10.7, "bleu2": 0.08, "bleu3": 0.02, "bleu4": 0.01, "rougeL": 0.0135, "rouge1": 0.0144, "rouge2": 0.0, "exact_match": 0.0}, "loss": {"X_Y_COS": 0.9843730926513672, "X_Y_MSEloss": 0.00023110829351935536, "X_Y_test_COS": 0.5463019609451294, "X_Y_test_MSEloss": 0.0058463034220039845, "X_Y_val_COS": 0.5949702858924866, "X_Y_val_MSEloss": 0.005272506736218929}}