{"train_samples": 40, "test_samples": 200, "source_model": "sentence-transformers/all-MiniLM-L6-v2", "source_dim": 384, "target_dim": 512, "test_results": {"bleu": 0.04, "bleu1": 8.9, "bleu2": 0.02, "bleu3": 0.01, "bleu4": 0.01, "rougeL": 0.0119, "rouge1": 0.0119, "rouge2": 0.0, "exact_match": 0.0}, "loss": {"X_Y_COS": 1.0, "X_Y_MSEloss": 2.926635840342826e-15, "X_Y_test_COS": 0.8565623164176941, "X_Y_test_MSEloss": 0.0005481424741446972, "X_Y_val_COS": 0.8541194200515747, "X_Y_val_MSEloss": 0.0005644599441438913}}