{"train_samples": 20, "test_samples": 200, "source_model": "text-embedding-3-large", "source_dim": 3072, "target_dim": 512, "test_results": {"bleu": 0.08, "bleu1": 8.69, "bleu2": 0.04, "bleu3": 0.02, "bleu4": 0.01, "rougeL": 0.0924, "rouge1": 0.1058, "rouge2": 0.0028, "exact_match": 0.0}, "loss": {"X_Y_COS": 1.0, "X_Y_MSEloss": 1.048543038318164e-15, "X_Y_test_COS": 0.811111330986023, "X_Y_test_MSEloss": 0.0006890568183735013, "X_Y_val_COS": 0.8110060095787048, "X_Y_val_MSEloss": 0.0006882984307594597}}