{"train_samples": 1000, "test_samples": 200, "source_model": "google-t5/t5-base", "source_dim": 768, "target_dim": 512, "test_results": {"bleu": 0.24, "bleu1": 15.82, "bleu2": 0.28, "bleu3": 0.06, "bleu4": 0.02, "rougeL": 0.0366, "rouge1": 0.0389, "rouge2": 0.0005, "exact_match": 0.0}, "loss": {"X_Y_COS": 0.9624499678611755, "X_Y_MSEloss": 0.00014457998622674495, "X_Y_test_COS": 0.8993426561355591, "X_Y_test_MSEloss": 0.0003834532108157873, "X_Y_val_COS": 0.8973414301872253, "X_Y_val_MSEloss": 0.000391244248021394}}