{"train_samples": 1000, "test_samples": 200, "source_model": "google-bert/bert-base-multilingual-cased", "source_dim": 768, "target_dim": 512, "test_results": {"bleu": 27.04, "bleu1": 45.27, "bleu2": 26.89, "bleu3": 22.77, "bleu4": 20.67, "rougeL": 0.3853, "rouge1": 0.439, "rouge2": 0.2736, "exact_match": 0.0}, "loss": {"X_Y_COS": 0.9527778625488281, "X_Y_MSEloss": 0.0001818670134525746, "X_Y_test_COS": 0.936621904373169, "X_Y_test_MSEloss": 0.00024010194465517998, "X_Y_val_COS": 0.9366632103919983, "X_Y_val_MSEloss": 0.00024030347412917763, "reg_lambda": 1}}