{"train_samples": 3, "test_samples": 200, "source_model": "sentence-transformers/gtr-t5-base", "source_dim": 768, "target_dim": 512, "test_results": {"bleu": 0.04, "bleu1": 7.0, "bleu2": 0.02, "bleu3": 0.01, "bleu4": 0.01, "rougeL": 0.013, "rouge1": 0.013, "rouge2": 0.0, "exact_match": 0.0}, "loss": {"X_Y_COS": 1.0, "X_Y_MSEloss": 3.42707995211873e-16, "X_Y_test_COS": 0.8451412916183472, "X_Y_test_MSEloss": 0.0006508357473649085, "X_Y_val_COS": 0.8466374278068542, "X_Y_val_MSEloss": 0.0006577660096809268}}