{"train_samples": 1000, "test_samples": 200, "source_model": "google-t5/t5-base", "source_dim": 768, "target_dim": 512, "test_results": {"bleu": 0.26, "bleu1": 19.94, "bleu2": 1.68, "bleu3": 0.02, "bleu4": 0.01, "rougeL": 0.1542, "rouge1": 0.1779, "rouge2": 0.0146, "exact_match": 0.0}, "loss": {"X_Y_COS": 0.9784462451934814, "X_Y_MSEloss": 0.00015919214638415724, "X_Y_test_COS": 0.9472299218177795, "X_Y_test_MSEloss": 0.000377182470401749, "X_Y_val_COS": 0.94857257604599, "X_Y_val_MSEloss": 0.00037411204539239407}}