{"train_samples": 20, "test_samples": 200, "source_model": "sentence-transformers/gtr-t5-base", "source_dim": 768, "target_dim": 512, "test_results": {"bleu": 0.19, "bleu1": 14.55, "bleu2": 0.76, "bleu3": 0.03, "bleu4": 0.01, "rougeL": 0.1135, "rouge1": 0.1265, "rouge2": 0.0071, "exact_match": 0.0}, "loss": {"X_Y_COS": 1.0, "X_Y_MSEloss": 1.639269692210732e-10, "X_Y_test_COS": 0.9162197113037109, "X_Y_test_MSEloss": 0.0006382199353538454, "X_Y_val_COS": 0.9157647490501404, "X_Y_val_MSEloss": 0.0006571273552253842}}