{"train_samples": 10, "test_samples": 200, "source_model": "google/mt5-base", "source_dim": 768, "target_dim": 512, "test_results": {"bleu": 0.1, "bleu1": 8.11, "bleu2": 0.1, "bleu3": 0.02, "bleu4": 0.01, "rougeL": 0.0503, "rouge1": 0.0563, "rouge2": 0.0013, "exact_match": 0.0}, "loss": {"X_Y_COS": 1.0, "X_Y_MSEloss": 1.7009503527898318e-10, "X_Y_test_COS": 0.8505128026008606, "X_Y_test_MSEloss": 0.0011389167048037052, "X_Y_val_COS": 0.8413318395614624, "X_Y_val_MSEloss": 0.0012486742343753576}}