{"train_samples": 3, "test_samples": 200, "source_model": "google-bert/bert-base-multilingual-cased", "source_dim": 768, "target_dim": 512, "test_results": {"bleu": 1.05, "bleu1": 20.5, "bleu2": 1.49, "bleu3": 0.41, "bleu4": 0.26, "rougeL": 0.1088, "rouge1": 0.1448, "rouge2": 0.014, "exact_match": 0.0}, "loss": {"X_Y_COS": 1.000000238418579, "X_Y_MSEloss": 3.232995322447412e-16, "X_Y_test_COS": 0.8307441473007202, "X_Y_test_MSEloss": 0.0006353439530357718, "X_Y_val_COS": 0.8300308585166931, "X_Y_val_MSEloss": 0.0006399740232154727}}