{"train_samples": 1000, "test_samples": 200, "source_model": "text-embedding-3-large", "source_dim": 3072, "target_dim": 512, "test_results": {"bleu": 1.68, "bleu1": 10.1, "bleu2": 1.7, "bleu3": 1.0, "bleu4": 0.52, "rougeL": 0.0535, "rouge1": 0.0585, "rouge2": 0.0029, "exact_match": 0.0}, "loss": {"X_Y_COS": 1.0, "X_Y_MSEloss": 6.482234047493554e-14, "X_Y_test_COS": 0.11301931738853455, "X_Y_test_MSEloss": 0.0023944040294736624, "X_Y_val_COS": 0.10533053427934647, "X_Y_val_MSEloss": 0.0024504410102963448}}