{"train_samples": 10, "test_samples": 200, "source_model": "text-embedding-3-large", "source_dim": 3072, "target_dim": 512, "test_results": {"bleu": 0.17, "bleu1": 15.91, "bleu2": 0.41, "bleu3": 0.03, "bleu4": 0.01, "rougeL": 0.0834, "rouge1": 0.0954, "rouge2": 0.0037, "exact_match": 0.0}, "loss": {"X_Y_COS": 1.0, "X_Y_MSEloss": 1.8236772768992493e-12, "X_Y_test_COS": 0.8979160785675049, "X_Y_test_MSEloss": 0.0013020056067034602, "X_Y_val_COS": 0.9038127064704895, "X_Y_val_MSEloss": 0.0013013838324695826}}