{"train_samples": 10, "test_samples": 200, "source_model": "text-embedding-3-large", "source_dim": 3072, "target_dim": 512, "test_results": {"bleu": 0.2, "bleu1": 18.6, "bleu2": 0.73, "bleu3": 0.03, "bleu4": 0.02, "rougeL": 0.0911, "rouge1": 0.1025, "rouge2": 0.0034, "exact_match": 0.0}, "loss": {"X_Y_COS": 1.0, "X_Y_MSEloss": 1.5371677317574205e-16, "X_Y_test_COS": 0.8970081806182861, "X_Y_test_MSEloss": 0.0005271158879622817, "X_Y_val_COS": 0.9017890691757202, "X_Y_val_MSEloss": 0.000509050500113517}}