{"train_samples": 1000, "test_samples": 200, "source_model": "google-t5/t5-base", "source_dim": 768, "target_dim": 512, "test_results": {"bleu": 0.21, "bleu1": 10.35, "bleu2": 0.36, "bleu3": 0.03, "bleu4": 0.02, "rougeL": 0.0645, "rouge1": 0.0743, "rouge2": 0.0023, "exact_match": 0.0}, "loss": {"X_Y_COS": 0.899406373500824, "X_Y_MSEloss": 0.0004532374150585383, "X_Y_test_COS": -0.00307309627532959, "X_Y_test_MSEloss": 0.00829432625323534, "X_Y_val_COS": 0.07233855873346329, "X_Y_val_MSEloss": 0.008440145291388035}}