{"train_samples": 1, "test_samples": 200, "source_model": "random", "source_dim": 768, "target_dim": 512, "test_results": {"bleu": 0.34, "bleu1": 15.34, "bleu2": 1.6, "bleu3": 0.06, "bleu4": 0.01, "rougeL": 0.1005, "rouge1": 0.1066, "rouge2": 0.0077, "exact_match": 0.0}, "loss": {"X_Y_COS": 1.0, "X_Y_MSEloss": 3.1686581408453237e-16, "X_Y_test_COS": 0.03239061310887337, "X_Y_test_MSEloss": 0.0019492806168273091, "X_Y_val_COS": -0.024441415444016457, "X_Y_val_MSEloss": 0.0019554919563233852}}