{"train_samples": 1000, "test_samples": 200, "source_model": "sentence-transformers/gtr-t5-base", "source_dim": 768, "target_dim": 512, "test_results": {"bleu": 10.96, "bleu1": 42.3, "bleu2": 15.98, "bleu3": 6.68, "bleu4": 3.19, "rougeL": 0.3652, "rouge1": 0.4506, "rouge2": 0.1742, "exact_match": 0.0}, "loss": {"X_Y_COS": 0.9914513230323792, "X_Y_MSEloss": 3.378559631528333e-05, "X_Y_test_COS": 0.9279494881629944, "X_Y_test_MSEloss": 0.00028931061387993395, "X_Y_val_COS": 0.9250895380973816, "X_Y_val_MSEloss": 0.00030013322248123586}}