{"train_samples": 5, "test_samples": 200, "source_model": "text-embedding-3-large", "source_dim": 3072, "target_dim": 512, "test_results": {"bleu": 0.26, "bleu1": 12.81, "bleu2": 0.33, "bleu3": 0.08, "bleu4": 0.04, "rougeL": 0.0954, "rouge1": 0.1132, "rouge2": 0.0047, "exact_match": 0.0}, "loss": {"X_Y_COS": 1.0, "X_Y_MSEloss": 2.5919449590371558e-15, "X_Y_test_COS": 0.9088568091392517, "X_Y_test_MSEloss": 0.0014006438432261348, "X_Y_val_COS": 0.9103142023086548, "X_Y_val_MSEloss": 0.001391633995808661}}