{"train_samples": 1000, "test_samples": 200, "source_model": "intfloat/multilingual-e5-base", "source_dim": 768, "target_dim": 512, "test_results": {"bleu": 6.81, "bleu1": 30.06, "bleu2": 7.86, "bleu3": 4.33, "bleu4": 3.23, "rougeL": 0.214, "rouge1": 0.2729, "rouge2": 0.0835, "exact_match": 0.0}, "loss": {"X_Y_COS": 0.9550972580909729, "X_Y_MSEloss": 0.00017194986867252737, "X_Y_test_COS": 0.8928076028823853, "X_Y_test_MSEloss": 0.000406131730414927, "X_Y_val_COS": 0.8946231603622437, "X_Y_val_MSEloss": 0.00039902288699522614}}