{"train_samples": 50, "test_samples": 200, "source_model": "google-bert/bert-base-multilingual-cased", "source_dim": 768, "target_dim": 512, "test_results": {"bleu": 0.16, "bleu1": 17.06, "bleu2": 0.42, "bleu3": 0.01, "bleu4": 0.01, "rougeL": 0.1006, "rouge1": 0.1204, "rouge2": 0.001, "exact_match": 0.0}, "loss": {"X_Y_COS": 1.0, "X_Y_MSEloss": 6.540478878977463e-13, "X_Y_test_COS": 0.9048492312431335, "X_Y_test_MSEloss": 0.0003588567487895489, "X_Y_val_COS": 0.9051517248153687, "X_Y_val_MSEloss": 0.00035878902417607605}}