{"train_samples": 1000, "test_samples": 200, "source_model": "google/mt5-base", "source_dim": 768, "target_dim": 512, "test_results": {"bleu": 1.21, "bleu1": 8.99, "bleu2": 1.16, "bleu3": 0.69, "bleu4": 0.3, "rougeL": 0.0414, "rouge1": 0.0459, "rouge2": 0.0012, "exact_match": 0.0}, "loss": {"X_Y_COS": 0.9032901525497437, "X_Y_MSEloss": 0.0004570111050270498, "X_Y_test_COS": -0.03773156553506851, "X_Y_test_MSEloss": 0.009420939721167088, "X_Y_val_COS": -0.09231007099151611, "X_Y_val_MSEloss": 0.009517820551991463}}