{"train_samples": 30, "test_samples": 200, "source_model": "text-embedding-ada-002", "source_dim": 1536, "target_dim": 512, "test_results": {"bleu": 0.32, "bleu1": 14.81, "bleu2": 0.55, "bleu3": 0.06, "bleu4": 0.02, "rougeL": 0.0966, "rouge1": 0.1246, "rouge2": 0.0069, "exact_match": 0.0}, "loss": {"X_Y_COS": 1.0, "X_Y_MSEloss": 1.2145574090460364e-14, "X_Y_test_COS": 0.8786581158638, "X_Y_test_MSEloss": 0.0009015221148729324, "X_Y_val_COS": 0.882731020450592, "X_Y_val_MSEloss": 0.0008862077374942601}}