{"train_samples": 30, "test_samples": 200, "source_model": "intfloat/multilingual-e5-base", "source_dim": 768, "target_dim": 512, "test_results": {"bleu": 0.05, "bleu1": 9.73, "bleu2": 0.02, "bleu3": 0.01, "bleu4": 0.01, "rougeL": 0.0146, "rouge1": 0.0146, "rouge2": 0.0, "exact_match": 0.0}, "loss": {"X_Y_COS": 1.0, "X_Y_MSEloss": 3.665378276503789e-13, "X_Y_test_COS": 0.8818457126617432, "X_Y_test_MSEloss": 0.0004345714987721294, "X_Y_val_COS": 0.880833089351654, "X_Y_val_MSEloss": 0.00043851553346030414}}