{"train_samples": 10, "test_samples": 200, "source_model": "google-bert/bert-base-multilingual-cased", "source_dim": 768, "target_dim": 512, "test_results": {"bleu": 0.13, "bleu1": 10.1, "bleu2": 0.21, "bleu3": 0.02, "bleu4": 0.01, "rougeL": 0.0595, "rouge1": 0.0655, "rouge2": 0.0103, "exact_match": 0.0}, "loss": {"X_Y_COS": 1.0, "X_Y_MSEloss": 1.643849917298823e-10, "X_Y_test_COS": 0.8901341557502747, "X_Y_test_MSEloss": 0.0008483732817694545, "X_Y_val_COS": 0.8859716653823853, "X_Y_val_MSEloss": 0.0009194969898089767}}