{"train_samples": 20, "test_samples": 200, "source_model": "google/flan-t5-base", "source_dim": 768, "target_dim": 512, "test_results": {"bleu": 0.09, "bleu1": 8.25, "bleu2": 0.07, "bleu3": 0.02, "bleu4": 0.01, "rougeL": 0.0447, "rouge1": 0.0501, "rouge2": 0.0017, "exact_match": 0.0}, "loss": {"X_Y_COS": 1.0, "X_Y_MSEloss": 5.257778296129199e-15, "X_Y_test_COS": 0.8525713086128235, "X_Y_test_MSEloss": 0.0005363906384445727, "X_Y_val_COS": 0.848639965057373, "X_Y_val_MSEloss": 0.0005483039421960711}}