{"train_samples": 20, "test_samples": 200, "source_model": "google/flan-t5-base", "source_dim": 768, "target_dim": 512, "test_results": {"bleu": 0.07, "bleu1": 7.32, "bleu2": 0.03, "bleu3": 0.02, "bleu4": 0.01, "rougeL": 0.0584, "rouge1": 0.0657, "rouge2": 0.0008, "exact_match": 0.0}, "loss": {"X_Y_COS": 1.0, "X_Y_MSEloss": 1.8484426489440153e-10, "X_Y_test_COS": 0.8652099370956421, "X_Y_test_MSEloss": 0.0010056588798761368, "X_Y_val_COS": 0.8563429117202759, "X_Y_val_MSEloss": 0.0011095842346549034}}