{"train_samples": 50, "test_samples": 200, "source_model": "google/flan-t5-base", "source_dim": 768, "target_dim": 512, "test_results": {"bleu": 0.54, "bleu1": 17.47, "bleu2": 1.01, "bleu3": 0.18, "bleu4": 0.09, "rougeL": 0.0614, "rouge1": 0.0708, "rouge2": 0.0063, "exact_match": 0.0}, "loss": {"X_Y_COS": 1.0, "X_Y_MSEloss": 1.066835625374539e-13, "X_Y_test_COS": 0.8763577342033386, "X_Y_test_MSEloss": 0.00045679949107579887, "X_Y_val_COS": 0.875773012638092, "X_Y_val_MSEloss": 0.00046058816951699555}}