{"train_samples": 40, "test_samples": 200, "source_model": "sentence-transformers/gtr-t5-base", "source_dim": 768, "target_dim": 512, "test_results": {"bleu": 0.2, "bleu1": 16.27, "bleu2": 0.83, "bleu3": 0.03, "bleu4": 0.02, "rougeL": 0.125, "rouge1": 0.1418, "rouge2": 0.0082, "exact_match": 0.0}, "loss": {"X_Y_COS": 1.0, "X_Y_MSEloss": 3.8592226636602334e-10, "X_Y_test_COS": 0.913633406162262, "X_Y_test_MSEloss": 0.0006469445070251822, "X_Y_val_COS": 0.9141477942466736, "X_Y_val_MSEloss": 0.000658295291941613}}