{"train_samples": 3, "test_samples": 200, "source_model": "google/flan-t5-base", "source_dim": 768, "target_dim": 512, "test_results": {"bleu": 0.04, "bleu1": 8.29, "bleu2": 0.02, "bleu3": 0.01, "bleu4": 0.01, "rougeL": 0.0108, "rouge1": 0.0108, "rouge2": 0.0, "exact_match": 0.0}, "loss": {"X_Y_COS": 0.9999999403953552, "X_Y_MSEloss": 2.1499504954114457e-10, "X_Y_test_COS": 0.8420037627220154, "X_Y_test_MSEloss": 0.0012448581401258707, "X_Y_val_COS": 0.8406229019165039, "X_Y_val_MSEloss": 0.0012786240549758077}}