{"train_samples": 3, "test_samples": 200, "source_model": "google/flan-t5-base", "source_dim": 768, "target_dim": 512, "test_results": {"bleu": 0.07, "bleu1": 7.67, "bleu2": 0.04, "bleu3": 0.02, "bleu4": 0.01, "rougeL": 0.0128, "rouge1": 0.0134, "rouge2": 0.0004, "exact_match": 0.0}, "loss": {"X_Y_COS": 1.0, "X_Y_MSEloss": 3.518578039267916e-16, "X_Y_test_COS": 0.8421742916107178, "X_Y_test_MSEloss": 0.0006011351943016052, "X_Y_val_COS": 0.8437860608100891, "X_Y_val_MSEloss": 0.000600264931563288}}