{"train_samples": 40, "test_samples": 200, "source_model": "google-bert/bert-base-multilingual-cased", "source_dim": 768, "target_dim": 512, "test_results": {"bleu": 1.01, "bleu1": 22.38, "bleu2": 1.72, "bleu3": 0.3, "bleu4": 0.11, "rougeL": 0.1244, "rouge1": 0.1642, "rouge2": 0.0139, "exact_match": 0.0}, "loss": {"X_Y_COS": 1.0, "X_Y_MSEloss": 1.996958235708432e-13, "X_Y_test_COS": 0.8432000279426575, "X_Y_test_MSEloss": 0.000573000346776098, "X_Y_val_COS": 0.8378053307533264, "X_Y_val_MSEloss": 0.00059151352616027}}