{"train_samples": 10, "test_samples": 200, "source_model": "sentence-transformers/all-MiniLM-L6-v2", "source_dim": 384, "target_dim": 512, "test_results": {"bleu": 8.43, "bleu1": 21.4, "bleu2": 8.77, "bleu3": 7.72, "bleu4": 7.32, "rougeL": 0.1587, "rouge1": 0.1804, "rouge2": 0.0733, "exact_match": 0.0}, "loss": {"X_Y_COS": 1.0, "X_Y_MSEloss": 5.479598979424294e-12, "X_Y_test_COS": 0.6983972191810608, "X_Y_test_MSEloss": 0.0022170166485011578, "X_Y_val_COS": 0.6478288769721985, "X_Y_val_MSEloss": 0.0022288570180535316}}