{"train_samples": 1000, "test_samples": 200, "source_model": "google-bert/bert-base-multilingual-cased", "source_dim": 768, "target_dim": 512, "test_results": {"bleu": 0.28, "bleu1": 12.7, "bleu2": 0.24, "bleu3": 0.1, "bleu4": 0.03, "rougeL": 0.0142, "rouge1": 0.0142, "rouge2": 0.0, "exact_match": 0.0}, "loss": {"X_Y_COS": 0.9606000185012817, "X_Y_MSEloss": 0.00015178484318312258, "X_Y_test_COS": 0.9085586071014404, "X_Y_test_MSEloss": 0.0003492317337077111, "X_Y_val_COS": 0.906505286693573, "X_Y_val_MSEloss": 0.00035660123103298247}}