{"train_samples": 3, "test_samples": 200, "source_model": "google/mt5-base", "source_dim": 768, "target_dim": 512, "test_results": {"bleu": 0.24, "bleu1": 16.48, "bleu2": 1.21, "bleu3": 0.02, "bleu4": 0.01, "rougeL": 0.1216, "rouge1": 0.1483, "rouge2": 0.0123, "exact_match": 0.0}, "loss": {"X_Y_COS": 1.0000001192092896, "X_Y_MSEloss": 4.543163385947702e-16, "X_Y_test_COS": 0.914402425289154, "X_Y_test_MSEloss": 0.0003445191541686654, "X_Y_val_COS": 0.9137052893638611, "X_Y_val_MSEloss": 0.0003464396286290139}}