{"train_samples": 10, "test_samples": 200, "source_model": "google/flan-t5-base", "source_dim": 768, "target_dim": 512, "test_results": {"bleu": 0.14, "bleu1": 16.23, "bleu2": 0.29, "bleu3": 0.02, "bleu4": 0.01, "rougeL": 0.087, "rouge1": 0.1018, "rouge2": 0.0018, "exact_match": 0.0}, "loss": {"X_Y_COS": 1.0, "X_Y_MSEloss": 5.91608309125194e-16, "X_Y_test_COS": 0.90225750207901, "X_Y_test_MSEloss": 0.0005291184061206877, "X_Y_val_COS": 0.90163654088974, "X_Y_val_MSEloss": 0.0005147557822056115}}