{"train_samples": 10, "test_samples": 200, "source_model": "google/mt5-base", "source_dim": 768, "target_dim": 512, "test_results": {"bleu": 1.44, "bleu1": 17.17, "bleu2": 1.37, "bleu3": 0.6, "bleu4": 0.3, "rougeL": 0.1015, "rouge1": 0.1348, "rouge2": 0.0127, "exact_match": 0.0}, "loss": {"X_Y_COS": 0.9335066080093384, "X_Y_MSEloss": 0.0008538152324035764, "X_Y_test_COS": 0.9046143889427185, "X_Y_test_MSEloss": 0.0009150469559244812, "X_Y_val_COS": 0.9075546860694885, "X_Y_val_MSEloss": 0.0009145000949501991, "reg_lambda": 10}}