{"train_samples": 500, "test_samples": 200, "source_model": "google/flan-t5-base", "source_dim": 768, "target_dim": 512, "test_results": {"bleu": 1.68, "bleu1": 21.74, "bleu2": 1.84, "bleu3": 0.65, "bleu4": 0.43, "rougeL": 0.0964, "rouge1": 0.1173, "rouge2": 0.0194, "exact_match": 0.0}, "loss": {"X_Y_COS": 0.9780322909355164, "X_Y_MSEloss": 8.541090210201219e-05, "X_Y_test_COS": 0.8691231608390808, "X_Y_test_MSEloss": 0.0005083918222226202, "X_Y_val_COS": 0.8663535714149475, "X_Y_val_MSEloss": 0.0005168839707039297}}