{"train_samples": 40, "test_samples": 200, "source_model": "google/flan-t5-base", "source_dim": 768, "target_dim": 512, "test_results": {"bleu": 0.18, "bleu1": 18.02, "bleu2": 0.53, "bleu3": 0.01, "bleu4": 0.01, "rougeL": 0.1047, "rouge1": 0.1276, "rouge2": 0.002, "exact_match": 0.0}, "loss": {"X_Y_COS": 1.0, "X_Y_MSEloss": 7.90419094650989e-14, "X_Y_test_COS": 0.9146769642829895, "X_Y_test_MSEloss": 0.00032241674489341676, "X_Y_val_COS": 0.9161439538002014, "X_Y_val_MSEloss": 0.0003171861171722412}}