{"train_samples": 500, "test_samples": 200, "source_model": "text-embedding-ada-002", "source_dim": 1536, "target_dim": 512, "test_results": {"bleu": 0.14, "bleu1": 12.73, "bleu2": 0.48, "bleu3": 0.01, "bleu4": 0.01, "rougeL": 0.0756, "rouge1": 0.0883, "rouge2": 0.0053, "exact_match": 0.0}, "loss": {"X_Y_COS": 0.9822601675987244, "X_Y_MSEloss": 0.0001378104352625087, "X_Y_test_COS": 0.8322972059249878, "X_Y_test_MSEloss": 0.0012831997592002153, "X_Y_val_COS": 0.8353762626647949, "X_Y_val_MSEloss": 0.001278854557313025}}