{"train_samples": 3, "test_samples": 200, "source_model": "sentence-transformers/all-MiniLM-L6-v2", "source_dim": 384, "target_dim": 512, "test_results": {"bleu": 0.07, "bleu1": 7.64, "bleu2": 0.04, "bleu3": 0.02, "bleu4": 0.01, "rougeL": 0.0103, "rouge1": 0.0108, "rouge2": 0.0004, "exact_match": 0.0}, "loss": {"X_Y_COS": 1.0, "X_Y_MSEloss": 1.798178684522567e-16, "X_Y_test_COS": 0.836333155632019, "X_Y_test_MSEloss": 0.0008417087374255061, "X_Y_val_COS": 0.8323372602462769, "X_Y_val_MSEloss": 0.0008617465500719845}}