{"train_samples": 5, "test_samples": 200, "source_model": "sentence-transformers/all-MiniLM-L6-v2", "source_dim": 384, "target_dim": 512, "test_results": {"bleu": 0.12, "bleu1": 12.23, "bleu2": 0.38, "bleu3": 0.02, "bleu4": 0.01, "rougeL": 0.0519, "rouge1": 0.0599, "rouge2": 0.0027, "exact_match": 0.0}, "loss": {"X_Y_COS": 1.0, "X_Y_MSEloss": 1.716753804349705e-16, "X_Y_test_COS": 0.28400495648384094, "X_Y_test_MSEloss": 0.00176224613096565, "X_Y_val_COS": 0.21767264604568481, "X_Y_val_MSEloss": 0.0018054461106657982}}