{"train_samples": 20, "test_samples": 200, "source_model": "text-embedding-ada-002", "source_dim": 1536, "target_dim": 512, "test_results": {"bleu": 0.14, "bleu1": 15.5, "bleu2": 0.31, "bleu3": 0.02, "bleu4": 0.01, "rougeL": 0.0904, "rouge1": 0.1067, "rouge2": 0.0015, "exact_match": 0.0}, "loss": {"X_Y_COS": 1.0, "X_Y_MSEloss": 1.3632156723440182e-14, "X_Y_test_COS": 0.9103936553001404, "X_Y_test_MSEloss": 0.0003345172735862434, "X_Y_val_COS": 0.910668671131134, "X_Y_val_MSEloss": 0.0003334966895636171}}