{"train_samples": 3, "test_samples": 200, "source_model": "google-t5/t5-base", "source_dim": 768, "target_dim": 512, "test_results": {"bleu": 0.1, "bleu1": 8.82, "bleu2": 0.15, "bleu3": 0.01, "bleu4": 0.01, "rougeL": 0.0052, "rouge1": 0.0052, "rouge2": 0.0, "exact_match": 0.0}, "loss": {"X_Y_COS": 1.0000001192092896, "X_Y_MSEloss": 3.402431822749222e-16, "X_Y_test_COS": 0.8535028100013733, "X_Y_test_MSEloss": 0.0005370708531700075, "X_Y_val_COS": 0.8494046330451965, "X_Y_val_MSEloss": 0.000550718221347779}}