{"train_samples": 1000, "test_samples": 200, "source_model": "google/flan-t5-base", "source_dim": 768, "target_dim": 512, "test_results": {"bleu": 0.12, "bleu1": 10.79, "bleu2": 0.13, "bleu3": 0.02, "bleu4": 0.01, "rougeL": 0.228, "rouge1": 0.3156, "rouge2": 0.0338, "exact_match": 0.0}, "loss": {"X_Y_COS": 0.9391993284225464, "X_Y_MSEloss": 0.00023080338723957539, "X_Y_test_COS": 0.9112322926521301, "X_Y_test_MSEloss": 0.00033472204813733697, "X_Y_val_COS": 0.9095661044120789, "X_Y_val_MSEloss": 0.0003398304106667638}}