{"train_samples": 50, "test_samples": 200, "source_model": "text-embedding-ada-002", "source_dim": 1536, "target_dim": 512, "test_results": {"bleu": 0.09, "bleu1": 8.37, "bleu2": 0.06, "bleu3": 0.02, "bleu4": 0.01, "rougeL": 0.0041, "rouge1": 0.0046, "rouge2": 0.0, "exact_match": 0.0}, "loss": {"X_Y_COS": 1.0, "X_Y_MSEloss": 1.1469401817176816e-12, "X_Y_test_COS": 0.9107776284217834, "X_Y_test_MSEloss": 0.00033316679764539003, "X_Y_val_COS": 0.9086448550224304, "X_Y_val_MSEloss": 0.00034043347113765776}}