{"epoch": 0, "dev_acc": 49.5, "test_acc": 50.0, "test_f1": 45.050000000000004, "test_roc": 47.949999999999996}