{"train_samples": 10, "test_samples": 200, "source_model": "text-embedding-ada-002", "source_dim": 1536, "target_dim": 512, "test_results": {"bleu": 0.05, "bleu1": 10.51, "bleu2": 0.02, "bleu3": 0.01, "bleu4": 0.01, "rougeL": 0.0118, "rouge1": 0.0125, "rouge2": 0.0, "exact_match": 0.0}, "loss": {"X_Y_COS": 1.0, "X_Y_MSEloss": 1.6563505878618005e-15, "X_Y_test_COS": 0.876280665397644, "X_Y_test_MSEloss": 0.0004528793506324291, "X_Y_val_COS": 0.8740755319595337, "X_Y_val_MSEloss": 0.0004608853778336197}}