{"train_samples": 500, "test_samples": 200, "source_model": "sentence-transformers/gtr-t5-base", "source_dim": 768, "target_dim": 512, "test_results": {"bleu": 0.16, "bleu1": 16.98, "bleu2": 0.43, "bleu3": 0.02, "bleu4": 0.01, "rougeL": 0.0968, "rouge1": 0.1172, "rouge2": 0.0027, "exact_match": 0.0}, "loss": {"X_Y_COS": 0.9885382652282715, "X_Y_MSEloss": 4.496359542827122e-05, "X_Y_test_COS": 0.859065055847168, "X_Y_test_MSEloss": 0.0005739674670621753, "X_Y_val_COS": 0.856157660484314, "X_Y_val_MSEloss": 0.0005905958823859692}}