{"train_samples": 40, "test_samples": 200, "source_model": "google-t5/t5-base", "source_dim": 768, "target_dim": 512, "test_results": {"bleu": 0.37, "bleu1": 14.88, "bleu2": 0.84, "bleu3": 0.06, "bleu4": 0.03, "rougeL": 0.1191, "rouge1": 0.1473, "rouge2": 0.009, "exact_match": 0.0}, "loss": {"X_Y_COS": 1.0, "X_Y_MSEloss": 2.885704099720582e-13, "X_Y_test_COS": 0.8837436437606812, "X_Y_test_MSEloss": 0.00042846694122999907, "X_Y_val_COS": 0.8840611577033997, "X_Y_val_MSEloss": 0.0004272143414709717}}