{"train_samples": 5, "test_samples": 200, "source_model": "sentence-transformers/gtr-t5-base", "source_dim": 768, "target_dim": 512, "test_results": {"bleu": 0.16, "bleu1": 14.67, "bleu2": 0.43, "bleu3": 0.01, "bleu4": 0.01, "rougeL": 0.1045, "rouge1": 0.1344, "rouge2": 0.0066, "exact_match": 0.0}, "loss": {"X_Y_COS": 1.0, "X_Y_MSEloss": 4.486974502479523e-15, "X_Y_test_COS": 0.8484970331192017, "X_Y_test_MSEloss": 0.0009949506493285298, "X_Y_val_COS": 0.8502886891365051, "X_Y_val_MSEloss": 0.0009699828806333244}}