{"train_samples": 10, "test_samples": 200, "source_model": "intfloat/multilingual-e5-base", "source_dim": 768, "target_dim": 512, "test_results": {"bleu": 0.09, "bleu1": 13.33, "bleu2": 0.25, "bleu3": 0.02, "bleu4": 0.01, "rougeL": 0.0502, "rouge1": 0.0534, "rouge2": 0.0018, "exact_match": 0.0}, "loss": {"X_Y_COS": 1.0, "X_Y_MSEloss": 2.3046413388794207e-10, "X_Y_test_COS": 0.9133071899414062, "X_Y_test_MSEloss": 0.0008869869052432477, "X_Y_val_COS": 0.9167314171791077, "X_Y_val_MSEloss": 0.0008479005773551762}}