{"train_samples": 50, "test_samples": 200, "source_model": "text-embedding-3-large", "source_dim": 3072, "target_dim": 512, "test_results": {"bleu": 0.16, "bleu1": 15.31, "bleu2": 0.54, "bleu3": 0.02, "bleu4": 0.01, "rougeL": 0.095, "rouge1": 0.1181, "rouge2": 0.0056, "exact_match": 0.0}, "loss": {"X_Y_COS": 1.0, "X_Y_MSEloss": 2.4235251392529245e-12, "X_Y_test_COS": 0.8324885368347168, "X_Y_test_MSEloss": 0.001279620104469359, "X_Y_val_COS": 0.8396837711334229, "X_Y_val_MSEloss": 0.0012115233112126589}}