{"train_samples": 1, "test_samples": 200, "source_model": "google-bert/bert-base-multilingual-cased", "source_dim": 768, "target_dim": 512, "test_results": {"bleu": 0.19, "bleu1": 17.32, "bleu2": 0.5, "bleu3": 0.02, "bleu4": 0.01, "rougeL": 0.0996, "rouge1": 0.1186, "rouge2": 0.0067, "exact_match": 0.0}, "loss": {"X_Y_COS": 1.0, "X_Y_MSEloss": 1.971982698458657e-17, "X_Y_test_COS": 0.9108851552009583, "X_Y_test_MSEloss": 0.001332984073087573, "X_Y_val_COS": 0.911638617515564, "X_Y_val_MSEloss": 0.0013794379774481058}}