{"train_samples": 50, "test_samples": 200, "source_model": "sentence-transformers/all-MiniLM-L6-v2", "source_dim": 384, "target_dim": 512, "test_results": {"bleu": 0.1, "bleu1": 10.43, "bleu2": 0.06, "bleu3": 0.02, "bleu4": 0.01, "rougeL": 0.0489, "rouge1": 0.0547, "rouge2": 0.0045, "exact_match": 0.0}, "loss": {"X_Y_COS": 1.0, "X_Y_MSEloss": 1.3908742626871865e-14, "X_Y_test_COS": 0.8675479888916016, "X_Y_test_MSEloss": 0.0005090730264782906, "X_Y_val_COS": 0.8660474419593811, "X_Y_val_MSEloss": 0.0005266679218038917}}