{"train_samples": 40, "test_samples": 200, "source_model": "google/mt5-base", "source_dim": 768, "target_dim": 512, "test_results": {"bleu": 0.95, "bleu1": 18.45, "bleu2": 1.48, "bleu3": 0.33, "bleu4": 0.09, "rougeL": 0.1205, "rouge1": 0.1602, "rouge2": 0.0151, "exact_match": 0.0}, "loss": {"X_Y_COS": 1.0, "X_Y_MSEloss": 1.2445012095776021e-14, "X_Y_test_COS": 0.8913756012916565, "X_Y_test_MSEloss": 0.0008217570721171796, "X_Y_val_COS": 0.8892862796783447, "X_Y_val_MSEloss": 0.0008495678193867207}}