{"epoch": 0, "dev_acc": 57.99999999999999, "test_acc": 47.5, "test_f1": 46.150000000000006, "test_roc": 47.71}