{"train_samples": 500, "test_samples": 200, "source_model": "google/flan-t5-base", "source_dim": 768, "target_dim": 512, "test_results": {"bleu": 0.28, "bleu1": 10.61, "bleu2": 0.42, "bleu3": 0.09, "bleu4": 0.05, "rougeL": 0.0838, "rouge1": 0.0959, "rouge2": 0.0065, "exact_match": 0.0}, "loss": {"X_Y_COS": 0.9188568592071533, "X_Y_MSEloss": 0.00030459125991910696, "X_Y_test_COS": 0.8325275182723999, "X_Y_test_MSEloss": 0.0006197609473019838, "X_Y_val_COS": 0.8338072299957275, "X_Y_val_MSEloss": 0.000614310207311064}}