{"train_samples": 300, "test_samples": 200, "source_model": "google/mt5-base", "source_dim": 768, "target_dim": 512, "test_results": {"bleu": 24.4, "bleu1": 42.73, "bleu2": 24.29, "bleu3": 20.64, "bleu4": 18.67, "rougeL": 0.3635, "rouge1": 0.4084, "rouge2": 0.2438, "exact_match": 0.0}, "loss": {"X_Y_COS": 0.9827337861061096, "X_Y_MSEloss": 6.946071516722441e-05, "X_Y_test_COS": 0.93049556016922, "X_Y_test_MSEloss": 0.00026302304468117654, "X_Y_val_COS": 0.933454692363739, "X_Y_val_MSEloss": 0.0002532999205868691, "reg_lambda": 0.1}}