{"train_samples": 40, "test_samples": 200, "source_model": "sentence-transformers/all-MiniLM-L6-v2", "source_dim": 384, "target_dim": 512, "test_results": {"bleu": 0.23, "bleu1": 8.18, "bleu2": 0.23, "bleu3": 0.09, "bleu4": 0.02, "rougeL": 0.0024, "rouge1": 0.0027, "rouge2": 0.0, "exact_match": 0.0}, "loss": {"X_Y_COS": 1.0, "X_Y_MSEloss": 3.8543682676951685e-13, "X_Y_test_COS": 0.8707295060157776, "X_Y_test_MSEloss": 0.000488862453494221, "X_Y_val_COS": 0.8583391904830933, "X_Y_val_MSEloss": 0.0005172034143470228}}