{"train_samples": 20, "test_samples": 200, "source_model": "sentence-transformers/all-MiniLM-L6-v2", "source_dim": 384, "target_dim": 512, "test_results": {"bleu": 0.04, "bleu1": 9.19, "bleu2": 0.02, "bleu3": 0.01, "bleu4": 0.01, "rougeL": 0.0117, "rouge1": 0.0124, "rouge2": 0.0003, "exact_match": 0.0}, "loss": {"X_Y_COS": 0.9999999403953552, "X_Y_MSEloss": 2.2372835528639e-10, "X_Y_test_COS": 0.9076043367385864, "X_Y_test_MSEloss": 0.0010632164776325226, "X_Y_val_COS": 0.9008563160896301, "X_Y_val_MSEloss": 0.0011573989177122712}}