{"train_samples": 20, "test_samples": 200, "source_model": "sentence-transformers/all-MiniLM-L6-v2", "source_dim": 384, "target_dim": 512, "test_results": {"bleu": 0.04, "bleu1": 8.25, "bleu2": 0.02, "bleu3": 0.01, "bleu4": 0.01, "rougeL": 0.0809, "rouge1": 0.0929, "rouge2": 0.0022, "exact_match": 0.0}, "loss": {"X_Y_COS": 1.0, "X_Y_MSEloss": 4.9487311255434156e-15, "X_Y_test_COS": 0.7796250581741333, "X_Y_test_MSEloss": 0.000770543934777379, "X_Y_val_COS": 0.7833328247070312, "X_Y_val_MSEloss": 0.0007597923395223916}}