{"train_samples": 50, "test_samples": 200, "source_model": "text-embedding-3-large", "source_dim": 3072, "target_dim": 512, "test_results": {"bleu": 0.32, "bleu1": 15.86, "bleu2": 0.77, "bleu3": 0.05, "bleu4": 0.02, "rougeL": 0.0966, "rouge1": 0.1191, "rouge2": 0.0076, "exact_match": 0.0}, "loss": {"X_Y_COS": 1.0, "X_Y_MSEloss": 2.6301931552868973e-12, "X_Y_test_COS": 0.7715216875076294, "X_Y_test_MSEloss": 0.0017088988097384572, "X_Y_val_COS": 0.7759549617767334, "X_Y_val_MSEloss": 0.0016746701439842582}}