{"train_samples": 100, "test_samples": 200, "source_model": "sentence-transformers/all-MiniLM-L6-v2", "source_dim": 384, "target_dim": 512, "test_results": {"bleu": 0.18, "bleu1": 14.89, "bleu2": 0.78, "bleu3": 0.02, "bleu4": 0.01, "rougeL": 0.108, "rouge1": 0.1402, "rouge2": 0.0089, "exact_match": 0.0}, "loss": {"X_Y_COS": 0.9999997615814209, "X_Y_MSEloss": 9.685595436792482e-09, "X_Y_test_COS": 0.8646596074104309, "X_Y_test_MSEloss": 0.0010260938433930278, "X_Y_val_COS": 0.8671081066131592, "X_Y_val_MSEloss": 0.0009628760744817555}}