{"train_samples": 1000, "test_samples": 200, "source_model": "google/mt5-base", "source_dim": 768, "target_dim": 512, "test_results": {"bleu": 1.1, "bleu1": 9.53, "bleu2": 1.05, "bleu3": 0.58, "bleu4": 0.27, "rougeL": 0.0511, "rouge1": 0.0544, "rouge2": 0.0028, "exact_match": 0.0}, "loss": {"X_Y_COS": 0.9074122905731201, "X_Y_MSEloss": 0.0004529766156338155, "X_Y_test_COS": -0.0010739433346316218, "X_Y_test_MSEloss": 0.007787774782627821, "X_Y_val_COS": 0.09557748585939407, "X_Y_val_MSEloss": 0.007607713341712952}}