{"train_samples": 1, "test_samples": 200, "source_model": "text-embedding-ada-002", "source_dim": 1536, "target_dim": 512, "test_results": {"bleu": 0.29, "bleu1": 14.19, "bleu2": 1.16, "bleu3": 0.05, "bleu4": 0.01, "rougeL": 0.1131, "rouge1": 0.1236, "rouge2": 0.0076, "exact_match": 0.0}, "loss": {"X_Y_COS": 1.0000001192092896, "X_Y_MSEloss": 7.18363666247807e-16, "X_Y_test_COS": 0.8015543818473816, "X_Y_test_MSEloss": 0.0007263862644322217, "X_Y_val_COS": 0.8044474720954895, "X_Y_val_MSEloss": 0.0007175305509008467}}