{"train_samples": 50, "test_samples": 200, "source_model": "google/flan-t5-base", "source_dim": 768, "target_dim": 512, "test_results": {"bleu": 0.16, "bleu1": 12.18, "bleu2": 0.11, "bleu3": 0.03, "bleu4": 0.02, "rougeL": 0.0029, "rouge1": 0.0029, "rouge2": 0.0, "exact_match": 0.0}, "loss": {"X_Y_COS": 0.988661527633667, "X_Y_MSEloss": 4.289532080292702e-05, "X_Y_test_COS": 0.8562954664230347, "X_Y_test_MSEloss": 0.0005374415195547044, "X_Y_val_COS": 0.8636496067047119, "X_Y_val_MSEloss": 0.0005087862373329699}}