{"train_samples": 10, "test_samples": 200, "source_model": "sentence-transformers/gtr-t5-base", "source_dim": 768, "target_dim": 512, "test_results": {"bleu": 0.5, "bleu1": 20.9, "bleu2": 1.31, "bleu3": 0.1, "bleu4": 0.03, "rougeL": 0.1243, "rouge1": 0.1577, "rouge2": 0.0118, "exact_match": 0.0}, "loss": {"X_Y_COS": 1.0, "X_Y_MSEloss": 3.636526053684097e-16, "X_Y_test_COS": 0.8336814641952515, "X_Y_test_MSEloss": 0.0007721946458332241, "X_Y_val_COS": 0.8306705951690674, "X_Y_val_MSEloss": 0.0007958258502185345}}