{"train_samples": 40, "test_samples": 200, "source_model": "sentence-transformers/all-MiniLM-L6-v2", "source_dim": 384, "target_dim": 512, "test_results": {"bleu": 1.96, "bleu1": 21.55, "bleu2": 2.77, "bleu3": 0.79, "bleu4": 0.34, "rougeL": 0.1313, "rouge1": 0.177, "rouge2": 0.0282, "exact_match": 0.0}, "loss": {"X_Y_COS": 1.0, "X_Y_MSEloss": 6.854393897089139e-16, "X_Y_test_COS": 0.7701285481452942, "X_Y_test_MSEloss": 0.0008193792309612036, "X_Y_val_COS": 0.7448409795761108, "X_Y_val_MSEloss": 0.0008682505576871336}}