{"train_samples": 100, "test_samples": 200, "source_model": "text-embedding-3-large", "source_dim": 3072, "target_dim": 512, "test_results": {"bleu": 0.12, "bleu1": 8.96, "bleu2": 0.13, "bleu3": 0.02, "bleu4": 0.01, "rougeL": 0.2085, "rouge1": 0.299, "rouge2": 0.0238, "exact_match": 0.0}, "loss": {"X_Y_COS": 1.0, "X_Y_MSEloss": 4.57958391803133e-14, "X_Y_test_COS": 0.8841686248779297, "X_Y_test_MSEloss": 0.0004339388688094914, "X_Y_val_COS": 0.8857829570770264, "X_Y_val_MSEloss": 0.000428882340202108}}