{"train_samples": 1000, "test_samples": 200, "source_model": "text-embedding-3-large", "source_dim": 3072, "target_dim": 512, "test_results": {"bleu": 1.21, "bleu1": 9.46, "bleu2": 1.16, "bleu3": 0.66, "bleu4": 0.3, "rougeL": 0.0507, "rouge1": 0.0558, "rouge2": 0.0037, "exact_match": 0.0}, "loss": {"X_Y_COS": 1.0, "X_Y_MSEloss": 9.658671296574814e-14, "X_Y_test_COS": -0.020154088735580444, "X_Y_test_MSEloss": 0.0029399653431028128, "X_Y_val_COS": -0.0094385277479887, "X_Y_val_MSEloss": 0.002901724772527814}}