{"train_samples": 1000, "test_samples": 200, "source_model": "sentence-transformers/gtr-t5-base", "source_dim": 768, "target_dim": 512, "test_results": {"bleu": 1.01, "bleu1": 9.3, "bleu2": 1.06, "bleu3": 0.53, "bleu4": 0.2, "rougeL": 0.0492, "rouge1": 0.0557, "rouge2": 0.002, "exact_match": 0.0}, "loss": {"X_Y_COS": 0.8839504718780518, "X_Y_MSEloss": 0.0004897867911495268, "X_Y_test_COS": 0.02033635415136814, "X_Y_test_MSEloss": 0.007667114492505789, "X_Y_val_COS": 0.018312599509954453, "X_Y_val_MSEloss": 0.007497700396925211}}