{"train_samples": 5, "test_samples": 200, "source_model": "text-embedding-ada-002", "source_dim": 1536, "target_dim": 512, "test_results": {"bleu": 0.07, "bleu1": 10.07, "bleu2": 0.03, "bleu3": 0.02, "bleu4": 0.01, "rougeL": 0.0085, "rouge1": 0.0088, "rouge2": 0.0, "exact_match": 0.0}, "loss": {"X_Y_COS": 1.0, "X_Y_MSEloss": 1.1583042146013365e-15, "X_Y_test_COS": 0.8915178775787354, "X_Y_test_MSEloss": 0.0004006809904240072, "X_Y_val_COS": 0.8921419978141785, "X_Y_val_MSEloss": 0.000398575997678563}}