{"train_samples": 30, "test_samples": 200, "source_model": "google/mt5-base", "source_dim": 768, "target_dim": 512, "test_results": {"bleu": 0.15, "bleu1": 11.6, "bleu2": 0.33, "bleu3": 0.02, "bleu4": 0.01, "rougeL": 0.0628, "rouge1": 0.0732, "rouge2": 0.0105, "exact_match": 0.0}, "loss": {"X_Y_COS": 1.0, "X_Y_MSEloss": 2.3076180966086213e-09, "X_Y_test_COS": 0.8859000205993652, "X_Y_test_MSEloss": 0.0008721309131942689, "X_Y_val_COS": 0.8800269961357117, "X_Y_val_MSEloss": 0.0009421797003597021}}