{"train_samples": 1000, "test_samples": 200, "source_model": "intfloat/multilingual-e5-base", "source_dim": 768, "target_dim": 512, "test_results": {"bleu": 0.08, "bleu1": 9.69, "bleu2": 0.03, "bleu3": 0.02, "bleu4": 0.01, "rougeL": 0.0928, "rouge1": 0.1103, "rouge2": 0.0017, "exact_match": 0.0}, "loss": {"X_Y_COS": 0.9589273929595947, "X_Y_MSEloss": 0.0001576105714775622, "X_Y_test_COS": 0.9060119390487671, "X_Y_test_MSEloss": 0.0003581542114261538, "X_Y_val_COS": 0.9052578806877136, "X_Y_val_MSEloss": 0.00035893922904506326}}