{"train_samples": 20, "test_samples": 200, "source_model": "sentence-transformers/gtr-t5-base", "source_dim": 768, "target_dim": 512, "test_results": {"bleu": 0.52, "bleu1": 15.34, "bleu2": 0.96, "bleu3": 0.23, "bleu4": 0.1, "rougeL": 0.0527, "rouge1": 0.0579, "rouge2": 0.0061, "exact_match": 0.0}, "loss": {"X_Y_COS": 1.0, "X_Y_MSEloss": 4.3099442459264595e-16, "X_Y_test_COS": 0.8968885540962219, "X_Y_test_MSEloss": 0.0004358434525784105, "X_Y_val_COS": 0.8984835743904114, "X_Y_val_MSEloss": 0.0004300971340853721}}