{"cosine_similarities": {"X_Y_COS": 0.8602150082588196, "X_Y_test_COS": 0.8325295448303223, "X_Y_COS_LOSS": 0.13978499174118042, "X_Y_MSE_LOSS": 0.002721887780353427, "X_Y_test_COS_LOSS": 0.16747047007083893, "X_Y_test_MSE_LOSS": 0.0033047180622816086}, "rouge_results": {"X_vs_gold": {"rouge1_f": 0.5350793007902426, "rouge2_f": 0.38370841272492584, "rougeL_f": 0.5046569863122502}, "Y_vs_gold": {"rouge1_f": 0.7443278060761083, "rouge2_f": 0.6787489192369293, "rougeL_f": 0.7300121887720072}, "X_vs_Y": {"rouge1_f": 0.5176667121834687, "rouge2_f": 0.35212503182421573, "rougeL_f": 0.49072840194574874}}}