{"train_samples": 50, "test_samples": 200, "source_model": "google-t5/t5-base", "source_dim": 768, "target_dim": 512, "test_results": {"bleu": 0.42, "bleu1": 22.33, "bleu2": 1.38, "bleu3": 0.08, "bleu4": 0.01, "rougeL": 0.1382, "rouge1": 0.1759, "rouge2": 0.0115, "exact_match": 0.0}, "loss": {"X_Y_COS": 1.0, "X_Y_MSEloss": 9.738211105558836e-12, "X_Y_test_COS": 0.8828059434890747, "X_Y_test_MSEloss": 0.00043474617996253073, "X_Y_val_COS": 0.8878573179244995, "X_Y_val_MSEloss": 0.00041654164670035243}}