{"train_samples": 100, "test_samples": 200, "source_model": "sentence-transformers/all-MiniLM-L6-v2", "source_dim": 384, "target_dim": 512, "test_results": {"bleu": 0.34, "bleu1": 11.86, "bleu2": 0.45, "bleu3": 0.17, "bleu4": 0.11, "rougeL": 0.0317, "rouge1": 0.0354, "rouge2": 0.0019, "exact_match": 0.0}, "loss": {"X_Y_COS": 1.0, "X_Y_MSEloss": 4.2622604732212195e-15, "X_Y_test_COS": 0.524901270866394, "X_Y_test_MSEloss": 0.0013759946450591087, "X_Y_val_COS": 0.5641273856163025, "X_Y_val_MSEloss": 0.0012758395168930292}}