{"train_samples": 3, "test_samples": 200, "source_model": "google-bert/bert-base-multilingual-cased", "source_dim": 768, "target_dim": 512, "test_results": {"bleu": 0.09, "bleu1": 10.11, "bleu2": 0.11, "bleu3": 0.02, "bleu4": 0.01, "rougeL": 0.0058, "rouge1": 0.0058, "rouge2": 0.0, "exact_match": 0.0}, "loss": {"X_Y_COS": 1.0, "X_Y_MSEloss": 3.15552860076729e-16, "X_Y_test_COS": 0.8726671934127808, "X_Y_test_MSEloss": 0.000502388400491327, "X_Y_val_COS": 0.8729632496833801, "X_Y_val_MSEloss": 0.0005000311648473144}}