{"train_samples": 500, "test_samples": 200, "source_model": "google/flan-t5-base", "source_dim": 768, "target_dim": 512, "test_results": {"bleu": 7.43, "bleu1": 33.15, "bleu2": 8.89, "bleu3": 4.87, "bleu4": 3.31, "rougeL": 0.2369, "rouge1": 0.3011, "rouge2": 0.095, "exact_match": 0.0}, "loss": {"X_Y_COS": 0.9902116060256958, "X_Y_MSEloss": 7.332011591643095e-05, "X_Y_test_COS": 0.8871468901634216, "X_Y_test_MSEloss": 0.0008791318396106362, "X_Y_val_COS": 0.8881945610046387, "X_Y_val_MSEloss": 0.0008665424538776278}}