{"train_samples": 1000, "test_samples": 200, "source_model": "sentence-transformers/gtr-t5-base", "source_dim": 768, "target_dim": 512, "test_results": {"bleu": 1.57, "bleu1": 19.62, "bleu2": 2.99, "bleu3": 0.62, "bleu4": 0.17, "rougeL": 0.1469, "rouge1": 0.184, "rouge2": 0.0317, "exact_match": 0.0}, "loss": {"X_Y_COS": 0.9774304628372192, "X_Y_MSEloss": 8.818259084364399e-05, "X_Y_test_COS": 0.8834722638130188, "X_Y_test_MSEloss": 0.0004733349196612835, "X_Y_val_COS": 0.877967357635498, "X_Y_val_MSEloss": 0.0004910333664156497}}