{"train_samples": 10, "test_samples": 200, "source_model": "google-bert/bert-base-multilingual-cased", "source_dim": 768, "target_dim": 512, "test_results": {"bleu": 0.83, "bleu1": 18.6, "bleu2": 1.29, "bleu3": 0.22, "bleu4": 0.09, "rougeL": 0.1205, "rouge1": 0.1572, "rouge2": 0.0122, "exact_match": 0.0}, "loss": {"X_Y_COS": 1.0, "X_Y_MSEloss": 5.480619217903767e-16, "X_Y_test_COS": 0.8901141881942749, "X_Y_test_MSEloss": 0.00041313248220831156, "X_Y_val_COS": 0.8957138061523438, "X_Y_val_MSEloss": 0.0003981459012720734}}