{"train_samples": 1000, "test_samples": 200, "source_model": "sentence-transformers/gtr-t5-base", "source_dim": 768, "target_dim": 512, "test_results": {"bleu": 1.67, "bleu1": 9.52, "bleu2": 1.51, "bleu3": 0.91, "bleu4": 0.6, "rougeL": 0.0545, "rouge1": 0.0585, "rouge2": 0.0042, "exact_match": 0.0}, "loss": {"X_Y_COS": 0.8800926804542542, "X_Y_MSEloss": 0.0005039993557147682, "X_Y_test_COS": 0.07469595223665237, "X_Y_test_MSEloss": 0.007536724675446749, "X_Y_val_COS": -0.04910462349653244, "X_Y_val_MSEloss": 0.008279216475784779}}