{"train_samples": 1000, "test_samples": 200, "source_model": "text-embedding-ada-002", "source_dim": 1536, "target_dim": 512, "test_results": {"bleu": 0.29, "bleu1": 10.29, "bleu2": 0.47, "bleu3": 0.09, "bleu4": 0.02, "rougeL": 0.0596, "rouge1": 0.0695, "rouge2": 0.0027, "exact_match": 0.0}, "loss": {"X_Y_COS": 1.0, "X_Y_MSEloss": 3.2953687521819486e-12, "X_Y_test_COS": -0.08494395017623901, "X_Y_test_MSEloss": 0.005989807657897472, "X_Y_val_COS": 0.04597509279847145, "X_Y_val_MSEloss": 0.005389268510043621}}