{"train_samples": 10, "test_samples": 200, "source_model": "google-bert/bert-base-multilingual-cased", "source_dim": 768, "target_dim": 512, "test_results": {"bleu": 0.16, "bleu1": 13.83, "bleu2": 0.18, "bleu3": 0.03, "bleu4": 0.02, "rougeL": 0.0463, "rouge1": 0.0517, "rouge2": 0.0005, "exact_match": 0.0}, "loss": {"X_Y_COS": 1.0, "X_Y_MSEloss": 4.1991592185682935e-16, "X_Y_test_COS": 0.8722131848335266, "X_Y_test_MSEloss": 0.00047274099779315293, "X_Y_val_COS": 0.8723362684249878, "X_Y_val_MSEloss": 0.0004714688693638891}}