{"train_samples": 1, "test_samples": 200, "source_model": "text-embedding-3-large", "source_dim": 3072, "target_dim": 512, "test_results": {"bleu": 0.04, "bleu1": 11.54, "bleu2": 0.02, "bleu3": 0.01, "bleu4": 0.01, "rougeL": 0.0011, "rouge1": 0.0011, "rouge2": 0.0, "exact_match": 0.0}, "loss": {"X_Y_COS": 1.0000001192092896, "X_Y_MSEloss": 9.431749587112567e-17, "X_Y_test_COS": 0.6597651243209839, "X_Y_test_MSEloss": 0.0017248772783204913, "X_Y_val_COS": 0.6470757722854614, "X_Y_val_MSEloss": 0.001721464330330491}}