{"train_samples": 5, "test_samples": 200, "source_model": "google/flan-t5-base", "source_dim": 768, "target_dim": 512, "test_results": {"bleu": 0.15, "bleu1": 16.08, "bleu2": 0.33, "bleu3": 0.01, "bleu4": 0.01, "rougeL": 0.1022, "rouge1": 0.129, "rouge2": 0.0033, "exact_match": 0.0}, "loss": {"X_Y_COS": 1.0, "X_Y_MSEloss": 4.0240155690865617e-16, "X_Y_test_COS": 0.8965691924095154, "X_Y_test_MSEloss": 0.0004164557030890137, "X_Y_val_COS": 0.8961315155029297, "X_Y_val_MSEloss": 0.0004168502055108547}}