{"train_samples": 5, "test_samples": 200, "source_model": "sentence-transformers/gtr-t5-base", "source_dim": 768, "target_dim": 512, "test_results": {"bleu": 0.16, "bleu1": 15.72, "bleu2": 0.49, "bleu3": 0.01, "bleu4": 0.01, "rougeL": 0.0999, "rouge1": 0.1366, "rouge2": 0.0045, "exact_match": 0.0}, "loss": {"X_Y_COS": 1.0, "X_Y_MSEloss": 3.567610394304303e-16, "X_Y_test_COS": 0.8620126247406006, "X_Y_test_MSEloss": 0.0005533190560527146, "X_Y_val_COS": 0.8627317547798157, "X_Y_val_MSEloss": 0.0005535074742510915}}