{"train_samples": 1000, "test_samples": 200, "source_model": "sentence-transformers/all-MiniLM-L6-v2", "source_dim": 384, "target_dim": 512, "test_results": {"bleu": 0.08, "bleu1": 11.03, "bleu2": 0.03, "bleu3": 0.02, "bleu4": 0.01, "rougeL": 0.0386, "rouge1": 0.044, "rouge2": 0.0007, "exact_match": 0.0}, "loss": {"X_Y_COS": 0.9353238940238953, "X_Y_MSEloss": 0.00025465083308517933, "X_Y_test_COS": 0.8244457840919495, "X_Y_test_MSEloss": 0.0006660402286797762, "X_Y_val_COS": 0.8206183910369873, "X_Y_val_MSEloss": 0.0006775566725991666}}