{"train_samples": 10, "test_samples": 200, "source_model": "sentence-transformers/gtr-t5-base", "source_dim": 768, "target_dim": 512, "test_results": {"bleu": 9.76, "bleu1": 23.03, "bleu2": 8.46, "bleu3": 7.12, "bleu4": 6.54, "rougeL": 0.1748, "rouge1": 0.2058, "rouge2": 0.0823, "exact_match": 0.0}, "loss": {"X_Y_COS": 0.991418182849884, "X_Y_MSEloss": 0.00024110451340675354, "X_Y_test_COS": 0.9057413935661316, "X_Y_test_MSEloss": 0.0007810725946910679, "X_Y_val_COS": 0.9107151627540588, "X_Y_val_MSEloss": 0.0007615606882609427, "reg_lambda": 1}}