{"train_samples": 1000, "test_samples": 200, "source_model": "sentence-transformers/gtr-t5-base", "source_dim": 768, "target_dim": 512, "test_results": {"bleu": 3.25, "bleu1": 13.28, "bleu2": 3.34, "bleu3": 2.13, "bleu4": 1.18, "rougeL": 0.0792, "rouge1": 0.0872, "rouge2": 0.0087, "exact_match": 0.0}, "loss": {"X_Y_COS": 0.9842693209648132, "X_Y_MSEloss": 6.672923336736858e-05, "X_Y_test_COS": 0.7055030465126038, "X_Y_test_MSEloss": 0.001336661516688764, "X_Y_val_COS": 0.7269343137741089, "X_Y_val_MSEloss": 0.0012628883123397827}}