{"train_samples": 500, "test_samples": 200, "source_model": "text-embedding-ada-002", "source_dim": 1536, "target_dim": 512, "test_results": {"bleu": 0.1, "bleu1": 11.42, "bleu2": 0.14, "bleu3": 0.02, "bleu4": 0.01, "rougeL": 0.0665, "rouge1": 0.0752, "rouge2": 0.0013, "exact_match": 0.0}, "loss": {"X_Y_COS": 0.9848262667655945, "X_Y_MSEloss": 0.0001205310327350162, "X_Y_test_COS": 0.881683886051178, "X_Y_test_MSEloss": 0.0009506411734037101, "X_Y_val_COS": 0.8860169053077698, "X_Y_val_MSEloss": 0.0009012525551952422}}