{"train_samples": 30, "test_samples": 200, "source_model": "text-embedding-ada-002", "source_dim": 1536, "target_dim": 512, "test_results": {"bleu": 0.17, "bleu1": 13.22, "bleu2": 0.8, "bleu3": 0.02, "bleu4": 0.01, "rougeL": 0.0995, "rouge1": 0.1338, "rouge2": 0.007, "exact_match": 0.0}, "loss": {"X_Y_COS": 1.0, "X_Y_MSEloss": 5.1635466735699964e-11, "X_Y_test_COS": 0.8888677954673767, "X_Y_test_MSEloss": 0.0007565526757389307, "X_Y_val_COS": 0.8917504549026489, "X_Y_val_MSEloss": 0.0007150371675379574}}