{"train_samples": 10, "test_samples": 200, "source_model": "text-embedding-3-large", "source_dim": 3072, "target_dim": 512, "test_results": {"bleu": 0.04, "bleu1": 9.62, "bleu2": 0.01, "bleu3": 0.01, "bleu4": 0.0, "rougeL": 0.0015, "rouge1": 0.0015, "rouge2": 0.0, "exact_match": 0.0}, "loss": {"X_Y_COS": 1.0, "X_Y_MSEloss": 1.3802444227156187e-16, "X_Y_test_COS": 0.882614254951477, "X_Y_test_MSEloss": 0.0008294389699585736, "X_Y_val_COS": 0.8859544992446899, "X_Y_val_MSEloss": 0.0008006200660020113}}