{"train_samples": 30, "test_samples": 200, "source_model": "text-embedding-3-large", "source_dim": 3072, "target_dim": 512, "test_results": {"bleu": 10.72, "bleu1": 26.29, "bleu2": 9.64, "bleu3": 8.21, "bleu4": 7.51, "rougeL": 0.192, "rouge1": 0.2294, "rouge2": 0.0928, "exact_match": 0.0}, "loss": {"X_Y_COS": 1.0, "X_Y_MSEloss": 3.5526083820172454e-16, "X_Y_test_COS": 0.9062778949737549, "X_Y_test_MSEloss": 0.00046284025302156806, "X_Y_val_COS": 0.9031143188476562, "X_Y_val_MSEloss": 0.00047636462841182947}}