{"train_samples": 30, "test_samples": 200, "source_model": "google-t5/t5-base", "source_dim": 768, "target_dim": 512, "test_results": {"bleu": 0.2, "bleu1": 16.24, "bleu2": 1.03, "bleu3": 0.02, "bleu4": 0.01, "rougeL": 0.1201, "rouge1": 0.166, "rouge2": 0.0114, "exact_match": 0.0}, "loss": {"X_Y_COS": 1.0, "X_Y_MSEloss": 6.92364221510644e-10, "X_Y_test_COS": 0.9171010851860046, "X_Y_test_MSEloss": 0.000558640283998102, "X_Y_val_COS": 0.9167559742927551, "X_Y_val_MSEloss": 0.0005466985167004168}}