{"train_samples": 1000, "test_samples": 200, "source_model": "text-embedding-ada-002", "source_dim": 1536, "target_dim": 512, "test_results": {"bleu": 1.24, "bleu1": 8.45, "bleu2": 1.14, "bleu3": 0.76, "bleu4": 0.39, "rougeL": 0.0445, "rouge1": 0.0472, "rouge2": 0.0, "exact_match": 0.0}, "loss": {"X_Y_COS": 1.0, "X_Y_MSEloss": 3.823988434931147e-12, "X_Y_test_COS": 0.004101682920008898, "X_Y_test_MSEloss": 0.005374645348638296, "X_Y_val_COS": 0.02600252628326416, "X_Y_val_MSEloss": 0.005146227777004242}}