{"train_samples": 1000, "test_samples": 200, "source_model": "google/flan-t5-base", "source_dim": 768, "target_dim": 512, "test_results": {"bleu": 0.3, "bleu1": 16.83, "bleu2": 1.19, "bleu3": 0.03, "bleu4": 0.02, "rougeL": 0.1305, "rouge1": 0.1641, "rouge2": 0.0119, "exact_match": 0.0}, "loss": {"X_Y_COS": 0.9790935516357422, "X_Y_MSEloss": 8.194409747375175e-05, "X_Y_test_COS": 0.9329892992973328, "X_Y_test_MSEloss": 0.0002605518384370953, "X_Y_val_COS": 0.9327729344367981, "X_Y_val_MSEloss": 0.0002612747484818101}}