{"epoch": 0, "dev_acc": 51.0, "test_acc": 56.49999999999999, "test_f1": 57.56, "test_roc": 55.769999999999996}