{"train_samples": 20, "test_samples": 200, "source_model": "text-embedding-3-large", "source_dim": 3072, "target_dim": 512, "test_results": {"bleu": 0.13, "bleu1": 8.6, "bleu2": 0.12, "bleu3": 0.02, "bleu4": 0.01, "rougeL": 0.0063, "rouge1": 0.0069, "rouge2": 0.0005, "exact_match": 0.0}, "loss": {"X_Y_COS": 1.0, "X_Y_MSEloss": 2.3387270534938837e-16, "X_Y_test_COS": 0.840174674987793, "X_Y_test_MSEloss": 0.0007420219480991364, "X_Y_val_COS": 0.8434271812438965, "X_Y_val_MSEloss": 0.000733446329832077}}