{"train_samples": 100, "test_samples": 200, "source_model": "google-bert/bert-base-multilingual-cased", "source_dim": 768, "target_dim": 512, "test_results": {"bleu": 0.08, "bleu1": 11.88, "bleu2": 0.04, "bleu3": 0.02, "bleu4": 0.01, "rougeL": 0.0128, "rouge1": 0.0128, "rouge2": 0.0004, "exact_match": 0.0}, "loss": {"X_Y_COS": 0.9999997019767761, "X_Y_MSEloss": 1.0194042943112436e-08, "X_Y_test_COS": 0.898466169834137, "X_Y_test_MSEloss": 0.0009403642034158111, "X_Y_val_COS": 0.8942729234695435, "X_Y_val_MSEloss": 0.0009896614355966449}}