{"train_samples": 100, "test_samples": 200, "source_model": "text-embedding-3-large", "source_dim": 3072, "target_dim": 512, "test_results": {"bleu": 0.17, "bleu1": 20.28, "bleu2": 0.59, "bleu3": 0.01, "bleu4": 0.01, "rougeL": 0.1138, "rouge1": 0.14, "rouge2": 0.0042, "exact_match": 0.0}, "loss": {"X_Y_COS": 1.0, "X_Y_MSEloss": 1.010889522724866e-14, "X_Y_test_COS": 0.8505111336708069, "X_Y_test_MSEloss": 0.0005504918517544866, "X_Y_val_COS": 0.8508915305137634, "X_Y_val_MSEloss": 0.0005486474256031215}}