{"train_samples": 100, "test_samples": 200, "source_model": "intfloat/multilingual-e5-base", "source_dim": 768, "target_dim": 512, "test_results": {"bleu": 1.09, "bleu1": 17.67, "bleu2": 1.24, "bleu3": 0.64, "bleu4": 0.45, "rougeL": 0.0613, "rouge1": 0.0712, "rouge2": 0.0064, "exact_match": 0.0}, "loss": {"X_Y_COS": 0.999800980091095, "X_Y_MSEloss": 7.789481628606154e-07, "X_Y_test_COS": 0.9126116633415222, "X_Y_test_MSEloss": 0.0003283580590505153, "X_Y_val_COS": 0.9099070429801941, "X_Y_val_MSEloss": 0.0003384037991054356}}