{"train_samples": 20, "test_samples": 200, "source_model": "text-embedding-ada-002", "source_dim": 1536, "target_dim": 512, "test_results": {"bleu": 0.07, "bleu1": 8.63, "bleu2": 0.02, "bleu3": 0.01, "bleu4": 0.01, "rougeL": 0.003, "rouge1": 0.003, "rouge2": 0.0, "exact_match": 0.0}, "loss": {"X_Y_COS": 1.0, "X_Y_MSEloss": 9.019053509400337e-15, "X_Y_test_COS": 0.8486527800559998, "X_Y_test_MSEloss": 0.0005463727284222841, "X_Y_val_COS": 0.8511707186698914, "X_Y_val_MSEloss": 0.0005377947236411273}}