{"train_samples": 50, "test_samples": 200, "source_model": "sentence-transformers/gtr-t5-base", "source_dim": 768, "target_dim": 512, "test_results": {"bleu": 0.37, "bleu1": 18.65, "bleu2": 0.75, "bleu3": 0.06, "bleu4": 0.03, "rougeL": 0.1112, "rouge1": 0.1518, "rouge2": 0.0093, "exact_match": 0.0}, "loss": {"X_Y_COS": 1.0, "X_Y_MSEloss": 4.052181563928871e-14, "X_Y_test_COS": 0.8806207180023193, "X_Y_test_MSEloss": 0.00044459462515078485, "X_Y_val_COS": 0.8798325657844543, "X_Y_val_MSEloss": 0.0004464422818273306}}