{"train_samples": 20, "test_samples": 200, "source_model": "google-t5/t5-base", "source_dim": 768, "target_dim": 512, "test_results": {"bleu": 0.43, "bleu1": 14.2, "bleu2": 0.61, "bleu3": 0.15, "bleu4": 0.09, "rougeL": 0.0542, "rouge1": 0.0597, "rouge2": 0.0031, "exact_match": 0.0}, "loss": {"X_Y_COS": 1.0, "X_Y_MSEloss": 2.5529386937783727e-10, "X_Y_test_COS": 0.9140071868896484, "X_Y_test_MSEloss": 0.0008558947592973709, "X_Y_val_COS": 0.9189331531524658, "X_Y_val_MSEloss": 0.0008162156445905566}}