{"train_samples": 10, "test_samples": 200, "source_model": "google/mt5-base", "source_dim": 768, "target_dim": 512, "test_results": {"bleu": 8.96, "bleu1": 21.86, "bleu2": 7.65, "bleu3": 6.47, "bleu4": 5.97, "rougeL": 0.1794, "rouge1": 0.2146, "rouge2": 0.0793, "exact_match": 0.0}, "loss": {"X_Y_COS": 1.0, "X_Y_MSEloss": 2.184329245258354e-10, "X_Y_test_COS": 0.876862645149231, "X_Y_test_MSEloss": 0.001044849748723209, "X_Y_val_COS": 0.881083071231842, "X_Y_val_MSEloss": 0.0010182111291214824}}