{"train_samples": 500, "test_samples": 200, "source_model": "google-bert/bert-base-multilingual-cased", "source_dim": 768, "target_dim": 512, "test_results": {"bleu": 0.13, "bleu1": 13.33, "bleu2": 0.27, "bleu3": 0.02, "bleu4": 0.01, "rougeL": 0.0385, "rouge1": 0.0418, "rouge2": 0.002, "exact_match": 0.0}, "loss": {"X_Y_COS": 0.9771878123283386, "X_Y_MSEloss": 8.882078691385686e-05, "X_Y_test_COS": 0.867432713508606, "X_Y_test_MSEloss": 0.0005187782808206975, "X_Y_val_COS": 0.8676331639289856, "X_Y_val_MSEloss": 0.0005211143288761377}}