{"train_samples": 500, "test_samples": 200, "source_model": "google-t5/t5-base", "source_dim": 768, "target_dim": 512, "test_results": {"bleu": 9.07, "bleu1": 34.4, "bleu2": 10.72, "bleu3": 6.59, "bleu4": 5.36, "rougeL": 0.2779, "rouge1": 0.3263, "rouge2": 0.1076, "exact_match": 0.0}, "loss": {"X_Y_COS": 0.9918898344039917, "X_Y_MSEloss": 7.082091178745031e-05, "X_Y_test_COS": 0.9544544816017151, "X_Y_test_MSEloss": 0.00038949979352764785, "X_Y_val_COS": 0.9553244709968567, "X_Y_val_MSEloss": 0.0003984737559221685}}