{"train_samples": 500, "test_samples": 200, "source_model": "text-embedding-3-large", "source_dim": 3072, "target_dim": 512, "test_results": {"bleu": 0.1, "bleu1": 8.81, "bleu2": 0.09, "bleu3": 0.02, "bleu4": 0.01, "rougeL": 0.067, "rouge1": 0.076, "rouge2": 0.0025, "exact_match": 0.0}, "loss": {"X_Y_COS": 0.9999998807907104, "X_Y_MSEloss": 8.538049156570082e-10, "X_Y_test_COS": 0.8847812414169312, "X_Y_test_MSEloss": 0.0004393311101011932, "X_Y_val_COS": 0.8851540684700012, "X_Y_val_MSEloss": 0.00043832635856233537}}