{"train_samples": 30, "test_samples": 200, "source_model": "sentence-transformers/all-MiniLM-L6-v2", "source_dim": 384, "target_dim": 512, "test_results": {"bleu": 0.13, "bleu1": 12.71, "bleu2": 0.55, "bleu3": 0.02, "bleu4": 0.01, "rougeL": 0.0427, "rouge1": 0.0473, "rouge2": 0.0026, "exact_match": 0.0}, "loss": {"X_Y_COS": 1.0, "X_Y_MSEloss": 7.957025918320121e-16, "X_Y_test_COS": 0.5169087648391724, "X_Y_test_MSEloss": 0.001339723588898778, "X_Y_val_COS": 0.5537216067314148, "X_Y_val_MSEloss": 0.0012674543540924788}}