{"train_samples": 1000, "test_samples": 200, "source_model": "google-bert/bert-base-multilingual-cased", "source_dim": 768, "target_dim": 512, "test_results": {"bleu": 0.37, "bleu1": 21.57, "bleu2": 1.44, "bleu3": 0.05, "bleu4": 0.03, "rougeL": 0.1205, "rouge1": 0.1363, "rouge2": 0.0076, "exact_match": 0.0}, "loss": {"X_Y_COS": 0.9623603820800781, "X_Y_MSEloss": 0.00014549966726917773, "X_Y_test_COS": 0.9036223888397217, "X_Y_test_MSEloss": 0.00036900295526720583, "X_Y_val_COS": 0.9076786637306213, "X_Y_val_MSEloss": 0.00035368060343898833}}