{"train_samples": 3, "test_samples": 200, "source_model": "sentence-transformers/all-MiniLM-L6-v2", "source_dim": 384, "target_dim": 512, "test_results": {"bleu": 0.12, "bleu1": 12.34, "bleu2": 0.38, "bleu3": 0.02, "bleu4": 0.01, "rougeL": 0.0431, "rouge1": 0.0508, "rouge2": 0.003, "exact_match": 0.0}, "loss": {"X_Y_COS": 1.0, "X_Y_MSEloss": 2.0194866884208423e-16, "X_Y_test_COS": 0.10772868990898132, "X_Y_test_MSEloss": 0.0018662518123164773, "X_Y_val_COS": 0.07791849970817566, "X_Y_val_MSEloss": 0.0018791123293340206}}