{"train_samples": 1000, "test_samples": 200, "source_model": "text-embedding-ada-002", "source_dim": 1536, "target_dim": 512, "test_results": {"bleu": 0.11, "bleu1": 9.27, "bleu2": 0.12, "bleu3": 0.02, "bleu4": 0.01, "rougeL": 0.0826, "rouge1": 0.0986, "rouge2": 0.004, "exact_match": 0.0}, "loss": {"X_Y_COS": 0.9564383029937744, "X_Y_MSEloss": 0.00016683407011441886, "X_Y_test_COS": 0.920603334903717, "X_Y_test_MSEloss": 0.00029959037783555686, "X_Y_val_COS": 0.918097198009491, "X_Y_val_MSEloss": 0.0003083172778133303}}