{"train_samples": 30, "test_samples": 200, "source_model": "intfloat/multilingual-e5-base", "source_dim": 768, "target_dim": 512, "test_results": {"bleu": 0.19, "bleu1": 15.2, "bleu2": 1.03, "bleu3": 0.02, "bleu4": 0.01, "rougeL": 0.1152, "rouge1": 0.1576, "rouge2": 0.0103, "exact_match": 0.0}, "loss": {"X_Y_COS": 1.0, "X_Y_MSEloss": 1.8878348884143747e-10, "X_Y_test_COS": 0.910828709602356, "X_Y_test_MSEloss": 0.0006089425296522677, "X_Y_val_COS": 0.9108216762542725, "X_Y_val_MSEloss": 0.000590314797591418}}