{"train_samples": 30, "test_samples": 200, "source_model": "sentence-transformers/gtr-t5-base", "source_dim": 768, "target_dim": 512, "test_results": {"bleu": 0.41, "bleu1": 13.2, "bleu2": 0.54, "bleu3": 0.15, "bleu4": 0.1, "rougeL": 0.0591, "rouge1": 0.0637, "rouge2": 0.0033, "exact_match": 0.0}, "loss": {"X_Y_COS": 1.0, "X_Y_MSEloss": 7.00165142877851e-12, "X_Y_test_COS": 0.9123603701591492, "X_Y_test_MSEloss": 0.0009419196867384017, "X_Y_val_COS": 0.9138543605804443, "X_Y_val_MSEloss": 0.000951199559494853}}