{"train_samples": 30, "test_samples": 200, "source_model": "sentence-transformers/gtr-t5-base", "source_dim": 768, "target_dim": 512, "test_results": {"bleu": 0.42, "bleu1": 14.82, "bleu2": 0.63, "bleu3": 0.16, "bleu4": 0.1, "rougeL": 0.0629, "rouge1": 0.0673, "rouge2": 0.0027, "exact_match": 0.0}, "loss": {"X_Y_COS": 1.0, "X_Y_MSEloss": 1.1051077926566878e-15, "X_Y_test_COS": 0.8815630674362183, "X_Y_test_MSEloss": 0.0008472077315673232, "X_Y_val_COS": 0.883115828037262, "X_Y_val_MSEloss": 0.0008338256739079952}}