{"train_samples": 3, "test_samples": 200, "source_model": "google-bert/bert-base-multilingual-cased", "source_dim": 768, "target_dim": 512, "test_results": {"bleu": 0.22, "bleu1": 17.47, "bleu2": 0.84, "bleu3": 0.02, "bleu4": 0.01, "rougeL": 0.083, "rouge1": 0.0914, "rouge2": 0.0056, "exact_match": 0.0}, "loss": {"X_Y_COS": 1.0, "X_Y_MSEloss": 2.882252743274799e-16, "X_Y_test_COS": 0.8750437498092651, "X_Y_test_MSEloss": 0.000515791994985193, "X_Y_val_COS": 0.877730131149292, "X_Y_val_MSEloss": 0.0005040141986683011}}