{"train_samples": 1000, "test_samples": 200, "source_model": "google/mt5-base", "source_dim": 768, "target_dim": 512, "test_results": {"bleu": 3.39, "bleu1": 29.77, "bleu2": 5.31, "bleu3": 1.68, "bleu4": 0.5, "rougeL": 0.2183, "rouge1": 0.2821, "rouge2": 0.0644, "exact_match": 0.0}, "loss": {"X_Y_COS": 0.9638341665267944, "X_Y_MSEloss": 0.00013998543727211654, "X_Y_test_COS": 0.9319698810577393, "X_Y_test_MSEloss": 0.00026159733533859253, "X_Y_val_COS": 0.9325003623962402, "X_Y_val_MSEloss": 0.0002589622454252094}}