{"train_samples": 5, "test_samples": 200, "source_model": "google/mt5-base", "source_dim": 768, "target_dim": 512, "test_results": {"bleu": 0.07, "bleu1": 8.85, "bleu2": 0.04, "bleu3": 0.02, "bleu4": 0.01, "rougeL": 0.0385, "rouge1": 0.0406, "rouge2": 0.0004, "exact_match": 0.0}, "loss": {"X_Y_COS": 1.0, "X_Y_MSEloss": 4.0789033040686403e-16, "X_Y_test_COS": 0.8301498293876648, "X_Y_test_MSEloss": 0.000614571908954531, "X_Y_val_COS": 0.8242826461791992, "X_Y_val_MSEloss": 0.000630964757874608}}