{"train_samples": 4000, "test_samples": 200, "source_model": "google/mt5-base", "source_dim": 768, "target_dim": 512, "test_results": {"bleu": 0.23, "bleu1": 18.12, "bleu2": 0.99, "bleu3": 0.02, "bleu4": 0.01, "rougeL": 0.142, "rouge1": 0.1677, "rouge2": 0.0107, "exact_match": 0.0}, "loss": {"X_Y_COS": 0.9505133628845215, "X_Y_MSEloss": 0.00019007487571798265, "X_Y_test_COS": 0.938443124294281, "X_Y_test_MSEloss": 0.00023610643984284252, "X_Y_val_COS": 0.9385989904403687, "X_Y_val_MSEloss": 0.0002344222884858027}}