{"train_samples": 20, "test_samples": 200, "source_model": "text-embedding-3-large", "source_dim": 3072, "target_dim": 512, "test_results": {"bleu": 1.55, "bleu1": 21.46, "bleu2": 2.13, "bleu3": 0.6, "bleu4": 0.21, "rougeL": 0.1374, "rouge1": 0.1894, "rouge2": 0.021, "exact_match": 0.0}, "loss": {"X_Y_COS": 1.0, "X_Y_MSEloss": 2.54492081323959e-16, "X_Y_test_COS": 0.8647132515907288, "X_Y_test_MSEloss": 0.0006249112775549293, "X_Y_val_COS": 0.8591518998146057, "X_Y_val_MSEloss": 0.0006414478411898017}}