{"train_samples": 1000, "test_samples": 200, "source_model": "sentence-transformers/gtr-t5-base", "source_dim": 768, "target_dim": 512, "test_results": {"bleu": 0.69, "bleu1": 16.34, "bleu2": 1.55, "bleu3": 0.19, "bleu4": 0.06, "rougeL": 0.1186, "rouge1": 0.135, "rouge2": 0.0119, "exact_match": 0.0}, "loss": {"X_Y_COS": 0.915587306022644, "X_Y_MSEloss": 0.00041974286432377994, "X_Y_test_COS": 0.01825907453894615, "X_Y_test_MSEloss": 0.00857696495950222, "X_Y_val_COS": -0.036055877804756165, "X_Y_val_MSEloss": 0.008483144454658031}}