{"train_samples": 1000, "test_samples": 200, "source_model": "google/mt5-base", "source_dim": 768, "target_dim": 512, "test_results": {"bleu": 0.12, "bleu1": 9.02, "bleu2": 0.22, "bleu3": 0.02, "bleu4": 0.01, "rougeL": 0.0572, "rouge1": 0.0631, "rouge2": 0.0042, "exact_match": 0.0}, "loss": {"X_Y_COS": 0.9584696292877197, "X_Y_MSEloss": 0.00021422722784336656, "X_Y_test_COS": 0.138644739985466, "X_Y_test_MSEloss": 0.002229945734143257, "X_Y_val_COS": 0.1313144415616989, "X_Y_val_MSEloss": 0.0021527365315705538}}