{"train_samples": 1000, "test_samples": 200, "source_model": "google/mt5-base", "source_dim": 768, "target_dim": 512, "test_results": {"bleu": 10.81, "bleu1": 30.71, "bleu2": 11.48, "bleu3": 7.61, "bleu4": 5.09, "rougeL": 0.184, "rouge1": 0.2223, "rouge2": 0.0514, "exact_match": 0.0}, "loss": {"X_Y_COS": 0.9582651853561401, "X_Y_MSEloss": 0.00021948116773273796, "X_Y_test_COS": 0.9219256639480591, "X_Y_test_MSEloss": 0.00042512433719821274, "X_Y_val_COS": 0.9290527105331421, "X_Y_val_MSEloss": 0.0003450552758295089}}