{"train_samples": 50, "test_samples": 200, "source_model": "google/mt5-base", "source_dim": 768, "target_dim": 512, "test_results": {"bleu": 0.64, "bleu1": 13.06, "bleu2": 0.7, "bleu3": 0.24, "bleu4": 0.17, "rougeL": 0.0561, "rouge1": 0.0645, "rouge2": 0.0072, "exact_match": 0.0}, "loss": {"X_Y_COS": 1.0, "X_Y_MSEloss": 1.98555390878985e-11, "X_Y_test_COS": 0.9110600352287292, "X_Y_test_MSEloss": 0.0003413301601540297, "X_Y_val_COS": 0.9084939360618591, "X_Y_val_MSEloss": 0.00034892585244961083}}