{"train_samples": 3, "test_samples": 200, "source_model": "google-bert/bert-base-multilingual-cased", "source_dim": 768, "target_dim": 512, "test_results": {"bleu": 0.17, "bleu1": 16.71, "bleu2": 0.35, "bleu3": 0.02, "bleu4": 0.01, "rougeL": 0.101, "rouge1": 0.1183, "rouge2": 0.004, "exact_match": 0.0}, "loss": {"X_Y_COS": 1.0, "X_Y_MSEloss": 4.2850324775521185e-16, "X_Y_test_COS": 0.8976176977157593, "X_Y_test_MSEloss": 0.0007651883061043918, "X_Y_val_COS": 0.8982017040252686, "X_Y_val_MSEloss": 0.0007720434223301709}}