{"train_samples": 300, "test_samples": 200, "source_model": "random", "source_dim": 768, "target_dim": 512, "test_results": {"bleu": 0.19, "bleu1": 12.28, "bleu2": 0.57, "bleu3": 0.03, "bleu4": 0.01, "rougeL": 0.0745, "rouge1": 0.093, "rouge2": 0.0063, "exact_match": 0.0}, "loss": {"X_Y_COS": 0.9985021948814392, "X_Y_MSEloss": 4.415432704263367e-05, "X_Y_test_COS": 0.024485206231474876, "X_Y_test_MSEloss": 0.002585353795439005, "X_Y_val_COS": -0.003138375235721469, "X_Y_val_MSEloss": 0.002628349931910634, "reg_lambda": 0.1}}