{"train_samples": 30, "test_samples": 200, "source_model": "google-t5/t5-base", "source_dim": 768, "target_dim": 512, "test_results": {"bleu": 0.37, "bleu1": 8.95, "bleu2": 0.26, "bleu3": 0.12, "bleu4": 0.06, "rougeL": 0.0036, "rouge1": 0.0036, "rouge2": 0.0, "exact_match": 0.0}, "loss": {"X_Y_COS": 0.9931333065032959, "X_Y_MSEloss": 2.6268502551829442e-05, "X_Y_test_COS": 0.8660036325454712, "X_Y_test_MSEloss": 0.0004993380280211568, "X_Y_val_COS": 0.8677809238433838, "X_Y_val_MSEloss": 0.0004936360637657344}}