{"train_samples": 1000, "test_samples": 200, "source_model": "google/mt5-base", "source_dim": 768, "target_dim": 512, "test_results": {"bleu": 29.78, "bleu1": 49.67, "bleu2": 30.55, "bleu3": 25.75, "bleu4": 23.23, "rougeL": 0.4299, "rouge1": 0.4827, "rouge2": 0.3071, "exact_match": 0.0}, "loss": {"X_Y_COS": 0.9708472490310669, "X_Y_MSEloss": 0.00011353471199981868, "X_Y_test_COS": 0.937994658946991, "X_Y_test_MSEloss": 0.00023834343301132321, "X_Y_val_COS": 0.9344292879104614, "X_Y_val_MSEloss": 0.0002514362568035722, "reg_lambda": 0.01}}