{"train_samples": 2000, "test_samples": 200, "source_model": "sentence-transformers/all-MiniLM-L6-v2", "source_dim": 384, "target_dim": 512, "test_results": {"bleu": 0.13, "bleu1": 12.02, "bleu2": 0.19, "bleu3": 0.02, "bleu4": 0.01, "rougeL": 0.0621, "rouge1": 0.0726, "rouge2": 0.0071, "exact_match": 0.0}, "loss": {"X_Y_COS": 0.9333740472793579, "X_Y_MSEloss": 0.00026633465313352644, "X_Y_test_COS": 0.8995042443275452, "X_Y_test_MSEloss": 0.0003931514220312238, "X_Y_val_COS": 0.894832968711853, "X_Y_val_MSEloss": 0.0004054642340634018}}