{"train_samples": 3, "test_samples": 200, "source_model": "text-embedding-ada-002", "source_dim": 1536, "target_dim": 512, "test_results": {"bleu": 0.15, "bleu1": 17.33, "bleu2": 0.81, "bleu3": 0.01, "bleu4": 0.01, "rougeL": 0.0918, "rouge1": 0.1021, "rouge2": 0.0132, "exact_match": 0.0}, "loss": {"X_Y_COS": 1.0, "X_Y_MSEloss": 1.0133706304581397e-15, "X_Y_test_COS": 0.9043954014778137, "X_Y_test_MSEloss": 0.0003667997370939702, "X_Y_val_COS": 0.9023648500442505, "X_Y_val_MSEloss": 0.0003738225786946714}}