{"train_samples": 10, "test_samples": 200, "source_model": "text-embedding-ada-002", "source_dim": 1536, "target_dim": 512, "test_results": {"bleu": 0.28, "bleu1": 14.52, "bleu2": 0.74, "bleu3": 0.06, "bleu4": 0.01, "rougeL": 0.1026, "rouge1": 0.1334, "rouge2": 0.0094, "exact_match": 0.0}, "loss": {"X_Y_COS": 1.0, "X_Y_MSEloss": 3.249988762133024e-15, "X_Y_test_COS": 0.8900167942047119, "X_Y_test_MSEloss": 0.0008145692409016192, "X_Y_val_COS": 0.8928091526031494, "X_Y_val_MSEloss": 0.0008092097705230117}}