{"train_samples": 10, "test_samples": 200, "source_model": "google/flan-t5-base", "source_dim": 768, "target_dim": 512, "test_results": {"bleu": 0.05, "bleu1": 12.2, "bleu2": 0.02, "bleu3": 0.01, "bleu4": 0.01, "rougeL": 0.0112, "rouge1": 0.0116, "rouge2": 0.0, "exact_match": 0.0}, "loss": {"X_Y_COS": 1.0, "X_Y_MSEloss": 1.8831287917908668e-10, "X_Y_test_COS": 0.9167364239692688, "X_Y_test_MSEloss": 0.0007659218390472233, "X_Y_val_COS": 0.9103363752365112, "X_Y_val_MSEloss": 0.0008536407840438187}}