{"train_samples": 500, "test_samples": 200, "source_model": "google-bert/bert-base-multilingual-cased", "source_dim": 768, "target_dim": 512, "test_results": {"bleu": 0.24, "bleu1": 19.88, "bleu2": 1.0, "bleu3": 0.02, "bleu4": 0.01, "rougeL": 0.121, "rouge1": 0.133, "rouge2": 0.0069, "exact_match": 0.0}, "loss": {"X_Y_COS": 0.984211266040802, "X_Y_MSEloss": 0.000151867963722907, "X_Y_test_COS": 0.8742884397506714, "X_Y_test_MSEloss": 0.0011776670580729842, "X_Y_val_COS": 0.8828185200691223, "X_Y_val_MSEloss": 0.0011146626202389598}}