{"train_samples": 500, "test_samples": 200, "source_model": "sentence-transformers/all-MiniLM-L6-v2", "source_dim": 384, "target_dim": 512, "test_results": {"bleu": 0.12, "bleu1": 9.17, "bleu2": 0.15, "bleu3": 0.02, "bleu4": 0.01, "rougeL": 0.0908, "rouge1": 0.1081, "rouge2": 0.0016, "exact_match": 0.0}, "loss": {"X_Y_COS": 0.9751774072647095, "X_Y_MSEloss": 9.801117266761139e-05, "X_Y_test_COS": 0.8427966237068176, "X_Y_test_MSEloss": 0.0006487140781246126, "X_Y_val_COS": 0.8509105443954468, "X_Y_val_MSEloss": 0.000607588212005794}}