{"train_samples": 100, "test_samples": 200, "source_model": "google/flan-t5-base", "source_dim": 768, "target_dim": 512, "test_results": {"bleu": 0.41, "bleu1": 18.8, "bleu2": 1.01, "bleu3": 0.12, "bleu4": 0.03, "rougeL": 0.0698, "rouge1": 0.0796, "rouge2": 0.0049, "exact_match": 0.0}, "loss": {"X_Y_COS": 1.0, "X_Y_MSEloss": 5.887100702761661e-12, "X_Y_test_COS": 0.90067058801651, "X_Y_test_MSEloss": 0.00037472022813744843, "X_Y_val_COS": 0.8995097279548645, "X_Y_val_MSEloss": 0.00037894173874519765}}