{"train_samples": 100, "test_samples": 200, "source_model": "text-embedding-ada-002", "source_dim": 1536, "target_dim": 512, "test_results": {"bleu": 0.1, "bleu1": 8.51, "bleu2": 0.09, "bleu3": 0.02, "bleu4": 0.01, "rougeL": 0.0798, "rouge1": 0.0986, "rouge2": 0.0007, "exact_match": 0.0}, "loss": {"X_Y_COS": 0.9999997615814209, "X_Y_MSEloss": 9.32412702603358e-10, "X_Y_test_COS": 0.904499351978302, "X_Y_test_MSEloss": 0.00035707891220226884, "X_Y_val_COS": 0.9044299125671387, "X_Y_val_MSEloss": 0.0003574807196855545}}