{"train_samples": 1, "test_samples": 200, "source_model": "random", "source_dim": 768, "target_dim": 512, "test_results": {"bleu": 0.15, "bleu1": 13.08, "bleu2": 0.72, "bleu3": 0.01, "bleu4": 0.01, "rougeL": 0.0954, "rouge1": 0.1218, "rouge2": 0.006, "exact_match": 0.0}, "loss": {"X_Y_COS": 1.0, "X_Y_MSEloss": 1.6141493688337505e-05, "X_Y_test_COS": -0.07813390344381332, "X_Y_test_MSEloss": 0.001963019371032715, "X_Y_val_COS": 0.03897108882665634, "X_Y_val_MSEloss": 0.0019525984534993768, "reg_lambda": 0.1}}