{"train_samples": 1000, "test_samples": 200, "source_model": "sentence-transformers/all-MiniLM-L6-v2", "source_dim": 384, "target_dim": 512, "test_results": {"bleu": 0.1, "bleu1": 11.88, "bleu2": 0.1, "bleu3": 0.02, "bleu4": 0.01, "rougeL": 0.0144, "rouge1": 0.0147, "rouge2": 0.0, "exact_match": 0.0}, "loss": {"X_Y_COS": 0.9216309189796448, "X_Y_MSEloss": 0.00030333473114296794, "X_Y_test_COS": 0.7915658354759216, "X_Y_test_MSEloss": 0.0007843750645406544, "X_Y_val_COS": 0.7913364768028259, "X_Y_val_MSEloss": 0.0007756606210023165}}