{"train_samples": 500, "test_samples": 200, "source_model": "google/flan-t5-base", "source_dim": 768, "target_dim": 512, "test_results": {"bleu": 0.69, "bleu1": 22.55, "bleu2": 1.37, "bleu3": 0.14, "bleu4": 0.1, "rougeL": 0.1386, "rouge1": 0.156, "rouge2": 0.0081, "exact_match": 0.0}, "loss": {"X_Y_COS": 0.9921013712882996, "X_Y_MSEloss": 7.572161121061072e-05, "X_Y_test_COS": 0.9111325740814209, "X_Y_test_MSEloss": 0.0008461805991828442, "X_Y_val_COS": 0.913811445236206, "X_Y_val_MSEloss": 0.000835418701171875}}