{"train_samples": 100, "test_samples": 200, "source_model": "google/mt5-base", "source_dim": 768, "target_dim": 512, "test_results": {"bleu": 0.4, "bleu1": 18.78, "bleu2": 0.96, "bleu3": 0.07, "bleu4": 0.04, "rougeL": 0.1381, "rouge1": 0.1802, "rouge2": 0.0106, "exact_match": 0.0}, "loss": {"X_Y_COS": 1.0, "X_Y_MSEloss": 7.109001159012057e-14, "X_Y_test_COS": 0.9229371547698975, "X_Y_test_MSEloss": 0.0005215298151597381, "X_Y_val_COS": 0.924461305141449, "X_Y_val_MSEloss": 0.0005114061641506851}}