{"train_samples": 500, "test_samples": 200, "source_model": "google-t5/t5-base", "source_dim": 768, "target_dim": 512, "test_results": {"bleu": 0.87, "bleu1": 18.33, "bleu2": 1.59, "bleu3": 0.59, "bleu4": 0.21, "rougeL": 0.0643, "rouge1": 0.0719, "rouge2": 0.0085, "exact_match": 0.0}, "loss": {"X_Y_COS": 0.990705132484436, "X_Y_MSEloss": 6.593047146452591e-05, "X_Y_test_COS": 0.9162747263908386, "X_Y_test_MSEloss": 0.000599795370362699, "X_Y_val_COS": 0.9139506220817566, "X_Y_val_MSEloss": 0.0006334115169011056}}