{"train_samples": 20, "test_samples": 200, "source_model": "text-embedding-3-large", "source_dim": 3072, "target_dim": 512, "test_results": {"bleu": 0.29, "bleu1": 15.69, "bleu2": 0.55, "bleu3": 0.05, "bleu4": 0.03, "rougeL": 0.0864, "rouge1": 0.1066, "rouge2": 0.0043, "exact_match": 0.0}, "loss": {"X_Y_COS": 1.0, "X_Y_MSEloss": 1.747225558679233e-10, "X_Y_test_COS": 0.7836157083511353, "X_Y_test_MSEloss": 0.001800486701540649, "X_Y_val_COS": 0.7903212308883667, "X_Y_val_MSEloss": 0.0017721535405144095}}