{"train_samples": 5, "test_samples": 200, "source_model": "google-t5/t5-base", "source_dim": 768, "target_dim": 512, "test_results": {"bleu": 0.04, "bleu1": 7.71, "bleu2": 0.01, "bleu3": 0.01, "bleu4": 0.0, "rougeL": 0.0715, "rouge1": 0.0827, "rouge2": 0.0, "exact_match": 0.0}, "loss": {"X_Y_COS": 1.0, "X_Y_MSEloss": 1.572525348665318e-15, "X_Y_test_COS": 0.8870341181755066, "X_Y_test_MSEloss": 0.00041714601684361696, "X_Y_val_COS": 0.8862521052360535, "X_Y_val_MSEloss": 0.00041967243305407465}}