{"train_samples": 20, "test_samples": 200, "source_model": "text-embedding-3-large", "source_dim": 3072, "target_dim": 512, "test_results": {"bleu": 0.16, "bleu1": 14.38, "bleu2": 0.29, "bleu3": 0.02, "bleu4": 0.01, "rougeL": 0.1019, "rouge1": 0.1241, "rouge2": 0.0028, "exact_match": 0.0}, "loss": {"X_Y_COS": 1.0, "X_Y_MSEloss": 1.7881439384748177e-10, "X_Y_test_COS": 0.9336363673210144, "X_Y_test_MSEloss": 0.0007158041698858142, "X_Y_val_COS": 0.9351869225502014, "X_Y_val_MSEloss": 0.0007413844577968121}}