{"train_samples": 3, "test_samples": 200, "source_model": "google/flan-t5-base", "source_dim": 768, "target_dim": 512, "test_results": {"bleu": 0.17, "bleu1": 16.58, "bleu2": 0.79, "bleu3": 0.01, "bleu4": 0.01, "rougeL": 0.0941, "rouge1": 0.1125, "rouge2": 0.0055, "exact_match": 0.0}, "loss": {"X_Y_COS": 0.9999999403953552, "X_Y_MSEloss": 2.0056144245383933e-10, "X_Y_test_COS": 0.7707078456878662, "X_Y_test_MSEloss": 0.0015691348817199469, "X_Y_val_COS": 0.7740865349769592, "X_Y_val_MSEloss": 0.0015414977679029107}}