{"train_samples": 40, "test_samples": 200, "source_model": "text-embedding-ada-002", "source_dim": 1536, "target_dim": 512, "test_results": {"bleu": 0.41, "bleu1": 16.63, "bleu2": 1.09, "bleu3": 0.06, "bleu4": 0.03, "rougeL": 0.1242, "rouge1": 0.1599, "rouge2": 0.0106, "exact_match": 0.0}, "loss": {"X_Y_COS": 1.0, "X_Y_MSEloss": 2.2344589557538735e-13, "X_Y_test_COS": 0.9287115335464478, "X_Y_test_MSEloss": 0.00026872719172388315, "X_Y_val_COS": 0.9286620616912842, "X_Y_val_MSEloss": 0.0002690043766051531}}