{"train_samples": 10, "test_samples": 200, "source_model": "intfloat/multilingual-e5-base", "source_dim": 768, "target_dim": 512, "test_results": {"bleu": 0.81, "bleu1": 19.01, "bleu2": 1.26, "bleu3": 0.3, "bleu4": 0.06, "rougeL": 0.1178, "rouge1": 0.1515, "rouge2": 0.0137, "exact_match": 0.0}, "loss": {"X_Y_COS": 1.0, "X_Y_MSEloss": 1.6728420017074865e-15, "X_Y_test_COS": 0.8173547387123108, "X_Y_test_MSEloss": 0.0006485943449661136, "X_Y_val_COS": 0.8114950656890869, "X_Y_val_MSEloss": 0.0006676876218989491}}