{"train_samples": 10, "test_samples": 200, "source_model": "google/flan-t5-base", "source_dim": 768, "target_dim": 512, "test_results": {"bleu": 0.21, "bleu1": 11.92, "bleu2": 0.42, "bleu3": 0.04, "bleu4": 0.02, "rougeL": 0.0555, "rouge1": 0.0634, "rouge2": 0.0056, "exact_match": 0.0}, "loss": {"X_Y_COS": 1.0, "X_Y_MSEloss": 4.64842311151181e-16, "X_Y_test_COS": 0.9118777513504028, "X_Y_test_MSEloss": 0.0003358984540682286, "X_Y_val_COS": 0.9078724384307861, "X_Y_val_MSEloss": 0.00034930891706608236}}