{"epoch": 0, "dev_acc": 50.0, "test_acc": 51.0, "test_f1": 51.959999999999994, "test_roc": 53.949999999999996}