{"epoch": 3, "dev_acc": 55.00000000000001, "test_acc": 52.0, "test_f1": 52.480000000000004, "test_roc": 53.71}