{"train_samples": 500, "test_samples": 200, "source_model": "google/flan-t5-base", "source_dim": 768, "target_dim": 512, "test_results": {"bleu": 3.73, "bleu1": 30.67, "bleu2": 5.7, "bleu3": 1.8, "bleu4": 0.7, "rougeL": 0.2174, "rouge1": 0.3028, "rouge2": 0.0617, "exact_match": 0.0}, "loss": {"X_Y_COS": 0.9892107248306274, "X_Y_MSEloss": 4.241395799908787e-05, "X_Y_test_COS": 0.888373076915741, "X_Y_test_MSEloss": 0.00044220464769750834, "X_Y_val_COS": 0.8906252384185791, "X_Y_val_MSEloss": 0.000431207416113466}}