{"train_samples": 1000, "test_samples": 200, "source_model": "sentence-transformers/gtr-t5-base", "source_dim": 768, "target_dim": 512, "test_results": {"bleu": 2.76, "bleu1": 25.52, "bleu2": 3.81, "bleu3": 1.24, "bleu4": 0.53, "rougeL": 0.1866, "rouge1": 0.2532, "rouge2": 0.0447, "exact_match": 0.0}, "loss": {"X_Y_COS": 0.9730001091957092, "X_Y_MSEloss": 0.00010538890637690201, "X_Y_test_COS": 0.8495181202888489, "X_Y_test_MSEloss": 0.0006143845967017114, "X_Y_val_COS": 0.8390353918075562, "X_Y_val_MSEloss": 0.0006634421297349036}}