{"train_samples": 20, "test_samples": 200, "source_model": "google-bert/bert-base-multilingual-cased", "source_dim": 768, "target_dim": 512, "test_results": {"bleu": 0.09, "bleu1": 12.21, "bleu2": 0.06, "bleu3": 0.02, "bleu4": 0.01, "rougeL": 0.02, "rouge1": 0.0206, "rouge2": 0.0, "exact_match": 0.0}, "loss": {"X_Y_COS": 1.0, "X_Y_MSEloss": 1.1526066898332778e-14, "X_Y_test_COS": 0.8787657022476196, "X_Y_test_MSEloss": 0.0004487797850742936, "X_Y_val_COS": 0.876521646976471, "X_Y_val_MSEloss": 0.00045604666229337454}}