{"epoch": 0, "dev_acc": 49.0, "test_acc": 49.5, "test_f1": 45.410000000000004, "test_roc": 50.260000000000005}