{"train_samples": 5, "test_samples": 200, "source_model": "text-embedding-3-large", "source_dim": 3072, "target_dim": 512, "test_results": {"bleu": 0.16, "bleu1": 11.94, "bleu2": 0.37, "bleu3": 0.03, "bleu4": 0.01, "rougeL": 0.0842, "rouge1": 0.1009, "rouge2": 0.0034, "exact_match": 0.0}, "loss": {"X_Y_COS": 0.9999999403953552, "X_Y_MSEloss": 1.781221836694158e-10, "X_Y_test_COS": 0.8593094944953918, "X_Y_test_MSEloss": 0.00241413083858788, "X_Y_val_COS": 0.8574111461639404, "X_Y_val_MSEloss": 0.0023636503610759974}}