{"train_samples": 1000, "test_samples": 200, "source_model": "random", "source_dim": 768, "target_dim": 512, "test_results": {"bleu": 0.17, "bleu1": 8.02, "bleu2": 0.23, "bleu3": 0.03, "bleu4": 0.02, "rougeL": 0.0508, "rouge1": 0.0602, "rouge2": 0.0015, "exact_match": 0.0}, "loss": {"X_Y_COS": 0.8929077386856079, "X_Y_MSEloss": 0.00046520933392457664, "X_Y_test_COS": 0.0016822406323626637, "X_Y_test_MSEloss": 0.007317039184272289, "X_Y_val_COS": 0.019346516579389572, "X_Y_val_MSEloss": 0.0077803549356758595}}