{"train_samples": 1, "test_samples": 200, "source_model": "text-embedding-ada-002", "source_dim": 1536, "target_dim": 512, "test_results": {"bleu": 0.11, "bleu1": 6.55, "bleu2": 0.57, "bleu3": 0.01, "bleu4": 0.0, "rougeL": 0.0749, "rouge1": 0.0749, "rouge2": 0.0067, "exact_match": 0.0}, "loss": {"X_Y_COS": 1.0, "X_Y_MSEloss": 4.0140297769691857e-13, "X_Y_test_COS": 0.8369575142860413, "X_Y_test_MSEloss": 0.0014114045770838857, "X_Y_val_COS": 0.8399029970169067, "X_Y_val_MSEloss": 0.0014110549818724394}}