{"train_samples": 500, "test_samples": 200, "source_model": "google/mt5-base", "source_dim": 768, "target_dim": 512, "test_results": {"bleu": 26.82, "bleu1": 45.58, "bleu2": 27.33, "bleu3": 23.09, "bleu4": 20.91, "rougeL": 0.3999, "rouge1": 0.4447, "rouge2": 0.2784, "exact_match": 0.0}, "loss": {"X_Y_COS": 0.9793797135353088, "X_Y_MSEloss": 8.134413656080142e-05, "X_Y_test_COS": 0.9209766983985901, "X_Y_test_MSEloss": 0.0003060106246266514, "X_Y_val_COS": 0.9204211831092834, "X_Y_val_MSEloss": 0.0003089916135650128, "reg_lambda": 0.001}}