{"train_samples": 40, "test_samples": 200, "source_model": "google/flan-t5-base", "source_dim": 768, "target_dim": 512, "test_results": {"bleu": 0.62, "bleu1": 20.59, "bleu2": 1.81, "bleu3": 0.34, "bleu4": 0.03, "rougeL": 0.1351, "rouge1": 0.1617, "rouge2": 0.016, "exact_match": 0.0}, "loss": {"X_Y_COS": 1.0, "X_Y_MSEloss": 1.0117662187659332e-13, "X_Y_test_COS": 0.9174879789352417, "X_Y_test_MSEloss": 0.000497120781801641, "X_Y_val_COS": 0.9200178384780884, "X_Y_val_MSEloss": 0.0005014368798583746}}