{"train_samples": 10, "test_samples": 200, "source_model": "sentence-transformers/gtr-t5-base", "source_dim": 768, "target_dim": 512, "test_results": {"bleu": 0.16, "bleu1": 15.4, "bleu2": 0.46, "bleu3": 0.02, "bleu4": 0.01, "rougeL": 0.0814, "rouge1": 0.0966, "rouge2": 0.0025, "exact_match": 0.0}, "loss": {"X_Y_COS": 1.0, "X_Y_MSEloss": 6.124444196551433e-16, "X_Y_test_COS": 0.9034261703491211, "X_Y_test_MSEloss": 0.0005529532791115344, "X_Y_val_COS": 0.90269935131073, "X_Y_val_MSEloss": 0.0005472475313581526}}