{"train_samples": 10, "test_samples": 200, "source_model": "google/mt5-base", "source_dim": 768, "target_dim": 512, "test_results": {"bleu": 0.25, "bleu1": 16.65, "bleu2": 0.57, "bleu3": 0.03, "bleu4": 0.01, "rougeL": 0.1034, "rouge1": 0.136, "rouge2": 0.0075, "exact_match": 0.0}, "loss": {"X_Y_COS": 1.0, "X_Y_MSEloss": 1.7636103699726125e-15, "X_Y_test_COS": 0.8772274851799011, "X_Y_test_MSEloss": 0.0004544807015918195, "X_Y_val_COS": 0.8781542778015137, "X_Y_val_MSEloss": 0.00045078774564899504}}