{"train_samples": 5, "test_samples": 200, "source_model": "google-t5/t5-base", "source_dim": 768, "target_dim": 512, "test_results": {"bleu": 0.27, "bleu1": 15.78, "bleu2": 0.9, "bleu3": 0.03, "bleu4": 0.01, "rougeL": 0.1116, "rouge1": 0.1368, "rouge2": 0.0092, "exact_match": 0.0}, "loss": {"X_Y_COS": 1.0, "X_Y_MSEloss": 2.036019131068656e-10, "X_Y_test_COS": 0.8508830070495605, "X_Y_test_MSEloss": 0.001115010236389935, "X_Y_val_COS": 0.852679431438446, "X_Y_val_MSEloss": 0.0011048564920201898}}