{"train_samples": 50, "test_samples": 200, "source_model": "intfloat/multilingual-e5-base", "source_dim": 768, "target_dim": 512, "test_results": {"bleu": 0.49, "bleu1": 17.05, "bleu2": 1.47, "bleu3": 0.1, "bleu4": 0.05, "rougeL": 0.1247, "rouge1": 0.1463, "rouge2": 0.0134, "exact_match": 0.0}, "loss": {"X_Y_COS": 1.0, "X_Y_MSEloss": 1.0617378087829366e-09, "X_Y_test_COS": 0.9402788877487183, "X_Y_test_MSEloss": 0.0005218422738835216, "X_Y_val_COS": 0.9417675733566284, "X_Y_val_MSEloss": 0.0005390180740505457}}