{"train_samples": 1000, "test_samples": 200, "source_model": "google-bert/bert-base-multilingual-cased", "source_dim": 768, "target_dim": 512, "test_results": {"bleu": 1.31, "bleu1": 9.12, "bleu2": 1.25, "bleu3": 0.71, "bleu4": 0.36, "rougeL": 0.0449, "rouge1": 0.0493, "rouge2": 0.0019, "exact_match": 0.0}, "loss": {"X_Y_COS": 0.8853528499603271, "X_Y_MSEloss": 0.0004971713642589748, "X_Y_test_COS": -0.0608760342001915, "X_Y_test_MSEloss": 0.009707015939056873, "X_Y_val_COS": 0.04245664179325104, "X_Y_val_MSEloss": 0.007686760276556015}}