{"train_samples": 500, "test_samples": 200, "source_model": "google/mt5-base", "source_dim": 768, "target_dim": 512, "test_results": {"bleu": 0.12, "bleu1": 14.99, "bleu2": 0.14, "bleu3": 0.02, "bleu4": 0.01, "rougeL": 0.0278, "rouge1": 0.0298, "rouge2": 0.0011, "exact_match": 0.0}, "loss": {"X_Y_COS": 0.97613525390625, "X_Y_MSEloss": 9.289431181969121e-05, "X_Y_test_COS": 0.8907760977745056, "X_Y_test_MSEloss": 0.00042159302392974496, "X_Y_val_COS": 0.8858965635299683, "X_Y_val_MSEloss": 0.00044146226719021797}}