{"train_samples": 5, "test_samples": 200, "source_model": "text-embedding-3-large", "source_dim": 3072, "target_dim": 512, "test_results": {"bleu": 0.1, "bleu1": 10.92, "bleu2": 0.16, "bleu3": 0.02, "bleu4": 0.01, "rougeL": 0.0931, "rouge1": 0.1133, "rouge2": 0.0047, "exact_match": 0.0}, "loss": {"X_Y_COS": 1.0, "X_Y_MSEloss": 1.3375249519054222e-10, "X_Y_test_COS": 0.8843217492103577, "X_Y_test_MSEloss": 0.0015540418680757284, "X_Y_val_COS": 0.8870844841003418, "X_Y_val_MSEloss": 0.001500675454735756}}