{"train_samples": 5, "test_samples": 200, "source_model": "text-embedding-3-large", "source_dim": 3072, "target_dim": 512, "test_results": {"bleu": 0.04, "bleu1": 7.43, "bleu2": 0.02, "bleu3": 0.01, "bleu4": 0.0, "rougeL": 0.0144, "rouge1": 0.0147, "rouge2": 0.0, "exact_match": 0.0}, "loss": {"X_Y_COS": 1.0, "X_Y_MSEloss": 1.908871116729216e-10, "X_Y_test_COS": 0.8564884662628174, "X_Y_test_MSEloss": 0.0015848791226744652, "X_Y_val_COS": 0.8540684580802917, "X_Y_val_MSEloss": 0.0016306944889947772}}