{"train_samples": 100, "test_samples": 200, "source_model": "text-embedding-ada-002", "source_dim": 1536, "target_dim": 512, "test_results": {"bleu": 1.16, "bleu1": 16.73, "bleu2": 1.27, "bleu3": 0.59, "bleu4": 0.4, "rougeL": 0.077, "rouge1": 0.0888, "rouge2": 0.009, "exact_match": 0.0}, "loss": {"X_Y_COS": 0.9999305605888367, "X_Y_MSEloss": 2.7598622409641393e-07, "X_Y_test_COS": 0.9159115552902222, "X_Y_test_MSEloss": 0.00031508220126852393, "X_Y_val_COS": 0.9135557413101196, "X_Y_val_MSEloss": 0.00032365135848522186}}