{"train_samples": 10, "test_samples": 200, "source_model": "text-embedding-3-large", "source_dim": 3072, "target_dim": 512, "test_results": {"bleu": 9.72, "bleu1": 22.88, "bleu2": 8.48, "bleu3": 7.2, "bleu4": 6.6, "rougeL": 0.1808, "rouge1": 0.2097, "rouge2": 0.0848, "exact_match": 0.0}, "loss": {"X_Y_COS": 1.0, "X_Y_MSEloss": 1.0000438699364622e-08, "X_Y_test_COS": 0.9026336669921875, "X_Y_test_MSEloss": 0.0007412480190396309, "X_Y_val_COS": 0.9008432030677795, "X_Y_val_MSEloss": 0.0007357070571742952, "reg_lambda": 0.001}}