{"train_samples": 500, "test_samples": 200, "source_model": "google-bert/bert-base-multilingual-cased", "source_dim": 768, "target_dim": 512, "test_results": {"bleu": 0.05, "bleu1": 12.58, "bleu2": 0.02, "bleu3": 0.01, "bleu4": 0.01, "rougeL": 0.0131, "rouge1": 0.0145, "rouge2": 0.0, "exact_match": 0.0}, "loss": {"X_Y_COS": 0.9838714003562927, "X_Y_MSEloss": 0.0001449089904781431, "X_Y_test_COS": 0.8866137266159058, "X_Y_test_MSEloss": 0.0010651752818375826, "X_Y_val_COS": 0.8871027827262878, "X_Y_val_MSEloss": 0.0010856156004592776}}