{"train_samples": 10, "test_samples": 200, "source_model": "google-t5/t5-base", "source_dim": 768, "target_dim": 512, "test_results": {"bleu": 0.15, "bleu1": 11.38, "bleu2": 0.35, "bleu3": 0.02, "bleu4": 0.01, "rougeL": 0.0654, "rouge1": 0.0737, "rouge2": 0.0124, "exact_match": 0.0}, "loss": {"X_Y_COS": 1.0, "X_Y_MSEloss": 1.718324649235825e-10, "X_Y_test_COS": 0.8973774313926697, "X_Y_test_MSEloss": 0.0007711274083703756, "X_Y_val_COS": 0.890592634677887, "X_Y_val_MSEloss": 0.0008567899349145591}}