{"train_samples": 500, "test_samples": 200, "source_model": "text-embedding-3-large", "source_dim": 3072, "target_dim": 512, "test_results": {"bleu": 5.2, "bleu1": 27.07, "bleu2": 6.24, "bleu3": 3.14, "bleu4": 2.1, "rougeL": 0.1949, "rouge1": 0.2405, "rouge2": 0.0658, "exact_match": 0.0}, "loss": {"X_Y_COS": 1.0, "X_Y_MSEloss": 3.9071884616603825e-10, "X_Y_test_COS": 0.8718265891075134, "X_Y_test_MSEloss": 0.0004884263616986573, "X_Y_val_COS": 0.8765096664428711, "X_Y_val_MSEloss": 0.00047302324674092233}}