{"train_samples": 10, "test_samples": 200, "source_model": "sentence-transformers/all-MiniLM-L6-v2", "source_dim": 384, "target_dim": 512, "test_results": {"bleu": 0.2, "bleu1": 18.34, "bleu2": 0.95, "bleu3": 0.02, "bleu4": 0.01, "rougeL": 0.1184, "rouge1": 0.1572, "rouge2": 0.0101, "exact_match": 0.0}, "loss": {"X_Y_COS": 1.0, "X_Y_MSEloss": 2.541473124446469e-16, "X_Y_test_COS": 0.9210284352302551, "X_Y_test_MSEloss": 0.00039225438376888633, "X_Y_val_COS": 0.9194161891937256, "X_Y_val_MSEloss": 0.00038348755333572626}}