{"train_samples": 500, "test_samples": 200, "source_model": "sentence-transformers/gtr-t5-base", "source_dim": 768, "target_dim": 512, "test_results": {"bleu": 0.09, "bleu1": 12.39, "bleu2": 0.27, "bleu3": 0.02, "bleu4": 0.01, "rougeL": 0.0235, "rouge1": 0.0244, "rouge2": 0.0012, "exact_match": 0.0}, "loss": {"X_Y_COS": 0.9993268251419067, "X_Y_MSEloss": 9.810395567910746e-06, "X_Y_test_COS": 0.7968173027038574, "X_Y_test_MSEloss": 0.0023775885347276926, "X_Y_val_COS": 0.8010856509208679, "X_Y_val_MSEloss": 0.0025130505673587322}}