{"train_samples": 100, "test_samples": 200, "source_model": "text-embedding-ada-002", "source_dim": 1536, "target_dim": 512, "test_results": {"bleu": 0.19, "bleu1": 15.32, "bleu2": 0.59, "bleu3": 0.02, "bleu4": 0.01, "rougeL": 0.092, "rouge1": 0.1008, "rouge2": 0.004, "exact_match": 0.0}, "loss": {"X_Y_COS": 1.0, "X_Y_MSEloss": 1.0889559254323444e-09, "X_Y_test_COS": 0.8596429228782654, "X_Y_test_MSEloss": 0.001312492648139596, "X_Y_val_COS": 0.8672330975532532, "X_Y_val_MSEloss": 0.0012459834106266499}}