{"train_samples": 100, "test_samples": 200, "source_model": "text-embedding-ada-002", "source_dim": 1536, "target_dim": 512, "test_results": {"bleu": 0.23, "bleu1": 19.71, "bleu2": 0.91, "bleu3": 0.02, "bleu4": 0.01, "rougeL": 0.1147, "rouge1": 0.1253, "rouge2": 0.0055, "exact_match": 0.0}, "loss": {"X_Y_COS": 1.0, "X_Y_MSEloss": 1.4184906027558952e-10, "X_Y_test_COS": 0.9006004333496094, "X_Y_test_MSEloss": 0.00037107631214894354, "X_Y_val_COS": 0.9023743271827698, "X_Y_val_MSEloss": 0.0003660065704025328}}