{"train_samples": 40, "test_samples": 200, "source_model": "google/flan-t5-base", "source_dim": 768, "target_dim": 512, "test_results": {"bleu": 0.72, "bleu1": 19.61, "bleu2": 1.18, "bleu3": 0.17, "bleu4": 0.07, "rougeL": 0.1262, "rouge1": 0.1655, "rouge2": 0.013, "exact_match": 0.0}, "loss": {"X_Y_COS": 1.0, "X_Y_MSEloss": 1.8825297088331458e-14, "X_Y_test_COS": 0.9192622900009155, "X_Y_test_MSEloss": 0.0003066641802433878, "X_Y_val_COS": 0.915764570236206, "X_Y_val_MSEloss": 0.00032064691185951233}}