{"train_samples": 40, "test_samples": 200, "source_model": "google/flan-t5-base", "source_dim": 768, "target_dim": 512, "test_results": {"bleu": 0.7, "bleu1": 18.71, "bleu2": 1.4, "bleu3": 0.13, "bleu4": 0.07, "rougeL": 0.1202, "rouge1": 0.1565, "rouge2": 0.0144, "exact_match": 0.0}, "loss": {"X_Y_COS": 1.0, "X_Y_MSEloss": 4.7298781407636385e-15, "X_Y_test_COS": 0.8997767567634583, "X_Y_test_MSEloss": 0.0007618725067004561, "X_Y_val_COS": 0.8980977535247803, "X_Y_val_MSEloss": 0.0007953172898851335}}