{"train_samples": 50, "test_samples": 200, "source_model": "sentence-transformers/gtr-t5-base", "source_dim": 768, "target_dim": 512, "test_results": {"bleu": 0.15, "bleu1": 11.49, "bleu2": 0.43, "bleu3": 0.02, "bleu4": 0.01, "rougeL": 0.0549, "rouge1": 0.0631, "rouge2": 0.0061, "exact_match": 0.0}, "loss": {"X_Y_COS": 1.0, "X_Y_MSEloss": 3.395938722285455e-14, "X_Y_test_COS": 0.9099414348602295, "X_Y_test_MSEloss": 0.00034621922532096505, "X_Y_val_COS": 0.9088304042816162, "X_Y_val_MSEloss": 0.0003490950330160558}}