{"train_samples": 10, "test_samples": 200, "source_model": "google/flan-t5-base", "source_dim": 768, "target_dim": 512, "test_results": {"bleu": 0.19, "bleu1": 20.65, "bleu2": 0.95, "bleu3": 0.02, "bleu4": 0.01, "rougeL": 0.1251, "rouge1": 0.1547, "rouge2": 0.0096, "exact_match": 0.0}, "loss": {"X_Y_COS": 1.0, "X_Y_MSEloss": 5.622911223921833e-16, "X_Y_test_COS": 0.8706333637237549, "X_Y_test_MSEloss": 0.0004749076615553349, "X_Y_val_COS": 0.8760411143302917, "X_Y_val_MSEloss": 0.00045756081817671657}}