{"train_samples": 5, "test_samples": 200, "source_model": "sentence-transformers/all-MiniLM-L6-v2", "source_dim": 384, "target_dim": 512, "test_results": {"bleu": 0.13, "bleu1": 12.78, "bleu2": 0.32, "bleu3": 0.02, "bleu4": 0.01, "rougeL": 0.0479, "rouge1": 0.0518, "rouge2": 0.002, "exact_match": 0.0}, "loss": {"X_Y_COS": 1.0, "X_Y_MSEloss": 2.1677174541903448e-16, "X_Y_test_COS": 0.8589450120925903, "X_Y_test_MSEloss": 0.0006390075432136655, "X_Y_val_COS": 0.8605097532272339, "X_Y_val_MSEloss": 0.0006330373580567539}}