{"train_samples": 100, "test_samples": 200, "source_model": "google/flan-t5-base", "source_dim": 768, "target_dim": 512, "test_results": {"bleu": 0.25, "bleu1": 17.37, "bleu2": 0.76, "bleu3": 0.04, "bleu4": 0.02, "rougeL": 0.0945, "rouge1": 0.114, "rouge2": 0.0015, "exact_match": 0.0}, "loss": {"X_Y_COS": 1.0, "X_Y_MSEloss": 3.531544501278461e-11, "X_Y_test_COS": 0.9124488830566406, "X_Y_test_MSEloss": 0.0004693589871749282, "X_Y_val_COS": 0.9146173000335693, "X_Y_val_MSEloss": 0.00044823295320384204}}