{"train_samples": 1000, "test_samples": 200, "source_model": "google-t5/t5-base", "source_dim": 768, "target_dim": 512, "test_results": {"bleu": 0.78, "bleu1": 8.53, "bleu2": 0.82, "bleu3": 0.42, "bleu4": 0.14, "rougeL": 0.0419, "rouge1": 0.046, "rouge2": 0.0013, "exact_match": 0.0}, "loss": {"X_Y_COS": 0.8950081467628479, "X_Y_MSEloss": 0.00046930572716519237, "X_Y_test_COS": 0.04571392014622688, "X_Y_test_MSEloss": 0.006647319532930851, "X_Y_val_COS": 0.04354142025113106, "X_Y_val_MSEloss": 0.00769954826682806}}