{"train_samples": 3000, "test_samples": 200, "source_model": "sentence-transformers/all-MiniLM-L6-v2", "source_dim": 384, "target_dim": 512, "test_results": {"bleu": 2.34, "bleu1": 26.06, "bleu2": 3.86, "bleu3": 1.03, "bleu4": 0.33, "rougeL": 0.1842, "rouge1": 0.2533, "rouge2": 0.0448, "exact_match": 0.0}, "loss": {"X_Y_COS": 0.9163971543312073, "X_Y_MSEloss": 0.000437923357822001, "X_Y_test_COS": 0.8724133372306824, "X_Y_test_MSEloss": 0.0006089769303798676, "X_Y_val_COS": 0.871785581111908, "X_Y_val_MSEloss": 0.0005896386574022472}}