{"train_samples": 1, "test_samples": 200, "source_model": "sentence-transformers/all-MiniLM-L6-v2", "source_dim": 384, "target_dim": 512, "test_results": {"bleu": 0.22, "bleu1": 18.53, "bleu2": 0.75, "bleu3": 0.02, "bleu4": 0.01, "rougeL": 0.1091, "rouge1": 0.133, "rouge2": 0.0087, "exact_match": 0.0}, "loss": {"X_Y_COS": 1.0, "X_Y_MSEloss": 2.7184306486626316e-17, "X_Y_test_COS": 0.9022538661956787, "X_Y_test_MSEloss": 0.0023535711225122213, "X_Y_val_COS": 0.9116389155387878, "X_Y_val_MSEloss": 0.0024644513614475727}}