{"train_samples": 40, "test_samples": 200, "source_model": "text-embedding-3-large", "source_dim": 3072, "target_dim": 512, "test_results": {"bleu": 0.14, "bleu1": 8.81, "bleu2": 0.17, "bleu3": 0.02, "bleu4": 0.01, "rougeL": 0.0067, "rouge1": 0.0072, "rouge2": 0.0004, "exact_match": 0.0}, "loss": {"X_Y_COS": 1.0, "X_Y_MSEloss": 1.6164638063755955e-15, "X_Y_test_COS": 0.8497680425643921, "X_Y_test_MSEloss": 0.0006143969367258251, "X_Y_val_COS": 0.8535468578338623, "X_Y_val_MSEloss": 0.0005975614185445011}}