{"train_samples": 40, "test_samples": 200, "source_model": "google-t5/t5-base", "source_dim": 768, "target_dim": 512, "test_results": {"bleu": 11.18, "bleu1": 27.32, "bleu2": 10.25, "bleu3": 8.39, "bleu4": 7.55, "rougeL": 0.209, "rouge1": 0.2507, "rouge2": 0.0984, "exact_match": 0.0}, "loss": {"X_Y_COS": 1.0, "X_Y_MSEloss": 3.0192182087773745e-10, "X_Y_test_COS": 0.9053102135658264, "X_Y_test_MSEloss": 0.0007801128085702658, "X_Y_val_COS": 0.9009795784950256, "X_Y_val_MSEloss": 0.0008178457501344383}}