{"train_samples": 3, "test_samples": 200, "source_model": "text-embedding-3-large", "source_dim": 3072, "target_dim": 512, "test_results": {"bleu": 0.13, "bleu1": 14.32, "bleu2": 0.49, "bleu3": 0.01, "bleu4": 0.01, "rougeL": 0.0655, "rouge1": 0.0692, "rouge2": 0.0039, "exact_match": 0.0}, "loss": {"X_Y_COS": 1.0, "X_Y_MSEloss": 8.482157493558022e-17, "X_Y_test_COS": 0.7479647397994995, "X_Y_test_MSEloss": 0.001598058850504458, "X_Y_val_COS": 0.7386213541030884, "X_Y_val_MSEloss": 0.0015990572283044457}}