{"train_samples": 1000, "test_samples": 200, "source_model": "intfloat/multilingual-e5-base", "source_dim": 768, "target_dim": 512, "test_results": {"bleu": 0.2, "bleu1": 17.33, "bleu2": 1.13, "bleu3": 0.02, "bleu4": 0.01, "rougeL": 0.128, "rouge1": 0.1643, "rouge2": 0.0141, "exact_match": 0.0}, "loss": {"X_Y_COS": 0.9655838012695312, "X_Y_MSEloss": 0.00024466169998049736, "X_Y_test_COS": 0.9130944609642029, "X_Y_test_MSEloss": 0.0006255870684981346, "X_Y_val_COS": 0.9156930446624756, "X_Y_val_MSEloss": 0.0005942973075434566}}