{"train_samples": 20, "test_samples": 200, "source_model": "google/mt5-base", "source_dim": 768, "target_dim": 512, "test_results": {"bleu": 0.4, "bleu1": 18.49, "bleu2": 0.91, "bleu3": 0.06, "bleu4": 0.03, "rougeL": 0.1226, "rouge1": 0.1651, "rouge2": 0.0092, "exact_match": 0.0}, "loss": {"X_Y_COS": 1.0, "X_Y_MSEloss": 3.865992541287472e-14, "X_Y_test_COS": 0.9244530200958252, "X_Y_test_MSEloss": 0.0002882612170651555, "X_Y_val_COS": 0.9254778623580933, "X_Y_val_MSEloss": 0.00028328862390480936}}