{"train_samples": 50, "test_samples": 200, "source_model": "sentence-transformers/all-MiniLM-L6-v2", "source_dim": 384, "target_dim": 512, "test_results": {"bleu": 0.22, "bleu1": 18.47, "bleu2": 0.88, "bleu3": 0.02, "bleu4": 0.01, "rougeL": 0.1014, "rouge1": 0.1119, "rouge2": 0.0065, "exact_match": 0.0}, "loss": {"X_Y_COS": 1.0, "X_Y_MSEloss": 2.459893284889863e-14, "X_Y_test_COS": 0.880062997341156, "X_Y_test_MSEloss": 0.0004575105558615178, "X_Y_val_COS": 0.8873637914657593, "X_Y_val_MSEloss": 0.00043630311847664416}}