{"train_samples": 5, "test_samples": 200, "source_model": "google/flan-t5-base", "source_dim": 768, "target_dim": 512, "test_results": {"bleu": 0.13, "bleu1": 10.68, "bleu2": 0.24, "bleu3": 0.02, "bleu4": 0.01, "rougeL": 0.0685, "rouge1": 0.0767, "rouge2": 0.011, "exact_match": 0.0}, "loss": {"X_Y_COS": 1.0, "X_Y_MSEloss": 1.7871031043892316e-10, "X_Y_test_COS": 0.8829759955406189, "X_Y_test_MSEloss": 0.0008682890329509974, "X_Y_val_COS": 0.8779351711273193, "X_Y_val_MSEloss": 0.0009435717365704477}}