{"train_samples": 1000, "test_samples": 200, "source_model": "intfloat/multilingual-e5-base", "source_dim": 768, "target_dim": 512, "test_results": {"bleu": 0.9, "bleu1": 21.98, "bleu2": 2.09, "bleu3": 0.23, "bleu4": 0.07, "rougeL": 0.1391, "rouge1": 0.1844, "rouge2": 0.0212, "exact_match": 0.0}, "loss": {"X_Y_COS": 0.9672530889511108, "X_Y_MSEloss": 0.00012613835860975087, "X_Y_test_COS": 0.9173307418823242, "X_Y_test_MSEloss": 0.0003162034263368696, "X_Y_val_COS": 0.914587676525116, "X_Y_val_MSEloss": 0.0003266036801505834}}