{"train_samples": 1000, "test_samples": 200, "source_model": "sentence-transformers/gtr-t5-base", "source_dim": 768, "target_dim": 512, "test_results": {"bleu": 0.12, "bleu1": 9.7, "bleu2": 0.17, "bleu3": 0.02, "bleu4": 0.01, "rougeL": 0.0628, "rouge1": 0.0696, "rouge2": 0.0033, "exact_match": 0.0}, "loss": {"X_Y_COS": 0.9015628099441528, "X_Y_MSEloss": 0.0004484955861698836, "X_Y_test_COS": -0.08262127637863159, "X_Y_test_MSEloss": 0.010074956342577934, "X_Y_val_COS": -0.03616384416818619, "X_Y_val_MSEloss": 0.008612045086920261}}