{"train_samples": 1000, "test_samples": 200, "source_model": "intfloat/multilingual-e5-base", "source_dim": 768, "target_dim": 512, "test_results": {"bleu": 0.15, "bleu1": 10.42, "bleu2": 0.13, "bleu3": 0.04, "bleu4": 0.02, "rougeL": 0.0777, "rouge1": 0.0893, "rouge2": 0.002, "exact_match": 0.0}, "loss": {"X_Y_COS": 0.9200034737586975, "X_Y_MSEloss": 0.00030071838409639895, "X_Y_test_COS": 0.8183560967445374, "X_Y_test_MSEloss": 0.0006706597050651908, "X_Y_val_COS": 0.8147771954536438, "X_Y_val_MSEloss": 0.0006840842543169856}}