{"train_samples": 1000, "test_samples": 200, "source_model": "intfloat/multilingual-e5-base", "source_dim": 768, "target_dim": 512, "test_results": {"bleu": 0.13, "bleu1": 11.81, "bleu2": 0.23, "bleu3": 0.02, "bleu4": 0.01, "rougeL": 0.0572, "rouge1": 0.066, "rouge2": 0.0073, "exact_match": 0.0}, "loss": {"X_Y_COS": 0.9561163783073425, "X_Y_MSEloss": 0.00016857913578860462, "X_Y_test_COS": 0.8918119072914124, "X_Y_test_MSEloss": 0.0004137124342378229, "X_Y_val_COS": 0.8871952891349792, "X_Y_val_MSEloss": 0.00043182179797440767}}