{"train_samples": 40, "test_samples": 200, "source_model": "intfloat/multilingual-e5-base", "source_dim": 768, "target_dim": 512, "test_results": {"bleu": 0.57, "bleu1": 20.0, "bleu2": 1.62, "bleu3": 0.19, "bleu4": 0.03, "rougeL": 0.1274, "rouge1": 0.1615, "rouge2": 0.017, "exact_match": 0.0}, "loss": {"X_Y_COS": 1.0, "X_Y_MSEloss": 8.097083658946402e-13, "X_Y_test_COS": 0.8949930667877197, "X_Y_test_MSEloss": 0.00039143903995864093, "X_Y_val_COS": 0.8985866904258728, "X_Y_val_MSEloss": 0.0003784887376241386}}