{"train_samples": 50, "test_samples": 200, "source_model": "google/mt5-base", "source_dim": 768, "target_dim": 512, "test_results": {"bleu": 0.69, "bleu1": 18.2, "bleu2": 1.12, "bleu3": 0.21, "bleu4": 0.13, "rougeL": 0.0752, "rouge1": 0.0814, "rouge2": 0.0045, "exact_match": 0.0}, "loss": {"X_Y_COS": 1.0, "X_Y_MSEloss": 7.0145065970972365e-12, "X_Y_test_COS": 0.9007719159126282, "X_Y_test_MSEloss": 0.00036962117883376777, "X_Y_val_COS": 0.8973833918571472, "X_Y_val_MSEloss": 0.00038252404192462564}}