{"train_samples": 1000, "test_samples": 200, "source_model": "sentence-transformers/gtr-t5-base", "source_dim": 768, "target_dim": 512, "test_results": {"bleu": 1.26, "bleu1": 8.86, "bleu2": 1.05, "bleu3": 0.7, "bleu4": 0.41, "rougeL": 0.0434, "rouge1": 0.0467, "rouge2": 0.0018, "exact_match": 0.0}, "loss": {"X_Y_COS": 0.8744786977767944, "X_Y_MSEloss": 0.0005253976560197771, "X_Y_test_COS": 0.048545386642217636, "X_Y_test_MSEloss": 0.007224316243082285, "X_Y_val_COS": -0.006563336588442326, "X_Y_val_MSEloss": 0.00838981568813324}}