{"train_samples": 10, "test_samples": 200, "source_model": "text-embedding-ada-002", "source_dim": 1536, "target_dim": 512, "test_results": {"bleu": 0.54, "bleu1": 16.16, "bleu2": 0.67, "bleu3": 0.21, "bleu4": 0.12, "rougeL": 0.1097, "rouge1": 0.1294, "rouge2": 0.0057, "exact_match": 0.0}, "loss": {"X_Y_COS": 1.0, "X_Y_MSEloss": 2.2232653218434706e-10, "X_Y_test_COS": 0.9353613257408142, "X_Y_test_MSEloss": 0.0005654870183207095, "X_Y_val_COS": 0.9368352890014648, "X_Y_val_MSEloss": 0.0005756380269303918}}