{"train_samples": 20, "test_samples": 200, "source_model": "intfloat/multilingual-e5-base", "source_dim": 768, "target_dim": 512, "test_results": {"bleu": 0.04, "bleu1": 6.72, "bleu2": 0.02, "bleu3": 0.01, "bleu4": 0.01, "rougeL": 0.0156, "rouge1": 0.0162, "rouge2": 0.0, "exact_match": 0.0}, "loss": {"X_Y_COS": 1.0, "X_Y_MSEloss": 2.1806978445226832e-10, "X_Y_test_COS": 0.8721888661384583, "X_Y_test_MSEloss": 0.0010398406302556396, "X_Y_val_COS": 0.867397129535675, "X_Y_val_MSEloss": 0.0010961976367980242}}