{"train_samples": 50, "test_samples": 200, "source_model": "google-bert/bert-base-multilingual-cased", "source_dim": 768, "target_dim": 512, "test_results": {"bleu": 1.18, "bleu1": 16.64, "bleu2": 1.64, "bleu3": 0.59, "bleu4": 0.34, "rougeL": 0.0637, "rouge1": 0.0732, "rouge2": 0.0101, "exact_match": 0.0}, "loss": {"X_Y_COS": 1.0, "X_Y_MSEloss": 1.542071700368075e-12, "X_Y_test_COS": 0.902606725692749, "X_Y_test_MSEloss": 0.00036518569686450064, "X_Y_val_COS": 0.9010301232337952, "X_Y_val_MSEloss": 0.0003709805605467409}}