{"train_samples": 100, "test_samples": 200, "source_model": "google-t5/t5-base", "source_dim": 768, "target_dim": 512, "test_results": {"bleu": 0.09, "bleu1": 13.85, "bleu2": 0.06, "bleu3": 0.02, "bleu4": 0.01, "rougeL": 0.0222, "rouge1": 0.0232, "rouge2": 0.0, "exact_match": 0.0}, "loss": {"X_Y_COS": 1.0, "X_Y_MSEloss": 9.548503654421836e-11, "X_Y_test_COS": 0.8899203538894653, "X_Y_test_MSEloss": 0.00041308588697575033, "X_Y_val_COS": 0.8845553398132324, "X_Y_val_MSEloss": 0.00043190628639422357}}