{"train_samples": 1000, "test_samples": 200, "source_model": "text-embedding-ada-002", "source_dim": 1536, "target_dim": 512, "test_results": {"bleu": 0.24, "bleu1": 11.59, "bleu2": 0.58, "bleu3": 0.03, "bleu4": 0.02, "rougeL": 0.0781, "rouge1": 0.0911, "rouge2": 0.0068, "exact_match": 0.0}, "loss": {"X_Y_COS": 1.0, "X_Y_MSEloss": 1.6523952345304238e-12, "X_Y_test_COS": 0.4742598235607147, "X_Y_test_MSEloss": 0.0020894831977784634, "X_Y_val_COS": 0.45941320061683655, "X_Y_val_MSEloss": 0.002232595346868038}}