{"train_samples": 5, "test_samples": 200, "source_model": "google/mt5-base", "source_dim": 768, "target_dim": 512, "test_results": {"bleu": 0.04, "bleu1": 14.01, "bleu2": 0.03, "bleu3": 0.02, "bleu4": 0.01, "rougeL": 0.0087, "rouge1": 0.009, "rouge2": 0.0, "exact_match": 0.0}, "loss": {"X_Y_COS": 1.0, "X_Y_MSEloss": 7.549360078114059e-16, "X_Y_test_COS": 0.8774885535240173, "X_Y_test_MSEloss": 0.0007102072122506797, "X_Y_val_COS": 0.8714216351509094, "X_Y_val_MSEloss": 0.0007817938458174467}}