{"train_samples": 5, "test_samples": 200, "source_model": "google/mt5-base", "source_dim": 768, "target_dim": 512, "test_results": {"bleu": 0.04, "bleu1": 11.75, "bleu2": 0.02, "bleu3": 0.01, "bleu4": 0.01, "rougeL": 0.0078, "rouge1": 0.0078, "rouge2": 0.0, "exact_match": 0.0}, "loss": {"X_Y_COS": 1.0, "X_Y_MSEloss": 2.1994515930767733e-10, "X_Y_test_COS": 0.9049460887908936, "X_Y_test_MSEloss": 0.0008808015845716, "X_Y_val_COS": 0.900684654712677, "X_Y_val_MSEloss": 0.0009531514369882643}}