{"train_samples": 100, "test_samples": 200, "source_model": "sentence-transformers/gtr-t5-base", "source_dim": 768, "target_dim": 512, "test_results": {"bleu": 0.17, "bleu1": 19.52, "bleu2": 0.64, "bleu3": 0.02, "bleu4": 0.01, "rougeL": 0.1068, "rouge1": 0.1276, "rouge2": 0.0044, "exact_match": 0.0}, "loss": {"X_Y_COS": 1.0, "X_Y_MSEloss": 4.70806293256798e-12, "X_Y_test_COS": 0.8201720714569092, "X_Y_test_MSEloss": 0.0006569325923919678, "X_Y_val_COS": 0.82763671875, "X_Y_val_MSEloss": 0.0006330639007501304}}