{"train_samples": 1000, "test_samples": 200, "source_model": "sentence-transformers/gtr-t5-base", "source_dim": 768, "target_dim": 512, "test_results": {"bleu": 0.13, "bleu1": 10.0, "bleu2": 0.21, "bleu3": 0.02, "bleu4": 0.01, "rougeL": 0.0634, "rouge1": 0.0713, "rouge2": 0.0014, "exact_match": 0.0}, "loss": {"X_Y_COS": 0.9013068079948425, "X_Y_MSEloss": 0.00044618244282901287, "X_Y_test_COS": -0.02217530645430088, "X_Y_test_MSEloss": 0.008020098321139812, "X_Y_val_COS": 0.05115808546543121, "X_Y_val_MSEloss": 0.0073577044531702995}}