{"epoch": 0, "dev_acc": 50.5, "test_acc": 55.00000000000001, "test_f1": 54.55, "test_roc": 52.129999999999995}