{"train_samples": 1, "test_samples": 200, "source_model": "random", "source_dim": 768, "target_dim": 512, "test_results": {"bleu": 0.18, "bleu1": 14.07, "bleu2": 1.27, "bleu3": 0.01, "bleu4": 0.01, "rougeL": 0.1197, "rouge1": 0.1286, "rouge2": 0.0088, "exact_match": 0.0}, "loss": {"X_Y_COS": 1.0000001192092896, "X_Y_MSEloss": 2.9902179450119965e-16, "X_Y_test_COS": -0.053328122943639755, "X_Y_test_MSEloss": 0.001956404885277152, "X_Y_val_COS": -0.07855113595724106, "X_Y_val_MSEloss": 0.0019651728216558695}}