{"train_samples": 3, "test_samples": 200, "source_model": "google/flan-t5-base", "source_dim": 768, "target_dim": 512, "test_results": {"bleu": 0.04, "bleu1": 11.97, "bleu2": 0.02, "bleu3": 0.01, "bleu4": 0.01, "rougeL": 0.0063, "rouge1": 0.0063, "rouge2": 0.0, "exact_match": 0.0}, "loss": {"X_Y_COS": 1.0, "X_Y_MSEloss": 5.352322843152303e-16, "X_Y_test_COS": 0.8634739518165588, "X_Y_test_MSEloss": 0.0007572225295007229, "X_Y_val_COS": 0.8615928292274475, "X_Y_val_MSEloss": 0.0007970387814566493}}