{"train_samples": 30, "test_samples": 200, "source_model": "google/mt5-base", "source_dim": 768, "target_dim": 512, "test_results": {"bleu": 0.16, "bleu1": 8.46, "bleu2": 0.14, "bleu3": 0.03, "bleu4": 0.02, "rougeL": 0.0037, "rouge1": 0.0037, "rouge2": 0.0, "exact_match": 0.0}, "loss": {"X_Y_COS": 1.0, "X_Y_MSEloss": 1.1235042843976695e-12, "X_Y_test_COS": 0.9070780873298645, "X_Y_test_MSEloss": 0.0003454404359217733, "X_Y_val_COS": 0.9046452045440674, "X_Y_val_MSEloss": 0.00035353811108507216}}