{"train_samples": 10, "test_samples": 200, "source_model": "intfloat/multilingual-e5-base", "source_dim": 768, "target_dim": 512, "test_results": {"bleu": 0.15, "bleu1": 15.61, "bleu2": 0.41, "bleu3": 0.02, "bleu4": 0.01, "rougeL": 0.0773, "rouge1": 0.0927, "rouge2": 0.0021, "exact_match": 0.0}, "loss": {"X_Y_COS": 1.0, "X_Y_MSEloss": 2.4436911116198405e-15, "X_Y_test_COS": 0.903386116027832, "X_Y_test_MSEloss": 0.0005214760894887149, "X_Y_val_COS": 0.9019176959991455, "X_Y_val_MSEloss": 0.0005158084677532315}}