{"train_samples": 30, "test_samples": 200, "source_model": "intfloat/multilingual-e5-base", "source_dim": 768, "target_dim": 512, "test_results": {"bleu": 0.19, "bleu1": 16.1, "bleu2": 0.8, "bleu3": 0.02, "bleu4": 0.01, "rougeL": 0.1217, "rouge1": 0.1639, "rouge2": 0.0088, "exact_match": 0.0}, "loss": {"X_Y_COS": 1.0, "X_Y_MSEloss": 1.0792610057876965e-14, "X_Y_test_COS": 0.9303092956542969, "X_Y_test_MSEloss": 0.00047419487964361906, "X_Y_val_COS": 0.9297013282775879, "X_Y_val_MSEloss": 0.0004705286119133234}}