{"train_samples": 30, "test_samples": 200, "source_model": "intfloat/multilingual-e5-base", "source_dim": 768, "target_dim": 512, "test_results": {"bleu": 0.19, "bleu1": 16.53, "bleu2": 0.71, "bleu3": 0.02, "bleu4": 0.01, "rougeL": 0.1204, "rouge1": 0.1612, "rouge2": 0.0072, "exact_match": 0.0}, "loss": {"X_Y_COS": 1.0, "X_Y_MSEloss": 2.1020114631103287e-13, "X_Y_test_COS": 0.9290658831596375, "X_Y_test_MSEloss": 0.0002676636795513332, "X_Y_val_COS": 0.9287530183792114, "X_Y_val_MSEloss": 0.0002688511449377984}}