{"train_samples": 100, "test_samples": 200, "source_model": "google-t5/t5-base", "source_dim": 768, "target_dim": 512, "test_results": {"bleu": 0.1, "bleu1": 12.35, "bleu2": 0.1, "bleu3": 0.02, "bleu4": 0.01, "rougeL": 0.0092, "rouge1": 0.0097, "rouge2": 0.0, "exact_match": 0.0}, "loss": {"X_Y_COS": 1.0, "X_Y_MSEloss": 1.4356502098245016e-10, "X_Y_test_COS": 0.8319876194000244, "X_Y_test_MSEloss": 0.0006146763334982097, "X_Y_val_COS": 0.8292691111564636, "X_Y_val_MSEloss": 0.0006230158032849431}}