{"train_samples": 50, "test_samples": 200, "source_model": "text-embedding-3-large", "source_dim": 3072, "target_dim": 512, "test_results": {"bleu": 0.11, "bleu1": 13.18, "bleu2": 0.29, "bleu3": 0.01, "bleu4": 0.01, "rougeL": 0.0529, "rouge1": 0.0589, "rouge2": 0.0021, "exact_match": 0.0}, "loss": {"X_Y_COS": 1.0, "X_Y_MSEloss": 2.965827887099759e-12, "X_Y_test_COS": 0.8253071904182434, "X_Y_test_MSEloss": 0.001714438432827592, "X_Y_val_COS": 0.8270605206489563, "X_Y_val_MSEloss": 0.0016851616092026234}}