{"train_samples": 10, "test_samples": 200, "source_model": "sentence-transformers/all-MiniLM-L6-v2", "source_dim": 384, "target_dim": 512, "test_results": {"bleu": 0.08, "bleu1": 9.08, "bleu2": 0.03, "bleu3": 0.02, "bleu4": 0.01, "rougeL": 0.0009, "rouge1": 0.0009, "rouge2": 0.0, "exact_match": 0.0}, "loss": {"X_Y_COS": 1.0, "X_Y_MSEloss": 3.1320300539258836e-16, "X_Y_test_COS": 0.8165281414985657, "X_Y_test_MSEloss": 0.0006747692823410034, "X_Y_val_COS": 0.8089024424552917, "X_Y_val_MSEloss": 0.0006863478920422494}}