{"train_samples": 50, "test_samples": 200, "source_model": "intfloat/multilingual-e5-base", "source_dim": 768, "target_dim": 512, "test_results": {"bleu": 0.33, "bleu1": 20.2, "bleu2": 1.1, "bleu3": 0.05, "bleu4": 0.01, "rougeL": 0.1205, "rouge1": 0.1542, "rouge2": 0.0108, "exact_match": 0.0}, "loss": {"X_Y_COS": 1.0, "X_Y_MSEloss": 2.840029643749742e-12, "X_Y_test_COS": 0.8882138729095459, "X_Y_test_MSEloss": 0.0004133506736252457, "X_Y_val_COS": 0.8859588503837585, "X_Y_val_MSEloss": 0.00042124814353883266}}