{"train_samples": 20, "test_samples": 200, "source_model": "sentence-transformers/all-MiniLM-L6-v2", "source_dim": 384, "target_dim": 512, "test_results": {"bleu": 0.2, "bleu1": 16.07, "bleu2": 0.68, "bleu3": 0.07, "bleu4": 0.02, "rougeL": 0.0458, "rouge1": 0.0534, "rouge2": 0.0037, "exact_match": 0.0}, "loss": {"X_Y_COS": 1.0, "X_Y_MSEloss": 1.0065743557267264e-15, "X_Y_test_COS": 0.45642074942588806, "X_Y_test_MSEloss": 0.0028547116089612246, "X_Y_val_COS": 0.4751068949699402, "X_Y_val_MSEloss": 0.002839202992618084}}