{"train_samples": 100, "test_samples": 200, "source_model": "text-embedding-ada-002", "source_dim": 1536, "target_dim": 512, "test_results": {"bleu": 2.42, "bleu1": 24.88, "bleu2": 2.92, "bleu3": 0.95, "bleu4": 0.5, "rougeL": 0.1625, "rouge1": 0.2107, "rouge2": 0.0301, "exact_match": 0.0}, "loss": {"X_Y_COS": 1.0, "X_Y_MSEloss": 3.3945769806198456e-11, "X_Y_test_COS": 0.911891758441925, "X_Y_test_MSEloss": 0.0003305056015960872, "X_Y_val_COS": 0.9124451875686646, "X_Y_val_MSEloss": 0.0003291074826847762}}