{"train_samples": 20, "test_samples": 200, "source_model": "google-bert/bert-base-multilingual-cased", "source_dim": 768, "target_dim": 512, "test_results": {"bleu": 10.31, "bleu1": 25.3, "bleu2": 9.34, "bleu3": 7.71, "bleu4": 7.0, "rougeL": 0.19, "rouge1": 0.2251, "rouge2": 0.0885, "exact_match": 0.0}, "loss": {"X_Y_COS": 1.0, "X_Y_MSEloss": 1.9015514163278624e-10, "X_Y_test_COS": 0.8853785395622253, "X_Y_test_MSEloss": 0.0009679828654043376, "X_Y_val_COS": 0.8867692351341248, "X_Y_val_MSEloss": 0.0009492525132372975}}