{"train_samples": 1000, "test_samples": 200, "source_model": "google-t5/t5-base", "source_dim": 768, "target_dim": 512, "test_results": {"bleu": 0.15, "bleu1": 12.38, "bleu2": 0.24, "bleu3": 0.02, "bleu4": 0.01, "rougeL": 0.019, "rouge1": 0.0198, "rouge2": 0.0011, "exact_match": 0.0}, "loss": {"X_Y_COS": 0.9032716155052185, "X_Y_MSEloss": 0.0003588553227018565, "X_Y_test_COS": 0.8510974049568176, "X_Y_test_MSEloss": 0.000546397059224546, "X_Y_val_COS": 0.8520272374153137, "X_Y_val_MSEloss": 0.0005461240070872009}}