{"train_samples": 40, "test_samples": 200, "source_model": "sentence-transformers/all-MiniLM-L6-v2", "source_dim": 384, "target_dim": 512, "test_results": {"bleu": 0.24, "bleu1": 13.09, "bleu2": 0.64, "bleu3": 0.03, "bleu4": 0.02, "rougeL": 0.1007, "rouge1": 0.126, "rouge2": 0.0086, "exact_match": 0.0}, "loss": {"X_Y_COS": 1.0, "X_Y_MSEloss": 2.845012992688323e-15, "X_Y_test_COS": 0.8527799248695374, "X_Y_test_MSEloss": 0.000558849424123764, "X_Y_val_COS": 0.8499282598495483, "X_Y_val_MSEloss": 0.0005670958780683577}}