{"train_samples": 1000, "test_samples": 200, "source_model": "text-embedding-ada-002", "source_dim": 1536, "target_dim": 512, "test_results": {"bleu": 1.13, "bleu1": 16.65, "bleu2": 1.88, "bleu3": 0.38, "bleu4": 0.17, "rougeL": 0.1194, "rouge1": 0.1347, "rouge2": 0.0125, "exact_match": 0.0}, "loss": {"X_Y_COS": 1.0, "X_Y_MSEloss": 3.007683511968562e-12, "X_Y_test_COS": 0.10970132797956467, "X_Y_test_MSEloss": 0.004039086867123842, "X_Y_val_COS": 0.18689574301242828, "X_Y_val_MSEloss": 0.003559780539944768}}