{"train_samples": 1000, "test_samples": 200, "source_model": "text-embedding-3-large", "source_dim": 3072, "target_dim": 512, "test_results": {"bleu": 0.21, "bleu1": 13.62, "bleu2": 0.61, "bleu3": 0.02, "bleu4": 0.01, "rougeL": 0.0773, "rouge1": 0.0922, "rouge2": 0.0049, "exact_match": 0.0}, "loss": {"X_Y_COS": 0.9999979734420776, "X_Y_MSEloss": 4.499900541077295e-08, "X_Y_test_COS": 0.6901641488075256, "X_Y_test_MSEloss": 0.0023936848156154156, "X_Y_val_COS": 0.7035040259361267, "X_Y_val_MSEloss": 0.0022987204138189554}}