{"train_samples": 5, "test_samples": 200, "source_model": "google/mt5-base", "source_dim": 768, "target_dim": 512, "test_results": {"bleu": 0.1, "bleu1": 7.42, "bleu2": 0.14, "bleu3": 0.02, "bleu4": 0.01, "rougeL": 0.0549, "rouge1": 0.0605, "rouge2": 0.0014, "exact_match": 0.0}, "loss": {"X_Y_COS": 1.0, "X_Y_MSEloss": 1.8217115316243593e-10, "X_Y_test_COS": 0.8418203592300415, "X_Y_test_MSEloss": 0.0011979551054537296, "X_Y_val_COS": 0.8326762318611145, "X_Y_val_MSEloss": 0.0013173645129427314}}