{"train_samples": 100, "test_samples": 200, "source_model": "google-bert/bert-base-multilingual-cased", "source_dim": 768, "target_dim": 512, "test_results": {"bleu": 0.1, "bleu1": 12.37, "bleu2": 0.12, "bleu3": 0.02, "bleu4": 0.01, "rougeL": 0.0141, "rouge1": 0.0148, "rouge2": 0.0, "exact_match": 0.0}, "loss": {"X_Y_COS": 1.0, "X_Y_MSEloss": 8.55094467455686e-11, "X_Y_test_COS": 0.8725616335868835, "X_Y_test_MSEloss": 0.0007400888134725392, "X_Y_val_COS": 0.8682700991630554, "X_Y_val_MSEloss": 0.0007868304383009672}}