{"train_samples": 20, "test_samples": 200, "source_model": "sentence-transformers/gtr-t5-base", "source_dim": 768, "target_dim": 512, "test_results": {"bleu": 0.22, "bleu1": 18.6, "bleu2": 0.87, "bleu3": 0.02, "bleu4": 0.01, "rougeL": 0.0945, "rouge1": 0.1029, "rouge2": 0.0046, "exact_match": 0.0}, "loss": {"X_Y_COS": 1.0, "X_Y_MSEloss": 8.60854830887596e-16, "X_Y_test_COS": 0.9006875157356262, "X_Y_test_MSEloss": 0.0003782801504712552, "X_Y_val_COS": 0.9061400294303894, "X_Y_val_MSEloss": 0.0003581173368729651}}