{"train_samples": 50, "test_samples": 200, "source_model": "sentence-transformers/gtr-t5-base", "source_dim": 768, "target_dim": 512, "test_results": {"bleu": 0.07, "bleu1": 9.41, "bleu2": 0.03, "bleu3": 0.01, "bleu4": 0.01, "rougeL": 0.0074, "rouge1": 0.0083, "rouge2": 0.0015, "exact_match": 0.0}, "loss": {"X_Y_COS": 0.9885970950126648, "X_Y_MSEloss": 4.3201132939429954e-05, "X_Y_test_COS": 0.8595843315124512, "X_Y_test_MSEloss": 0.0005271525005809963, "X_Y_val_COS": 0.8609406352043152, "X_Y_val_MSEloss": 0.0005171672673895955}}