{"train_samples": 1000, "test_samples": 200, "source_model": "text-embedding-3-large", "source_dim": 3072, "target_dim": 512, "test_results": {"bleu": 0.16, "bleu1": 10.81, "bleu2": 0.41, "bleu3": 0.02, "bleu4": 0.01, "rougeL": 0.0734, "rouge1": 0.0854, "rouge2": 0.0043, "exact_match": 0.0}, "loss": {"X_Y_COS": 1.0, "X_Y_MSEloss": 5.452070205350622e-14, "X_Y_test_COS": 0.26612284779548645, "X_Y_test_MSEloss": 0.001983280060812831, "X_Y_val_COS": 0.27826163172721863, "X_Y_val_MSEloss": 0.0019127451814711094}}