{"train_samples": 40, "test_samples": 200, "source_model": "google/mt5-base", "source_dim": 768, "target_dim": 512, "test_results": {"bleu": 0.19, "bleu1": 18.19, "bleu2": 0.77, "bleu3": 0.02, "bleu4": 0.01, "rougeL": 0.1269, "rouge1": 0.1647, "rouge2": 0.0089, "exact_match": 0.0}, "loss": {"X_Y_COS": 1.0, "X_Y_MSEloss": 1.977840417485832e-12, "X_Y_test_COS": 0.9240273833274841, "X_Y_test_MSEloss": 0.0002890205942094326, "X_Y_val_COS": 0.92447829246521, "X_Y_val_MSEloss": 0.00028666321304626763}}