{"train_samples": 5, "test_samples": 200, "source_model": "sentence-transformers/gtr-t5-base", "source_dim": 768, "target_dim": 512, "test_results": {"bleu": 0.27, "bleu1": 18.02, "bleu2": 1.19, "bleu3": 0.02, "bleu4": 0.01, "rougeL": 0.1117, "rouge1": 0.1381, "rouge2": 0.0093, "exact_match": 0.0}, "loss": {"X_Y_COS": 1.0, "X_Y_MSEloss": 3.6486079198854956e-16, "X_Y_test_COS": 0.8596690893173218, "X_Y_test_MSEloss": 0.0009671497391536832, "X_Y_val_COS": 0.8643748164176941, "X_Y_val_MSEloss": 0.0009656531037762761}}