{"train_samples": 50, "test_samples": 200, "source_model": "google-bert/bert-base-multilingual-cased", "source_dim": 768, "target_dim": 512, "test_results": {"bleu": 0.08, "bleu1": 11.05, "bleu2": 0.04, "bleu3": 0.02, "bleu4": 0.01, "rougeL": 0.014, "rouge1": 0.014, "rouge2": 0.0, "exact_match": 0.0}, "loss": {"X_Y_COS": 1.0, "X_Y_MSEloss": 2.5088425781305546e-10, "X_Y_test_COS": 0.9086259007453918, "X_Y_test_MSEloss": 0.0008254554704762995, "X_Y_val_COS": 0.9112892150878906, "X_Y_val_MSEloss": 0.0008241587202064693}}