{"train_samples": 10, "test_samples": 200, "source_model": "google-t5/t5-base", "source_dim": 768, "target_dim": 512, "test_results": {"bleu": 0.68, "bleu1": 15.84, "bleu2": 1.33, "bleu3": 0.45, "bleu4": 0.31, "rougeL": 0.0572, "rouge1": 0.0649, "rouge2": 0.0062, "exact_match": 0.0}, "loss": {"X_Y_COS": 1.0, "X_Y_MSEloss": 5.563599859372719e-16, "X_Y_test_COS": 0.8508353233337402, "X_Y_test_MSEloss": 0.0005446021677926183, "X_Y_val_COS": 0.8418872356414795, "X_Y_val_MSEloss": 0.0005736768362112343}}