{"train_samples": 1, "test_samples": 200, "source_model": "google/mt5-base", "source_dim": 768, "target_dim": 512, "test_results": {"bleu": 0.2, "bleu1": 13.65, "bleu2": 0.97, "bleu3": 0.03, "bleu4": 0.01, "rougeL": 0.12, "rouge1": 0.1324, "rouge2": 0.0098, "exact_match": 0.0}, "loss": {"X_Y_COS": 0.9999999403953552, "X_Y_MSEloss": 1.3592452054037637e-15, "X_Y_test_COS": 0.9081337451934814, "X_Y_test_MSEloss": 0.0008178639691323042, "X_Y_val_COS": 0.9101601243019104, "X_Y_val_MSEloss": 0.0008120383135974407}}