{"train_samples": 1000, "test_samples": 200, "source_model": "text-embedding-ada-002", "source_dim": 1536, "target_dim": 512, "test_results": {"bleu": 0.55, "bleu1": 15.91, "bleu2": 1.74, "bleu3": 0.27, "bleu4": 0.01, "rougeL": 0.1231, "rouge1": 0.139, "rouge2": 0.0135, "exact_match": 0.0}, "loss": {"X_Y_COS": 1.0, "X_Y_MSEloss": 4.2900817447122375e-12, "X_Y_test_COS": 0.013319281861186028, "X_Y_test_MSEloss": 0.005123625509440899, "X_Y_val_COS": 0.01558475662022829, "X_Y_val_MSEloss": 0.005304583813995123}}