{"train_samples": 6000, "test_samples": 200, "source_model": "google/mt5-base", "source_dim": 768, "target_dim": 512, "test_results": {"bleu": 0.21, "bleu1": 18.26, "bleu2": 1.03, "bleu3": 0.02, "bleu4": 0.01, "rougeL": 0.1358, "rouge1": 0.1759, "rouge2": 0.0114, "exact_match": 0.0}, "loss": {"X_Y_COS": 0.9501259922981262, "X_Y_MSEloss": 0.000191260056453757, "X_Y_test_COS": 0.941284716129303, "X_Y_test_MSEloss": 0.0002247229713248089, "X_Y_val_COS": 0.9425181150436401, "X_Y_val_MSEloss": 0.00021970162924844772}}