{"train_samples": 1, "test_samples": 200, "source_model": "google/flan-t5-base", "source_dim": 768, "target_dim": 512, "test_results": {"bleu": 0.18, "bleu1": 16.94, "bleu2": 1.17, "bleu3": 0.01, "bleu4": 0.01, "rougeL": 0.1264, "rouge1": 0.1458, "rouge2": 0.0113, "exact_match": 0.0}, "loss": {"X_Y_COS": 1.0, "X_Y_MSEloss": 1.7901545031852106e-17, "X_Y_test_COS": 0.7809087038040161, "X_Y_test_MSEloss": 0.0017315208679065108, "X_Y_val_COS": 0.7854791879653931, "X_Y_val_MSEloss": 0.0016787457279860973}}