{"train_samples": 40, "test_samples": 200, "source_model": "google/mt5-base", "source_dim": 768, "target_dim": 512, "test_results": {"bleu": 0.1, "bleu1": 9.5, "bleu2": 0.12, "bleu3": 0.02, "bleu4": 0.01, "rougeL": 0.0735, "rouge1": 0.0824, "rouge2": 0.0014, "exact_match": 0.0}, "loss": {"X_Y_COS": 1.0, "X_Y_MSEloss": 3.744251436677004e-12, "X_Y_test_COS": 0.8019422888755798, "X_Y_test_MSEloss": 0.0007041025091893971, "X_Y_val_COS": 0.804239809513092, "X_Y_val_MSEloss": 0.0006916047423146665}}