{"train_samples": 5, "test_samples": 200, "source_model": "google/flan-t5-base", "source_dim": 768, "target_dim": 512, "test_results": {"bleu": 0.01, "bleu1": 13.56, "bleu2": 0.05, "bleu3": 0.02, "bleu4": 0.01, "rougeL": 0.0016, "rouge1": 0.0016, "rouge2": 0.0, "exact_match": 0.0}, "loss": {"X_Y_COS": 1.0, "X_Y_MSEloss": 3.832087167661598e-16, "X_Y_test_COS": 0.7991716861724854, "X_Y_test_MSEloss": 0.0007127041462808847, "X_Y_val_COS": 0.7982298731803894, "X_Y_val_MSEloss": 0.0007157184882089496}}