{"train_samples": 40, "test_samples": 200, "source_model": "google/mt5-base", "source_dim": 768, "target_dim": 512, "test_results": {"bleu": 0.18, "bleu1": 19.37, "bleu2": 0.61, "bleu3": 0.02, "bleu4": 0.01, "rougeL": 0.1096, "rouge1": 0.1482, "rouge2": 0.0088, "exact_match": 0.0}, "loss": {"X_Y_COS": 1.0, "X_Y_MSEloss": 4.490484373231851e-12, "X_Y_test_COS": 0.8841758370399475, "X_Y_test_MSEloss": 0.0004312247037887573, "X_Y_val_COS": 0.8874925971031189, "X_Y_val_MSEloss": 0.00041844818042591214}}