{"train_samples": 1000, "test_samples": 200, "source_model": "google-bert/bert-base-multilingual-cased", "source_dim": 768, "target_dim": 512, "test_results": {"bleu": 0.14, "bleu1": 9.58, "bleu2": 0.29, "bleu3": 0.02, "bleu4": 0.01, "rougeL": 0.061, "rouge1": 0.0695, "rouge2": 0.0025, "exact_match": 0.0}, "loss": {"X_Y_COS": 0.8933965563774109, "X_Y_MSEloss": 0.00047237647231668234, "X_Y_test_COS": 0.023790836334228516, "X_Y_test_MSEloss": 0.007131595630198717, "X_Y_val_COS": -0.03969059884548187, "X_Y_val_MSEloss": 0.00787469744682312}}