{"train_samples": 30, "test_samples": 200, "source_model": "text-embedding-3-large", "source_dim": 3072, "target_dim": 512, "test_results": {"bleu": 0.05, "bleu1": 9.74, "bleu2": 0.02, "bleu3": 0.01, "bleu4": 0.01, "rougeL": 0.0154, "rouge1": 0.0154, "rouge2": 0.0, "exact_match": 0.0}, "loss": {"X_Y_COS": 1.0, "X_Y_MSEloss": 5.57956325405491e-16, "X_Y_test_COS": 0.8812559247016907, "X_Y_test_MSEloss": 0.00045556097757071257, "X_Y_val_COS": 0.8813258409500122, "X_Y_val_MSEloss": 0.0004555293417070061}}