{"train_samples": 500, "test_samples": 200, "source_model": "google-bert/bert-base-multilingual-cased", "source_dim": 768, "target_dim": 512, "test_results": {"bleu": 25.6, "bleu1": 43.51, "bleu2": 25.92, "bleu3": 22.0, "bleu4": 20.08, "rougeL": 0.3691, "rouge1": 0.417, "rouge2": 0.2559, "exact_match": 0.0}, "loss": {"X_Y_COS": 0.9800395369529724, "X_Y_MSEloss": 7.870981062296778e-05, "X_Y_test_COS": 0.8988296389579773, "X_Y_test_MSEloss": 0.00039350803126581013, "X_Y_val_COS": 0.8966349363327026, "X_Y_val_MSEloss": 0.00040443852776661515, "reg_lambda": 0.001}}