{"train_samples": 30, "test_samples": 200, "source_model": "sentence-transformers/all-MiniLM-L6-v2", "source_dim": 384, "target_dim": 512, "test_results": {"bleu": 0.36, "bleu1": 17.25, "bleu2": 1.07, "bleu3": 0.09, "bleu4": 0.01, "rougeL": 0.1149, "rouge1": 0.1505, "rouge2": 0.0152, "exact_match": 0.0}, "loss": {"X_Y_COS": 1.0, "X_Y_MSEloss": 4.241176817312435e-16, "X_Y_test_COS": 0.8479296565055847, "X_Y_test_MSEloss": 0.000671259593218565, "X_Y_val_COS": 0.8066147565841675, "X_Y_val_MSEloss": 0.0007589760352857411}}