{"train_samples": 10, "test_samples": 200, "source_model": "text-embedding-ada-002", "source_dim": 1536, "target_dim": 512, "test_results": {"bleu": 0.09, "bleu1": 6.91, "bleu2": 0.06, "bleu3": 0.02, "bleu4": 0.01, "rougeL": 0.0584, "rouge1": 0.0658, "rouge2": 0.0012, "exact_match": 0.0}, "loss": {"X_Y_COS": 1.0, "X_Y_MSEloss": 1.876229865915846e-10, "X_Y_test_COS": 0.8479540348052979, "X_Y_test_MSEloss": 0.0011301737977191806, "X_Y_val_COS": 0.8416133522987366, "X_Y_val_MSEloss": 0.001213342067785561}}