{"train_samples": 10, "test_samples": 200, "source_model": "text-embedding-ada-002", "source_dim": 1536, "target_dim": 512, "test_results": {"bleu": 0.04, "bleu1": 8.08, "bleu2": 0.02, "bleu3": 0.01, "bleu4": 0.0, "rougeL": 0.0447, "rouge1": 0.0492, "rouge2": 0.0003, "exact_match": 0.0}, "loss": {"X_Y_COS": 1.0, "X_Y_MSEloss": 1.79052537126721e-15, "X_Y_test_COS": 0.8460705876350403, "X_Y_test_MSEloss": 0.0005551794893108308, "X_Y_val_COS": 0.8410674929618835, "X_Y_val_MSEloss": 0.0005718040629290044}}