{"train_samples": 10, "test_samples": 200, "source_model": "google/flan-t5-base", "source_dim": 768, "target_dim": 512, "test_results": {"bleu": 0.11, "bleu1": 10.65, "bleu2": 0.15, "bleu3": 0.02, "bleu4": 0.01, "rougeL": 0.0452, "rouge1": 0.0528, "rouge2": 0.0033, "exact_match": 0.0}, "loss": {"X_Y_COS": 1.0, "X_Y_MSEloss": 2.4237481443932117e-15, "X_Y_test_COS": 0.9040930867195129, "X_Y_test_MSEloss": 0.0006619125488214195, "X_Y_val_COS": 0.8970734477043152, "X_Y_val_MSEloss": 0.0007329521467909217}}