{"train_samples": 500, "test_samples": 200, "source_model": "google-t5/t5-base", "source_dim": 768, "target_dim": 512, "test_results": {"bleu": 5.08, "bleu1": 32.92, "bleu2": 6.01, "bleu3": 2.5, "bleu4": 1.62, "rougeL": 0.2095, "rouge1": 0.274, "rouge2": 0.0605, "exact_match": 0.0}, "loss": {"X_Y_COS": 0.9756262898445129, "X_Y_MSEloss": 9.458191198064014e-05, "X_Y_test_COS": 0.9189300537109375, "X_Y_test_MSEloss": 0.0003105349314864725, "X_Y_val_COS": 0.9183334708213806, "X_Y_val_MSEloss": 0.000312909425701946}}