{"train_samples": 1, "test_samples": 200, "source_model": "intfloat/multilingual-e5-base", "source_dim": 768, "target_dim": 512, "test_results": {"bleu": 0.23, "bleu1": 15.66, "bleu2": 0.87, "bleu3": 0.02, "bleu4": 0.01, "rougeL": 0.0772, "rouge1": 0.0855, "rouge2": 0.0095, "exact_match": 0.0}, "loss": {"X_Y_COS": 1.0, "X_Y_MSEloss": 3.1696872858762376e-16, "X_Y_test_COS": 0.6656473875045776, "X_Y_test_MSEloss": 0.001096433843486011, "X_Y_val_COS": 0.6638197898864746, "X_Y_val_MSEloss": 0.0011018926743417978}}