{"train_samples": 300, "test_samples": 200, "source_model": "random", "source_dim": 768, "target_dim": 512, "test_results": {"bleu": 0.78, "bleu1": 12.33, "bleu2": 0.61, "bleu3": 0.3, "bleu4": 0.28, "rougeL": 0.0749, "rouge1": 0.0904, "rouge2": 0.0065, "exact_match": 0.0}, "loss": {"X_Y_COS": 0.9129357933998108, "X_Y_MSEloss": 0.0016078236512839794, "X_Y_test_COS": -0.018728600814938545, "X_Y_test_MSEloss": 0.001961994217708707, "X_Y_val_COS": -0.057209353893995285, "X_Y_val_MSEloss": 0.001974149839952588, "reg_lambda": 10}}