{"train_samples": 5, "test_samples": 200, "source_model": "text-embedding-ada-002", "source_dim": 1536, "target_dim": 512, "test_results": {"bleu": 0.14, "bleu1": 14.72, "bleu2": 0.3, "bleu3": 0.02, "bleu4": 0.01, "rougeL": 0.067, "rouge1": 0.0757, "rouge2": 0.0016, "exact_match": 0.0}, "loss": {"X_Y_COS": 1.0, "X_Y_MSEloss": 2.4930493780495055e-10, "X_Y_test_COS": 0.9137527346611023, "X_Y_test_MSEloss": 0.000645384774543345, "X_Y_val_COS": 0.9128151535987854, "X_Y_val_MSEloss": 0.0006361697451211512}}