{"train_samples": 1000, "test_samples": 200, "source_model": "google-bert/bert-base-multilingual-cased", "source_dim": 768, "target_dim": 512, "test_results": {"bleu": 0.12, "bleu1": 12.37, "bleu2": 0.13, "bleu3": 0.02, "bleu4": 0.01, "rougeL": 0.0553, "rouge1": 0.0621, "rouge2": 0.0013, "exact_match": 0.0}, "loss": {"X_Y_COS": 0.9484327435493469, "X_Y_MSEloss": 0.0004024765803478658, "X_Y_test_COS": 0.8639307022094727, "X_Y_test_MSEloss": 0.0010497152106836438, "X_Y_val_COS": 0.8635837435722351, "X_Y_val_MSEloss": 0.0010776540730148554}}