{"train_samples": 10, "test_samples": 200, "source_model": "random", "source_dim": 768, "target_dim": 512, "test_results": {"bleu": 0.86, "bleu1": 13.38, "bleu2": 0.81, "bleu3": 0.29, "bleu4": 0.28, "rougeL": 0.0854, "rouge1": 0.0991, "rouge2": 0.008, "exact_match": 0.0}, "loss": {"X_Y_COS": 1.0, "X_Y_MSEloss": 1.8864784578909166e-07, "X_Y_test_COS": 0.07687726616859436, "X_Y_test_MSEloss": 0.0019482359057292342, "X_Y_val_COS": 0.06454332917928696, "X_Y_val_MSEloss": 0.0019582933746278286, "reg_lambda": 0.01}}