{"train_samples": 30, "test_samples": 200, "source_model": "text-embedding-3-large", "source_dim": 3072, "target_dim": 512, "test_results": {"bleu": 0.04, "bleu1": 7.38, "bleu2": 0.02, "bleu3": 0.01, "bleu4": 0.0, "rougeL": 0.0168, "rouge1": 0.0184, "rouge2": 0.0004, "exact_match": 0.0}, "loss": {"X_Y_COS": 1.0, "X_Y_MSEloss": 1.902797364117248e-12, "X_Y_test_COS": 0.845285952091217, "X_Y_test_MSEloss": 0.0012839382980018854, "X_Y_val_COS": 0.8437111377716064, "X_Y_val_MSEloss": 0.0013178823282942176}}