{"train_samples": 3, "test_samples": 200, "source_model": "google/mt5-base", "source_dim": 768, "target_dim": 512, "test_results": {"bleu": 0.12, "bleu1": 8.81, "bleu2": 0.05, "bleu3": 0.03, "bleu4": 0.02, "rougeL": 0.0, "rouge1": 0.0, "rouge2": 0.0, "exact_match": 0.0}, "loss": {"X_Y_COS": 1.0, "X_Y_MSEloss": 3.1867645288840684e-16, "X_Y_test_COS": 0.8597878813743591, "X_Y_test_MSEloss": 0.0005077408859506249, "X_Y_val_COS": 0.85792076587677, "X_Y_val_MSEloss": 0.0005172766977921128}}