{"train_samples": 5, "test_samples": 200, "source_model": "text-embedding-3-large", "source_dim": 3072, "target_dim": 512, "test_results": {"bleu": 8.15, "bleu1": 22.19, "bleu2": 7.88, "bleu3": 6.73, "bleu4": 6.17, "rougeL": 0.1567, "rouge1": 0.1772, "rouge2": 0.0713, "exact_match": 0.0}, "loss": {"X_Y_COS": 1.0, "X_Y_MSEloss": 9.75735831645998e-17, "X_Y_test_COS": 0.8866411447525024, "X_Y_test_MSEloss": 0.0010543670505285263, "X_Y_val_COS": 0.8858637809753418, "X_Y_val_MSEloss": 0.0010504418751224875}}