{"train_samples": 10, "test_samples": 200, "source_model": "google/flan-t5-base", "source_dim": 768, "target_dim": 512, "test_results": {"bleu": 0.15, "bleu1": 11.46, "bleu2": 0.07, "bleu3": 0.04, "bleu4": 0.02, "rougeL": 0.002, "rouge1": 0.002, "rouge2": 0.0, "exact_match": 0.0}, "loss": {"X_Y_COS": 1.0, "X_Y_MSEloss": 1.234595625127584e-15, "X_Y_test_COS": 0.8569398522377014, "X_Y_test_MSEloss": 0.000530071381945163, "X_Y_val_COS": 0.8610014319419861, "X_Y_val_MSEloss": 0.0005163175519555807}}