{"train_samples": 10, "test_samples": 200, "source_model": "intfloat/multilingual-e5-base", "source_dim": 768, "target_dim": 512, "test_results": {"bleu": 0.13, "bleu1": 7.88, "bleu2": 0.08, "bleu3": 0.03, "bleu4": 0.02, "rougeL": 0.0023, "rouge1": 0.0023, "rouge2": 0.0, "exact_match": 0.0}, "loss": {"X_Y_COS": 1.0, "X_Y_MSEloss": 1.6538899571500267e-15, "X_Y_test_COS": 0.8902029395103455, "X_Y_test_MSEloss": 0.0004049937997478992, "X_Y_val_COS": 0.8888564705848694, "X_Y_val_MSEloss": 0.0004105645348317921}}