{"train_samples": 50, "test_samples": 200, "source_model": "google/mt5-base", "source_dim": 768, "target_dim": 512, "test_results": {"bleu": 0.2, "bleu1": 19.8, "bleu2": 0.89, "bleu3": 0.02, "bleu4": 0.01, "rougeL": 0.1211, "rouge1": 0.1627, "rouge2": 0.0119, "exact_match": 0.0}, "loss": {"X_Y_COS": 1.0, "X_Y_MSEloss": 1.0391330157455414e-11, "X_Y_test_COS": 0.8844950795173645, "X_Y_test_MSEloss": 0.00043141713831573725, "X_Y_val_COS": 0.887974202632904, "X_Y_val_MSEloss": 0.00041721269371919334}}