{"epoch": 2, "dev_acc": 56.99999999999999, "test_acc": 53.5, "test_f1": 53.510000000000005, "test_roc": 73.28}