{"train_samples": 7000, "test_samples": 200, "source_model": "google/mt5-base", "source_dim": 768, "target_dim": 512, "test_results": {"bleu": 32.72, "bleu1": 54.32, "bleu2": 33.61, "bleu3": 27.63, "bleu4": 24.72, "rougeL": 0.4636, "rouge1": 0.5332, "rouge2": 0.3412, "exact_match": 0.0}, "loss": {"X_Y_COS": 0.9542593955993652, "X_Y_MSEloss": 0.00017574157391209155, "X_Y_test_COS": 0.9512138366699219, "X_Y_test_MSEloss": 0.0001864335499703884, "X_Y_val_COS": 0.9501289129257202, "X_Y_val_MSEloss": 0.00019070935377385467}}