{"train_samples": 1000, "test_samples": 200, "source_model": "sentence-transformers/gtr-t5-base", "source_dim": 768, "target_dim": 512, "test_results": {"bleu": 6.51, "bleu1": 22.78, "bleu2": 7.27, "bleu3": 4.47, "bleu4": 2.43, "rougeL": 0.1169, "rouge1": 0.1441, "rouge2": 0.0171, "exact_match": 0.0}, "loss": {"X_Y_COS": 0.9775606393814087, "X_Y_MSEloss": 8.77629718161188e-05, "X_Y_test_COS": 0.8598508238792419, "X_Y_test_MSEloss": 0.0005604828475043178, "X_Y_val_COS": 0.889380693435669, "X_Y_val_MSEloss": 0.0004407375236041844}}