{"train_samples": 1000, "test_samples": 200, "source_model": "google-t5/t5-base", "source_dim": 768, "target_dim": 512, "test_results": {"bleu": 0.12, "bleu1": 10.02, "bleu2": 0.18, "bleu3": 0.02, "bleu4": 0.01, "rougeL": 0.0625, "rouge1": 0.0723, "rouge2": 0.0025, "exact_match": 0.0}, "loss": {"X_Y_COS": 0.8970988988876343, "X_Y_MSEloss": 0.0004763200122397393, "X_Y_test_COS": 0.03758295625448227, "X_Y_test_MSEloss": 0.008612409234046936, "X_Y_val_COS": -0.06656864285469055, "X_Y_val_MSEloss": 0.009202539920806885}}