{"train_samples": 5, "test_samples": 200, "source_model": "text-embedding-ada-002", "source_dim": 1536, "target_dim": 512, "test_results": {"bleu": 0.3, "bleu1": 15.69, "bleu2": 0.94, "bleu3": 0.06, "bleu4": 0.01, "rougeL": 0.1218, "rouge1": 0.1551, "rouge2": 0.0173, "exact_match": 0.0}, "loss": {"X_Y_COS": 1.0, "X_Y_MSEloss": 1.4892711155544032e-15, "X_Y_test_COS": 0.9104318618774414, "X_Y_test_MSEloss": 0.0003374084772076458, "X_Y_val_COS": 0.9091798067092896, "X_Y_val_MSEloss": 0.0003419355198275298}}