{"train_samples": 1000, "test_samples": 200, "source_model": "text-embedding-ada-002", "source_dim": 1536, "target_dim": 512, "test_results": {"bleu": 2.28, "bleu1": 26.66, "bleu2": 3.93, "bleu3": 0.98, "bleu4": 0.26, "rougeL": 0.2011, "rouge1": 0.2614, "rouge2": 0.0516, "exact_match": 0.0}, "loss": {"X_Y_COS": 0.9563187956809998, "X_Y_MSEloss": 0.00016745303582865745, "X_Y_test_COS": 0.9307777285575867, "X_Y_test_MSEloss": 0.0002630350354593247, "X_Y_val_COS": 0.9284455180168152, "X_Y_val_MSEloss": 0.0002715149021241814}}