{"train_samples": 40, "test_samples": 200, "source_model": "google/flan-t5-base", "source_dim": 768, "target_dim": 512, "test_results": {"bleu": 0.18, "bleu1": 20.75, "bleu2": 0.82, "bleu3": 0.02, "bleu4": 0.01, "rougeL": 0.1062, "rouge1": 0.1275, "rouge2": 0.006, "exact_match": 0.0}, "loss": {"X_Y_COS": 1.0, "X_Y_MSEloss": 3.5618949738476513e-13, "X_Y_test_COS": 0.8434045910835266, "X_Y_test_MSEloss": 0.0005672601982951164, "X_Y_val_COS": 0.8501258492469788, "X_Y_val_MSEloss": 0.0005456567159853876}}