{"train_samples": 50, "test_samples": 200, "source_model": "intfloat/multilingual-e5-base", "source_dim": 768, "target_dim": 512, "test_results": {"bleu": 0.2, "bleu1": 14.38, "bleu2": 0.61, "bleu3": 0.02, "bleu4": 0.01, "rougeL": 0.1022, "rouge1": 0.1112, "rouge2": 0.0061, "exact_match": 0.0}, "loss": {"X_Y_COS": 1.0, "X_Y_MSEloss": 6.252754824326301e-12, "X_Y_test_COS": 0.9036521911621094, "X_Y_test_MSEloss": 0.00035918576759286225, "X_Y_val_COS": 0.9047908782958984, "X_Y_val_MSEloss": 0.00035607448080554605}}