{"train_samples": 10, "test_samples": 200, "source_model": "google/mt5-base", "source_dim": 768, "target_dim": 512, "test_results": {"bleu": 0.05, "bleu1": 8.22, "bleu2": 0.02, "bleu3": 0.01, "bleu4": 0.0, "rougeL": 0.1888, "rouge1": 0.2626, "rouge2": 0.0114, "exact_match": 0.0}, "loss": {"X_Y_COS": 1.0, "X_Y_MSEloss": 3.704508335695576e-15, "X_Y_test_COS": 0.8686177134513855, "X_Y_test_MSEloss": 0.0004805317730642855, "X_Y_val_COS": 0.8651981353759766, "X_Y_val_MSEloss": 0.00048566365148872137}}