{"train_samples": 40, "test_samples": 200, "source_model": "google-bert/bert-base-multilingual-cased", "source_dim": 768, "target_dim": 512, "test_results": {"bleu": 0.19, "bleu1": 14.34, "bleu2": 0.83, "bleu3": 0.02, "bleu4": 0.01, "rougeL": 0.1078, "rouge1": 0.1323, "rouge2": 0.008, "exact_match": 0.0}, "loss": {"X_Y_COS": 1.0, "X_Y_MSEloss": 1.1607269236480616e-13, "X_Y_test_COS": 0.8593740463256836, "X_Y_test_MSEloss": 0.0005170147051103413, "X_Y_val_COS": 0.8647234439849854, "X_Y_val_MSEloss": 0.00049846206093207}}