{"train_samples": 40, "test_samples": 200, "source_model": "google-bert/bert-base-multilingual-cased", "source_dim": 768, "target_dim": 512, "test_results": {"bleu": 11.39, "bleu1": 27.63, "bleu2": 10.46, "bleu3": 8.58, "bleu4": 7.9, "rougeL": 0.2042, "rouge1": 0.2433, "rouge2": 0.0981, "exact_match": 0.0}, "loss": {"X_Y_COS": 1.0, "X_Y_MSEloss": 5.37050113581794e-13, "X_Y_test_COS": 0.9017069935798645, "X_Y_test_MSEloss": 0.0003691779274959117, "X_Y_val_COS": 0.9015722274780273, "X_Y_val_MSEloss": 0.000369919347576797}}