{"train_samples": 30, "test_samples": 200, "source_model": "text-embedding-3-large", "source_dim": 3072, "target_dim": 512, "test_results": {"bleu": 0.11, "bleu1": 12.01, "bleu2": 0.12, "bleu3": 0.02, "bleu4": 0.01, "rougeL": 0.0241, "rouge1": 0.025, "rouge2": 0.0, "exact_match": 0.0}, "loss": {"X_Y_COS": 1.0, "X_Y_MSEloss": 4.959027975687594e-16, "X_Y_test_COS": 0.8883748650550842, "X_Y_test_MSEloss": 0.00043673181789927185, "X_Y_val_COS": 0.8842734098434448, "X_Y_val_MSEloss": 0.0004449964326340705}}