{"train_samples": 30, "test_samples": 200, "source_model": "sentence-transformers/gtr-t5-base", "source_dim": 768, "target_dim": 512, "test_results": {"bleu": 0.26, "bleu1": 13.98, "bleu2": 1.03, "bleu3": 0.09, "bleu4": 0.02, "rougeL": 0.069, "rouge1": 0.0757, "rouge2": 0.0099, "exact_match": 0.0}, "loss": {"X_Y_COS": 1.0, "X_Y_MSEloss": 1.1891473311888257e-15, "X_Y_test_COS": 0.8984354734420776, "X_Y_test_MSEloss": 0.0008236662833951414, "X_Y_val_COS": 0.9014421105384827, "X_Y_val_MSEloss": 0.0008044910500757396}}