{"train_samples": 6000, "test_samples": 200, "source_model": "sentence-transformers/all-MiniLM-L6-v2", "source_dim": 384, "target_dim": 512, "test_results": {"bleu": 0.15, "bleu1": 13.21, "bleu2": 0.28, "bleu3": 0.02, "bleu4": 0.01, "rougeL": 0.0686, "rouge1": 0.0762, "rouge2": 0.0079, "exact_match": 0.0}, "loss": {"X_Y_COS": 0.9219138622283936, "X_Y_MSEloss": 0.0003105529467575252, "X_Y_test_COS": 0.9154067635536194, "X_Y_test_MSEloss": 0.0003339089744258672, "X_Y_val_COS": 0.9099435210227966, "X_Y_val_MSEloss": 0.00035323682823218405}}