{"train_samples": 500, "test_samples": 200, "source_model": "intfloat/multilingual-e5-base", "source_dim": 768, "target_dim": 512, "test_results": {"bleu": 0.74, "bleu1": 17.15, "bleu2": 1.27, "bleu3": 0.24, "bleu4": 0.16, "rougeL": 0.0743, "rouge1": 0.0836, "rouge2": 0.0072, "exact_match": 0.0}, "loss": {"X_Y_COS": 0.9674829840660095, "X_Y_MSEloss": 0.00012567803787533194, "X_Y_test_COS": 0.8268081545829773, "X_Y_test_MSEloss": 0.0006654842873103917, "X_Y_val_COS": 0.832588791847229, "X_Y_val_MSEloss": 0.000645290594547987}}