{"train_samples": 1000, "test_samples": 200, "source_model": "intfloat/multilingual-e5-base", "source_dim": 768, "target_dim": 512, "test_results": {"bleu": 0.63, "bleu1": 18.12, "bleu2": 1.4, "bleu3": 0.2, "bleu4": 0.06, "rougeL": 0.0762, "rouge1": 0.0853, "rouge2": 0.0067, "exact_match": 0.0}, "loss": {"X_Y_COS": 0.9625074863433838, "X_Y_MSEloss": 0.00014461553655564785, "X_Y_test_COS": 0.9037824273109436, "X_Y_test_MSEloss": 0.0003668374556582421, "X_Y_val_COS": 0.9043195843696594, "X_Y_val_MSEloss": 0.0003656101180240512}}