{"train_samples": 20, "test_samples": 200, "source_model": "sentence-transformers/gtr-t5-base", "source_dim": 768, "target_dim": 512, "test_results": {"bleu": 0.1, "bleu1": 10.51, "bleu2": 0.13, "bleu3": 0.02, "bleu4": 0.01, "rougeL": 0.0093, "rouge1": 0.0103, "rouge2": 0.0, "exact_match": 0.0}, "loss": {"X_Y_COS": 1.0, "X_Y_MSEloss": 1.9744092360943037e-15, "X_Y_test_COS": 0.8898108005523682, "X_Y_test_MSEloss": 0.0006553427665494382, "X_Y_val_COS": 0.8857678771018982, "X_Y_val_MSEloss": 0.0007111076847650111}}