{"train_samples": 20, "test_samples": 200, "source_model": "sentence-transformers/gtr-t5-base", "source_dim": 768, "target_dim": 512, "test_results": {"bleu": 0.07, "bleu1": 10.73, "bleu2": 0.04, "bleu3": 0.02, "bleu4": 0.01, "rougeL": 0.0133, "rouge1": 0.0135, "rouge2": 0.0, "exact_match": 0.0}, "loss": {"X_Y_COS": 1.0, "X_Y_MSEloss": 2.078181238207577e-10, "X_Y_test_COS": 0.9150532484054565, "X_Y_test_MSEloss": 0.0008061437983997166, "X_Y_val_COS": 0.9117892384529114, "X_Y_val_MSEloss": 0.0008771136053837836}}