{"train_samples": 20, "test_samples": 200, "source_model": "sentence-transformers/all-MiniLM-L6-v2", "source_dim": 384, "target_dim": 512, "test_results": {"bleu": 0.19, "bleu1": 13.95, "bleu2": 0.79, "bleu3": 0.03, "bleu4": 0.01, "rougeL": 0.1119, "rouge1": 0.1278, "rouge2": 0.0072, "exact_match": 0.0}, "loss": {"X_Y_COS": 1.0, "X_Y_MSEloss": 1.825580658865178e-10, "X_Y_test_COS": 0.9082034230232239, "X_Y_test_MSEloss": 0.0007380836177617311, "X_Y_val_COS": 0.9075095057487488, "X_Y_val_MSEloss": 0.0007563992985524237}}