{"train_samples": 20, "test_samples": 200, "source_model": "google/mt5-base", "source_dim": 768, "target_dim": 512, "test_results": {"bleu": 0.08, "bleu1": 12.23, "bleu2": 0.03, "bleu3": 0.02, "bleu4": 0.01, "rougeL": 0.0157, "rouge1": 0.0168, "rouge2": 0.0, "exact_match": 0.0}, "loss": {"X_Y_COS": 1.0, "X_Y_MSEloss": 2.6455173365554432e-14, "X_Y_test_COS": 0.8837786912918091, "X_Y_test_MSEloss": 0.00043534196447581053, "X_Y_val_COS": 0.8811354637145996, "X_Y_val_MSEloss": 0.0004438599571585655}}