{"train_samples": 100, "test_samples": 200, "source_model": "sentence-transformers/all-MiniLM-L6-v2", "source_dim": 384, "target_dim": 512, "test_results": {"bleu": 0.04, "bleu1": 9.02, "bleu2": 0.02, "bleu3": 0.01, "bleu4": 0.01, "rougeL": 0.0129, "rouge1": 0.0132, "rouge2": 0.0, "exact_match": 0.0}, "loss": {"X_Y_COS": 1.0, "X_Y_MSEloss": 8.964592848430264e-13, "X_Y_test_COS": 0.8297961354255676, "X_Y_test_MSEloss": 0.0006636905600316823, "X_Y_val_COS": 0.8172860741615295, "X_Y_val_MSEloss": 0.0006958123412914574}}