{"train_samples": 20, "test_samples": 200, "source_model": "sentence-transformers/all-MiniLM-L6-v2", "source_dim": 384, "target_dim": 512, "test_results": {"bleu": 0.04, "bleu1": 11.12, "bleu2": 0.02, "bleu3": 0.01, "bleu4": 0.01, "rougeL": 0.0108, "rouge1": 0.0112, "rouge2": 0.0, "exact_match": 0.0}, "loss": {"X_Y_COS": 1.0, "X_Y_MSEloss": 6.098635102648594e-16, "X_Y_test_COS": 0.8784739375114441, "X_Y_test_MSEloss": 0.0008259290480054915, "X_Y_val_COS": 0.8713311553001404, "X_Y_val_MSEloss": 0.0008914050413295627}}