{"train_samples": 50, "test_samples": 200, "source_model": "text-embedding-ada-002", "source_dim": 1536, "target_dim": 512, "test_results": {"bleu": 0.21, "bleu1": 17.62, "bleu2": 0.82, "bleu3": 0.02, "bleu4": 0.01, "rougeL": 0.1022, "rouge1": 0.1109, "rouge2": 0.0075, "exact_match": 0.0}, "loss": {"X_Y_COS": 1.0, "X_Y_MSEloss": 5.04470187845385e-10, "X_Y_test_COS": 0.8800241947174072, "X_Y_test_MSEloss": 0.0011139906710013747, "X_Y_val_COS": 0.8864337205886841, "X_Y_val_MSEloss": 0.0010602076072245836}}