{"train_samples": 5, "test_samples": 200, "source_model": "text-embedding-ada-002", "source_dim": 1536, "target_dim": 512, "test_results": {"bleu": 0.71, "bleu1": 18.56, "bleu2": 1.06, "bleu3": 0.21, "bleu4": 0.06, "rougeL": 0.1146, "rouge1": 0.1507, "rouge2": 0.013, "exact_match": 0.0}, "loss": {"X_Y_COS": 1.0, "X_Y_MSEloss": 8.599061539866712e-16, "X_Y_test_COS": 0.8367934226989746, "X_Y_test_MSEloss": 0.0005841379170306027, "X_Y_val_COS": 0.8330457210540771, "X_Y_val_MSEloss": 0.000596063444390893}}