{"train_samples": 1000, "test_samples": 200, "source_model": "google-t5/t5-base", "source_dim": 768, "target_dim": 512, "test_results": {"bleu": 0.52, "bleu1": 15.97, "bleu2": 1.4, "bleu3": 0.13, "bleu4": 0.03, "rougeL": 0.1155, "rouge1": 0.1301, "rouge2": 0.0105, "exact_match": 0.0}, "loss": {"X_Y_COS": 0.8880357146263123, "X_Y_MSEloss": 0.0004889898118562996, "X_Y_test_COS": 0.0072379945777356625, "X_Y_test_MSEloss": 0.009036468341946602, "X_Y_val_COS": 0.05481673777103424, "X_Y_val_MSEloss": 0.00874568335711956}}