{"train_samples": 20, "test_samples": 200, "source_model": "intfloat/multilingual-e5-base", "source_dim": 768, "target_dim": 512, "test_results": {"bleu": 0.1, "bleu1": 8.51, "bleu2": 0.05, "bleu3": 0.02, "bleu4": 0.01, "rougeL": 0.0035, "rouge1": 0.0035, "rouge2": 0.0, "exact_match": 0.0}, "loss": {"X_Y_COS": 1.0, "X_Y_MSEloss": 8.655554571690427e-14, "X_Y_test_COS": 0.8469898700714111, "X_Y_test_MSEloss": 0.0005523722502402961, "X_Y_val_COS": 0.8504301905632019, "X_Y_val_MSEloss": 0.0005407325807027519}}