{"train_samples": 40, "test_samples": 200, "source_model": "sentence-transformers/all-MiniLM-L6-v2", "source_dim": 384, "target_dim": 512, "test_results": {"bleu": 0.1, "bleu1": 8.82, "bleu2": 0.1, "bleu3": 0.02, "bleu4": 0.01, "rougeL": 0.0382, "rouge1": 0.0413, "rouge2": 0.0006, "exact_match": 0.0}, "loss": {"X_Y_COS": 1.0, "X_Y_MSEloss": 3.1152768539599368e-15, "X_Y_test_COS": 0.82637619972229, "X_Y_test_MSEloss": 0.0006436440744437277, "X_Y_val_COS": 0.8219096064567566, "X_Y_val_MSEloss": 0.0006609650445170701}}