{"train_samples": 8000, "test_samples": 200, "source_model": "google/mt5-base", "source_dim": 768, "target_dim": 512, "test_results": {"bleu": 32.22, "bleu1": 54.17, "bleu2": 33.26, "bleu3": 27.3, "bleu4": 24.33, "rougeL": 0.4658, "rouge1": 0.533, "rouge2": 0.3388, "exact_match": 0.0}, "loss": {"X_Y_COS": 0.9538331627845764, "X_Y_MSEloss": 0.00017725206271279603, "X_Y_test_COS": 0.9513636827468872, "X_Y_test_MSEloss": 0.00018599696340970695, "X_Y_val_COS": 0.950205385684967, "X_Y_val_MSEloss": 0.00019046632223762572}}