{"train_samples": 100, "test_samples": 200, "source_model": "google/mt5-base", "source_dim": 768, "target_dim": 512, "test_results": {"bleu": 0.14, "bleu1": 11.59, "bleu2": 0.28, "bleu3": 0.02, "bleu4": 0.01, "rougeL": 0.0597, "rouge1": 0.0685, "rouge2": 0.0085, "exact_match": 0.0}, "loss": {"X_Y_COS": 0.9999984502792358, "X_Y_MSEloss": 5.65514213235474e-08, "X_Y_test_COS": 0.880498468875885, "X_Y_test_MSEloss": 0.0009062114404514432, "X_Y_val_COS": 0.8702380061149597, "X_Y_val_MSEloss": 0.0010111862793564796}}