{"train_samples": 3, "test_samples": 200, "source_model": "text-embedding-3-large", "source_dim": 3072, "target_dim": 512, "test_results": {"bleu": 0.1, "bleu1": 8.32, "bleu2": 0.11, "bleu3": 0.01, "bleu4": 0.01, "rougeL": 0.0377, "rouge1": 0.0406, "rouge2": 0.0, "exact_match": 0.0}, "loss": {"X_Y_COS": 1.0, "X_Y_MSEloss": 8.569937238417659e-17, "X_Y_test_COS": 0.8819630742073059, "X_Y_test_MSEloss": 0.0007543415995314717, "X_Y_val_COS": 0.883620023727417, "X_Y_val_MSEloss": 0.0007531504379585385}}