{"train_samples": 1, "test_samples": 200, "source_model": "random", "source_dim": 768, "target_dim": 512, "test_results": {"bleu": 0.19, "bleu1": 15.17, "bleu2": 1.45, "bleu3": 0.01, "bleu4": 0.01, "rougeL": 0.1333, "rouge1": 0.1425, "rouge2": 0.0092, "exact_match": 0.0}, "loss": {"X_Y_COS": 1.0000001192092896, "X_Y_MSEloss": 3.5195378334762733e-16, "X_Y_test_COS": 0.02674410678446293, "X_Y_test_MSEloss": 0.001945348340086639, "X_Y_val_COS": 0.05847008898854256, "X_Y_val_MSEloss": 0.0019492529099807143}}