{"train_samples": 500, "test_samples": 200, "source_model": "google/flan-t5-base", "source_dim": 768, "target_dim": 512, "test_results": {"bleu": 0.2, "bleu1": 13.03, "bleu2": 0.27, "bleu3": 0.04, "bleu4": 0.02, "rougeL": 0.0414, "rouge1": 0.0456, "rouge2": 0.0004, "exact_match": 0.0}, "loss": {"X_Y_COS": 0.9798823595046997, "X_Y_MSEloss": 7.837464363547042e-05, "X_Y_test_COS": 0.8642174601554871, "X_Y_test_MSEloss": 0.0005315355956554413, "X_Y_val_COS": 0.8577009439468384, "X_Y_val_MSEloss": 0.000555896433070302}}