{"train_samples": 3, "test_samples": 200, "source_model": "text-embedding-3-large", "source_dim": 3072, "target_dim": 512, "test_results": {"bleu": 0.27, "bleu1": 20.08, "bleu2": 0.79, "bleu3": 0.03, "bleu4": 0.01, "rougeL": 0.1317, "rouge1": 0.1714, "rouge2": 0.007, "exact_match": 0.0}, "loss": {"X_Y_COS": 1.0, "X_Y_MSEloss": 9.10391408755616e-17, "X_Y_test_COS": 0.8809685111045837, "X_Y_test_MSEloss": 0.0010222895070910454, "X_Y_val_COS": 0.8820784091949463, "X_Y_val_MSEloss": 0.0009995001601055264}}