{"train_samples": 1, "test_samples": 200, "source_model": "random", "source_dim": 768, "target_dim": 512, "test_results": {"bleu": 0.39, "bleu1": 15.62, "bleu2": 1.45, "bleu3": 0.04, "bleu4": 0.02, "rougeL": 0.1336, "rouge1": 0.1433, "rouge2": 0.0095, "exact_match": 0.0}, "loss": {"X_Y_COS": 1.0, "X_Y_MSEloss": 4.565655287070856e-16, "X_Y_test_COS": 0.02854595147073269, "X_Y_test_MSEloss": 0.00194550899323076, "X_Y_val_COS": 0.03277917578816414, "X_Y_val_MSEloss": 0.0019514670129865408}}