{"train_samples": 1000, "test_samples": 200, "source_model": "google-bert/bert-base-multilingual-cased", "source_dim": 768, "target_dim": 512, "test_results": {"bleu": 1.32, "bleu1": 9.61, "bleu2": 1.21, "bleu3": 0.71, "bleu4": 0.41, "rougeL": 0.046, "rouge1": 0.0522, "rouge2": 0.0035, "exact_match": 0.0}, "loss": {"X_Y_COS": 0.9153469800949097, "X_Y_MSEloss": 0.00041939460788853467, "X_Y_test_COS": -0.018976297229528427, "X_Y_test_MSEloss": 0.008393687196075916, "X_Y_val_COS": -0.024646226316690445, "X_Y_val_MSEloss": 0.007129981182515621}}