{"train_samples": 1000, "test_samples": 200, "source_model": "google-bert/bert-base-multilingual-cased", "source_dim": 768, "target_dim": 512, "test_results": {"bleu": 1.01, "bleu1": 8.06, "bleu2": 1.03, "bleu3": 0.58, "bleu4": 0.24, "rougeL": 0.044, "rouge1": 0.0476, "rouge2": 0.0029, "exact_match": 0.0}, "loss": {"X_Y_COS": 0.9024973511695862, "X_Y_MSEloss": 0.00045738229528069496, "X_Y_test_COS": -0.029035203158855438, "X_Y_test_MSEloss": 0.00924563780426979, "X_Y_val_COS": 0.040372345596551895, "X_Y_val_MSEloss": 0.008241033181548119}}