{"train_samples": 50, "test_samples": 200, "source_model": "sentence-transformers/all-MiniLM-L6-v2", "source_dim": 384, "target_dim": 512, "test_results": {"bleu": 0.05, "bleu1": 8.43, "bleu2": 0.02, "bleu3": 0.01, "bleu4": 0.0, "rougeL": 0.1993, "rouge1": 0.2744, "rouge2": 0.024, "exact_match": 0.0}, "loss": {"X_Y_COS": 1.0, "X_Y_MSEloss": 7.397807410061685e-13, "X_Y_test_COS": 0.8601158857345581, "X_Y_test_MSEloss": 0.0005220375605858862, "X_Y_val_COS": 0.8579140901565552, "X_Y_val_MSEloss": 0.0005290982662700117}}