{"train_samples": 500, "test_samples": 200, "source_model": "google-bert/bert-base-multilingual-cased", "source_dim": 768, "target_dim": 512, "test_results": {"bleu": 26.59, "bleu1": 44.86, "bleu2": 26.51, "bleu3": 22.61, "bleu4": 20.81, "rougeL": 0.3833, "rouge1": 0.4315, "rouge2": 0.2686, "exact_match": 0.0}, "loss": {"X_Y_COS": 0.9788562655448914, "X_Y_MSEloss": 8.342248474946246e-05, "X_Y_test_COS": 0.9257148504257202, "X_Y_test_MSEloss": 0.0002797256747726351, "X_Y_val_COS": 0.923659086227417, "X_Y_val_MSEloss": 0.00028911352274008095, "reg_lambda": 0.1}}