{"train_samples": 1000, "test_samples": 200, "source_model": "sentence-transformers/gtr-t5-base", "source_dim": 768, "target_dim": 512, "test_results": {"bleu": 0.17, "bleu1": 15.97, "bleu2": 0.68, "bleu3": 0.03, "bleu4": 0.02, "rougeL": 0.044, "rouge1": 0.0476, "rouge2": 0.0027, "exact_match": 0.0}, "loss": {"X_Y_COS": 0.9753782153129578, "X_Y_MSEloss": 0.00017101879348047078, "X_Y_test_COS": 0.8415061831474304, "X_Y_test_MSEloss": 0.0011964349541813135, "X_Y_val_COS": 0.8426787257194519, "X_Y_val_MSEloss": 0.0011444144183769822}}