{"train_samples": 1000, "test_samples": 200, "source_model": "sentence-transformers/gtr-t5-base", "source_dim": 768, "target_dim": 512, "test_results": {"bleu": 0.15, "bleu1": 14.73, "bleu2": 0.41, "bleu3": 0.03, "bleu4": 0.02, "rougeL": 0.0348, "rouge1": 0.0374, "rouge2": 0.0014, "exact_match": 0.0}, "loss": {"X_Y_COS": 0.9832685589790344, "X_Y_MSEloss": 0.00017771925195120275, "X_Y_test_COS": 0.8764069080352783, "X_Y_test_MSEloss": 0.0013932439032942057, "X_Y_val_COS": 0.8772072196006775, "X_Y_val_MSEloss": 0.001321598538197577}}