{"train_samples": 1, "test_samples": 200, "source_model": "text-embedding-ada-002", "source_dim": 1536, "target_dim": 512, "test_results": {"bleu": 0.37, "bleu1": 21.89, "bleu2": 1.45, "bleu3": 0.05, "bleu4": 0.01, "rougeL": 0.1385, "rouge1": 0.1595, "rouge2": 0.013, "exact_match": 0.0}, "loss": {"X_Y_COS": 1.0000001192092896, "X_Y_MSEloss": 9.20200500271074e-16, "X_Y_test_COS": 0.7756454348564148, "X_Y_test_MSEloss": 0.0007905247621238232, "X_Y_val_COS": 0.7768252491950989, "X_Y_val_MSEloss": 0.0007870013359934092}}