{"train_samples": 40, "test_samples": 200, "source_model": "google-bert/bert-base-multilingual-cased", "source_dim": 768, "target_dim": 512, "test_results": {"bleu": 0.91, "bleu1": 22.58, "bleu2": 1.58, "bleu3": 0.23, "bleu4": 0.08, "rougeL": 0.1476, "rouge1": 0.1885, "rouge2": 0.017, "exact_match": 0.0}, "loss": {"X_Y_COS": 1.0, "X_Y_MSEloss": 1.132918831989703e-13, "X_Y_test_COS": 0.9024999737739563, "X_Y_test_MSEloss": 0.00036943485611118376, "X_Y_val_COS": 0.9035484194755554, "X_Y_val_MSEloss": 0.00036558732972480357}}