{"train_samples": 100, "test_samples": 200, "source_model": "intfloat/multilingual-e5-base", "source_dim": 768, "target_dim": 512, "test_results": {"bleu": 0.22, "bleu1": 19.64, "bleu2": 0.93, "bleu3": 0.03, "bleu4": 0.01, "rougeL": 0.1128, "rouge1": 0.1249, "rouge2": 0.0063, "exact_match": 0.0}, "loss": {"X_Y_COS": 0.9999998211860657, "X_Y_MSEloss": 5.216661325135874e-09, "X_Y_test_COS": 0.9030478000640869, "X_Y_test_MSEloss": 0.0008873394690454006, "X_Y_val_COS": 0.908078134059906, "X_Y_val_MSEloss": 0.0008629755466245115}}