{"train_samples": 100, "test_samples": 200, "source_model": "google/flan-t5-base", "source_dim": 768, "target_dim": 512, "test_results": {"bleu": 2.73, "bleu1": 26.75, "bleu2": 4.1, "bleu3": 1.32, "bleu4": 0.57, "rougeL": 0.1698, "rouge1": 0.2165, "rouge2": 0.0494, "exact_match": 0.0}, "loss": {"X_Y_COS": 1.0, "X_Y_MSEloss": 8.944214119344096e-11, "X_Y_test_COS": 0.8331897258758545, "X_Y_test_MSEloss": 0.0006143091595731676, "X_Y_val_COS": 0.8299399614334106, "X_Y_val_MSEloss": 0.0006250707083381712}}