{"train_samples": 50, "test_samples": 200, "source_model": "google-t5/t5-base", "source_dim": 768, "target_dim": 512, "test_results": {"bleu": 0.85, "bleu1": 18.02, "bleu2": 0.81, "bleu3": 0.25, "bleu4": 0.2, "rougeL": 0.068, "rouge1": 0.0806, "rouge2": 0.0087, "exact_match": 0.0}, "loss": {"X_Y_COS": 1.0, "X_Y_MSEloss": 1.2665160803795872e-12, "X_Y_test_COS": 0.8848696947097778, "X_Y_test_MSEloss": 0.0004253673832863569, "X_Y_val_COS": 0.8802142143249512, "X_Y_val_MSEloss": 0.0004425990046001971}}