{"train_samples": 1, "test_samples": 200, "source_model": "sentence-transformers/all-MiniLM-L6-v2", "source_dim": 384, "target_dim": 512, "test_results": {"bleu": 0.2, "bleu1": 22.25, "bleu2": 1.37, "bleu3": 0.04, "bleu4": 0.02, "rougeL": 0.0938, "rouge1": 0.107, "rouge2": 0.0092, "exact_match": 0.0}, "loss": {"X_Y_COS": 1.0000001192092896, "X_Y_MSEloss": 1.5661489640477264e-16, "X_Y_test_COS": 0.8445616960525513, "X_Y_test_MSEloss": 0.00106020865496248, "X_Y_val_COS": 0.8575372099876404, "X_Y_val_MSEloss": 0.0010462854988873005}}