{"train_samples": 1, "test_samples": 200, "source_model": "sentence-transformers/all-MiniLM-L6-v2", "source_dim": 384, "target_dim": 512, "test_results": {"bleu": 0.05, "bleu1": 10.11, "bleu2": 0.02, "bleu3": 0.01, "bleu4": 0.01, "rougeL": 0.0791, "rouge1": 0.0877, "rouge2": 0.0, "exact_match": 0.0}, "loss": {"X_Y_COS": 1.0, "X_Y_MSEloss": 2.7501983546516082e-17, "X_Y_test_COS": 0.8645522594451904, "X_Y_test_MSEloss": 0.00276121124625206, "X_Y_val_COS": 0.8776746988296509, "X_Y_val_MSEloss": 0.00278567336499691}}