{"train_samples": 1000, "test_samples": 200, "source_model": "google-t5/t5-base", "source_dim": 768, "target_dim": 512, "test_results": {"bleu": 0.4, "bleu1": 16.56, "bleu2": 1.65, "bleu3": 0.08, "bleu4": 0.01, "rougeL": 0.1187, "rouge1": 0.134, "rouge2": 0.013, "exact_match": 0.0}, "loss": {"X_Y_COS": 0.9110326170921326, "X_Y_MSEloss": 0.0004508762795012444, "X_Y_test_COS": -0.03486540913581848, "X_Y_test_MSEloss": 0.009892372414469719, "X_Y_val_COS": 0.06402448564767838, "X_Y_val_MSEloss": 0.008503830060362816}}