{"train_samples": 100, "test_samples": 200, "source_model": "intfloat/multilingual-e5-base", "source_dim": 768, "target_dim": 512, "test_results": {"bleu": 0.56, "bleu1": 16.43, "bleu2": 0.91, "bleu3": 0.18, "bleu4": 0.12, "rougeL": 0.06, "rouge1": 0.0667, "rouge2": 0.0046, "exact_match": 0.0}, "loss": {"X_Y_COS": 0.9999995827674866, "X_Y_MSEloss": 1.39339340066158e-08, "X_Y_test_COS": 0.872334897518158, "X_Y_test_MSEloss": 0.0011791957076638937, "X_Y_val_COS": 0.8740975856781006, "X_Y_val_MSEloss": 0.0011431039310991764}}