{"train_samples": 1, "test_samples": 200, "source_model": "text-embedding-3-large", "source_dim": 3072, "target_dim": 512, "test_results": {"bleu": 0.19, "bleu1": 19.95, "bleu2": 0.75, "bleu3": 0.01, "bleu4": 0.01, "rougeL": 0.1311, "rouge1": 0.1453, "rouge2": 0.0104, "exact_match": 0.0}, "loss": {"X_Y_COS": 1.0, "X_Y_MSEloss": 7.405689790672133e-17, "X_Y_test_COS": 0.7059429883956909, "X_Y_test_MSEloss": 0.0015860338462516665, "X_Y_val_COS": 0.7111866474151611, "X_Y_val_MSEloss": 0.001576695591211319}}