{"epoch": 0, "dev_acc": 55.50000000000001, "test_acc": 56.00000000000001, "test_f1": 53.68000000000001, "test_roc": 57.46}