{"epoch": 0, "dev_acc": 47.5, "test_acc": 45.5, "test_f1": 49.769999999999996, "test_roc": 50.349999999999994}