{"train_samples": 1, "test_samples": 200, "source_model": "sentence-transformers/all-MiniLM-L6-v2", "source_dim": 384, "target_dim": 512, "test_results": {"bleu": 0.22, "bleu1": 13.32, "bleu2": 0.32, "bleu3": 0.1, "bleu4": 0.06, "rougeL": 0.0068, "rouge1": 0.0072, "rouge2": 0.0, "exact_match": 0.0}, "loss": {"X_Y_COS": 1.0, "X_Y_MSEloss": 4.3532633637336166e-16, "X_Y_test_COS": 0.7655734419822693, "X_Y_test_MSEloss": 0.0027956438716500998, "X_Y_val_COS": 0.7300437092781067, "X_Y_val_MSEloss": 0.002819552319124341}}