{"train_samples": 1000, "test_samples": 200, "source_model": "google/mt5-base", "source_dim": 768, "target_dim": 512, "test_results": {"bleu": 1.08, "bleu1": 19.31, "bleu2": 1.36, "bleu3": 0.49, "bleu4": 0.27, "rougeL": 0.0907, "rouge1": 0.1069, "rouge2": 0.0102, "exact_match": 0.0}, "loss": {"X_Y_COS": 0.9735044240951538, "X_Y_MSEloss": 0.00010303044109605253, "X_Y_test_COS": 0.9456766247749329, "X_Y_test_MSEloss": 0.00020906316058244556, "X_Y_val_COS": 0.9425948858261108, "X_Y_val_MSEloss": 0.00022040819749236107}}