{"train_samples": 40, "test_samples": 200, "source_model": "sentence-transformers/all-MiniLM-L6-v2", "source_dim": 384, "target_dim": 512, "test_results": {"bleu": 0.22, "bleu1": 18.44, "bleu2": 0.87, "bleu3": 0.03, "bleu4": 0.01, "rougeL": 0.1013, "rouge1": 0.1135, "rouge2": 0.0065, "exact_match": 0.0}, "loss": {"X_Y_COS": 1.0, "X_Y_MSEloss": 4.3140466199353966e-10, "X_Y_test_COS": 0.8902618288993835, "X_Y_test_MSEloss": 0.0010729500791057944, "X_Y_val_COS": 0.8969666361808777, "X_Y_val_MSEloss": 0.001045167911797762}}