{"train_samples": 1000, "test_samples": 200, "source_model": "google-bert/bert-base-multilingual-cased", "source_dim": 768, "target_dim": 512, "test_results": {"bleu": 0.11, "bleu1": 11.13, "bleu2": 0.1, "bleu3": 0.02, "bleu4": 0.01, "rougeL": 0.0235, "rouge1": 0.0235, "rouge2": 0.0, "exact_match": 0.0}, "loss": {"X_Y_COS": 0.952394962310791, "X_Y_MSEloss": 0.0004030213749501854, "X_Y_test_COS": 0.8759080171585083, "X_Y_test_MSEloss": 0.0010395747376605868, "X_Y_val_COS": 0.873347282409668, "X_Y_val_MSEloss": 0.0010715643875300884}}