{"train_samples": 1, "test_samples": 200, "source_model": "sentence-transformers/all-MiniLM-L6-v2", "source_dim": 384, "target_dim": 512, "test_results": {"bleu": 0.05, "bleu1": 10.08, "bleu2": 0.03, "bleu3": 0.02, "bleu4": 0.01, "rougeL": 0.0492, "rouge1": 0.0571, "rouge2": 0.0005, "exact_match": 0.0}, "loss": {"X_Y_COS": 0.9999999403953552, "X_Y_MSEloss": 2.7867272791592154e-16, "X_Y_test_COS": 0.3073321282863617, "X_Y_test_MSEloss": 0.0034156953915953636, "X_Y_val_COS": 0.3389889597892761, "X_Y_val_MSEloss": 0.0033844499848783016}}