{"train_samples": 5, "test_samples": 200, "source_model": "google-t5/t5-base", "source_dim": 768, "target_dim": 512, "test_results": {"bleu": 1.09, "bleu1": 19.19, "bleu2": 1.38, "bleu3": 0.33, "bleu4": 0.22, "rougeL": 0.1215, "rouge1": 0.1597, "rouge2": 0.0152, "exact_match": 0.0}, "loss": {"X_Y_COS": 1.0, "X_Y_MSEloss": 5.248953059851756e-16, "X_Y_test_COS": 0.8463101983070374, "X_Y_test_MSEloss": 0.0005847463617101312, "X_Y_val_COS": 0.8452173471450806, "X_Y_val_MSEloss": 0.0005929797189310193}}