{"train_samples": 20, "test_samples": 200, "source_model": "google-bert/bert-base-multilingual-cased", "source_dim": 768, "target_dim": 512, "test_results": {"bleu": 0.24, "bleu1": 16.72, "bleu2": 0.54, "bleu3": 0.03, "bleu4": 0.02, "rougeL": 0.1086, "rouge1": 0.1459, "rouge2": 0.0079, "exact_match": 0.0}, "loss": {"X_Y_COS": 1.0, "X_Y_MSEloss": 2.0051715669144486e-15, "X_Y_test_COS": 0.8811269998550415, "X_Y_test_MSEloss": 0.0004409790562931448, "X_Y_val_COS": 0.8800826668739319, "X_Y_val_MSEloss": 0.0004435405717231333}}