{"train_samples": 20, "test_samples": 200, "source_model": "text-embedding-ada-002", "source_dim": 1536, "target_dim": 512, "test_results": {"bleu": 0.23, "bleu1": 16.82, "bleu2": 0.78, "bleu3": 0.02, "bleu4": 0.01, "rougeL": 0.099, "rouge1": 0.1226, "rouge2": 0.0066, "exact_match": 0.0}, "loss": {"X_Y_COS": 1.0, "X_Y_MSEloss": 2.6039034817237905e-10, "X_Y_test_COS": 0.865068793296814, "X_Y_test_MSEloss": 0.0010107298148795962, "X_Y_val_COS": 0.8713551163673401, "X_Y_val_MSEloss": 0.0009591790731064975}}