{"train_samples": 50, "test_samples": 200, "source_model": "google/flan-t5-base", "source_dim": 768, "target_dim": 512, "test_results": {"bleu": 2.37, "bleu1": 22.7, "bleu2": 3.11, "bleu3": 0.98, "bleu4": 0.48, "rougeL": 0.161, "rouge1": 0.2178, "rouge2": 0.0349, "exact_match": 0.0}, "loss": {"X_Y_COS": 1.0, "X_Y_MSEloss": 3.7153011786875134e-13, "X_Y_test_COS": 0.878467321395874, "X_Y_test_MSEloss": 0.00044717773562297225, "X_Y_val_COS": 0.871792733669281, "X_Y_val_MSEloss": 0.0004716319381259382}}