{"train_samples": 50, "test_samples": 200, "source_model": "google-bert/bert-base-multilingual-cased", "source_dim": 768, "target_dim": 512, "test_results": {"bleu": 0.21, "bleu1": 12.5, "bleu2": 0.35, "bleu3": 0.04, "bleu4": 0.02, "rougeL": 0.0571, "rouge1": 0.0628, "rouge2": 0.006, "exact_match": 0.0}, "loss": {"X_Y_COS": 1.0, "X_Y_MSEloss": 7.44179240799725e-13, "X_Y_test_COS": 0.905830979347229, "X_Y_test_MSEloss": 0.00035516550997272134, "X_Y_val_COS": 0.9082089066505432, "X_Y_val_MSEloss": 0.0003468648937996477}}