{"train_samples": 20, "test_samples": 200, "source_model": "google/mt5-base", "source_dim": 768, "target_dim": 512, "test_results": {"bleu": 0.23, "bleu1": 18.73, "bleu2": 0.92, "bleu3": 0.02, "bleu4": 0.01, "rougeL": 0.1006, "rouge1": 0.1105, "rouge2": 0.0052, "exact_match": 0.0}, "loss": {"X_Y_COS": 1.0, "X_Y_MSEloss": 4.6627676356493855e-14, "X_Y_test_COS": 0.8939334154129028, "X_Y_test_MSEloss": 0.00039457768434658647, "X_Y_val_COS": 0.898749828338623, "X_Y_val_MSEloss": 0.00037545166560448706}}