{"train_samples": 3, "test_samples": 200, "source_model": "sentence-transformers/all-MiniLM-L6-v2", "source_dim": 384, "target_dim": 512, "test_results": {"bleu": 0.24, "bleu1": 14.62, "bleu2": 0.58, "bleu3": 0.06, "bleu4": 0.02, "rougeL": 0.0525, "rouge1": 0.0609, "rouge2": 0.0037, "exact_match": 0.0}, "loss": {"X_Y_COS": 1.0, "X_Y_MSEloss": 2.0241259143427337e-16, "X_Y_test_COS": 0.11323049664497375, "X_Y_test_MSEloss": 0.0018676983891054988, "X_Y_val_COS": 0.08544500172138214, "X_Y_val_MSEloss": 0.0018785832216963172}}