{"train_samples": 1000, "test_samples": 200, "source_model": "text-embedding-ada-002", "source_dim": 1536, "target_dim": 512, "test_results": {"bleu": 0.87, "bleu1": 16.46, "bleu2": 1.85, "bleu3": 0.27, "bleu4": 0.09, "rougeL": 0.1209, "rouge1": 0.1381, "rouge2": 0.0125, "exact_match": 0.0}, "loss": {"X_Y_COS": 1.0, "X_Y_MSEloss": 4.460425084840125e-12, "X_Y_test_COS": -0.04945395514369011, "X_Y_test_MSEloss": 0.005150058772414923, "X_Y_val_COS": 0.05517134070396423, "X_Y_val_MSEloss": 0.005322379991412163}}