{"train_samples": 5, "test_samples": 200, "source_model": "sentence-transformers/all-MiniLM-L6-v2", "source_dim": 384, "target_dim": 512, "test_results": {"bleu": 0.14, "bleu1": 15.18, "bleu2": 0.35, "bleu3": 0.02, "bleu4": 0.01, "rougeL": 0.0798, "rouge1": 0.0921, "rouge2": 0.0032, "exact_match": 0.0}, "loss": {"X_Y_COS": 1.0, "X_Y_MSEloss": 2.560578217269586e-16, "X_Y_test_COS": 0.8820921778678894, "X_Y_test_MSEloss": 0.0009512008400633931, "X_Y_val_COS": 0.8779862523078918, "X_Y_val_MSEloss": 0.000926262408029288}}