{"train_samples": 10, "test_samples": 200, "source_model": "intfloat/multilingual-e5-base", "source_dim": 768, "target_dim": 512, "test_results": {"bleu": 0.17, "bleu1": 11.3, "bleu2": 0.18, "bleu3": 0.04, "bleu4": 0.02, "rougeL": 0.0495, "rouge1": 0.0552, "rouge2": 0.0048, "exact_match": 0.0}, "loss": {"X_Y_COS": 1.0, "X_Y_MSEloss": 1.3730440073892467e-15, "X_Y_test_COS": 0.9137806296348572, "X_Y_test_MSEloss": 0.00032274654950015247, "X_Y_val_COS": 0.9113759994506836, "X_Y_val_MSEloss": 0.0003313756315037608}}