{"train_samples": 5, "test_samples": 200, "source_model": "google/flan-t5-base", "source_dim": 768, "target_dim": 512, "test_results": {"bleu": 0.1, "bleu1": 12.23, "bleu2": 0.13, "bleu3": 0.02, "bleu4": 0.01, "rougeL": 0.0172, "rouge1": 0.0178, "rouge2": 0.0, "exact_match": 0.0}, "loss": {"X_Y_COS": 1.0, "X_Y_MSEloss": 3.6713060205917467e-16, "X_Y_test_COS": 0.8703635931015015, "X_Y_test_MSEloss": 0.0004896611790172756, "X_Y_val_COS": 0.86841881275177, "X_Y_val_MSEloss": 0.0004955497570335865}}