{"train_samples": 3, "test_samples": 200, "source_model": "text-embedding-ada-002", "source_dim": 1536, "target_dim": 512, "test_results": {"bleu": 0.25, "bleu1": 19.39, "bleu2": 0.77, "bleu3": 0.03, "bleu4": 0.01, "rougeL": 0.1082, "rouge1": 0.1242, "rouge2": 0.0051, "exact_match": 0.0}, "loss": {"X_Y_COS": 1.0, "X_Y_MSEloss": 1.1950760324240138e-15, "X_Y_test_COS": 0.7881622910499573, "X_Y_test_MSEloss": 0.0007401452749036252, "X_Y_val_COS": 0.7995689511299133, "X_Y_val_MSEloss": 0.0007057167240418494}}