{"train_samples": 500, "test_samples": 200, "source_model": "google-t5/t5-base", "source_dim": 768, "target_dim": 512, "test_results": {"bleu": 2.79, "bleu1": 28.55, "bleu2": 4.79, "bleu3": 1.25, "bleu4": 0.47, "rougeL": 0.1872, "rouge1": 0.253, "rouge2": 0.0478, "exact_match": 0.0}, "loss": {"X_Y_COS": 0.9915554523468018, "X_Y_MSEloss": 3.3562628232175484e-05, "X_Y_test_COS": 0.9072294235229492, "X_Y_test_MSEloss": 0.00037192791933193803, "X_Y_val_COS": 0.9073442816734314, "X_Y_val_MSEloss": 0.00036699065822176635}}