{"train_samples": 3, "test_samples": 200, "source_model": "google-t5/t5-base", "source_dim": 768, "target_dim": 512, "test_results": {"bleu": 0.04, "bleu1": 8.3, "bleu2": 0.01, "bleu3": 0.01, "bleu4": 0.0, "rougeL": 0.0427, "rouge1": 0.0461, "rouge2": 0.0, "exact_match": 0.0}, "loss": {"X_Y_COS": 1.0, "X_Y_MSEloss": 4.998047607194047e-16, "X_Y_test_COS": 0.8795461058616638, "X_Y_test_MSEloss": 0.0004427035746630281, "X_Y_val_COS": 0.8811885118484497, "X_Y_val_MSEloss": 0.0004367273941170424}}