{"train_samples": 1, "test_samples": 200, "source_model": "text-embedding-ada-002", "source_dim": 1536, "target_dim": 512, "test_results": {"bleu": 0.02, "bleu1": 1.04, "bleu2": 0.02, "bleu3": 0.01, "bleu4": 0.01, "rougeL": 0.0062, "rouge1": 0.0062, "rouge2": 0.0, "exact_match": 0.0}, "loss": {"X_Y_COS": 0.9999998807907104, "X_Y_MSEloss": 5.937086199621396e-17, "X_Y_test_COS": 0.7530616521835327, "X_Y_test_MSEloss": 0.0018197619356215, "X_Y_val_COS": 0.7554495930671692, "X_Y_val_MSEloss": 0.0018257411429658532}}