{"train_samples": 100, "test_samples": 200, "source_model": "google/mt5-base", "source_dim": 768, "target_dim": 512, "test_results": {"bleu": 0.21, "bleu1": 14.12, "bleu2": 0.8, "bleu3": 0.02, "bleu4": 0.01, "rougeL": 0.1074, "rouge1": 0.1153, "rouge2": 0.0074, "exact_match": 0.0}, "loss": {"X_Y_COS": 0.9999960064888, "X_Y_MSEloss": 1.4160514183458872e-07, "X_Y_test_COS": 0.8771044611930847, "X_Y_test_MSEloss": 0.0008537960820831358, "X_Y_val_COS": 0.8824152946472168, "X_Y_val_MSEloss": 0.0008335767779499292}}