{"train_samples": 1000, "test_samples": 200, "source_model": "google/mt5-base", "source_dim": 768, "target_dim": 512, "test_results": {"bleu": 11.43, "bleu1": 32.54, "bleu2": 12.15, "bleu3": 8.07, "bleu4": 5.34, "rougeL": 0.204, "rouge1": 0.2432, "rouge2": 0.0616, "exact_match": 0.0}, "loss": {"X_Y_COS": 0.9666846394538879, "X_Y_MSEloss": 0.00012878859706688672, "X_Y_test_COS": 0.9217172265052795, "X_Y_test_MSEloss": 0.0002993533562403172, "X_Y_val_COS": 0.9304591417312622, "X_Y_val_MSEloss": 0.0002656725118868053}}