{"train_samples": 50, "test_samples": 200, "source_model": "text-embedding-3-large", "source_dim": 3072, "target_dim": 512, "test_results": {"bleu": 0.04, "bleu1": 7.17, "bleu2": 0.02, "bleu3": 0.01, "bleu4": 0.01, "rougeL": 0.0153, "rouge1": 0.0158, "rouge2": 0.0005, "exact_match": 0.0}, "loss": {"X_Y_COS": 1.0, "X_Y_MSEloss": 3.835457992873437e-12, "X_Y_test_COS": 0.8297615051269531, "X_Y_test_MSEloss": 0.0014121989952400327, "X_Y_val_COS": 0.8304827809333801, "X_Y_val_MSEloss": 0.0014178055571392179}}