{"train_samples": 1000, "test_samples": 200, "source_model": "random", "source_dim": 768, "target_dim": 512, "test_results": {"bleu": 0.19, "bleu1": 7.01, "bleu2": 0.29, "bleu3": 0.05, "bleu4": 0.01, "rougeL": 0.051, "rouge1": 0.0554, "rouge2": 0.0041, "exact_match": 0.0}, "loss": {"X_Y_COS": 0.8909448385238647, "X_Y_MSEloss": 0.0004779013688676059, "X_Y_test_COS": -0.06690005958080292, "X_Y_test_MSEloss": 0.008048630319535732, "X_Y_val_COS": -0.018066374585032463, "X_Y_val_MSEloss": 0.007536357268691063}}