{"train_samples": 20, "test_samples": 200, "source_model": "google-t5/t5-base", "source_dim": 768, "target_dim": 512, "test_results": {"bleu": 0.14, "bleu1": 12.57, "bleu2": 0.06, "bleu3": 0.03, "bleu4": 0.02, "rougeL": 0.0019, "rouge1": 0.0019, "rouge2": 0.0, "exact_match": 0.0}, "loss": {"X_Y_COS": 0.9929723739624023, "X_Y_MSEloss": 2.6808702386915684e-05, "X_Y_test_COS": 0.8588954210281372, "X_Y_test_MSEloss": 0.0005243304185569286, "X_Y_val_COS": 0.8628824949264526, "X_Y_val_MSEloss": 0.0005094189546070993}}