{"train_samples": 3, "test_samples": 200, "source_model": "text-embedding-ada-002", "source_dim": 1536, "target_dim": 512, "test_results": {"bleu": 0.29, "bleu1": 17.56, "bleu2": 0.85, "bleu3": 0.05, "bleu4": 0.01, "rougeL": 0.1026, "rouge1": 0.1213, "rouge2": 0.0049, "exact_match": 0.0}, "loss": {"X_Y_COS": 1.0, "X_Y_MSEloss": 2.7678592751101405e-10, "X_Y_test_COS": 0.8383333683013916, "X_Y_test_MSEloss": 0.0011487160809338093, "X_Y_val_COS": 0.8419811725616455, "X_Y_val_MSEloss": 0.0011163287563249469}}