{"train_samples": 30, "test_samples": 200, "source_model": "google-bert/bert-base-multilingual-cased", "source_dim": 768, "target_dim": 512, "test_results": {"bleu": 0.15, "bleu1": 14.54, "bleu2": 0.52, "bleu3": 0.02, "bleu4": 0.01, "rougeL": 0.0913, "rouge1": 0.1086, "rouge2": 0.0021, "exact_match": 0.0}, "loss": {"X_Y_COS": 1.0, "X_Y_MSEloss": 6.987200401598059e-11, "X_Y_test_COS": 0.9220262169837952, "X_Y_test_MSEloss": 0.000601758889388293, "X_Y_val_COS": 0.9208745956420898, "X_Y_val_MSEloss": 0.0005989553756080568}}