{"train_samples": 30, "test_samples": 200, "source_model": "google-bert/bert-base-multilingual-cased", "source_dim": 768, "target_dim": 512, "test_results": {"bleu": 0.13, "bleu1": 16.0, "bleu2": 0.2, "bleu3": 0.02, "bleu4": 0.01, "rougeL": 0.0949, "rouge1": 0.1125, "rouge2": 0.0013, "exact_match": 0.0}, "loss": {"X_Y_COS": 1.0, "X_Y_MSEloss": 2.0924395503492225e-14, "X_Y_test_COS": 0.8999862670898438, "X_Y_test_MSEloss": 0.0005416568019427359, "X_Y_val_COS": 0.9010088443756104, "X_Y_val_MSEloss": 0.0005252358969300985}}