{"train_samples": 10, "test_samples": 200, "source_model": "sentence-transformers/gtr-t5-base", "source_dim": 768, "target_dim": 512, "test_results": {"bleu": 0.16, "bleu1": 17.52, "bleu2": 0.69, "bleu3": 0.01, "bleu4": 0.01, "rougeL": 0.1146, "rouge1": 0.1476, "rouge2": 0.0079, "exact_match": 0.0}, "loss": {"X_Y_COS": 1.0, "X_Y_MSEloss": 1.7503039295707623e-10, "X_Y_test_COS": 0.8763344883918762, "X_Y_test_MSEloss": 0.001338780508376658, "X_Y_val_COS": 0.8820288181304932, "X_Y_val_MSEloss": 0.0013169109588488936}}