{"train_samples": 100, "test_samples": 200, "source_model": "intfloat/multilingual-e5-base", "source_dim": 768, "target_dim": 512, "test_results": {"bleu": 0.09, "bleu1": 9.73, "bleu2": 0.05, "bleu3": 0.01, "bleu4": 0.01, "rougeL": 0.0075, "rouge1": 0.0075, "rouge2": 0.0004, "exact_match": 0.0}, "loss": {"X_Y_COS": 0.9999998211860657, "X_Y_MSEloss": 7.568073390196162e-10, "X_Y_test_COS": 0.900035560131073, "X_Y_test_MSEloss": 0.00037501566112041473, "X_Y_val_COS": 0.8989414572715759, "X_Y_val_MSEloss": 0.0003784248838201165}}