{"train_samples": 10, "test_samples": 200, "source_model": "google/mt5-base", "source_dim": 768, "target_dim": 512, "test_results": {"bleu": 0.18, "bleu1": 15.47, "bleu2": 0.64, "bleu3": 0.01, "bleu4": 0.01, "rougeL": 0.1069, "rouge1": 0.1329, "rouge2": 0.0088, "exact_match": 0.0}, "loss": {"X_Y_COS": 1.0, "X_Y_MSEloss": 1.402645648961769e-14, "X_Y_test_COS": 0.8656426072120667, "X_Y_test_MSEloss": 0.000850384240038693, "X_Y_val_COS": 0.8680109977722168, "X_Y_val_MSEloss": 0.0008217958966270089}}