{"train_samples": 1, "test_samples": 200, "source_model": "google-t5/t5-base", "source_dim": 768, "target_dim": 512, "test_results": {"bleu": 0.04, "bleu1": 11.63, "bleu2": 0.02, "bleu3": 0.01, "bleu4": 0.01, "rougeL": 0.0007, "rouge1": 0.0007, "rouge2": 0.0, "exact_match": 0.0}, "loss": {"X_Y_COS": 1.0000001192092896, "X_Y_MSEloss": 4.088197108384592e-16, "X_Y_test_COS": 0.6652882099151611, "X_Y_test_MSEloss": 0.0011410786537453532, "X_Y_val_COS": 0.6656317114830017, "X_Y_val_MSEloss": 0.001143250148743391}}