{"train_samples": 1, "test_samples": 200, "source_model": "sentence-transformers/gtr-t5-base", "source_dim": 768, "target_dim": 512, "test_results": {"bleu": 0.09, "bleu1": 5.65, "bleu2": 0.11, "bleu3": 0.01, "bleu4": 0.01, "rougeL": 0.0296, "rouge1": 0.0319, "rouge2": 0.0028, "exact_match": 0.0}, "loss": {"X_Y_COS": 1.0, "X_Y_MSEloss": 3.720495275246723e-17, "X_Y_test_COS": 0.7938150763511658, "X_Y_test_MSEloss": 0.001668361364863813, "X_Y_val_COS": 0.797291100025177, "X_Y_val_MSEloss": 0.0017787617398425937}}