{"train_samples": 10, "test_samples": 200, "source_model": "sentence-transformers/gtr-t5-base", "source_dim": 768, "target_dim": 512, "test_results": {"bleu": 0.33, "bleu1": 17.06, "bleu2": 0.83, "bleu3": 0.06, "bleu4": 0.03, "rougeL": 0.073, "rouge1": 0.0787, "rouge2": 0.0041, "exact_match": 0.0}, "loss": {"X_Y_COS": 1.0, "X_Y_MSEloss": 3.4877026295493125e-16, "X_Y_test_COS": 0.8715951442718506, "X_Y_test_MSEloss": 0.0006682498496957123, "X_Y_val_COS": 0.8653782606124878, "X_Y_val_MSEloss": 0.0007032878347672522}}