{"train_samples": 1000, "test_samples": 200, "source_model": "google-t5/t5-base", "source_dim": 768, "target_dim": 512, "test_results": {"bleu": 0.21, "bleu1": 10.72, "bleu2": 0.32, "bleu3": 0.03, "bleu4": 0.02, "rougeL": 0.0689, "rouge1": 0.0785, "rouge2": 0.0041, "exact_match": 0.0}, "loss": {"X_Y_COS": 0.9049229621887207, "X_Y_MSEloss": 0.000436776113929227, "X_Y_test_COS": 0.009400596842169762, "X_Y_test_MSEloss": 0.00940348207950592, "X_Y_val_COS": 0.0028241872787475586, "X_Y_val_MSEloss": 0.007904943078756332}}