{"epoch": 2, "dev_acc": 51.0, "test_acc": 51.0, "test_f1": 50.980000000000004, "test_roc": 54.50000000000001}