{"train_samples": 10, "test_samples": 200, "source_model": "text-embedding-ada-002", "source_dim": 1536, "target_dim": 512, "test_results": {"bleu": 0.31, "bleu1": 15.36, "bleu2": 0.6, "bleu3": 0.05, "bleu4": 0.03, "rougeL": 0.0737, "rouge1": 0.0808, "rouge2": 0.0043, "exact_match": 0.0}, "loss": {"X_Y_COS": 1.0, "X_Y_MSEloss": 9.663542667757768e-16, "X_Y_test_COS": 0.8823969960212708, "X_Y_test_MSEloss": 0.0004325823101680726, "X_Y_val_COS": 0.8781063556671143, "X_Y_val_MSEloss": 0.00044749517110176384}}