{"train_samples": 500, "test_samples": 200, "source_model": "google/mt5-base", "source_dim": 768, "target_dim": 512, "test_results": {"bleu": 5.48, "bleu1": 29.84, "bleu2": 6.47, "bleu3": 3.19, "bleu4": 2.01, "rougeL": 0.212, "rouge1": 0.2677, "rouge2": 0.0683, "exact_match": 0.0}, "loss": {"X_Y_COS": 0.9751572608947754, "X_Y_MSEloss": 9.647662955103442e-05, "X_Y_test_COS": 0.8899767994880676, "X_Y_test_MSEloss": 0.00042306765681132674, "X_Y_val_COS": 0.8944218158721924, "X_Y_val_MSEloss": 0.00040480776806361973}}