{"train_samples": 3, "test_samples": 200, "source_model": "google-bert/bert-base-multilingual-cased", "source_dim": 768, "target_dim": 512, "test_results": {"bleu": 0.22, "bleu1": 15.4, "bleu2": 0.8, "bleu3": 0.02, "bleu4": 0.01, "rougeL": 0.1056, "rouge1": 0.1317, "rouge2": 0.0063, "exact_match": 0.0}, "loss": {"X_Y_COS": 1.0, "X_Y_MSEloss": 3.7517447691255473e-16, "X_Y_test_COS": 0.8842566013336182, "X_Y_test_MSEloss": 0.0005263998173177242, "X_Y_val_COS": 0.8847305178642273, "X_Y_val_MSEloss": 0.0005312979919835925}}