{"train_samples": 3, "test_samples": 200, "source_model": "google-bert/bert-base-multilingual-cased", "source_dim": 768, "target_dim": 512, "test_results": {"bleu": 0.23, "bleu1": 15.08, "bleu2": 0.86, "bleu3": 0.02, "bleu4": 0.01, "rougeL": 0.1029, "rouge1": 0.1278, "rouge2": 0.0079, "exact_match": 0.0}, "loss": {"X_Y_COS": 1.0, "X_Y_MSEloss": 7.307480290904937e-15, "X_Y_test_COS": 0.8541917204856873, "X_Y_test_MSEloss": 0.0011490139877423644, "X_Y_val_COS": 0.8568711280822754, "X_Y_val_MSEloss": 0.0011582408333197236}}