{"train_samples": 5, "test_samples": 200, "source_model": "text-embedding-3-large", "source_dim": 3072, "target_dim": 512, "test_results": {"bleu": 0.13, "bleu1": 13.14, "bleu2": 0.29, "bleu3": 0.02, "bleu4": 0.01, "rougeL": 0.0742, "rouge1": 0.0854, "rouge2": 0.0021, "exact_match": 0.0}, "loss": {"X_Y_COS": 1.0, "X_Y_MSEloss": 1.702725044294695e-10, "X_Y_test_COS": 0.909285306930542, "X_Y_test_MSEloss": 0.001594663830474019, "X_Y_val_COS": 0.9083184599876404, "X_Y_val_MSEloss": 0.001576074631884694}}