{"cosine_similarities": {"X_Y_COS": 0.5389388203620911, "X_Y_test_COS": 0.4801276922225952, "X_Y_COS_LOSS": 0.4610610902309418, "X_Y_MSE_LOSS": 0.008203868754208088, "X_Y_test_COS_LOSS": 0.5198723077774048, "X_Y_test_MSE_LOSS": 0.009082620963454247}, "rouge_results": {"X_vs_gold": {"rouge1_f": 0.17269807527062003, "rouge2_f": 0.03433711693950521, "rougeL_f": 0.15645646635810223}, "Y_vs_gold": {"rouge1_f": 0.7443278060761083, "rouge2_f": 0.6787489192369293, "rougeL_f": 0.7300121887720072}, "X_vs_Y": {"rouge1_f": 0.17374548279371985, "rouge2_f": 0.03522109896634887, "rougeL_f": 0.15690220873694927}}}