{"train_samples": 20, "test_samples": 200, "source_model": "intfloat/multilingual-e5-base", "source_dim": 768, "target_dim": 512, "test_results": {"bleu": 0.26, "bleu1": 19.34, "bleu2": 1.04, "bleu3": 0.02, "bleu4": 0.01, "rougeL": 0.1234, "rouge1": 0.157, "rouge2": 0.0112, "exact_match": 0.0}, "loss": {"X_Y_COS": 1.0, "X_Y_MSEloss": 1.638289113745084e-14, "X_Y_test_COS": 0.8932855129241943, "X_Y_test_MSEloss": 0.0003967501106671989, "X_Y_val_COS": 0.8972782492637634, "X_Y_val_MSEloss": 0.0003820800338871777}}