{"train_samples": 100, "test_samples": 200, "source_model": "google/mt5-base", "source_dim": 768, "target_dim": 512, "test_results": {"bleu": 11.09, "bleu1": 28.24, "bleu2": 10.23, "bleu3": 8.35, "bleu4": 7.51, "rougeL": 0.2086, "rouge1": 0.2525, "rouge2": 0.1026, "exact_match": 0.0}, "loss": {"X_Y_COS": 0.9491174817085266, "X_Y_MSEloss": 0.0002054923097603023, "X_Y_test_COS": 0.9189297556877136, "X_Y_test_MSEloss": 0.0003065617347601801, "X_Y_val_COS": 0.9217873811721802, "X_Y_val_MSEloss": 0.0002970679779537022, "reg_lambda": 1}}