{"train_samples": 40, "test_samples": 200, "source_model": "google/mt5-base", "source_dim": 768, "target_dim": 512, "test_results": {"bleu": 0.14, "bleu1": 17.08, "bleu2": 0.65, "bleu3": 0.01, "bleu4": 0.01, "rougeL": 0.0623, "rouge1": 0.0724, "rouge2": 0.0039, "exact_match": 0.0}, "loss": {"X_Y_COS": 1.0, "X_Y_MSEloss": 5.896902324081799e-12, "X_Y_test_COS": 0.8707200288772583, "X_Y_test_MSEloss": 0.00047625048318877816, "X_Y_val_COS": 0.8696844577789307, "X_Y_val_MSEloss": 0.0004812704573851079}}