{"train_samples": 6000, "test_samples": 200, "source_model": "google/mt5-base", "source_dim": 768, "target_dim": 512, "test_results": {"bleu": 0.28, "bleu1": 14.41, "bleu2": 0.44, "bleu3": 0.07, "bleu4": 0.02, "rougeL": 0.0761, "rouge1": 0.0872, "rouge2": 0.0088, "exact_match": 0.0}, "loss": {"X_Y_COS": 0.9398342370986938, "X_Y_MSEloss": 0.00023014549515210092, "X_Y_test_COS": 0.9298524260520935, "X_Y_test_MSEloss": 0.00026734190760180354, "X_Y_val_COS": 0.9276747107505798, "X_Y_val_MSEloss": 0.0002749081759247929}}