{"train_samples": 30, "test_samples": 200, "source_model": "google/mt5-base", "source_dim": 768, "target_dim": 512, "test_results": {"bleu": 0.18, "bleu1": 14.4, "bleu2": 0.7, "bleu3": 0.02, "bleu4": 0.01, "rougeL": 0.1169, "rouge1": 0.1454, "rouge2": 0.0082, "exact_match": 0.0}, "loss": {"X_Y_COS": 1.0, "X_Y_MSEloss": 6.334355782955381e-13, "X_Y_test_COS": 0.8691070079803467, "X_Y_test_MSEloss": 0.00047893973533064127, "X_Y_val_COS": 0.8678779602050781, "X_Y_val_MSEloss": 0.00048288641846738756}}