{"train_samples": 30, "test_samples": 200, "source_model": "google/mt5-base", "source_dim": 768, "target_dim": 512, "test_results": {"bleu": 0.26, "bleu1": 15.12, "bleu2": 0.65, "bleu3": 0.03, "bleu4": 0.02, "rougeL": 0.1202, "rouge1": 0.1459, "rouge2": 0.009, "exact_match": 0.0}, "loss": {"X_Y_COS": 1.0, "X_Y_MSEloss": 5.691795013686987e-15, "X_Y_test_COS": 0.8742054104804993, "X_Y_test_MSEloss": 0.000783014576882124, "X_Y_val_COS": 0.8766631484031677, "X_Y_val_MSEloss": 0.0007618636009283364}}