{"train_samples": 3, "test_samples": 200, "source_model": "google/flan-t5-base", "source_dim": 768, "target_dim": 512, "test_results": {"bleu": 0.27, "bleu1": 18.68, "bleu2": 1.09, "bleu3": 0.03, "bleu4": 0.01, "rougeL": 0.1035, "rouge1": 0.1173, "rouge2": 0.0068, "exact_match": 0.0}, "loss": {"X_Y_COS": 1.0, "X_Y_MSEloss": 3.7303304527299785e-16, "X_Y_test_COS": 0.7853150963783264, "X_Y_test_MSEloss": 0.0008334708982147276, "X_Y_val_COS": 0.7960168123245239, "X_Y_val_MSEloss": 0.0008049292955547571}}