{"train_samples": 40, "test_samples": 200, "source_model": "google/mt5-base", "source_dim": 768, "target_dim": 512, "test_results": {"bleu": 0.17, "bleu1": 13.8, "bleu2": 0.66, "bleu3": 0.02, "bleu4": 0.01, "rougeL": 0.1104, "rouge1": 0.1367, "rouge2": 0.0082, "exact_match": 0.0}, "loss": {"X_Y_COS": 1.0, "X_Y_MSEloss": 3.5231082374381772e-12, "X_Y_test_COS": 0.8703535199165344, "X_Y_test_MSEloss": 0.00047858423204161227, "X_Y_val_COS": 0.8687312602996826, "X_Y_val_MSEloss": 0.00048334969324059784}}