{"train_samples": 5, "test_samples": 200, "source_model": "google/mt5-base", "source_dim": 768, "target_dim": 512, "test_results": {"bleu": 0.07, "bleu1": 7.42, "bleu2": 0.04, "bleu3": 0.02, "bleu4": 0.01, "rougeL": 0.0116, "rouge1": 0.0119, "rouge2": 0.0004, "exact_match": 0.0}, "loss": {"X_Y_COS": 1.0, "X_Y_MSEloss": 2.0994166127774605e-10, "X_Y_test_COS": 0.851458728313446, "X_Y_test_MSEloss": 0.0012208058033138514, "X_Y_val_COS": 0.8454592823982239, "X_Y_val_MSEloss": 0.0012945213820785284}}