{"train_samples": 1000, "test_samples": 200, "source_model": "google-bert/bert-base-multilingual-cased", "source_dim": 768, "target_dim": 512, "test_results": {"bleu": 0.87, "bleu1": 19.11, "bleu2": 1.56, "bleu3": 0.53, "bleu4": 0.17, "rougeL": 0.0591, "rouge1": 0.0675, "rouge2": 0.0056, "exact_match": 0.0}, "loss": {"X_Y_COS": 0.955377995967865, "X_Y_MSEloss": 0.00017165954341180623, "X_Y_test_COS": 0.8831202387809753, "X_Y_test_MSEloss": 0.000444988370873034, "X_Y_val_COS": 0.8841468691825867, "X_Y_val_MSEloss": 0.00044007087126374245}}