{"train_samples": 1000, "test_samples": 200, "source_model": "google-bert/bert-base-multilingual-cased", "source_dim": 768, "target_dim": 512, "test_results": {"bleu": 0.78, "bleu1": 18.79, "bleu2": 1.52, "bleu3": 0.3, "bleu4": 0.16, "rougeL": 0.0712, "rouge1": 0.0813, "rouge2": 0.0077, "exact_match": 0.0}, "loss": {"X_Y_COS": 0.9605687260627747, "X_Y_MSEloss": 0.00037350269849412143, "X_Y_test_COS": 0.8910830616950989, "X_Y_test_MSEloss": 0.000992724671959877, "X_Y_val_COS": 0.8877117037773132, "X_Y_val_MSEloss": 0.0010232405038550496}}