{"train_samples": 50, "test_samples": 200, "source_model": "text-embedding-3-large", "source_dim": 3072, "target_dim": 512, "test_results": {"bleu": 0.2, "bleu1": 14.72, "bleu2": 0.35, "bleu3": 0.04, "bleu4": 0.02, "rougeL": 0.0882, "rouge1": 0.1066, "rouge2": 0.0023, "exact_match": 0.0}, "loss": {"X_Y_COS": 1.0, "X_Y_MSEloss": 1.8554474820589367e-15, "X_Y_test_COS": 0.9099578857421875, "X_Y_test_MSEloss": 0.00037216610508039594, "X_Y_val_COS": 0.9108982682228088, "X_Y_val_MSEloss": 0.00036338684731163085}}