{"train_samples": 5, "test_samples": 200, "source_model": "sentence-transformers/all-MiniLM-L6-v2", "source_dim": 384, "target_dim": 512, "test_results": {"bleu": 0.92, "bleu1": 14.46, "bleu2": 0.92, "bleu3": 0.35, "bleu4": 0.17, "rougeL": 0.0687, "rouge1": 0.0777, "rouge2": 0.0056, "exact_match": 0.0}, "loss": {"X_Y_COS": 1.0, "X_Y_MSEloss": 1.8143020890224506e-16, "X_Y_test_COS": 0.6269814968109131, "X_Y_test_MSEloss": 0.001327485078945756, "X_Y_val_COS": 0.591821014881134, "X_Y_val_MSEloss": 0.0013365691993385553}}