{"train_samples": 1, "test_samples": 200, "source_model": "google-bert/bert-base-multilingual-cased", "source_dim": 768, "target_dim": 512, "test_results": {"bleu": 0.29, "bleu1": 14.19, "bleu2": 1.16, "bleu3": 0.05, "bleu4": 0.01, "rougeL": 0.1131, "rouge1": 0.1236, "rouge2": 0.0076, "exact_match": 0.0}, "loss": {"X_Y_COS": 1.0000001192092896, "X_Y_MSEloss": 2.983830257798515e-16, "X_Y_test_COS": 0.8015543818473816, "X_Y_test_MSEloss": 0.000883336819242686, "X_Y_val_COS": 0.8044474720954895, "X_Y_val_MSEloss": 0.0008804129902273417}}