{"train_samples": 10, "test_samples": 200, "source_model": "google/flan-t5-base", "source_dim": 768, "target_dim": 512, "test_results": {"bleu": 0.17, "bleu1": 10.37, "bleu2": 0.11, "bleu3": 0.06, "bleu4": 0.02, "rougeL": 0.0086, "rouge1": 0.0086, "rouge2": 0.0, "exact_match": 0.0}, "loss": {"X_Y_COS": 1.0, "X_Y_MSEloss": 4.869562767611819e-16, "X_Y_test_COS": 0.9037612676620483, "X_Y_test_MSEloss": 0.00036246044328436255, "X_Y_val_COS": 0.9028467535972595, "X_Y_val_MSEloss": 0.0003645916294772178}}