{"train_samples": 500, "test_samples": 200, "source_model": "sentence-transformers/all-MiniLM-L6-v2", "source_dim": 384, "target_dim": 512, "test_results": {"bleu": 0.16, "bleu1": 11.57, "bleu2": 0.62, "bleu3": 0.02, "bleu4": 0.01, "rougeL": 0.0936, "rouge1": 0.1089, "rouge2": 0.0083, "exact_match": 0.0}, "loss": {"X_Y_COS": 0.9815320372581482, "X_Y_MSEloss": 0.00015143767814151943, "X_Y_test_COS": 0.787286102771759, "X_Y_test_MSEloss": 0.001599688665010035, "X_Y_val_COS": 0.7949494123458862, "X_Y_val_MSEloss": 0.0015119023155421019}}