{"train_samples": 40, "test_samples": 200, "source_model": "google/mt5-base", "source_dim": 768, "target_dim": 512, "test_results": {"bleu": 0.88, "bleu1": 21.6, "bleu2": 2.17, "bleu3": 0.31, "bleu4": 0.07, "rougeL": 0.1395, "rouge1": 0.1808, "rouge2": 0.0263, "exact_match": 0.0}, "loss": {"X_Y_COS": 1.0, "X_Y_MSEloss": 8.8466922676389e-10, "X_Y_test_COS": 0.8774484992027283, "X_Y_test_MSEloss": 0.0008857902721501887, "X_Y_val_COS": 0.8774763941764832, "X_Y_val_MSEloss": 0.0008851226302795112}}