{"train_samples": 50, "test_samples": 200, "source_model": "google/mt5-base", "source_dim": 768, "target_dim": 512, "test_results": {"bleu": 0.22, "bleu1": 14.36, "bleu2": 0.93, "bleu3": 0.02, "bleu4": 0.01, "rougeL": 0.117, "rouge1": 0.1224, "rouge2": 0.0081, "exact_match": 0.0}, "loss": {"X_Y_COS": 1.0, "X_Y_MSEloss": 7.728045980925913e-10, "X_Y_test_COS": 0.8778420090675354, "X_Y_test_MSEloss": 0.0008359725470654666, "X_Y_val_COS": 0.8812881112098694, "X_Y_val_MSEloss": 0.0008334612939506769}}