{"train_samples": 50, "test_samples": 200, "source_model": "google/mt5-base", "source_dim": 768, "target_dim": 512, "test_results": {"bleu": 14.26, "bleu1": 30.28, "bleu2": 13.06, "bleu3": 11.0, "bleu4": 10.27, "rougeL": 0.2381, "rouge1": 0.2866, "rouge2": 0.1261, "exact_match": 0.0}, "loss": {"X_Y_COS": 0.9999995827674866, "X_Y_MSEloss": 1.3781495944442668e-08, "X_Y_test_COS": 0.891643226146698, "X_Y_test_MSEloss": 0.0009192707948386669, "X_Y_val_COS": 0.8890478610992432, "X_Y_val_MSEloss": 0.0009348869207315147}}