{"train_samples": 1000, "test_samples": 200, "source_model": "intfloat/multilingual-e5-base", "source_dim": 768, "target_dim": 512, "test_results": {"bleu": 1.1, "bleu1": 18.45, "bleu2": 1.31, "bleu3": 0.5, "bleu4": 0.26, "rougeL": 0.0924, "rouge1": 0.1107, "rouge2": 0.0116, "exact_match": 0.0}, "loss": {"X_Y_COS": 0.9699530005455017, "X_Y_MSEloss": 0.00011620920122368261, "X_Y_test_COS": 0.9290660619735718, "X_Y_test_MSEloss": 0.0002708378015086055, "X_Y_val_COS": 0.9271203279495239, "X_Y_val_MSEloss": 0.00027854644577018917}}