{"train_samples": 40, "test_samples": 200, "source_model": "text-embedding-3-large", "source_dim": 3072, "target_dim": 512, "test_results": {"bleu": 0.24, "bleu1": 15.44, "bleu2": 0.83, "bleu3": 0.03, "bleu4": 0.01, "rougeL": 0.0921, "rouge1": 0.1044, "rouge2": 0.0065, "exact_match": 0.0}, "loss": {"X_Y_COS": 1.0, "X_Y_MSEloss": 1.6860926674969775e-15, "X_Y_test_COS": 0.8409503102302551, "X_Y_test_MSEloss": 0.0006722132093273103, "X_Y_val_COS": 0.8491385579109192, "X_Y_val_MSEloss": 0.0006638648919761181}}