{"train_samples": 100, "test_samples": 200, "source_model": "google-t5/t5-base", "source_dim": 768, "target_dim": 512, "test_results": {"bleu": 0.89, "bleu1": 23.84, "bleu2": 1.89, "bleu3": 0.27, "bleu4": 0.09, "rougeL": 0.132, "rouge1": 0.1727, "rouge2": 0.0172, "exact_match": 0.0}, "loss": {"X_Y_COS": 1.0, "X_Y_MSEloss": 6.00373526934983e-12, "X_Y_test_COS": 0.8956193327903748, "X_Y_test_MSEloss": 0.00039073204970918596, "X_Y_val_COS": 0.8913867473602295, "X_Y_val_MSEloss": 0.0004069239948876202}}