{"train_samples": 1000, "test_samples": 200, "source_model": "google-t5/t5-base", "source_dim": 768, "target_dim": 512, "test_results": {"bleu": 4.59, "bleu1": 17.68, "bleu2": 4.86, "bleu3": 3.06, "bleu4": 1.69, "rougeL": 0.0885, "rouge1": 0.1049, "rouge2": 0.0083, "exact_match": 0.0}, "loss": {"X_Y_COS": 0.9862005114555359, "X_Y_MSEloss": 5.605096521321684e-05, "X_Y_test_COS": 0.756109893321991, "X_Y_test_MSEloss": 0.001110997749492526, "X_Y_val_COS": 0.7803235650062561, "X_Y_val_MSEloss": 0.0010159022640436888}}