{"epoch": 3, "dev_acc": 55.00000000000001, "test_acc": 56.00000000000001, "test_f1": 52.690000000000005, "test_roc": 60.129999999999995}