{"train_samples": 1, "test_samples": 200, "source_model": "text-embedding-3-large", "source_dim": 3072, "target_dim": 512, "test_results": {"bleu": 0.23, "bleu1": 13.4, "bleu2": 1.08, "bleu3": 0.03, "bleu4": 0.01, "rougeL": 0.1031, "rouge1": 0.1114, "rouge2": 0.0068, "exact_match": 0.0}, "loss": {"X_Y_COS": 1.0, "X_Y_MSEloss": 9.218993439608008e-17, "X_Y_test_COS": 0.5458105802536011, "X_Y_test_MSEloss": 0.0018142549088224769, "X_Y_val_COS": 0.5485329627990723, "X_Y_val_MSEloss": 0.0018254142487421632}}