{"train_samples": 30, "test_samples": 200, "source_model": "google/flan-t5-base", "source_dim": 768, "target_dim": 512, "test_results": {"bleu": 0.43, "bleu1": 15.62, "bleu2": 0.67, "bleu3": 0.16, "bleu4": 0.1, "rougeL": 0.0535, "rouge1": 0.0582, "rouge2": 0.0023, "exact_match": 0.0}, "loss": {"X_Y_COS": 1.0, "X_Y_MSEloss": 9.503096416339438e-15, "X_Y_test_COS": 0.8873142600059509, "X_Y_test_MSEloss": 0.0007773790275678039, "X_Y_val_COS": 0.8917451500892639, "X_Y_val_MSEloss": 0.0007464840891771019}}