{"train_samples": 1000, "test_samples": 200, "source_model": "intfloat/multilingual-e5-base", "source_dim": 768, "target_dim": 512, "test_results": {"bleu": 0.36, "bleu1": 18.19, "bleu2": 1.16, "bleu3": 0.18, "bleu4": 0.02, "rougeL": 0.0731, "rouge1": 0.0887, "rouge2": 0.0071, "exact_match": 0.0}, "loss": {"X_Y_COS": 0.9599955081939697, "X_Y_MSEloss": 0.0003801612474489957, "X_Y_test_COS": 0.8832139372825623, "X_Y_test_MSEloss": 0.0010873200371861458, "X_Y_val_COS": 0.8890511989593506, "X_Y_val_MSEloss": 0.0010482979705557227}}