{"train_samples": 3, "test_samples": 200, "source_model": "google-t5/t5-base", "source_dim": 768, "target_dim": 512, "test_results": {"bleu": 0.18, "bleu1": 13.34, "bleu2": 0.76, "bleu3": 0.03, "bleu4": 0.02, "rougeL": 0.1096, "rouge1": 0.1258, "rouge2": 0.0071, "exact_match": 0.0}, "loss": {"X_Y_COS": 1.0, "X_Y_MSEloss": 1.5368478711863531e-10, "X_Y_test_COS": 0.8932420015335083, "X_Y_test_MSEloss": 0.00075459701474756, "X_Y_val_COS": 0.8911770582199097, "X_Y_val_MSEloss": 0.0007817563018761575}}