{"train_samples": 500, "test_samples": 200, "source_model": "text-embedding-ada-002", "source_dim": 1536, "target_dim": 512, "test_results": {"bleu": 0.59, "bleu1": 21.02, "bleu2": 1.78, "bleu3": 0.16, "bleu4": 0.02, "rougeL": 0.1361, "rouge1": 0.1815, "rouge2": 0.0204, "exact_match": 0.0}, "loss": {"X_Y_COS": 0.984194278717041, "X_Y_MSEloss": 6.163609941722825e-05, "X_Y_test_COS": 0.9132063984870911, "X_Y_test_MSEloss": 0.000330963492160663, "X_Y_val_COS": 0.9087653160095215, "X_Y_val_MSEloss": 0.0003481576277408749}}