{"train_samples": 100, "test_samples": 200, "source_model": "sentence-transformers/gtr-t5-base", "source_dim": 768, "target_dim": 512, "test_results": {"bleu": 0.21, "bleu1": 15.43, "bleu2": 0.88, "bleu3": 0.03, "bleu4": 0.01, "rougeL": 0.1198, "rouge1": 0.1387, "rouge2": 0.0094, "exact_match": 0.0}, "loss": {"X_Y_COS": 1.0, "X_Y_MSEloss": 2.377879226855839e-09, "X_Y_test_COS": 0.9067355990409851, "X_Y_test_MSEloss": 0.0006853459635749459, "X_Y_val_COS": 0.9076687693595886, "X_Y_val_MSEloss": 0.0006992424605414271}}