{"train_samples": 100, "test_samples": 200, "source_model": "google/mt5-base", "source_dim": 768, "target_dim": 512, "test_results": {"bleu": 0.21, "bleu1": 22.96, "bleu2": 1.07, "bleu3": 0.01, "bleu4": 0.01, "rougeL": 0.136, "rouge1": 0.172, "rouge2": 0.01, "exact_match": 0.0}, "loss": {"X_Y_COS": 0.9999997019767761, "X_Y_MSEloss": 1.409247829542437e-09, "X_Y_test_COS": 0.8817667365074158, "X_Y_test_MSEloss": 0.0004420187324285507, "X_Y_val_COS": 0.8823244571685791, "X_Y_val_MSEloss": 0.00043958239257335663}}