{"train_samples": 1, "test_samples": 200, "source_model": "google/flan-t5-base", "source_dim": 768, "target_dim": 512, "test_results": {"bleu": 0.19, "bleu1": 19.95, "bleu2": 0.75, "bleu3": 0.01, "bleu4": 0.01, "rougeL": 0.1311, "rouge1": 0.1453, "rouge2": 0.0104, "exact_match": 0.0}, "loss": {"X_Y_COS": 1.0000001192092896, "X_Y_MSEloss": 3.5578051938464465e-16, "X_Y_test_COS": 0.7059429883956909, "X_Y_test_MSEloss": 0.001008126069791615, "X_Y_val_COS": 0.7111866474151611, "X_Y_val_MSEloss": 0.0009947280632331967}}