{"train_samples": 50, "test_samples": 200, "source_model": "google/flan-t5-base", "source_dim": 768, "target_dim": 512, "test_results": {"bleu": 0.19, "bleu1": 17.17, "bleu2": 0.79, "bleu3": 0.02, "bleu4": 0.01, "rougeL": 0.1383, "rouge1": 0.1816, "rouge2": 0.0116, "exact_match": 0.0}, "loss": {"X_Y_COS": 1.0, "X_Y_MSEloss": 1.5192652298430358e-14, "X_Y_test_COS": 0.9287022352218628, "X_Y_test_MSEloss": 0.0004824528587050736, "X_Y_val_COS": 0.9322251677513123, "X_Y_val_MSEloss": 0.00045831367606297135}}