{"train_samples": 50, "test_samples": 200, "source_model": "google-bert/bert-base-multilingual-cased", "source_dim": 768, "target_dim": 512, "test_results": {"bleu": 0.09, "bleu1": 8.76, "bleu2": 0.07, "bleu3": 0.02, "bleu4": 0.01, "rougeL": 0.0146, "rouge1": 0.0146, "rouge2": 0.0004, "exact_match": 0.0}, "loss": {"X_Y_COS": 1.0, "X_Y_MSEloss": 2.2143627209647576e-10, "X_Y_test_COS": 0.8617556691169739, "X_Y_test_MSEloss": 0.0011150363134220243, "X_Y_val_COS": 0.8651451468467712, "X_Y_val_MSEloss": 0.0011157859116792679}}