{"train_samples": 30, "test_samples": 200, "source_model": "sentence-transformers/gtr-t5-base", "source_dim": 768, "target_dim": 512, "test_results": {"bleu": 0.38, "bleu1": 15.14, "bleu2": 0.9, "bleu3": 0.07, "bleu4": 0.04, "rougeL": 0.1128, "rouge1": 0.1504, "rouge2": 0.0092, "exact_match": 0.0}, "loss": {"X_Y_COS": 1.0, "X_Y_MSEloss": 2.847763096909821e-15, "X_Y_test_COS": 0.9259895086288452, "X_Y_test_MSEloss": 0.0005338483606465161, "X_Y_val_COS": 0.9274101257324219, "X_Y_val_MSEloss": 0.0005298139876686037}}