{"train_samples": 50, "test_samples": 200, "source_model": "google-bert/bert-base-multilingual-cased", "source_dim": 768, "target_dim": 512, "test_results": {"bleu": 0.49, "bleu1": 16.37, "bleu2": 0.87, "bleu3": 0.19, "bleu4": 0.1, "rougeL": 0.058, "rouge1": 0.0628, "rouge2": 0.0038, "exact_match": 0.0}, "loss": {"X_Y_COS": 1.0, "X_Y_MSEloss": 5.493546698272234e-13, "X_Y_test_COS": 0.8786311149597168, "X_Y_test_MSEloss": 0.0008242660551331937, "X_Y_val_COS": 0.8786685466766357, "X_Y_val_MSEloss": 0.0008235604618676007}}