{"train_samples": 3, "test_samples": 200, "source_model": "intfloat/multilingual-e5-base", "source_dim": 768, "target_dim": 512, "test_results": {"bleu": 0.16, "bleu1": 19.33, "bleu2": 0.53, "bleu3": 0.02, "bleu4": 0.01, "rougeL": 0.1048, "rouge1": 0.1208, "rouge2": 0.0076, "exact_match": 0.0}, "loss": {"X_Y_COS": 1.0, "X_Y_MSEloss": 3.748171084181522e-16, "X_Y_test_COS": 0.9045117497444153, "X_Y_test_MSEloss": 0.00035665661562234163, "X_Y_val_COS": 0.9045471549034119, "X_Y_val_MSEloss": 0.00035642547300085425}}