{"train_samples": 1000, "test_samples": 200, "source_model": "google-t5/t5-base", "source_dim": 768, "target_dim": 512, "test_results": {"bleu": 0.62, "bleu1": 15.81, "bleu2": 1.59, "bleu3": 0.24, "bleu4": 0.03, "rougeL": 0.1148, "rouge1": 0.1312, "rouge2": 0.0138, "exact_match": 0.0}, "loss": {"X_Y_COS": 0.8897981643676758, "X_Y_MSEloss": 0.0004980381927452981, "X_Y_test_COS": -0.023859526962041855, "X_Y_test_MSEloss": 0.008978122845292091, "X_Y_val_COS": -0.03273344039916992, "X_Y_val_MSEloss": 0.008687383495271206}}