{"train_samples": 30, "test_samples": 200, "source_model": "sentence-transformers/gtr-t5-base", "source_dim": 768, "target_dim": 512, "test_results": {"bleu": 0.92, "bleu1": 21.94, "bleu2": 1.52, "bleu3": 0.2, "bleu4": 0.11, "rougeL": 0.1447, "rouge1": 0.1909, "rouge2": 0.0182, "exact_match": 0.0}, "loss": {"X_Y_COS": 1.0, "X_Y_MSEloss": 3.1057881791265573e-15, "X_Y_test_COS": 0.9017103314399719, "X_Y_test_MSEloss": 0.00037140538915991783, "X_Y_val_COS": 0.9032754302024841, "X_Y_val_MSEloss": 0.00036570880911313}}