{"train_samples": 40, "test_samples": 200, "source_model": "sentence-transformers/all-MiniLM-L6-v2", "source_dim": 384, "target_dim": 512, "test_results": {"bleu": 0.55, "bleu1": 16.47, "bleu2": 1.26, "bleu3": 0.2, "bleu4": 0.05, "rougeL": 0.1253, "rouge1": 0.1469, "rouge2": 0.0132, "exact_match": 0.0}, "loss": {"X_Y_COS": 1.0, "X_Y_MSEloss": 3.7210109993246476e-10, "X_Y_test_COS": 0.9270226359367371, "X_Y_test_MSEloss": 0.000720152398571372, "X_Y_val_COS": 0.9295271635055542, "X_Y_val_MSEloss": 0.0007548303692601621}}