{"train_samples": 100, "test_samples": 200, "source_model": "text-embedding-ada-002", "source_dim": 1536, "target_dim": 512, "test_results": {"bleu": 0.19, "bleu1": 12.46, "bleu2": 0.26, "bleu3": 0.03, "bleu4": 0.02, "rougeL": 0.0357, "rouge1": 0.0384, "rouge2": 0.0009, "exact_match": 0.0}, "loss": {"X_Y_COS": 1.0, "X_Y_MSEloss": 7.288480929901198e-11, "X_Y_test_COS": 0.891558825969696, "X_Y_test_MSEloss": 0.0004039697232656181, "X_Y_val_COS": 0.894244372844696, "X_Y_val_MSEloss": 0.0003941081231459975}}