{"train_samples": 5, "test_samples": 200, "source_model": "google/mt5-base", "source_dim": 768, "target_dim": 512, "test_results": {"bleu": 0.13, "bleu1": 11.06, "bleu2": 0.27, "bleu3": 0.01, "bleu4": 0.01, "rougeL": 0.051, "rouge1": 0.054, "rouge2": 0.0026, "exact_match": 0.0}, "loss": {"X_Y_COS": 1.0, "X_Y_MSEloss": 3.923080476113779e-16, "X_Y_test_COS": 0.8628556132316589, "X_Y_test_MSEloss": 0.0005034695495851338, "X_Y_val_COS": 0.8592697978019714, "X_Y_val_MSEloss": 0.0005140354624018073}}