{"train_samples": 50, "test_samples": 200, "source_model": "google-t5/t5-base", "source_dim": 768, "target_dim": 512, "test_results": {"bleu": 0.15, "bleu1": 13.46, "bleu2": 0.32, "bleu3": 0.02, "bleu4": 0.01, "rougeL": 0.0675, "rouge1": 0.0764, "rouge2": 0.0107, "exact_match": 0.0}, "loss": {"X_Y_COS": 1.0, "X_Y_MSEloss": 6.183199507958648e-10, "X_Y_test_COS": 0.9070854187011719, "X_Y_test_MSEloss": 0.0007003572536632419, "X_Y_val_COS": 0.9047778248786926, "X_Y_val_MSEloss": 0.0007419769535772502}}