{"train_samples": 3, "test_samples": 200, "source_model": "google/mt5-base", "source_dim": 768, "target_dim": 512, "test_results": {"bleu": 0.24, "bleu1": 17.33, "bleu2": 0.84, "bleu3": 0.02, "bleu4": 0.01, "rougeL": 0.0873, "rouge1": 0.0961, "rouge2": 0.0068, "exact_match": 0.0}, "loss": {"X_Y_COS": 1.0, "X_Y_MSEloss": 2.576385216279675e-10, "X_Y_test_COS": 0.8151342868804932, "X_Y_test_MSEloss": 0.0016288121696561575, "X_Y_val_COS": 0.820496678352356, "X_Y_val_MSEloss": 0.0016020848415791988}}