{"train_samples": 30, "test_samples": 200, "source_model": "sentence-transformers/gtr-t5-base", "source_dim": 768, "target_dim": 512, "test_results": {"bleu": 10.68, "bleu1": 25.41, "bleu2": 9.52, "bleu3": 8.18, "bleu4": 7.58, "rougeL": 0.1886, "rouge1": 0.2257, "rouge2": 0.0919, "exact_match": 0.0}, "loss": {"X_Y_COS": 1.0, "X_Y_MSEloss": 5.717288164300499e-16, "X_Y_test_COS": 0.9026455283164978, "X_Y_test_MSEloss": 0.0003915103734470904, "X_Y_val_COS": 0.9085231423377991, "X_Y_val_MSEloss": 0.0003744653658941388}}