{"train_samples": 20, "test_samples": 200, "source_model": "google/mt5-base", "source_dim": 768, "target_dim": 512, "test_results": {"bleu": 0.07, "bleu1": 10.33, "bleu2": 0.03, "bleu3": 0.02, "bleu4": 0.01, "rougeL": 0.0071, "rouge1": 0.0071, "rouge2": 0.0, "exact_match": 0.0}, "loss": {"X_Y_COS": 1.0, "X_Y_MSEloss": 3.7655801735222635e-14, "X_Y_test_COS": 0.8210803866386414, "X_Y_test_MSEloss": 0.0006439769640564919, "X_Y_val_COS": 0.8219016194343567, "X_Y_val_MSEloss": 0.0006405072053894401}}