{"train_samples": 40, "test_samples": 200, "source_model": "google/flan-t5-base", "source_dim": 768, "target_dim": 512, "test_results": {"bleu": 0.5, "bleu1": 17.24, "bleu2": 0.86, "bleu3": 0.15, "bleu4": 0.09, "rougeL": 0.0635, "rouge1": 0.0732, "rouge2": 0.004, "exact_match": 0.0}, "loss": {"X_Y_COS": 1.0, "X_Y_MSEloss": 2.735798004425364e-14, "X_Y_test_COS": 0.8766525983810425, "X_Y_test_MSEloss": 0.0004554922052193433, "X_Y_val_COS": 0.8765491843223572, "X_Y_val_MSEloss": 0.0004572249890770763}}