{"train_samples": 500, "test_samples": 200, "source_model": "google/mt5-base", "source_dim": 768, "target_dim": 512, "test_results": {"bleu": 0.99, "bleu1": 25.79, "bleu2": 2.24, "bleu3": 0.29, "bleu4": 0.08, "rougeL": 0.1472, "rouge1": 0.1926, "rouge2": 0.021, "exact_match": 0.0}, "loss": {"X_Y_COS": 0.9744179248809814, "X_Y_MSEloss": 9.925136691890657e-05, "X_Y_test_COS": 0.9038522243499756, "X_Y_test_MSEloss": 0.0003677651984617114, "X_Y_val_COS": 0.9023506045341492, "X_Y_val_MSEloss": 0.00037500535836443305}}