{"train_samples": 500, "test_samples": 200, "source_model": "google-t5/t5-base", "source_dim": 768, "target_dim": 512, "test_results": {"bleu": 3.56, "bleu1": 29.98, "bleu2": 5.01, "bleu3": 1.65, "bleu4": 0.71, "rougeL": 0.1882, "rouge1": 0.2639, "rouge2": 0.0496, "exact_match": 0.0}, "loss": {"X_Y_COS": 0.9870200753211975, "X_Y_MSEloss": 5.094599328003824e-05, "X_Y_test_COS": 0.8702660799026489, "X_Y_test_MSEloss": 0.0005177361890673637, "X_Y_val_COS": 0.8656775951385498, "X_Y_val_MSEloss": 0.0005387109122239053}}