{"train_samples": 40, "test_samples": 200, "source_model": "google-t5/t5-base", "source_dim": 768, "target_dim": 512, "test_results": {"bleu": 1.11, "bleu1": 24.09, "bleu2": 1.93, "bleu3": 0.31, "bleu4": 0.11, "rougeL": 0.1493, "rouge1": 0.2049, "rouge2": 0.0209, "exact_match": 0.0}, "loss": {"X_Y_COS": 1.0, "X_Y_MSEloss": 1.6317797807419154e-12, "X_Y_test_COS": 0.9102290868759155, "X_Y_test_MSEloss": 0.0003366126911714673, "X_Y_val_COS": 0.9111721515655518, "X_Y_val_MSEloss": 0.00033337826607748866}}