{"train_samples": 3, "test_samples": 200, "source_model": "google-bert/bert-base-multilingual-cased", "source_dim": 768, "target_dim": 512, "test_results": {"bleu": 0.08, "bleu1": 12.81, "bleu2": 0.03, "bleu3": 0.02, "bleu4": 0.01, "rougeL": 0.0858, "rouge1": 0.1048, "rouge2": 0.0046, "exact_match": 0.0}, "loss": {"X_Y_COS": 1.0, "X_Y_MSEloss": 1.2130747413993388e-15, "X_Y_test_COS": 0.8204203844070435, "X_Y_test_MSEloss": 0.001074374420568347, "X_Y_val_COS": 0.8254806995391846, "X_Y_val_MSEloss": 0.001033101580105722}}