{"train_samples": 1000, "test_samples": 200, "source_model": "sentence-transformers/gtr-t5-base", "source_dim": 768, "target_dim": 512, "test_results": {"bleu": 0.24, "bleu1": 9.87, "bleu2": 0.33, "bleu3": 0.06, "bleu4": 0.02, "rougeL": 0.0625, "rouge1": 0.0703, "rouge2": 0.004, "exact_match": 0.0}, "loss": {"X_Y_COS": 0.909677267074585, "X_Y_MSEloss": 0.0004383834602776915, "X_Y_test_COS": 0.021677710115909576, "X_Y_test_MSEloss": 0.008241563104093075, "X_Y_val_COS": 0.0987485870718956, "X_Y_val_MSEloss": 0.008082658052444458}}