{"train_samples": 1000, "test_samples": 200, "source_model": "text-embedding-ada-002", "source_dim": 1536, "target_dim": 512, "test_results": {"bleu": 5.19, "bleu1": 29.06, "bleu2": 6.32, "bleu3": 3.41, "bleu4": 2.36, "rougeL": 0.2125, "rouge1": 0.2577, "rouge2": 0.0628, "exact_match": 0.0}, "loss": {"X_Y_COS": 0.9663898944854736, "X_Y_MSEloss": 0.00012948623043484986, "X_Y_test_COS": 0.9276753067970276, "X_Y_test_MSEloss": 0.00027445369050838053, "X_Y_val_COS": 0.9294204711914062, "X_Y_val_MSEloss": 0.00026813949807547033}}