{"train_samples": 10, "test_samples": 200, "source_model": "text-embedding-ada-002", "source_dim": 1536, "target_dim": 512, "test_results": {"bleu": 0.19, "bleu1": 16.11, "bleu2": 0.79, "bleu3": 0.03, "bleu4": 0.02, "rougeL": 0.1216, "rouge1": 0.1432, "rouge2": 0.0077, "exact_match": 0.0}, "loss": {"X_Y_COS": 1.0, "X_Y_MSEloss": 1.7902550275561424e-10, "X_Y_test_COS": 0.9050391912460327, "X_Y_test_MSEloss": 0.0006730662425979972, "X_Y_val_COS": 0.9052200317382812, "X_Y_val_MSEloss": 0.0006830145139247179}}