{"train_samples": 500, "test_samples": 200, "source_model": "sentence-transformers/all-MiniLM-L6-v2", "source_dim": 384, "target_dim": 512, "test_results": {"bleu": 0.28, "bleu1": 13.83, "bleu2": 0.77, "bleu3": 0.05, "bleu4": 0.03, "rougeL": 0.1007, "rouge1": 0.1125, "rouge2": 0.0067, "exact_match": 0.0}, "loss": {"X_Y_COS": 0.9869388937950134, "X_Y_MSEloss": 0.00010946595284622163, "X_Y_test_COS": 0.8570870757102966, "X_Y_test_MSEloss": 0.0011850838782265782, "X_Y_val_COS": 0.8577001690864563, "X_Y_val_MSEloss": 0.0012355961371213198}}