{"train_samples": 1, "test_samples": 200, "source_model": "sentence-transformers/all-MiniLM-L6-v2", "source_dim": 384, "target_dim": 512, "test_results": {"bleu": 0.03, "bleu1": 7.92, "bleu2": 0.01, "bleu3": 0.01, "bleu4": 0.0, "rougeL": 0.0031, "rouge1": 0.0031, "rouge2": 0.0, "exact_match": 0.0}, "loss": {"X_Y_COS": 1.0, "X_Y_MSEloss": 2.2100900126789452e-16, "X_Y_test_COS": 0.839167594909668, "X_Y_test_MSEloss": 0.001149181742221117, "X_Y_val_COS": 0.8364253044128418, "X_Y_val_MSEloss": 0.0011619821889325976}}