{"train_samples": 1000, "test_samples": 200, "source_model": "text-embedding-3-large", "source_dim": 3072, "target_dim": 512, "test_results": {"bleu": 0.61, "bleu1": 16.22, "bleu2": 1.69, "bleu3": 0.22, "bleu4": 0.03, "rougeL": 0.1194, "rouge1": 0.1341, "rouge2": 0.0124, "exact_match": 0.0}, "loss": {"X_Y_COS": 1.0, "X_Y_MSEloss": 8.203583889672753e-14, "X_Y_test_COS": -0.05762023478746414, "X_Y_test_MSEloss": 0.003000057302415371, "X_Y_val_COS": -0.012541066855192184, "X_Y_val_MSEloss": 0.002908760914579034}}