{"train_samples": 40, "test_samples": 200, "source_model": "google-bert/bert-base-multilingual-cased", "source_dim": 768, "target_dim": 512, "test_results": {"bleu": 1.27, "bleu1": 21.73, "bleu2": 2.23, "bleu3": 0.44, "bleu4": 0.14, "rougeL": 0.1406, "rouge1": 0.1775, "rouge2": 0.0213, "exact_match": 0.0}, "loss": {"X_Y_COS": 1.0, "X_Y_MSEloss": 2.4254739883211585e-10, "X_Y_test_COS": 0.8316264152526855, "X_Y_test_MSEloss": 0.0012148149544373155, "X_Y_val_COS": 0.833430290222168, "X_Y_val_MSEloss": 0.0012099739396944642}}