{"train_samples": 50, "test_samples": 200, "source_model": "google-t5/t5-base", "source_dim": 768, "target_dim": 512, "test_results": {"bleu": 2.24, "bleu1": 23.6, "bleu2": 3.76, "bleu3": 1.01, "bleu4": 0.42, "rougeL": 0.1635, "rouge1": 0.2169, "rouge2": 0.0418, "exact_match": 0.0}, "loss": {"X_Y_COS": 1.0, "X_Y_MSEloss": 7.737870131967195e-13, "X_Y_test_COS": 0.8972650170326233, "X_Y_test_MSEloss": 0.00038175968802534044, "X_Y_val_COS": 0.8987541794776917, "X_Y_val_MSEloss": 0.0003762225096579641}}