{"train_samples": 3, "test_samples": 200, "source_model": "intfloat/multilingual-e5-base", "source_dim": 768, "target_dim": 512, "test_results": {"bleu": 0.22, "bleu1": 15.38, "bleu2": 0.8, "bleu3": 0.02, "bleu4": 0.01, "rougeL": 0.1059, "rouge1": 0.1276, "rouge2": 0.0093, "exact_match": 0.0}, "loss": {"X_Y_COS": 1.0, "X_Y_MSEloss": 1.4749139070984428e-15, "X_Y_test_COS": 0.8549523949623108, "X_Y_test_MSEloss": 0.0010331199737265706, "X_Y_val_COS": 0.8565415740013123, "X_Y_val_MSEloss": 0.0010349323274567723}}