{"train_samples": 1, "test_samples": 200, "source_model": "sentence-transformers/gtr-t5-base", "source_dim": 768, "target_dim": 512, "test_results": {"bleu": 0.12, "bleu1": 11.83, "bleu2": 0.25, "bleu3": 0.02, "bleu4": 0.01, "rougeL": 0.0281, "rouge1": 0.031, "rouge2": 0.0, "exact_match": 0.0}, "loss": {"X_Y_COS": 1.0, "X_Y_MSEloss": 3.9605894772983636e-16, "X_Y_test_COS": 0.7564838528633118, "X_Y_test_MSEloss": 0.0013582406099885702, "X_Y_val_COS": 0.762122392654419, "X_Y_val_MSEloss": 0.0013555570039898157}}