{"train_samples": 5, "test_samples": 200, "source_model": "intfloat/multilingual-e5-base", "source_dim": 768, "target_dim": 512, "test_results": {"bleu": 0.35, "bleu1": 14.58, "bleu2": 0.93, "bleu3": 0.51, "bleu4": 0.32, "rougeL": 0.034, "rouge1": 0.0386, "rouge2": 0.0026, "exact_match": 0.0}, "loss": {"X_Y_COS": 1.0, "X_Y_MSEloss": 4.122136659789888e-16, "X_Y_test_COS": 0.8244612216949463, "X_Y_test_MSEloss": 0.000624336302280426, "X_Y_val_COS": 0.8153864145278931, "X_Y_val_MSEloss": 0.0006529201637022197}}