{"train_samples": 1000, "test_samples": 200, "source_model": "text-embedding-ada-002", "source_dim": 1536, "target_dim": 512, "test_results": {"bleu": 0.85, "bleu1": 8.64, "bleu2": 0.9, "bleu3": 0.46, "bleu4": 0.18, "rougeL": 0.0381, "rouge1": 0.043, "rouge2": 0.0017, "exact_match": 0.0}, "loss": {"X_Y_COS": 1.0, "X_Y_MSEloss": 4.989232551405598e-12, "X_Y_test_COS": -0.01233283244073391, "X_Y_test_MSEloss": 0.006190314888954163, "X_Y_val_COS": -0.055029600858688354, "X_Y_val_MSEloss": 0.006048447918146849}}