{"train_samples": 3, "test_samples": 200, "source_model": "sentence-transformers/all-MiniLM-L6-v2", "source_dim": 384, "target_dim": 512, "test_results": {"bleu": 0.11, "bleu1": 10.35, "bleu2": 0.19, "bleu3": 0.02, "bleu4": 0.01, "rougeL": 0.024, "rouge1": 0.0258, "rouge2": 0.0003, "exact_match": 0.0}, "loss": {"X_Y_COS": 1.0, "X_Y_MSEloss": 1.2567138788418804e-15, "X_Y_test_COS": 0.8676409125328064, "X_Y_test_MSEloss": 0.0011087398743256927, "X_Y_val_COS": 0.8602011799812317, "X_Y_val_MSEloss": 0.0012098862789571285}}