{"train_samples": 5, "test_samples": 200, "source_model": "google/flan-t5-base", "source_dim": 768, "target_dim": 512, "test_results": {"bleu": 8.31, "bleu1": 23.23, "bleu2": 7.59, "bleu3": 6.48, "bleu4": 5.94, "rougeL": 0.1623, "rouge1": 0.1869, "rouge2": 0.0667, "exact_match": 0.0}, "loss": {"X_Y_COS": 1.0, "X_Y_MSEloss": 1.847497294038547e-10, "X_Y_test_COS": 0.8826427459716797, "X_Y_test_MSEloss": 0.0010639893589541316, "X_Y_val_COS": 0.8822659850120544, "X_Y_val_MSEloss": 0.0010622121626511216}}