{"train_samples": 5000, "test_samples": 200, "source_model": "google/mt5-base", "source_dim": 768, "target_dim": 512, "test_results": {"bleu": 0.29, "bleu1": 14.26, "bleu2": 0.31, "bleu3": 0.1, "bleu4": 0.02, "rougeL": 0.0714, "rouge1": 0.0829, "rouge2": 0.0085, "exact_match": 0.0}, "loss": {"X_Y_COS": 0.9410449266433716, "X_Y_MSEloss": 0.00022557523334398866, "X_Y_test_COS": 0.9298248291015625, "X_Y_test_MSEloss": 0.0002675662108231336, "X_Y_val_COS": 0.9276226758956909, "X_Y_val_MSEloss": 0.0002753464214038104}}