{"train_samples": 40, "test_samples": 200, "source_model": "google-t5/t5-base", "source_dim": 768, "target_dim": 512, "test_results": {"bleu": 0.19, "bleu1": 20.27, "bleu2": 0.84, "bleu3": 0.01, "bleu4": 0.01, "rougeL": 0.1119, "rouge1": 0.1381, "rouge2": 0.0059, "exact_match": 0.0}, "loss": {"X_Y_COS": 1.0, "X_Y_MSEloss": 2.984601498237649e-12, "X_Y_test_COS": 0.8464266657829285, "X_Y_test_MSEloss": 0.0005591017543338239, "X_Y_val_COS": 0.8491513133049011, "X_Y_val_MSEloss": 0.0005505917361006141}}