{"train_samples": 10, "test_samples": 200, "source_model": "sentence-transformers/all-MiniLM-L6-v2", "source_dim": 384, "target_dim": 512, "test_results": {"bleu": 0.07, "bleu1": 8.2, "bleu2": 0.13, "bleu3": 0.02, "bleu4": 0.01, "rougeL": 0.0289, "rouge1": 0.0311, "rouge2": 0.0005, "exact_match": 0.0}, "loss": {"X_Y_COS": 1.0, "X_Y_MSEloss": 6.835238104685448e-12, "X_Y_test_COS": 0.40742069482803345, "X_Y_test_MSEloss": 0.003823267063125968, "X_Y_val_COS": 0.37573081254959106, "X_Y_val_MSEloss": 0.0038920168299227953}}