{"train_samples": 40, "test_samples": 200, "source_model": "text-embedding-3-large", "source_dim": 3072, "target_dim": 512, "test_results": {"bleu": 0.13, "bleu1": 11.38, "bleu2": 0.29, "bleu3": 0.02, "bleu4": 0.01, "rougeL": 0.0483, "rouge1": 0.0569, "rouge2": 0.0046, "exact_match": 0.0}, "loss": {"X_Y_COS": 1.0, "X_Y_MSEloss": 2.034147505248834e-15, "X_Y_test_COS": 0.9173816442489624, "X_Y_test_MSEloss": 0.00032756311702542007, "X_Y_val_COS": 0.917972981929779, "X_Y_val_MSEloss": 0.0003273644542787224}}