{"train_samples": 40, "test_samples": 200, "source_model": "text-embedding-3-large", "source_dim": 3072, "target_dim": 512, "test_results": {"bleu": 0.19, "bleu1": 20.56, "bleu2": 0.78, "bleu3": 0.01, "bleu4": 0.01, "rougeL": 0.1287, "rouge1": 0.1609, "rouge2": 0.0088, "exact_match": 0.0}, "loss": {"X_Y_COS": 1.0, "X_Y_MSEloss": 1.6334978507031163e-15, "X_Y_test_COS": 0.8840110301971436, "X_Y_test_MSEloss": 0.000454159191576764, "X_Y_val_COS": 0.8844186067581177, "X_Y_val_MSEloss": 0.00044933732715435326}}