{"train_samples": 100, "test_samples": 200, "source_model": "google-bert/bert-base-multilingual-cased", "source_dim": 768, "target_dim": 512, "test_results": {"bleu": 0.93, "bleu1": 22.44, "bleu2": 1.69, "bleu3": 0.26, "bleu4": 0.11, "rougeL": 0.122, "rouge1": 0.1559, "rouge2": 0.0132, "exact_match": 0.0}, "loss": {"X_Y_COS": 1.0, "X_Y_MSEloss": 3.642209450704925e-11, "X_Y_test_COS": 0.8682262897491455, "X_Y_test_MSEloss": 0.0004977966891601682, "X_Y_val_COS": 0.8631111979484558, "X_Y_val_MSEloss": 0.0005157665000297129}}