{"train_samples": 20, "test_samples": 200, "source_model": "sentence-transformers/all-MiniLM-L6-v2", "source_dim": 384, "target_dim": 512, "test_results": {"bleu": 0.1, "bleu1": 8.31, "bleu2": 0.06, "bleu3": 0.02, "bleu4": 0.01, "rougeL": 0.2061, "rouge1": 0.2953, "rouge2": 0.0218, "exact_match": 0.0}, "loss": {"X_Y_COS": 1.0, "X_Y_MSEloss": 2.8644625632231763e-15, "X_Y_test_COS": 0.8663538694381714, "X_Y_test_MSEloss": 0.000499648682307452, "X_Y_val_COS": 0.8682227730751038, "X_Y_val_MSEloss": 0.0004920018836855888}}