{"train_samples": 5, "test_samples": 200, "source_model": "google/flan-t5-base", "source_dim": 768, "target_dim": 512, "test_results": {"bleu": 0.22, "bleu1": 12.99, "bleu2": 1.01, "bleu3": 0.02, "bleu4": 0.01, "rougeL": 0.1288, "rouge1": 0.1352, "rouge2": 0.0118, "exact_match": 0.0}, "loss": {"X_Y_COS": 1.0, "X_Y_MSEloss": 1.8448449588999178e-15, "X_Y_test_COS": 0.9215081930160522, "X_Y_test_MSEloss": 0.0006283537368290126, "X_Y_val_COS": 0.9218323230743408, "X_Y_val_MSEloss": 0.0006276819040067494}}