{"train_samples": 1000, "test_samples": 200, "source_model": "text-embedding-3-large", "source_dim": 3072, "target_dim": 512, "test_results": {"bleu": 28.49, "bleu1": 46.28, "bleu2": 28.74, "bleu3": 24.68, "bleu4": 22.42, "rougeL": 0.4131, "rouge1": 0.4628, "rouge2": 0.2943, "exact_match": 0.0}, "loss": {"X_Y_COS": 0.9992949962615967, "X_Y_MSEloss": 2.878435452657868e-06, "X_Y_test_COS": 0.9065542221069336, "X_Y_test_MSEloss": 0.00037721876287832856, "X_Y_val_COS": 0.8996202945709229, "X_Y_val_MSEloss": 0.00039595464477315545}}