{"train_samples": 500, "test_samples": 200, "source_model": "sentence-transformers/all-MiniLM-L6-v2", "source_dim": 384, "target_dim": 512, "test_results": {"bleu": 0.18, "bleu1": 10.66, "bleu2": 0.54, "bleu3": 0.02, "bleu4": 0.01, "rougeL": 0.0863, "rouge1": 0.0947, "rouge2": 0.0049, "exact_match": 0.0}, "loss": {"X_Y_COS": 0.9808701276779175, "X_Y_MSEloss": 7.889551488915458e-05, "X_Y_test_COS": 0.8111900687217712, "X_Y_test_MSEloss": 0.0008160783327184618, "X_Y_val_COS": 0.8106240630149841, "X_Y_val_MSEloss": 0.0008231156389229}}