{"train_samples": 1000, "test_samples": 200, "source_model": "google/flan-t5-base", "source_dim": 768, "target_dim": 512, "test_results": {"bleu": 10.54, "bleu1": 38.72, "bleu2": 12.87, "bleu3": 6.85, "bleu4": 4.59, "rougeL": 0.2794, "rouge1": 0.3605, "rouge2": 0.1202, "exact_match": 0.0}, "loss": {"X_Y_COS": 0.971652626991272, "X_Y_MSEloss": 0.0002129359927494079, "X_Y_test_COS": 0.876474142074585, "X_Y_test_MSEloss": 0.0009011314832605422, "X_Y_val_COS": 0.88426274061203, "X_Y_val_MSEloss": 0.0008513379143550992}}