{"train_samples": 20, "test_samples": 200, "source_model": "google/flan-t5-base", "source_dim": 768, "target_dim": 512, "test_results": {"bleu": 0.19, "bleu1": 13.8, "bleu2": 0.88, "bleu3": 0.02, "bleu4": 0.01, "rougeL": 0.1138, "rouge1": 0.139, "rouge2": 0.0083, "exact_match": 0.0}, "loss": {"X_Y_COS": 1.0, "X_Y_MSEloss": 1.893836709294396e-15, "X_Y_test_COS": 0.8744802474975586, "X_Y_test_MSEloss": 0.00046187193947844207, "X_Y_val_COS": 0.8757941126823425, "X_Y_val_MSEloss": 0.0004569436132442206}}