{"train_samples": 50, "test_samples": 200, "source_model": "text-embedding-ada-002", "source_dim": 1536, "target_dim": 512, "test_results": {"bleu": 0.13, "bleu1": 14.59, "bleu2": 0.26, "bleu3": 0.02, "bleu4": 0.01, "rougeL": 0.0666, "rouge1": 0.0746, "rouge2": 0.0027, "exact_match": 0.0}, "loss": {"X_Y_COS": 1.0, "X_Y_MSEloss": 9.657583977321083e-13, "X_Y_test_COS": 0.8828264474868774, "X_Y_test_MSEloss": 0.0004317018610890955, "X_Y_val_COS": 0.8790937662124634, "X_Y_val_MSEloss": 0.00044509756844490767}}