{"train_samples": 30, "test_samples": 200, "source_model": "sentence-transformers/gtr-t5-base", "source_dim": 768, "target_dim": 512, "test_results": {"bleu": 10.53, "bleu1": 25.44, "bleu2": 9.48, "bleu3": 8.04, "bleu4": 7.46, "rougeL": 0.1901, "rouge1": 0.2269, "rouge2": 0.0906, "exact_match": 0.0}, "loss": {"X_Y_COS": 0.9990292191505432, "X_Y_MSEloss": 6.35378319202573e-06, "X_Y_test_COS": 0.9051113128662109, "X_Y_test_MSEloss": 0.00039136625127866864, "X_Y_val_COS": 0.9104243516921997, "X_Y_val_MSEloss": 0.00037614908069372177, "reg_lambda": 0.1}}