{"train_samples": 10, "test_samples": 200, "source_model": "google-bert/bert-base-multilingual-cased", "source_dim": 768, "target_dim": 512, "test_results": {"bleu": 0.28, "bleu1": 14.48, "bleu2": 0.74, "bleu3": 0.08, "bleu4": 0.01, "rougeL": 0.0828, "rouge1": 0.0971, "rouge2": 0.0102, "exact_match": 0.0}, "loss": {"X_Y_COS": 1.0, "X_Y_MSEloss": 4.763738706346603e-16, "X_Y_test_COS": 0.8756611943244934, "X_Y_test_MSEloss": 0.000459376402432099, "X_Y_val_COS": 0.8779810667037964, "X_Y_val_MSEloss": 0.0004533494939096272}}