{"train_samples": 10, "test_samples": 200, "source_model": "intfloat/multilingual-e5-base", "source_dim": 768, "target_dim": 512, "test_results": {"bleu": 0.07, "bleu1": 8.39, "bleu2": 0.03, "bleu3": 0.02, "bleu4": 0.01, "rougeL": 0.0121, "rouge1": 0.0121, "rouge2": 0.0, "exact_match": 0.0}, "loss": {"X_Y_COS": 1.0, "X_Y_MSEloss": 1.7371194760418263e-10, "X_Y_test_COS": 0.8692891001701355, "X_Y_test_MSEloss": 0.001072106882929802, "X_Y_val_COS": 0.8641903400421143, "X_Y_val_MSEloss": 0.0011314913863316178}}