{"train_samples": 1000, "test_samples": 200, "source_model": "sentence-transformers/gtr-t5-base", "source_dim": 768, "target_dim": 512, "test_results": {"bleu": 0.87, "bleu1": 23.63, "bleu2": 3.18, "bleu3": 0.44, "bleu4": 0.02, "rougeL": 0.1722, "rouge1": 0.22, "rouge2": 0.0362, "exact_match": 0.0}, "loss": {"X_Y_COS": 0.9778444170951843, "X_Y_MSEloss": 8.658044680487365e-05, "X_Y_test_COS": 0.8803976774215698, "X_Y_test_MSEloss": 0.000488795805722475, "X_Y_val_COS": 0.8756848573684692, "X_Y_val_MSEloss": 0.0005019722157157958}}