{"train_samples": 10, "test_samples": 200, "source_model": "google-bert/bert-base-multilingual-cased", "source_dim": 768, "target_dim": 512, "test_results": {"bleu": 0.08, "bleu1": 11.98, "bleu2": 0.03, "bleu3": 0.02, "bleu4": 0.01, "rougeL": 0.0208, "rouge1": 0.0225, "rouge2": 0.0003, "exact_match": 0.0}, "loss": {"X_Y_COS": 1.0, "X_Y_MSEloss": 4.993218460603514e-16, "X_Y_test_COS": 0.878097653388977, "X_Y_test_MSEloss": 0.00045392842730507255, "X_Y_val_COS": 0.8776791095733643, "X_Y_val_MSEloss": 0.0004541345697361976}}