{"train_samples": 20, "test_samples": 200, "source_model": "sentence-transformers/gtr-t5-base", "source_dim": 768, "target_dim": 512, "test_results": {"bleu": 0.15, "bleu1": 16.53, "bleu2": 0.62, "bleu3": 0.01, "bleu4": 0.01, "rougeL": 0.0609, "rouge1": 0.0677, "rouge2": 0.003, "exact_match": 0.0}, "loss": {"X_Y_COS": 1.0, "X_Y_MSEloss": 4.71524765830307e-16, "X_Y_test_COS": 0.8781377077102661, "X_Y_test_MSEloss": 0.0005312685971148312, "X_Y_val_COS": 0.871520459651947, "X_Y_val_MSEloss": 0.0005536523531191051}}