{"train_samples": 5, "test_samples": 200, "source_model": "text-embedding-ada-002", "source_dim": 1536, "target_dim": 512, "test_results": {"bleu": 0.31, "bleu1": 14.24, "bleu2": 0.48, "bleu3": 0.11, "bleu4": 0.03, "rougeL": 0.069, "rouge1": 0.0816, "rouge2": 0.0072, "exact_match": 0.0}, "loss": {"X_Y_COS": 1.0, "X_Y_MSEloss": 1.4250275840325456e-15, "X_Y_test_COS": 0.8705036640167236, "X_Y_test_MSEloss": 0.00047347621875815094, "X_Y_val_COS": 0.8702598214149475, "X_Y_val_MSEloss": 0.0004746613558381796}}