{"train_samples": 10, "test_samples": 200, "source_model": "text-embedding-ada-002", "source_dim": 1536, "target_dim": 512, "test_results": {"bleu": 0.19, "bleu1": 15.86, "bleu2": 0.79, "bleu3": 0.02, "bleu4": 0.01, "rougeL": 0.116, "rouge1": 0.1467, "rouge2": 0.0089, "exact_match": 0.0}, "loss": {"X_Y_COS": 1.0, "X_Y_MSEloss": 8.605161871152837e-15, "X_Y_test_COS": 0.9173346161842346, "X_Y_test_MSEloss": 0.0005470747710205615, "X_Y_val_COS": 0.9193612933158875, "X_Y_val_MSEloss": 0.0005298294709064066}}