{"train_samples": 20, "test_samples": 200, "source_model": "intfloat/multilingual-e5-base", "source_dim": 768, "target_dim": 512, "test_results": {"bleu": 0.39, "bleu1": 14.5, "bleu2": 0.47, "bleu3": 0.16, "bleu4": 0.1, "rougeL": 0.0584, "rouge1": 0.0607, "rouge2": 0.0048, "exact_match": 0.0}, "loss": {"X_Y_COS": 1.0, "X_Y_MSEloss": 3.542691923781767e-14, "X_Y_test_COS": 0.8843600153923035, "X_Y_test_MSEloss": 0.0007950661238282919, "X_Y_val_COS": 0.8878653645515442, "X_Y_val_MSEloss": 0.000751737505197525}}