{"train_samples": 1000, "test_samples": 200, "source_model": "sentence-transformers/gtr-t5-base", "source_dim": 768, "target_dim": 512, "test_results": {"bleu": 0.15, "bleu1": 11.9, "bleu2": 0.32, "bleu3": 0.02, "bleu4": 0.01, "rougeL": 0.0657, "rouge1": 0.0718, "rouge2": 0.0068, "exact_match": 0.0}, "loss": {"X_Y_COS": 0.9650050401687622, "X_Y_MSEloss": 0.0001356863504042849, "X_Y_test_COS": 0.8802926540374756, "X_Y_test_MSEloss": 0.00046204376849345863, "X_Y_val_COS": 0.8765137791633606, "X_Y_val_MSEloss": 0.0004866936942562461}}