{"train_samples": 1, "test_samples": 200, "source_model": "google/flan-t5-base", "source_dim": 768, "target_dim": 512, "test_results": {"bleu": 0.12, "bleu1": 11.71, "bleu2": 0.27, "bleu3": 0.01, "bleu4": 0.01, "rougeL": 0.0778, "rouge1": 0.0842, "rouge2": 0.0012, "exact_match": 0.0}, "loss": {"X_Y_COS": 1.0, "X_Y_MSEloss": 1.8371271123218918e-17, "X_Y_test_COS": 0.7651034593582153, "X_Y_test_MSEloss": 0.002273343037813902, "X_Y_val_COS": 0.7698037624359131, "X_Y_val_MSEloss": 0.0022253890056163073}}