{"train_samples": 40, "test_samples": 200, "source_model": "text-embedding-3-large", "source_dim": 3072, "target_dim": 512, "test_results": {"bleu": 0.19, "bleu1": 16.31, "bleu2": 0.83, "bleu3": 0.02, "bleu4": 0.01, "rougeL": 0.1225, "rouge1": 0.1602, "rouge2": 0.0092, "exact_match": 0.0}, "loss": {"X_Y_COS": 1.0, "X_Y_MSEloss": 1.5965257095884133e-15, "X_Y_test_COS": 0.9284471869468689, "X_Y_test_MSEloss": 0.00031468382803723216, "X_Y_val_COS": 0.9279772043228149, "X_Y_val_MSEloss": 0.0003117200394626707}}