{"train_samples": 20, "test_samples": 200, "source_model": "sentence-transformers/gtr-t5-base", "source_dim": 768, "target_dim": 512, "test_results": {"bleu": 0.19, "bleu1": 21.16, "bleu2": 0.86, "bleu3": 0.02, "bleu4": 0.01, "rougeL": 0.1299, "rouge1": 0.1642, "rouge2": 0.0093, "exact_match": 0.0}, "loss": {"X_Y_COS": 1.0, "X_Y_MSEloss": 9.89510982883407e-16, "X_Y_test_COS": 0.877888023853302, "X_Y_test_MSEloss": 0.0004541959206108004, "X_Y_val_COS": 0.87995445728302, "X_Y_val_MSEloss": 0.00044695797259919345}}