{"train_samples": 20, "test_samples": 200, "source_model": "google/flan-t5-base", "source_dim": 768, "target_dim": 512, "test_results": {"bleu": 1.89, "bleu1": 22.11, "bleu2": 2.12, "bleu3": 0.75, "bleu4": 0.37, "rougeL": 0.1382, "rouge1": 0.1895, "rouge2": 0.0238, "exact_match": 0.0}, "loss": {"X_Y_COS": 1.0, "X_Y_MSEloss": 1.476073495203234e-15, "X_Y_test_COS": 0.8697121739387512, "X_Y_test_MSEloss": 0.00047923787496984005, "X_Y_val_COS": 0.8634868264198303, "X_Y_val_MSEloss": 0.0005004613194614649}}