{"train_samples": 3000, "test_samples": 200, "source_model": "google-t5/t5-base", "source_dim": 768, "target_dim": 512, "test_results": {"bleu": 0.22, "bleu1": 18.53, "bleu2": 1.49, "bleu3": 0.02, "bleu4": 0.01, "rougeL": 0.1413, "rouge1": 0.1779, "rouge2": 0.0147, "exact_match": 0.0}, "loss": {"X_Y_COS": 0.9691892862319946, "X_Y_MSEloss": 0.00011982033174717799, "X_Y_test_COS": 0.9554640054702759, "X_Y_test_MSEloss": 0.00017228546494152397, "X_Y_val_COS": 0.9549534916877747, "X_Y_val_MSEloss": 0.00017340808699373156}}