{"train_samples": 20, "test_samples": 200, "source_model": "intfloat/multilingual-e5-base", "source_dim": 768, "target_dim": 512, "test_results": {"bleu": 1.16, "bleu1": 22.41, "bleu2": 1.33, "bleu3": 0.38, "bleu4": 0.16, "rougeL": 0.1484, "rouge1": 0.1914, "rouge2": 0.0147, "exact_match": 0.0}, "loss": {"X_Y_COS": 1.0, "X_Y_MSEloss": 2.4481805132952304e-14, "X_Y_test_COS": 0.9046548008918762, "X_Y_test_MSEloss": 0.0003553612914402038, "X_Y_val_COS": 0.904916524887085, "X_Y_val_MSEloss": 0.00035456373007036746}}