{"train_samples": 50, "test_samples": 200, "source_model": "google/mt5-base", "source_dim": 768, "target_dim": 512, "test_results": {"bleu": 0.1, "bleu1": 9.96, "bleu2": 0.1, "bleu3": 0.01, "bleu4": 0.01, "rougeL": 0.0073, "rouge1": 0.0082, "rouge2": 0.0, "exact_match": 0.0}, "loss": {"X_Y_COS": 1.0, "X_Y_MSEloss": 2.2411045241810257e-11, "X_Y_test_COS": 0.9043796062469482, "X_Y_test_MSEloss": 0.0003570834523998201, "X_Y_val_COS": 0.9040554761886597, "X_Y_val_MSEloss": 0.00035827566171064973}}