{"train_samples": 3, "test_samples": 200, "source_model": "google-bert/bert-base-multilingual-cased", "source_dim": 768, "target_dim": 512, "test_results": {"bleu": 0.14, "bleu1": 17.23, "bleu2": 0.51, "bleu3": 0.02, "bleu4": 0.01, "rougeL": 0.0966, "rouge1": 0.1116, "rouge2": 0.0057, "exact_match": 0.0}, "loss": {"X_Y_COS": 1.0, "X_Y_MSEloss": 1.3423639446441039e-15, "X_Y_test_COS": 0.9016458988189697, "X_Y_test_MSEloss": 0.0006842181319370866, "X_Y_val_COS": 0.9030116200447083, "X_Y_val_MSEloss": 0.0006699657533317804}}