{"train_samples": 30, "test_samples": 200, "source_model": "intfloat/multilingual-e5-base", "source_dim": 768, "target_dim": 512, "test_results": {"bleu": 0.35, "bleu1": 14.41, "bleu2": 0.74, "bleu3": 0.1, "bleu4": 0.03, "rougeL": 0.0806, "rouge1": 0.0931, "rouge2": 0.0108, "exact_match": 0.0}, "loss": {"X_Y_COS": 1.0, "X_Y_MSEloss": 2.3959542574773784e-13, "X_Y_test_COS": 0.8882272243499756, "X_Y_test_MSEloss": 0.00041179495747201145, "X_Y_val_COS": 0.8865470886230469, "X_Y_val_MSEloss": 0.0004177100781816989}}