{"train_samples": 500, "test_samples": 200, "source_model": "google/mt5-base", "source_dim": 768, "target_dim": 512, "test_results": {"bleu": 0.27, "bleu1": 9.41, "bleu2": 0.27, "bleu3": 0.06, "bleu4": 0.03, "rougeL": 0.0096, "rouge1": 0.0096, "rouge2": 0.0004, "exact_match": 0.0}, "loss": {"X_Y_COS": 0.9783511161804199, "X_Y_MSEloss": 8.418666402576491e-05, "X_Y_test_COS": 0.9286823868751526, "X_Y_test_MSEloss": 0.0002728253311943263, "X_Y_val_COS": 0.9264358282089233, "X_Y_val_MSEloss": 0.00028171975282020867}}