{"train_samples": 1000, "test_samples": 200, "source_model": "google/flan-t5-base", "source_dim": 768, "target_dim": 512, "test_results": {"bleu": 1.58, "bleu1": 23.21, "bleu2": 2.19, "bleu3": 0.57, "bleu4": 0.41, "rougeL": 0.1259, "rouge1": 0.1541, "rouge2": 0.0206, "exact_match": 0.0}, "loss": {"X_Y_COS": 0.9768725037574768, "X_Y_MSEloss": 8.993359369924292e-05, "X_Y_test_COS": 0.9349543452262878, "X_Y_test_MSEloss": 0.0002519598638173193, "X_Y_val_COS": 0.9335854649543762, "X_Y_val_MSEloss": 0.00025653711054474115}}