{"train_samples": 1000, "test_samples": 200, "source_model": "sentence-transformers/all-MiniLM-L6-v2", "source_dim": 384, "target_dim": 512, "test_results": {"bleu": 0.1, "bleu1": 9.4, "bleu2": 0.11, "bleu3": 0.02, "bleu4": 0.01, "rougeL": 0.0205, "rouge1": 0.0205, "rouge2": 0.0, "exact_match": 0.0}, "loss": {"X_Y_COS": 0.9433673620223999, "X_Y_MSEloss": 0.0005220409948378801, "X_Y_test_COS": 0.8539502024650574, "X_Y_test_MSEloss": 0.0013340237783268094, "X_Y_val_COS": 0.8438624143600464, "X_Y_val_MSEloss": 0.0014328282559290528}}