{"train_samples": 50, "test_samples": 200, "source_model": "google/flan-t5-base", "source_dim": 768, "target_dim": 512, "test_results": {"bleu": 0.08, "bleu1": 13.14, "bleu2": 0.04, "bleu3": 0.02, "bleu4": 0.01, "rougeL": 0.0139, "rouge1": 0.0139, "rouge2": 0.0, "exact_match": 0.0}, "loss": {"X_Y_COS": 1.0, "X_Y_MSEloss": 1.2959849122681777e-12, "X_Y_test_COS": 0.9020970463752747, "X_Y_test_MSEloss": 0.0005649459781125188, "X_Y_val_COS": 0.8998776078224182, "X_Y_val_MSEloss": 0.0005974593805149198}}