{"train_samples": 1000, "test_samples": 200, "source_model": "text-embedding-ada-002", "source_dim": 1536, "target_dim": 512, "test_results": {"bleu": 5.8, "bleu1": 30.34, "bleu2": 6.06, "bleu3": 3.05, "bleu4": 2.23, "rougeL": 0.2014, "rouge1": 0.268, "rouge2": 0.0647, "exact_match": 0.0}, "loss": {"X_Y_COS": 0.9474616646766663, "X_Y_MSEloss": 0.00020048487931489944, "X_Y_test_COS": 0.8725186586380005, "X_Y_test_MSEloss": 0.00047606907901354134, "X_Y_val_COS": 0.8704744577407837, "X_Y_val_MSEloss": 0.0004832594422623515}}