{"train_samples": 100, "test_samples": 200, "source_model": "text-embedding-3-large", "source_dim": 3072, "target_dim": 512, "test_results": {"bleu": 0.12, "bleu1": 11.96, "bleu2": 0.21, "bleu3": 0.02, "bleu4": 0.01, "rougeL": 0.0756, "rouge1": 0.0852, "rouge2": 0.0016, "exact_match": 0.0}, "loss": {"X_Y_COS": 1.0, "X_Y_MSEloss": 1.8063257833933477e-10, "X_Y_test_COS": 0.8872358798980713, "X_Y_test_MSEloss": 0.0008853975450620055, "X_Y_val_COS": 0.8924555778503418, "X_Y_val_MSEloss": 0.0008401045924983919}}