{"train_samples": 40, "test_samples": 200, "source_model": "sentence-transformers/gtr-t5-base", "source_dim": 768, "target_dim": 512, "test_results": {"bleu": 0.11, "bleu1": 8.63, "bleu2": 0.15, "bleu3": 0.02, "bleu4": 0.01, "rougeL": 0.0912, "rouge1": 0.104, "rouge2": 0.0014, "exact_match": 0.0}, "loss": {"X_Y_COS": 1.0, "X_Y_MSEloss": 3.171695978770872e-12, "X_Y_test_COS": 0.7684926390647888, "X_Y_test_MSEloss": 0.0008344430243596435, "X_Y_val_COS": 0.7709406614303589, "X_Y_val_MSEloss": 0.0008238503360189497}}