{"train_samples": 2000, "test_samples": 200, "source_model": "google-t5/t5-base", "source_dim": 768, "target_dim": 512, "test_results": {"bleu": 3.88, "bleu1": 33.22, "bleu2": 6.58, "bleu3": 1.98, "bleu4": 0.63, "rougeL": 0.2288, "rouge1": 0.3133, "rouge2": 0.072, "exact_match": 0.0}, "loss": {"X_Y_COS": 0.9733119606971741, "X_Y_MSEloss": 0.00010454644507262856, "X_Y_test_COS": 0.9455403685569763, "X_Y_test_MSEloss": 0.00021194170403759927, "X_Y_val_COS": 0.945319652557373, "X_Y_val_MSEloss": 0.00021311863383743912}}