{"train_samples": 1000, "test_samples": 200, "source_model": "text-embedding-ada-002", "source_dim": 1536, "target_dim": 512, "test_results": {"bleu": 0.51, "bleu1": 15.6, "bleu2": 1.33, "bleu3": 0.13, "bleu4": 0.03, "rougeL": 0.1115, "rouge1": 0.1268, "rouge2": 0.0119, "exact_match": 0.0}, "loss": {"X_Y_COS": 1.0, "X_Y_MSEloss": 5.948929283211557e-12, "X_Y_test_COS": -0.0020428395364433527, "X_Y_test_MSEloss": 0.005662919953465462, "X_Y_val_COS": -0.060737207531929016, "X_Y_val_MSEloss": 0.005922085139900446}}