{"train_samples": 20, "test_samples": 200, "source_model": "text-embedding-3-large", "source_dim": 3072, "target_dim": 512, "test_results": {"bleu": 1.79, "bleu1": 20.12, "bleu2": 1.73, "bleu3": 0.73, "bleu4": 0.4, "rougeL": 0.1388, "rouge1": 0.1948, "rouge2": 0.02, "exact_match": 0.0}, "loss": {"X_Y_COS": 1.0, "X_Y_MSEloss": 2.4510970912545993e-16, "X_Y_test_COS": 0.8613741993904114, "X_Y_test_MSEloss": 0.0006375497323460877, "X_Y_val_COS": 0.8621346950531006, "X_Y_val_MSEloss": 0.0006389283225871623}}