{"train_samples": 30, "test_samples": 200, "source_model": "google-t5/t5-base", "source_dim": 768, "target_dim": 512, "test_results": {"bleu": 0.43, "bleu1": 14.95, "bleu2": 0.69, "bleu3": 0.16, "bleu4": 0.1, "rougeL": 0.0526, "rouge1": 0.0569, "rouge2": 0.0018, "exact_match": 0.0}, "loss": {"X_Y_COS": 1.0, "X_Y_MSEloss": 2.4994792693910917e-11, "X_Y_test_COS": 0.9185227751731873, "X_Y_test_MSEloss": 0.0008198642753995955, "X_Y_val_COS": 0.9230121970176697, "X_Y_val_MSEloss": 0.0007818041485734284}}