{"train_samples": 1000, "test_samples": 200, "source_model": "google-t5/t5-base", "source_dim": 768, "target_dim": 512, "test_results": {"bleu": 1.25, "bleu1": 9.47, "bleu2": 1.09, "bleu3": 0.66, "bleu4": 0.37, "rougeL": 0.048, "rouge1": 0.0555, "rouge2": 0.0017, "exact_match": 0.0}, "loss": {"X_Y_COS": 0.8878597617149353, "X_Y_MSEloss": 0.00048793043242767453, "X_Y_test_COS": 0.03651558607816696, "X_Y_test_MSEloss": 0.00728920241817832, "X_Y_val_COS": 0.034086160361766815, "X_Y_val_MSEloss": 0.00729776918888092}}