{"train_samples": 20, "test_samples": 200, "source_model": "sentence-transformers/all-MiniLM-L6-v2", "source_dim": 384, "target_dim": 512, "test_results": {"bleu": 0.13, "bleu1": 10.98, "bleu2": 0.21, "bleu3": 0.02, "bleu4": 0.01, "rougeL": 0.0577, "rouge1": 0.0658, "rouge2": 0.0078, "exact_match": 0.0}, "loss": {"X_Y_COS": 1.0, "X_Y_MSEloss": 3.906340987493666e-16, "X_Y_test_COS": 0.8809633255004883, "X_Y_test_MSEloss": 0.000501043105032295, "X_Y_val_COS": 0.8716756105422974, "X_Y_val_MSEloss": 0.0005301066557876766}}