{"train_samples": 1, "test_samples": 200, "source_model": "google/mt5-base", "source_dim": 768, "target_dim": 512, "test_results": {"bleu": 0.05, "bleu1": 11.71, "bleu2": 0.02, "bleu3": 0.01, "bleu4": 0.01, "rougeL": 0.2091, "rouge1": 0.2659, "rouge2": 0.0096, "exact_match": 0.0}, "loss": {"X_Y_COS": 1.0000001192092896, "X_Y_MSEloss": 3.6752828402791056e-16, "X_Y_test_COS": 0.8132100701332092, "X_Y_test_MSEloss": 0.0006937077268958092, "X_Y_val_COS": 0.8024920225143433, "X_Y_val_MSEloss": 0.0007052015862427652}}