{"train_samples": 3, "test_samples": 200, "source_model": "text-embedding-3-large", "source_dim": 3072, "target_dim": 512, "test_results": {"bleu": 0.13, "bleu1": 14.59, "bleu2": 0.28, "bleu3": 0.02, "bleu4": 0.01, "rougeL": 0.0717, "rouge1": 0.0911, "rouge2": 0.0022, "exact_match": 0.0}, "loss": {"X_Y_COS": 1.0000001192092896, "X_Y_MSEloss": 8.687373062598547e-17, "X_Y_test_COS": 0.8407339453697205, "X_Y_test_MSEloss": 0.001204558415338397, "X_Y_val_COS": 0.8441801071166992, "X_Y_val_MSEloss": 0.0011869699228554964}}