{"train_samples": 10, "test_samples": 200, "source_model": "google/mt5-base", "source_dim": 768, "target_dim": 512, "test_results": {"bleu": 0.12, "bleu1": 11.51, "bleu2": 0.14, "bleu3": 0.02, "bleu4": 0.01, "rougeL": 0.0518, "rouge1": 0.0563, "rouge2": 0.0062, "exact_match": 0.0}, "loss": {"X_Y_COS": 1.0, "X_Y_MSEloss": 1.943980636255377e-15, "X_Y_test_COS": 0.8847965598106384, "X_Y_test_MSEloss": 0.0004315889091230929, "X_Y_val_COS": 0.8806513547897339, "X_Y_val_MSEloss": 0.00044415428419597447}}