{"train_samples": 1000, "test_samples": 200, "source_model": "text-embedding-ada-002", "source_dim": 1536, "target_dim": 512, "test_results": {"bleu": 1.41, "bleu1": 22.94, "bleu2": 2.57, "bleu3": 0.51, "bleu4": 0.13, "rougeL": 0.1583, "rouge1": 0.2079, "rouge2": 0.0307, "exact_match": 0.0}, "loss": {"X_Y_COS": 0.9211968183517456, "X_Y_MSEloss": 0.0002956985554192215, "X_Y_test_COS": 0.9257771372795105, "X_Y_test_MSEloss": 0.00027931685326620936, "X_Y_val_COS": 0.921201229095459, "X_Y_val_MSEloss": 0.00029586831806227565}}