{"train_samples": 1000, "test_samples": 200, "source_model": "text-embedding-ada-002", "source_dim": 1536, "target_dim": 512, "test_results": {"bleu": 0.31, "bleu1": 15.11, "bleu2": 0.93, "bleu3": 0.04, "bleu4": 0.02, "rougeL": 0.1053, "rouge1": 0.1251, "rouge2": 0.0114, "exact_match": 0.0}, "loss": {"X_Y_COS": 0.9218860864639282, "X_Y_MSEloss": 0.00029321445617824793, "X_Y_test_COS": 0.825558602809906, "X_Y_test_MSEloss": 0.0006283831316977739, "X_Y_val_COS": 0.828611433506012, "X_Y_val_MSEloss": 0.0006157741299830377}}