{"train_samples": 1000, "test_samples": 200, "source_model": "google-t5/t5-base", "source_dim": 768, "target_dim": 512, "test_results": {"bleu": 0.28, "bleu1": 21.62, "bleu2": 1.75, "bleu3": 0.02, "bleu4": 0.01, "rougeL": 0.1689, "rouge1": 0.1981, "rouge2": 0.0184, "exact_match": 0.0}, "loss": {"X_Y_COS": 0.9814779162406921, "X_Y_MSEloss": 0.0001430338597856462, "X_Y_test_COS": 0.9555690288543701, "X_Y_test_MSEloss": 0.0003376280947122723, "X_Y_val_COS": 0.9550854563713074, "X_Y_val_MSEloss": 0.00034230388700962067}}