{"train_samples": 50, "test_samples": 200, "source_model": "google-bert/bert-base-multilingual-cased", "source_dim": 768, "target_dim": 512, "test_results": {"bleu": 0.04, "bleu1": 9.5, "bleu2": 0.01, "bleu3": 0.01, "bleu4": 0.0, "rougeL": 0.0054, "rouge1": 0.0058, "rouge2": 0.0004, "exact_match": 0.0}, "loss": {"X_Y_COS": 1.0, "X_Y_MSEloss": 6.70543048170158e-13, "X_Y_test_COS": 0.8918684124946594, "X_Y_test_MSEloss": 0.0004042589571326971, "X_Y_val_COS": 0.8942558169364929, "X_Y_val_MSEloss": 0.00039579279837198555}}