{"train_samples": 1, "test_samples": 200, "source_model": "random", "source_dim": 768, "target_dim": 512, "test_results": {"bleu": 0.19, "bleu1": 14.21, "bleu2": 1.36, "bleu3": 0.01, "bleu4": 0.01, "rougeL": 0.1239, "rouge1": 0.1314, "rouge2": 0.009, "exact_match": 0.0}, "loss": {"X_Y_COS": 1.0000001192092896, "X_Y_MSEloss": 4.332603965452288e-16, "X_Y_test_COS": -0.05999211594462395, "X_Y_test_MSEloss": 0.001955401850864291, "X_Y_val_COS": 0.04941558837890625, "X_Y_val_MSEloss": 0.001959107583388686}}