{"train_samples": 20, "test_samples": 200, "source_model": "text-embedding-ada-002", "source_dim": 1536, "target_dim": 512, "test_results": {"bleu": 0.1, "bleu1": 8.27, "bleu2": 0.09, "bleu3": 0.02, "bleu4": 0.01, "rougeL": 0.0045, "rouge1": 0.0045, "rouge2": 0.0, "exact_match": 0.0}, "loss": {"X_Y_COS": 1.0, "X_Y_MSEloss": 6.282928719663922e-15, "X_Y_test_COS": 0.9023568630218506, "X_Y_test_MSEloss": 0.00036241678753867745, "X_Y_val_COS": 0.9009189605712891, "X_Y_val_MSEloss": 0.0003673153987620026}}