{"train_samples": 3, "test_samples": 200, "source_model": "google-t5/t5-base", "source_dim": 768, "target_dim": 512, "test_results": {"bleu": 0.12, "bleu1": 15.82, "bleu2": 0.17, "bleu3": 0.02, "bleu4": 0.01, "rougeL": 0.1046, "rouge1": 0.1257, "rouge2": 0.0059, "exact_match": 0.0}, "loss": {"X_Y_COS": 1.0, "X_Y_MSEloss": 3.8804998651575094e-16, "X_Y_test_COS": 0.9057626128196716, "X_Y_test_MSEloss": 0.0003911505627911538, "X_Y_val_COS": 0.9054195284843445, "X_Y_val_MSEloss": 0.0003911468375008553}}