{"train_samples": 10, "test_samples": 200, "source_model": "google-bert/bert-base-multilingual-cased", "source_dim": 768, "target_dim": 512, "test_results": {"bleu": 0.37, "bleu1": 20.18, "bleu2": 1.12, "bleu3": 0.07, "bleu4": 0.01, "rougeL": 0.1161, "rouge1": 0.1489, "rouge2": 0.0116, "exact_match": 0.0}, "loss": {"X_Y_COS": 1.0, "X_Y_MSEloss": 4.2690447306726936e-16, "X_Y_test_COS": 0.8408465385437012, "X_Y_test_MSEloss": 0.0005778007907792926, "X_Y_val_COS": 0.8392784595489502, "X_Y_val_MSEloss": 0.0005842249956913292}}