{"train_samples": 30, "test_samples": 200, "source_model": "sentence-transformers/all-MiniLM-L6-v2", "source_dim": 384, "target_dim": 512, "test_results": {"bleu": 0.04, "bleu1": 7.44, "bleu2": 0.02, "bleu3": 0.01, "bleu4": 0.0, "rougeL": 0.0166, "rouge1": 0.0187, "rouge2": 0.0, "exact_match": 0.0}, "loss": {"X_Y_COS": 1.0, "X_Y_MSEloss": 3.9968722775896026e-11, "X_Y_test_COS": 0.8505399227142334, "X_Y_test_MSEloss": 0.0013685106532648206, "X_Y_val_COS": 0.8384048342704773, "X_Y_val_MSEloss": 0.0014550337800756097}}