{"train_samples": 1000, "test_samples": 200, "source_model": "google-bert/bert-base-multilingual-cased", "source_dim": 768, "target_dim": 512, "test_results": {"bleu": 28.71, "bleu1": 47.63, "bleu2": 29.18, "bleu3": 24.59, "bleu4": 22.41, "rougeL": 0.4032, "rouge1": 0.4606, "rouge2": 0.2895, "exact_match": 0.0}, "loss": {"X_Y_COS": 0.9688807725906372, "X_Y_MSEloss": 0.00012104452616767958, "X_Y_test_COS": 0.9232400059700012, "X_Y_test_MSEloss": 0.00029570667538791895, "X_Y_val_COS": 0.9190999865531921, "X_Y_val_MSEloss": 0.0003108105156570673, "reg_lambda": 0.01}}