{"train_samples": 30, "test_samples": 200, "source_model": "sentence-transformers/all-MiniLM-L6-v2", "source_dim": 384, "target_dim": 512, "test_results": {"bleu": 0.13, "bleu1": 11.12, "bleu2": 0.21, "bleu3": 0.03, "bleu4": 0.02, "rougeL": 0.0399, "rouge1": 0.043, "rouge2": 0.0007, "exact_match": 0.0}, "loss": {"X_Y_COS": 1.0, "X_Y_MSEloss": 2.0701889855145872e-11, "X_Y_test_COS": 0.5269806981086731, "X_Y_test_MSEloss": 0.0032640600111335516, "X_Y_val_COS": 0.5370623469352722, "X_Y_val_MSEloss": 0.0031338429544121027}}