{"train_samples": 100, "test_samples": 200, "source_model": "sentence-transformers/gtr-t5-base", "source_dim": 768, "target_dim": 512, "test_results": {"bleu": 0.07, "bleu1": 10.59, "bleu2": 0.04, "bleu3": 0.02, "bleu4": 0.01, "rougeL": 0.008, "rouge1": 0.008, "rouge2": 0.0, "exact_match": 0.0}, "loss": {"X_Y_COS": 1.0, "X_Y_MSEloss": 3.3818063367024864e-12, "X_Y_test_COS": 0.8766646981239319, "X_Y_test_MSEloss": 0.0007263710140250623, "X_Y_val_COS": 0.8716657161712646, "X_Y_val_MSEloss": 0.0007683683652430773}}