{"train_samples": 100, "test_samples": 200, "source_model": "text-embedding-ada-002", "source_dim": 1536, "target_dim": 512, "test_results": {"bleu": 0.66, "bleu1": 14.0, "bleu2": 0.85, "bleu3": 0.19, "bleu4": 0.17, "rougeL": 0.0635, "rouge1": 0.0701, "rouge2": 0.0066, "exact_match": 0.0}, "loss": {"X_Y_COS": 1.0, "X_Y_MSEloss": 1.391025628016962e-10, "X_Y_test_COS": 0.9138157963752747, "X_Y_test_MSEloss": 0.0003241114318370819, "X_Y_val_COS": 0.914504885673523, "X_Y_val_MSEloss": 0.00032202459988184273}}