{"train_samples": 100, "test_samples": 200, "source_model": "text-embedding-ada-002", "source_dim": 1536, "target_dim": 512, "test_results": {"bleu": 0.07, "bleu1": 7.18, "bleu2": 0.03, "bleu3": 0.02, "bleu4": 0.01, "rougeL": 0.0274, "rouge1": 0.0302, "rouge2": 0.001, "exact_match": 0.0}, "loss": {"X_Y_COS": 1.0, "X_Y_MSEloss": 4.3948471164373393e-13, "X_Y_test_COS": 0.8569929003715515, "X_Y_test_MSEloss": 0.000978753319941461, "X_Y_val_COS": 0.8545098900794983, "X_Y_val_MSEloss": 0.001024396624416113}}