{"train_samples": 30, "test_samples": 200, "source_model": "google/mt5-base", "source_dim": 768, "target_dim": 512, "test_results": {"bleu": 1.45, "bleu1": 18.65, "bleu2": 1.2, "bleu3": 0.58, "bleu4": 0.4, "rougeL": 0.111, "rouge1": 0.1559, "rouge2": 0.0118, "exact_match": 0.0}, "loss": {"X_Y_COS": 0.9126302599906921, "X_Y_MSEloss": 0.0005019818199798465, "X_Y_test_COS": 0.9042225480079651, "X_Y_test_MSEloss": 0.0005439119413495064, "X_Y_val_COS": 0.9072917103767395, "X_Y_val_MSEloss": 0.0005411350866779685, "reg_lambda": 10}}