{"train_samples": 20, "test_samples": 200, "source_model": "google/mt5-base", "source_dim": 768, "target_dim": 512, "test_results": {"bleu": 0.64, "bleu1": 16.34, "bleu2": 1.04, "bleu3": 0.37, "bleu4": 0.14, "rougeL": 0.0521, "rouge1": 0.0591, "rouge2": 0.0032, "exact_match": 0.0}, "loss": {"X_Y_COS": 1.0, "X_Y_MSEloss": 7.804114342604973e-14, "X_Y_test_COS": 0.9037626385688782, "X_Y_test_MSEloss": 0.0003582742647267878, "X_Y_val_COS": 0.9044355750083923, "X_Y_val_MSEloss": 0.00036045900196768343}}