{"train_samples": 1000, "test_samples": 200, "source_model": "text-embedding-ada-002", "source_dim": 1536, "target_dim": 512, "test_results": {"bleu": 0.13, "bleu1": 9.83, "bleu2": 0.23, "bleu3": 0.02, "bleu4": 0.01, "rougeL": 0.062, "rouge1": 0.0705, "rouge2": 0.0026, "exact_match": 0.0}, "loss": {"X_Y_COS": 1.0, "X_Y_MSEloss": 4.261548579298502e-12, "X_Y_test_COS": 0.040545109659433365, "X_Y_test_MSEloss": 0.005359716713428497, "X_Y_val_COS": -0.042529165744781494, "X_Y_val_MSEloss": 0.005662417504936457}}