{"train_samples": 5, "test_samples": 200, "source_model": "google-bert/bert-base-multilingual-cased", "source_dim": 768, "target_dim": 512, "test_results": {"bleu": 0.04, "bleu1": 13.1, "bleu2": 0.03, "bleu3": 0.02, "bleu4": 0.01, "rougeL": 0.0056, "rouge1": 0.0056, "rouge2": 0.0, "exact_match": 0.0}, "loss": {"X_Y_COS": 1.0, "X_Y_MSEloss": 5.615209576848924e-16, "X_Y_test_COS": 0.8838242888450623, "X_Y_test_MSEloss": 0.0006832287763245404, "X_Y_val_COS": 0.8794436454772949, "X_Y_val_MSEloss": 0.0007277827826328576}}