{"train_samples": 30, "test_samples": 200, "source_model": "sentence-transformers/all-MiniLM-L6-v2", "source_dim": 384, "target_dim": 512, "test_results": {"bleu": 0.69, "bleu1": 16.82, "bleu2": 1.13, "bleu3": 0.21, "bleu4": 0.11, "rougeL": 0.0993, "rouge1": 0.1251, "rouge2": 0.0102, "exact_match": 0.0}, "loss": {"X_Y_COS": 1.0, "X_Y_MSEloss": 6.45335291332179e-16, "X_Y_test_COS": 0.49503087997436523, "X_Y_test_MSEloss": 0.0014114737277850509, "X_Y_val_COS": 0.4997638165950775, "X_Y_val_MSEloss": 0.0013658229727298021}}