{"train_samples": 50, "test_samples": 200, "source_model": "sentence-transformers/gtr-t5-base", "source_dim": 768, "target_dim": 512, "test_results": {"bleu": 0.31, "bleu1": 16.85, "bleu2": 0.78, "bleu3": 0.06, "bleu4": 0.03, "rougeL": 0.0607, "rouge1": 0.0675, "rouge2": 0.0049, "exact_match": 0.0}, "loss": {"X_Y_COS": 1.0, "X_Y_MSEloss": 7.913908764931325e-16, "X_Y_test_COS": 0.8836311101913452, "X_Y_test_MSEloss": 0.000441364711150527, "X_Y_val_COS": 0.8793902397155762, "X_Y_val_MSEloss": 0.0004560026281978935}}