{"train_samples": 1000, "test_samples": 200, "source_model": "google-bert/bert-base-multilingual-cased", "source_dim": 768, "target_dim": 512, "test_results": {"bleu": 0.54, "bleu1": 16.62, "bleu2": 1.66, "bleu3": 0.14, "bleu4": 0.03, "rougeL": 0.1174, "rouge1": 0.1324, "rouge2": 0.0117, "exact_match": 0.0}, "loss": {"X_Y_COS": 0.9027860760688782, "X_Y_MSEloss": 0.00046412579831667244, "X_Y_test_COS": -0.0025345897302031517, "X_Y_test_MSEloss": 0.008159163407981396, "X_Y_val_COS": 0.02438182570040226, "X_Y_val_MSEloss": 0.00801799725741148}}