{"train_samples": 10, "test_samples": 200, "source_model": "sentence-transformers/all-MiniLM-L6-v2", "source_dim": 384, "target_dim": 512, "test_results": {"bleu": 0.19, "bleu1": 15.0, "bleu2": 0.88, "bleu3": 0.03, "bleu4": 0.02, "rougeL": 0.1158, "rouge1": 0.1389, "rouge2": 0.0084, "exact_match": 0.0}, "loss": {"X_Y_COS": 1.0, "X_Y_MSEloss": 3.847853893151898e-12, "X_Y_test_COS": 0.9041560292243958, "X_Y_test_MSEloss": 0.0008239537128247321, "X_Y_val_COS": 0.904364824295044, "X_Y_val_MSEloss": 0.000847592658828944}}