{"train_samples": 1000, "test_samples": 200, "source_model": "text-embedding-ada-002", "source_dim": 1536, "target_dim": 512, "test_results": {"bleu": 0.18, "bleu1": 10.02, "bleu2": 0.21, "bleu3": 0.03, "bleu4": 0.02, "rougeL": 0.0592, "rouge1": 0.068, "rouge2": 0.001, "exact_match": 0.0}, "loss": {"X_Y_COS": 1.0, "X_Y_MSEloss": 2.7109679518605434e-12, "X_Y_test_COS": 0.13235457241535187, "X_Y_test_MSEloss": 0.003748134942725301, "X_Y_val_COS": 0.12148663401603699, "X_Y_val_MSEloss": 0.004150129854679108}}