{"train_samples": 100, "test_samples": 200, "source_model": "google-t5/t5-base", "source_dim": 768, "target_dim": 512, "test_results": {"bleu": 0.86, "bleu1": 21.22, "bleu2": 1.88, "bleu3": 0.2, "bleu4": 0.07, "rougeL": 0.1343, "rouge1": 0.1804, "rouge2": 0.0193, "exact_match": 0.0}, "loss": {"X_Y_COS": 1.0, "X_Y_MSEloss": 6.383835734341536e-12, "X_Y_test_COS": 0.926045835018158, "X_Y_test_MSEloss": 0.00028077661409042776, "X_Y_val_COS": 0.9237865805625916, "X_Y_val_MSEloss": 0.00028968520928174257}}