{"train_samples": 100, "test_samples": 200, "source_model": "sentence-transformers/gtr-t5-base", "source_dim": 768, "target_dim": 512, "test_results": {"bleu": 0.18, "bleu1": 14.34, "bleu2": 0.75, "bleu3": 0.02, "bleu4": 0.01, "rougeL": 0.1104, "rouge1": 0.148, "rouge2": 0.0094, "exact_match": 0.0}, "loss": {"X_Y_COS": 1.0, "X_Y_MSEloss": 1.1088439055839672e-09, "X_Y_test_COS": 0.8932422995567322, "X_Y_test_MSEloss": 0.0007438182947225869, "X_Y_val_COS": 0.8968185186386108, "X_Y_val_MSEloss": 0.0007058841292746365}}