{"train_samples": 1, "test_samples": 200, "source_model": "text-embedding-ada-002", "source_dim": 1536, "target_dim": 512, "test_results": {"bleu": 0.11, "bleu1": 7.76, "bleu2": 0.2, "bleu3": 0.01, "bleu4": 0.01, "rougeL": 0.0089, "rouge1": 0.0089, "rouge2": 0.0, "exact_match": 0.0}, "loss": {"X_Y_COS": 1.0, "X_Y_MSEloss": 1.2423279771448317e-15, "X_Y_test_COS": 0.8556542992591858, "X_Y_test_MSEloss": 0.0005388967110775411, "X_Y_val_COS": 0.8572272062301636, "X_Y_val_MSEloss": 0.0005343230441212654}}