{"train_samples": 1000, "test_samples": 200, "source_model": "sentence-transformers/gtr-t5-base", "source_dim": 768, "target_dim": 512, "test_results": {"bleu": 6.9, "bleu1": 23.37, "bleu2": 7.43, "bleu3": 4.62, "bleu4": 2.82, "rougeL": 0.1286, "rouge1": 0.1564, "rouge2": 0.0222, "exact_match": 0.0}, "loss": {"X_Y_COS": 0.9798781275749207, "X_Y_MSEloss": 7.883238868089393e-05, "X_Y_test_COS": 0.8515332341194153, "X_Y_test_MSEloss": 0.000593163596931845, "X_Y_val_COS": 0.881720244884491, "X_Y_val_MSEloss": 0.0004781652824021876}}