{"train_samples": 1000, "test_samples": 200, "source_model": "sentence-transformers/gtr-t5-base", "source_dim": 768, "target_dim": 512, "test_results": {"bleu": 0.91, "bleu1": 12.98, "bleu2": 1.15, "bleu3": 0.34, "bleu4": 0.18, "rougeL": 0.0643, "rouge1": 0.0711, "rouge2": 0.005, "exact_match": 0.0}, "loss": {"X_Y_COS": 0.9439742565155029, "X_Y_MSEloss": 0.00022100367641542107, "X_Y_test_COS": 0.8345881700515747, "X_Y_test_MSEloss": 0.0005421828827820718, "X_Y_val_COS": 0.8685787916183472, "X_Y_val_MSEloss": 0.0004884388181380928}}