{"train_samples": 1000, "test_samples": 200, "source_model": "sentence-transformers/gtr-t5-base", "source_dim": 768, "target_dim": 512, "test_results": {"bleu": 6.28, "bleu1": 23.35, "bleu2": 7.31, "bleu3": 4.46, "bleu4": 2.18, "rougeL": 0.1215, "rouge1": 0.1435, "rouge2": 0.0174, "exact_match": 0.0}, "loss": {"X_Y_COS": 0.9433125257492065, "X_Y_MSEloss": 0.00022389343939721584, "X_Y_test_COS": 0.8860836625099182, "X_Y_test_MSEloss": 0.0004549186851363629, "X_Y_val_COS": 0.9124128222465515, "X_Y_val_MSEloss": 0.00033617729786783457}}