{"train_samples": 5, "test_samples": 200, "source_model": "sentence-transformers/gtr-t5-base", "source_dim": 768, "target_dim": 512, "test_results": {"bleu": 0.09, "bleu1": 8.96, "bleu2": 0.12, "bleu3": 0.02, "bleu4": 0.01, "rougeL": 0.0324, "rouge1": 0.0347, "rouge2": 0.0012, "exact_match": 0.0}, "loss": {"X_Y_COS": 1.0, "X_Y_MSEloss": 8.997519602540528e-16, "X_Y_test_COS": 0.8972830176353455, "X_Y_test_MSEloss": 0.0007691547507420182, "X_Y_val_COS": 0.8902608752250671, "X_Y_val_MSEloss": 0.000875835947226733}}