{"train_samples": 10, "test_samples": 200, "source_model": "google-t5/t5-base", "source_dim": 768, "target_dim": 512, "test_results": {"bleu": 0.16, "bleu1": 16.69, "bleu2": 0.42, "bleu3": 0.01, "bleu4": 0.01, "rougeL": 0.1005, "rouge1": 0.1331, "rouge2": 0.003, "exact_match": 0.0}, "loss": {"X_Y_COS": 1.0, "X_Y_MSEloss": 5.927070696764604e-16, "X_Y_test_COS": 0.9063215255737305, "X_Y_test_MSEloss": 0.0003520639438647777, "X_Y_val_COS": 0.906273603439331, "X_Y_val_MSEloss": 0.0003518488956615329}}