{"train_samples": 5, "test_samples": 200, "source_model": "text-embedding-ada-002", "source_dim": 1536, "target_dim": 512, "test_results": {"bleu": 0.05, "bleu1": 9.24, "bleu2": 0.02, "bleu3": 0.01, "bleu4": 0.0, "rougeL": 0.1107, "rouge1": 0.1165, "rouge2": 0.0074, "exact_match": 0.0}, "loss": {"X_Y_COS": 1.0, "X_Y_MSEloss": 9.956514423554086e-16, "X_Y_test_COS": 0.7851182222366333, "X_Y_test_MSEloss": 0.0007507979171350598, "X_Y_val_COS": 0.7879165410995483, "X_Y_val_MSEloss": 0.0007421460468322039}}