{"train_samples": 30, "test_samples": 200, "source_model": "google-t5/t5-base", "source_dim": 768, "target_dim": 512, "test_results": {"bleu": 0.93, "bleu1": 20.38, "bleu2": 2.13, "bleu3": 0.33, "bleu4": 0.11, "rougeL": 0.1457, "rouge1": 0.1736, "rouge2": 0.024, "exact_match": 0.0}, "loss": {"X_Y_COS": 1.0, "X_Y_MSEloss": 4.8866553165050064e-11, "X_Y_test_COS": 0.9440228343009949, "X_Y_test_MSEloss": 0.00048364876420237124, "X_Y_val_COS": 0.9450158476829529, "X_Y_val_MSEloss": 0.0005020520184189081}}