{"train_samples": 30, "test_samples": 200, "source_model": "google-t5/t5-base", "source_dim": 768, "target_dim": 512, "test_results": {"bleu": 0.39, "bleu1": 19.35, "bleu2": 1.05, "bleu3": 0.1, "bleu4": 0.03, "rougeL": 0.1323, "rouge1": 0.1606, "rouge2": 0.0104, "exact_match": 0.0}, "loss": {"X_Y_COS": 1.0, "X_Y_MSEloss": 1.3875265682510712e-13, "X_Y_test_COS": 0.9201568365097046, "X_Y_test_MSEloss": 0.0004804395721293986, "X_Y_val_COS": 0.9230831861495972, "X_Y_val_MSEloss": 0.0004777037538588047}}