{"train_samples": 1000, "test_samples": 200, "source_model": "google/flan-t5-base", "source_dim": 768, "target_dim": 512, "test_results": {"bleu": 0.81, "bleu1": 19.68, "bleu2": 1.64, "bleu3": 0.45, "bleu4": 0.17, "rougeL": 0.0765, "rouge1": 0.0862, "rouge2": 0.0117, "exact_match": 0.0}, "loss": {"X_Y_COS": 0.9816309213638306, "X_Y_MSEloss": 0.00013262670836411417, "X_Y_test_COS": 0.9341474175453186, "X_Y_test_MSEloss": 0.00047849054681137204, "X_Y_val_COS": 0.934751033782959, "X_Y_val_MSEloss": 0.000477058143587783}}