{"train_samples": 3, "test_samples": 200, "source_model": "text-embedding-3-large", "source_dim": 3072, "target_dim": 512, "test_results": {"bleu": 0.04, "bleu1": 6.69, "bleu2": 0.02, "bleu3": 0.01, "bleu4": 0.01, "rougeL": 0.0413, "rouge1": 0.0446, "rouge2": 0.0006, "exact_match": 0.0}, "loss": {"X_Y_COS": 1.0, "X_Y_MSEloss": 1.117562565113115e-16, "X_Y_test_COS": 0.8240671157836914, "X_Y_test_MSEloss": 0.0009671614971011877, "X_Y_val_COS": 0.8233201503753662, "X_Y_val_MSEloss": 0.0009655080502852798}}