{"train_samples": 3, "test_samples": 200, "source_model": "google-bert/bert-base-multilingual-cased", "source_dim": 768, "target_dim": 512, "test_results": {"bleu": 0.14, "bleu1": 11.43, "bleu2": 0.54, "bleu3": 0.03, "bleu4": 0.02, "rougeL": 0.0861, "rouge1": 0.1014, "rouge2": 0.0045, "exact_match": 0.0}, "loss": {"X_Y_COS": 0.9999999403953552, "X_Y_MSEloss": 1.5790915797175842e-10, "X_Y_test_COS": 0.8929024934768677, "X_Y_test_MSEloss": 0.0008693856652826071, "X_Y_val_COS": 0.8904929757118225, "X_Y_val_MSEloss": 0.0008803664240986109}}