{"train_samples": 1, "test_samples": 200, "source_model": "sentence-transformers/gtr-t5-base", "source_dim": 768, "target_dim": 512, "test_results": {"bleu": 0.36, "bleu1": 21.59, "bleu2": 1.46, "bleu3": 0.05, "bleu4": 0.01, "rougeL": 0.1365, "rouge1": 0.1571, "rouge2": 0.013, "exact_match": 0.0}, "loss": {"X_Y_COS": 1.0, "X_Y_MSEloss": 4.3428289766146277e-16, "X_Y_test_COS": 0.7464970946311951, "X_Y_test_MSEloss": 0.0016375062987208366, "X_Y_val_COS": 0.745714008808136, "X_Y_val_MSEloss": 0.001631970051676035}}