{"train_samples": 5, "test_samples": 200, "source_model": "sentence-transformers/all-MiniLM-L6-v2", "source_dim": 384, "target_dim": 512, "test_results": {"bleu": 0.19, "bleu1": 13.68, "bleu2": 0.61, "bleu3": 0.03, "bleu4": 0.01, "rougeL": 0.0679, "rouge1": 0.0805, "rouge2": 0.0043, "exact_match": 0.0}, "loss": {"X_Y_COS": 1.0, "X_Y_MSEloss": 2.1068270349390914e-16, "X_Y_test_COS": 0.21106430888175964, "X_Y_test_MSEloss": 0.0018174850847572088, "X_Y_val_COS": 0.17713062465190887, "X_Y_val_MSEloss": 0.0018441795837134123}}