{"train_samples": 40, "test_samples": 200, "source_model": "text-embedding-3-large", "source_dim": 3072, "target_dim": 512, "test_results": {"bleu": 0.85, "bleu1": 22.64, "bleu2": 1.65, "bleu3": 0.26, "bleu4": 0.05, "rougeL": 0.1489, "rouge1": 0.1961, "rouge2": 0.0188, "exact_match": 0.0}, "loss": {"X_Y_COS": 1.0, "X_Y_MSEloss": 1.6155286820018267e-15, "X_Y_test_COS": 0.909228503704071, "X_Y_test_MSEloss": 0.00036948733031749725, "X_Y_val_COS": 0.9087287187576294, "X_Y_val_MSEloss": 0.0003667051496449858}}