{"train_samples": 40, "test_samples": 200, "source_model": "text-embedding-3-large", "source_dim": 3072, "target_dim": 512, "test_results": {"bleu": 0.04, "bleu1": 6.64, "bleu2": 0.01, "bleu3": 0.01, "bleu4": 0.0, "rougeL": 0.0444, "rouge1": 0.0479, "rouge2": 0.0006, "exact_match": 0.0}, "loss": {"X_Y_COS": 1.0, "X_Y_MSEloss": 2.6574903302239994e-12, "X_Y_test_COS": 0.8305146098136902, "X_Y_test_MSEloss": 0.0012968298979103565, "X_Y_val_COS": 0.8230616450309753, "X_Y_val_MSEloss": 0.0013828790979459882}}