{"train_samples": 40, "test_samples": 200, "source_model": "text-embedding-3-large", "source_dim": 3072, "target_dim": 512, "test_results": {"bleu": 0.1, "bleu1": 8.7, "bleu2": 0.1, "bleu3": 0.02, "bleu4": 0.01, "rougeL": 0.047, "rouge1": 0.0533, "rouge2": 0.0019, "exact_match": 0.0}, "loss": {"X_Y_COS": 1.0, "X_Y_MSEloss": 2.261090713466074e-15, "X_Y_test_COS": 0.8548004031181335, "X_Y_test_MSEloss": 0.0005381792434491217, "X_Y_val_COS": 0.8517187237739563, "X_Y_val_MSEloss": 0.0005489947507157922}}