{"train_samples": 40, "test_samples": 200, "source_model": "intfloat/multilingual-e5-base", "source_dim": 768, "target_dim": 512, "test_results": {"bleu": 0.35, "bleu1": 19.86, "bleu2": 1.11, "bleu3": 0.08, "bleu4": 0.01, "rougeL": 0.1193, "rouge1": 0.1496, "rouge2": 0.0095, "exact_match": 0.0}, "loss": {"X_Y_COS": 1.0, "X_Y_MSEloss": 6.794703688584036e-13, "X_Y_test_COS": 0.8865245580673218, "X_Y_test_MSEloss": 0.0004189207393210381, "X_Y_val_COS": 0.8847137093544006, "X_Y_val_MSEloss": 0.00042514505912549794}}