{"train_samples": 50, "test_samples": 200, "source_model": "intfloat/multilingual-e5-base", "source_dim": 768, "target_dim": 512, "test_results": {"bleu": 1.64, "bleu1": 22.36, "bleu2": 2.53, "bleu3": 0.68, "bleu4": 0.31, "rougeL": 0.1427, "rouge1": 0.1827, "rouge2": 0.0303, "exact_match": 0.0}, "loss": {"X_Y_COS": 1.0, "X_Y_MSEloss": 8.89390557728964e-12, "X_Y_test_COS": 0.8330715894699097, "X_Y_test_MSEloss": 0.0005999738350510597, "X_Y_val_COS": 0.8302422165870667, "X_Y_val_MSEloss": 0.000609685608651489}}