{"train_samples": 40, "test_samples": 200, "source_model": "google/flan-t5-base", "source_dim": 768, "target_dim": 512, "test_results": {"bleu": 0.14, "bleu1": 12.85, "bleu2": 0.29, "bleu3": 0.02, "bleu4": 0.01, "rougeL": 0.0561, "rouge1": 0.0644, "rouge2": 0.0032, "exact_match": 0.0}, "loss": {"X_Y_COS": 1.0, "X_Y_MSEloss": 4.236444603054803e-15, "X_Y_test_COS": 0.9112106561660767, "X_Y_test_MSEloss": 0.0006057603168301284, "X_Y_val_COS": 0.9075543880462646, "X_Y_val_MSEloss": 0.0006486137281171978}}