{"train_samples": 500, "test_samples": 200, "source_model": "sentence-transformers/all-MiniLM-L6-v2", "source_dim": 384, "target_dim": 512, "test_results": {"bleu": 0.08, "bleu1": 10.15, "bleu2": 0.04, "bleu3": 0.02, "bleu4": 0.01, "rougeL": 0.0087, "rouge1": 0.0094, "rouge2": 0.0, "exact_match": 0.0}, "loss": {"X_Y_COS": 0.9829668998718262, "X_Y_MSEloss": 0.00018729442672338337, "X_Y_test_COS": 0.792957067489624, "X_Y_test_MSEloss": 0.002358415862545371, "X_Y_val_COS": 0.7725318670272827, "X_Y_val_MSEloss": 0.002463488606736064}}