{"train_samples": 500, "test_samples": 200, "source_model": "google-t5/t5-base", "source_dim": 768, "target_dim": 512, "test_results": {"bleu": 0.79, "bleu1": 19.77, "bleu2": 1.62, "bleu3": 0.36, "bleu4": 0.13, "rougeL": 0.0776, "rouge1": 0.088, "rouge2": 0.0098, "exact_match": 0.0}, "loss": {"X_Y_COS": 0.9939203858375549, "X_Y_MSEloss": 5.7572520745452493e-05, "X_Y_test_COS": 0.8862006664276123, "X_Y_test_MSEloss": 0.0011014232877641916, "X_Y_val_COS": 0.8909690380096436, "X_Y_val_MSEloss": 0.0010555157205089927}}