{"train_samples": 1000, "test_samples": 200, "source_model": "google-bert/bert-base-multilingual-cased", "source_dim": 768, "target_dim": 512, "test_results": {"bleu": 10.78, "bleu1": 31.76, "bleu2": 11.74, "bleu3": 7.55, "bleu4": 4.8, "rougeL": 0.1788, "rouge1": 0.2172, "rouge2": 0.0529, "exact_match": 0.0}, "loss": {"X_Y_COS": 0.9644032716751099, "X_Y_MSEloss": 0.00013740803115069866, "X_Y_test_COS": 0.9069840312004089, "X_Y_test_MSEloss": 0.00035366168594919145, "X_Y_val_COS": 0.9238976240158081, "X_Y_val_MSEloss": 0.00029115399229340255}}