{"train_samples": 500, "test_samples": 200, "source_model": "sentence-transformers/all-MiniLM-L6-v2", "source_dim": 384, "target_dim": 512, "test_results": {"bleu": 0.12, "bleu1": 11.39, "bleu2": 0.2, "bleu3": 0.01, "bleu4": 0.01, "rougeL": 0.0305, "rouge1": 0.0317, "rouge2": 0.0005, "exact_match": 0.0}, "loss": {"X_Y_COS": 0.9795076847076416, "X_Y_MSEloss": 8.441419049631804e-05, "X_Y_test_COS": 0.7739746570587158, "X_Y_test_MSEloss": 0.0010013682767748833, "X_Y_val_COS": 0.7650439143180847, "X_Y_val_MSEloss": 0.0010227672755718231}}