{"train_samples": 50, "test_samples": 200, "source_model": "sentence-transformers/all-MiniLM-L6-v2", "source_dim": 384, "target_dim": 512, "test_results": {"bleu": 2.2, "bleu1": 21.74, "bleu2": 2.87, "bleu3": 0.89, "bleu4": 0.46, "rougeL": 0.1363, "rouge1": 0.181, "rouge2": 0.0311, "exact_match": 0.0}, "loss": {"X_Y_COS": 1.0, "X_Y_MSEloss": 1.085258528449849e-15, "X_Y_test_COS": 0.760467529296875, "X_Y_test_MSEloss": 0.0008295381558127701, "X_Y_val_COS": 0.7260372638702393, "X_Y_val_MSEloss": 0.0008903398993425071}}