{"train_samples": 500, "test_samples": 200, "source_model": "google-bert/bert-base-multilingual-cased", "source_dim": 768, "target_dim": 512, "test_results": {"bleu": 0.43, "bleu1": 17.54, "bleu2": 0.78, "bleu3": 0.17, "bleu4": 0.11, "rougeL": 0.0492, "rouge1": 0.0521, "rouge2": 0.0015, "exact_match": 0.0}, "loss": {"X_Y_COS": 0.9775641560554504, "X_Y_MSEloss": 0.00015492583042941988, "X_Y_test_COS": 0.8607710003852844, "X_Y_test_MSEloss": 0.0009861355647444725, "X_Y_val_COS": 0.8639009594917297, "X_Y_val_MSEloss": 0.0009693709434941411}}