{"train_samples": 3, "test_samples": 200, "source_model": "text-embedding-ada-002", "source_dim": 1536, "target_dim": 512, "test_results": {"bleu": 0.13, "bleu1": 13.97, "bleu2": 0.18, "bleu3": 0.01, "bleu4": 0.01, "rougeL": 0.0819, "rouge1": 0.1016, "rouge2": 0.0017, "exact_match": 0.0}, "loss": {"X_Y_COS": 1.0, "X_Y_MSEloss": 6.653164279809935e-16, "X_Y_test_COS": 0.8482874035835266, "X_Y_test_MSEloss": 0.0005492655909620225, "X_Y_val_COS": 0.8508108854293823, "X_Y_val_MSEloss": 0.0005410721059888601}}