{"train_samples": 40, "test_samples": 200, "source_model": "google/mt5-base", "source_dim": 768, "target_dim": 512, "test_results": {"bleu": 0.14, "bleu1": 15.11, "bleu2": 0.35, "bleu3": 0.02, "bleu4": 0.01, "rougeL": 0.0946, "rouge1": 0.1089, "rouge2": 0.0018, "exact_match": 0.0}, "loss": {"X_Y_COS": 1.0, "X_Y_MSEloss": 5.530447627632995e-12, "X_Y_test_COS": 0.9064812064170837, "X_Y_test_MSEloss": 0.0005047598388046026, "X_Y_val_COS": 0.9077252149581909, "X_Y_val_MSEloss": 0.000484752788906917}}