{"train_samples": 1000, "test_samples": 200, "source_model": "intfloat/multilingual-e5-base", "source_dim": 768, "target_dim": 512, "test_results": {"bleu": 0.26, "bleu1": 18.25, "bleu2": 1.4, "bleu3": 0.02, "bleu4": 0.01, "rougeL": 0.1446, "rouge1": 0.164, "rouge2": 0.0139, "exact_match": 0.0}, "loss": {"X_Y_COS": 0.9733420610427856, "X_Y_MSEloss": 0.00020664057228714228, "X_Y_test_COS": 0.9295530915260315, "X_Y_test_MSEloss": 0.0005416914355009794, "X_Y_val_COS": 0.9305689930915833, "X_Y_val_MSEloss": 0.0005329612758941948}}