{"train_samples": 3, "test_samples": 200, "source_model": "google/flan-t5-base", "source_dim": 768, "target_dim": 512, "test_results": {"bleu": 8.22, "bleu1": 24.46, "bleu2": 7.72, "bleu3": 6.69, "bleu4": 6.11, "rougeL": 0.1488, "rouge1": 0.1674, "rouge2": 0.0672, "exact_match": 0.0}, "loss": {"X_Y_COS": 1.0, "X_Y_MSEloss": 4.0776886058827184e-16, "X_Y_test_COS": 0.8947689533233643, "X_Y_test_MSEloss": 0.0004788312944583595, "X_Y_val_COS": 0.8959388732910156, "X_Y_val_MSEloss": 0.000491705141030252}}