{"train_samples": 1000, "test_samples": 200, "source_model": "text-embedding-ada-002", "source_dim": 1536, "target_dim": 512, "test_results": {"bleu": 1.28, "bleu1": 9.49, "bleu2": 1.26, "bleu3": 0.69, "bleu4": 0.39, "rougeL": 0.049, "rouge1": 0.053, "rouge2": 0.0018, "exact_match": 0.0}, "loss": {"X_Y_COS": 1.0, "X_Y_MSEloss": 4.685410479737806e-12, "X_Y_test_COS": -0.016596602275967598, "X_Y_test_MSEloss": 0.005752863362431526, "X_Y_val_COS": -0.0003567075764294714, "X_Y_val_MSEloss": 0.005624676588922739}}