{"train_samples": 30, "test_samples": 200, "source_model": "text-embedding-ada-002", "source_dim": 1536, "target_dim": 512, "test_results": {"bleu": 0.24, "bleu1": 18.01, "bleu2": 0.45, "bleu3": 0.03, "bleu4": 0.02, "rougeL": 0.1089, "rouge1": 0.149, "rouge2": 0.0064, "exact_match": 0.0}, "loss": {"X_Y_COS": 1.0, "X_Y_MSEloss": 8.722489825687893e-14, "X_Y_test_COS": 0.88693767786026, "X_Y_test_MSEloss": 0.0004169377498328686, "X_Y_val_COS": 0.8878298997879028, "X_Y_val_MSEloss": 0.00041390745900571346}}