{"train_samples": 20, "test_samples": 200, "source_model": "google-bert/bert-base-multilingual-cased", "source_dim": 768, "target_dim": 512, "test_results": {"bleu": 0.13, "bleu1": 11.49, "bleu2": 0.23, "bleu3": 0.02, "bleu4": 0.01, "rougeL": 0.0349, "rouge1": 0.0374, "rouge2": 0.0019, "exact_match": 0.0}, "loss": {"X_Y_COS": 1.0, "X_Y_MSEloss": 1.953264117357284e-15, "X_Y_test_COS": 0.8840216398239136, "X_Y_test_MSEloss": 0.00043105395161546767, "X_Y_val_COS": 0.8866357803344727, "X_Y_val_MSEloss": 0.0004210417391732335}}