{"train_samples": 30, "test_samples": 200, "source_model": "google/flan-t5-base", "source_dim": 768, "target_dim": 512, "test_results": {"bleu": 0.24, "bleu1": 14.84, "bleu2": 0.39, "bleu3": 0.06, "bleu4": 0.02, "rougeL": 0.0696, "rouge1": 0.0769, "rouge2": 0.0021, "exact_match": 0.0}, "loss": {"X_Y_COS": 1.0, "X_Y_MSEloss": 4.213964856854442e-14, "X_Y_test_COS": 0.8789128065109253, "X_Y_test_MSEloss": 0.00044589070603251457, "X_Y_val_COS": 0.8776710033416748, "X_Y_val_MSEloss": 0.00045056556700728834}}