{"train_samples": 40, "test_samples": 200, "source_model": "sentence-transformers/gtr-t5-base", "source_dim": 768, "target_dim": 512, "test_results": {"bleu": 0.21, "bleu1": 14.96, "bleu2": 0.75, "bleu3": 0.02, "bleu4": 0.01, "rougeL": 0.1105, "rouge1": 0.1232, "rouge2": 0.0075, "exact_match": 0.0}, "loss": {"X_Y_COS": 1.0, "X_Y_MSEloss": 9.326352827499461e-15, "X_Y_test_COS": 0.9052402973175049, "X_Y_test_MSEloss": 0.0003593347792048007, "X_Y_val_COS": 0.9075862765312195, "X_Y_val_MSEloss": 0.0003498114529065788}}