{"train_samples": 30, "test_samples": 200, "source_model": "google/mt5-base", "source_dim": 768, "target_dim": 512, "test_results": {"bleu": 0.18, "bleu1": 14.96, "bleu2": 0.78, "bleu3": 0.02, "bleu4": 0.01, "rougeL": 0.1063, "rouge1": 0.1344, "rouge2": 0.0081, "exact_match": 0.0}, "loss": {"X_Y_COS": 1.0, "X_Y_MSEloss": 4.0916665129848984e-13, "X_Y_test_COS": 0.9009969234466553, "X_Y_test_MSEloss": 0.00036999661824665964, "X_Y_val_COS": 0.9014468193054199, "X_Y_val_MSEloss": 0.0003680264053400606}}