{"train_samples": 1000, "test_samples": 200, "source_model": "sentence-transformers/all-MiniLM-L6-v2", "source_dim": 384, "target_dim": 512, "test_results": {"bleu": 0.93, "bleu1": 22.11, "bleu2": 1.66, "bleu3": 0.27, "bleu4": 0.1, "rougeL": 0.1324, "rouge1": 0.1807, "rouge2": 0.0241, "exact_match": 0.0}, "loss": {"X_Y_COS": 0.9594369530677795, "X_Y_MSEloss": 0.00019757867266889662, "X_Y_test_COS": 0.8653585910797119, "X_Y_test_MSEloss": 0.0005634181434288621, "X_Y_val_COS": 0.8438379764556885, "X_Y_val_MSEloss": 0.0005894662463106215}}