{"train_samples": 50, "test_samples": 200, "source_model": "sentence-transformers/all-MiniLM-L6-v2", "source_dim": 384, "target_dim": 512, "test_results": {"bleu": 0.12, "bleu1": 13.06, "bleu2": 0.18, "bleu3": 0.02, "bleu4": 0.01, "rougeL": 0.0483, "rouge1": 0.0528, "rouge2": 0.0034, "exact_match": 0.0}, "loss": {"X_Y_COS": 1.0, "X_Y_MSEloss": 1.3394056608999946e-14, "X_Y_test_COS": 0.8496264219284058, "X_Y_test_MSEloss": 0.0005659852758981287, "X_Y_val_COS": 0.8447768688201904, "X_Y_val_MSEloss": 0.0005859736702404916}}