{"train_samples": 1000, "test_samples": 200, "source_model": "google-bert/bert-base-multilingual-cased", "source_dim": 768, "target_dim": 512, "test_results": {"bleu": 8.91, "bleu1": 41.94, "bleu2": 14.6, "bleu3": 5.04, "bleu4": 2.04, "rougeL": 0.3435, "rouge1": 0.4375, "rouge2": 0.1523, "exact_match": 0.0}, "loss": {"X_Y_COS": 0.9774286150932312, "X_Y_MSEloss": 8.76873018569313e-05, "X_Y_test_COS": 0.9427546262741089, "X_Y_test_MSEloss": 0.00022026430815458298, "X_Y_val_COS": 0.9457022547721863, "X_Y_val_MSEloss": 0.0002096190582960844}}