{"train_samples": 1000, "test_samples": 200, "source_model": "google-bert/bert-base-multilingual-cased", "source_dim": 768, "target_dim": 512, "test_results": {"bleu": 0.46, "bleu1": 16.57, "bleu2": 1.18, "bleu3": 0.09, "bleu4": 0.02, "rougeL": 0.1252, "rouge1": 0.1449, "rouge2": 0.0099, "exact_match": 0.0}, "loss": {"X_Y_COS": 0.9774286150932312, "X_Y_MSEloss": 8.76873018569313e-05, "X_Y_test_COS": 0.7166023850440979, "X_Y_test_MSEloss": 0.0009872183436527848, "X_Y_val_COS": 0.6818141937255859, "X_Y_val_MSEloss": 0.0011053058551624417}}