{"train_samples": 40, "test_samples": 200, "source_model": "google-t5/t5-base", "source_dim": 768, "target_dim": 512, "test_results": {"bleu": 0.72, "bleu1": 18.42, "bleu2": 1.39, "bleu3": 0.15, "bleu4": 0.07, "rougeL": 0.1179, "rouge1": 0.1561, "rouge2": 0.0144, "exact_match": 0.0}, "loss": {"X_Y_COS": 1.0, "X_Y_MSEloss": 5.374492659997263e-15, "X_Y_test_COS": 0.9037948846817017, "X_Y_test_MSEloss": 0.0007177008665166795, "X_Y_val_COS": 0.9041357636451721, "X_Y_val_MSEloss": 0.0007311193039640784}}