{"train_samples": 500, "test_samples": 200, "source_model": "random", "source_dim": 768, "target_dim": 512, "test_results": {"bleu": 0.11, "bleu1": 11.09, "bleu2": 0.32, "bleu3": 0.01, "bleu4": 0.01, "rougeL": 0.0642, "rouge1": 0.0766, "rouge2": 0.0037, "exact_match": 0.0}, "loss": {"X_Y_COS": 0.9999978542327881, "X_Y_MSEloss": 4.3569233554308084e-08, "X_Y_test_COS": -0.04167073220014572, "X_Y_test_MSEloss": 0.005955589469522238, "X_Y_val_COS": -0.04681161791086197, "X_Y_val_MSEloss": 0.006012240424752235, "reg_lambda": 0.001}}