{"train_samples": 8000, "test_samples": 200, "source_model": "google-bert/bert-base-multilingual-cased", "source_dim": 768, "target_dim": 512, "test_results": {"bleu": 0.21, "bleu1": 18.19, "bleu2": 1.17, "bleu3": 0.02, "bleu4": 0.01, "rougeL": 0.1315, "rouge1": 0.1678, "rouge2": 0.0114, "exact_match": 0.0}, "loss": {"X_Y_COS": 0.9414940476417542, "X_Y_MSEloss": 0.0002229914825875312, "X_Y_test_COS": 0.9354463815689087, "X_Y_test_MSEloss": 0.0002448208106216043, "X_Y_val_COS": 0.9363795518875122, "X_Y_val_MSEloss": 0.0002422105462756008}}