{"train_samples": 500, "test_samples": 200, "source_model": "text-embedding-ada-002", "source_dim": 1536, "target_dim": 512, "test_results": {"bleu": 0.17, "bleu1": 17.42, "bleu2": 0.97, "bleu3": 0.02, "bleu4": 0.01, "rougeL": 0.0764, "rouge1": 0.0879, "rouge2": 0.0061, "exact_match": 0.0}, "loss": {"X_Y_COS": 0.9744374752044678, "X_Y_MSEloss": 9.922977915266529e-05, "X_Y_test_COS": 0.8454684019088745, "X_Y_test_MSEloss": 0.0005804566317237914, "X_Y_val_COS": 0.851308286190033, "X_Y_val_MSEloss": 0.0005580686265602708}}