{"train_samples": 5, "test_samples": 200, "source_model": "text-embedding-ada-002", "source_dim": 1536, "target_dim": 512, "test_results": {"bleu": 0.22, "bleu1": 15.16, "bleu2": 1.2, "bleu3": 0.03, "bleu4": 0.01, "rougeL": 0.1315, "rouge1": 0.1439, "rouge2": 0.0119, "exact_match": 0.0}, "loss": {"X_Y_COS": 1.0, "X_Y_MSEloss": 2.5207994025500113e-10, "X_Y_test_COS": 0.8980895280838013, "X_Y_test_MSEloss": 0.0007167120347730815, "X_Y_val_COS": 0.8964688181877136, "X_Y_val_MSEloss": 0.0007393111591227353}}