{"train_samples": 30, "test_samples": 200, "source_model": "intfloat/multilingual-e5-base", "source_dim": 768, "target_dim": 512, "test_results": {"bleu": 0.33, "bleu1": 17.71, "bleu2": 1.18, "bleu3": 0.17, "bleu4": 0.02, "rougeL": 0.0627, "rouge1": 0.0721, "rouge2": 0.0082, "exact_match": 0.0}, "loss": {"X_Y_COS": 1.0, "X_Y_MSEloss": 2.1283413128691392e-13, "X_Y_test_COS": 0.9089622497558594, "X_Y_test_MSEloss": 0.00033931745565496385, "X_Y_val_COS": 0.9070873856544495, "X_Y_val_MSEloss": 0.00034586346009746194}}