{"train_samples": 1000, "test_samples": 200, "source_model": "sentence-transformers/gtr-t5-base", "source_dim": 768, "target_dim": 512, "test_results": {"bleu": 0.86, "bleu1": 8.38, "bleu2": 0.74, "bleu3": 0.44, "bleu4": 0.2, "rougeL": 0.0464, "rouge1": 0.0531, "rouge2": 0.0013, "exact_match": 0.0}, "loss": {"X_Y_COS": 0.8973961472511292, "X_Y_MSEloss": 0.00046683356049470603, "X_Y_test_COS": 0.06732475757598877, "X_Y_test_MSEloss": 0.006804867647588253, "X_Y_val_COS": 0.06187831610441208, "X_Y_val_MSEloss": 0.008593118749558926}}