{"train_samples": 5, "test_samples": 200, "source_model": "sentence-transformers/all-MiniLM-L6-v2", "source_dim": 384, "target_dim": 512, "test_results": {"bleu": 0.1, "bleu1": 11.66, "bleu2": 0.18, "bleu3": 0.02, "bleu4": 0.01, "rougeL": 0.0289, "rouge1": 0.0322, "rouge2": 0.0007, "exact_match": 0.0}, "loss": {"X_Y_COS": 1.0, "X_Y_MSEloss": 1.62897591237464e-16, "X_Y_test_COS": 0.2625371515750885, "X_Y_test_MSEloss": 0.0017818784108385444, "X_Y_val_COS": 0.20871961116790771, "X_Y_val_MSEloss": 0.0018185203662142158}}