{"train_samples": 1000, "test_samples": 200, "source_model": "sentence-transformers/gtr-t5-base", "source_dim": 768, "target_dim": 512, "test_results": {"bleu": 0.48, "bleu1": 15.05, "bleu2": 1.38, "bleu3": 0.11, "bleu4": 0.03, "rougeL": 0.1038, "rouge1": 0.1181, "rouge2": 0.0102, "exact_match": 0.0}, "loss": {"X_Y_COS": 0.8964628577232361, "X_Y_MSEloss": 0.0004754145920742303, "X_Y_test_COS": -0.030702626332640648, "X_Y_test_MSEloss": 0.0076255276799201965, "X_Y_val_COS": -0.03922361880540848, "X_Y_val_MSEloss": 0.007684963755309582}}