{"train_samples": 5, "test_samples": 200, "source_model": "intfloat/multilingual-e5-base", "source_dim": 768, "target_dim": 512, "test_results": {"bleu": 0.16, "bleu1": 13.1, "bleu2": 0.53, "bleu3": 0.03, "bleu4": 0.02, "rougeL": 0.1028, "rouge1": 0.1214, "rouge2": 0.0047, "exact_match": 0.0}, "loss": {"X_Y_COS": 1.0, "X_Y_MSEloss": 4.988778949168717e-16, "X_Y_test_COS": 0.865611732006073, "X_Y_test_MSEloss": 0.0004904631059616804, "X_Y_val_COS": 0.86918044090271, "X_Y_val_MSEloss": 0.0004788367950823158}}