{"train_samples": 5, "test_samples": 200, "source_model": "intfloat/multilingual-e5-base", "source_dim": 768, "target_dim": 512, "test_results": {"bleu": 0.05, "bleu1": 11.66, "bleu2": 0.03, "bleu3": 0.02, "bleu4": 0.01, "rougeL": 0.0944, "rouge1": 0.1001, "rouge2": 0.0004, "exact_match": 0.0}, "loss": {"X_Y_COS": 1.0, "X_Y_MSEloss": 1.3885663452395391e-10, "X_Y_test_COS": 0.8696886301040649, "X_Y_test_MSEloss": 0.0008936604717746377, "X_Y_val_COS": 0.8732807636260986, "X_Y_val_MSEloss": 0.0008914479403756559}}