{"train_samples": 3, "test_samples": 200, "source_model": "text-embedding-ada-002", "source_dim": 1536, "target_dim": 512, "test_results": {"bleu": 0.98, "bleu1": 20.51, "bleu2": 1.32, "bleu3": 0.4, "bleu4": 0.27, "rougeL": 0.106, "rouge1": 0.1477, "rouge2": 0.0132, "exact_match": 0.0}, "loss": {"X_Y_COS": 1.0, "X_Y_MSEloss": 1.0619406643240037e-15, "X_Y_test_COS": 0.8344370722770691, "X_Y_test_MSEloss": 0.0005942313582636416, "X_Y_val_COS": 0.8336102366447449, "X_Y_val_MSEloss": 0.0005973102524876595}}