{"train_samples": 100, "test_samples": 200, "source_model": "google/mt5-base", "source_dim": 768, "target_dim": 512, "test_results": {"bleu": 0.17, "bleu1": 11.64, "bleu2": 0.21, "bleu3": 0.03, "bleu4": 0.02, "rougeL": 0.0124, "rouge1": 0.0131, "rouge2": 0.0, "exact_match": 0.0}, "loss": {"X_Y_COS": 0.9999998211860657, "X_Y_MSEloss": 5.699244409740345e-10, "X_Y_test_COS": 0.9063227772712708, "X_Y_test_MSEloss": 0.00035437560291029513, "X_Y_val_COS": 0.9036656022071838, "X_Y_val_MSEloss": 0.0003645535616669804}}