{"train_samples": 1, "test_samples": 200, "source_model": "sentence-transformers/gtr-t5-base", "source_dim": 768, "target_dim": 512, "test_results": {"bleu": 0.18, "bleu1": 15.95, "bleu2": 0.71, "bleu3": 0.01, "bleu4": 0.01, "rougeL": 0.1174, "rouge1": 0.1329, "rouge2": 0.0078, "exact_match": 0.0}, "loss": {"X_Y_COS": 1.0000001192092896, "X_Y_MSEloss": 3.9636734713197573e-16, "X_Y_test_COS": 0.7520006895065308, "X_Y_test_MSEloss": 0.0010784686310216784, "X_Y_val_COS": 0.7574585676193237, "X_Y_val_MSEloss": 0.0010650610784068704}}