{"train_samples": 1000, "test_samples": 200, "source_model": "google-bert/bert-base-multilingual-cased", "source_dim": 768, "target_dim": 512, "test_results": {"bleu": 0.78, "bleu1": 23.66, "bleu2": 1.1, "bleu3": 0.19, "bleu4": 0.17, "rougeL": 0.1137, "rouge1": 0.141, "rouge2": 0.0059, "exact_match": 0.0}, "loss": {"X_Y_COS": 0.9421194195747375, "X_Y_MSEloss": 0.0002205848868470639, "X_Y_test_COS": 0.8617916703224182, "X_Y_test_MSEloss": 0.0005221882602199912, "X_Y_val_COS": 0.8631521463394165, "X_Y_val_MSEloss": 0.0005141682922840118}}