{"train_samples": 500, "test_samples": 200, "source_model": "google/flan-t5-base", "source_dim": 768, "target_dim": 512, "test_results": {"bleu": 6.59, "bleu1": 32.17, "bleu2": 8.37, "bleu3": 4.49, "bleu4": 3.13, "rougeL": 0.2393, "rouge1": 0.2813, "rouge2": 0.0788, "exact_match": 0.0}, "loss": {"X_Y_COS": 0.9948403835296631, "X_Y_MSEloss": 4.557075590128079e-05, "X_Y_test_COS": 0.9391566514968872, "X_Y_test_MSEloss": 0.0005321662174537778, "X_Y_val_COS": 0.9422848224639893, "X_Y_val_MSEloss": 0.0005274048889987171}}