{"train_samples": 5, "test_samples": 200, "source_model": "text-embedding-ada-002", "source_dim": 1536, "target_dim": 512, "test_results": {"bleu": 0.14, "bleu1": 16.68, "bleu2": 0.23, "bleu3": 0.01, "bleu4": 0.01, "rougeL": 0.1012, "rouge1": 0.1256, "rouge2": 0.0038, "exact_match": 0.0}, "loss": {"X_Y_COS": 1.0, "X_Y_MSEloss": 1.4797665588532627e-15, "X_Y_test_COS": 0.8974412083625793, "X_Y_test_MSEloss": 0.00038104006671346724, "X_Y_val_COS": 0.8958291411399841, "X_Y_val_MSEloss": 0.0003864486934617162}}