{"epoch": 1, "dev_acc": 35.0, "test_acc": 33.0, "test_f1": 32.300000000000004, "test_roc": 51.57000000000001}