{"train_samples": 30, "test_samples": 200, "source_model": "intfloat/multilingual-e5-base", "source_dim": 768, "target_dim": 512, "test_results": {"bleu": 0.14, "bleu1": 14.87, "bleu2": 0.31, "bleu3": 0.02, "bleu4": 0.01, "rougeL": 0.0845, "rouge1": 0.1039, "rouge2": 0.0011, "exact_match": 0.0}, "loss": {"X_Y_COS": 1.0, "X_Y_MSEloss": 4.630250176329564e-13, "X_Y_test_COS": 0.911310076713562, "X_Y_test_MSEloss": 0.00047952868044376373, "X_Y_val_COS": 0.9103734493255615, "X_Y_val_MSEloss": 0.0004741004086099565}}