{"train_samples": 1000, "test_samples": 200, "source_model": "google-t5/t5-base", "source_dim": 768, "target_dim": 512, "test_results": {"bleu": 0.38, "bleu1": 16.38, "bleu2": 1.39, "bleu3": 0.08, "bleu4": 0.01, "rougeL": 0.123, "rouge1": 0.1387, "rouge2": 0.01, "exact_match": 0.0}, "loss": {"X_Y_COS": 0.9085451364517212, "X_Y_MSEloss": 0.0004396953445393592, "X_Y_test_COS": -0.022583425045013428, "X_Y_test_MSEloss": 0.00902499444782734, "X_Y_val_COS": 0.020116839557886124, "X_Y_val_MSEloss": 0.009037211537361145}}