{"train_samples": 10, "test_samples": 200, "source_model": "intfloat/multilingual-e5-base", "source_dim": 768, "target_dim": 512, "test_results": {"bleu": 1.69, "bleu1": 17.63, "bleu2": 1.64, "bleu3": 0.71, "bleu4": 0.41, "rougeL": 0.1262, "rouge1": 0.1685, "rouge2": 0.0193, "exact_match": 0.0}, "loss": {"X_Y_COS": 1.0, "X_Y_MSEloss": 1.7437254245028706e-15, "X_Y_test_COS": 0.8631974458694458, "X_Y_test_MSEloss": 0.000496483058668673, "X_Y_val_COS": 0.8635850548744202, "X_Y_val_MSEloss": 0.000495357031468302}}