{"train_samples": 3, "test_samples": 200, "source_model": "google/flan-t5-base", "source_dim": 768, "target_dim": 512, "test_results": {"bleu": 0.13, "bleu1": 10.45, "bleu2": 0.48, "bleu3": 0.03, "bleu4": 0.02, "rougeL": 0.0802, "rouge1": 0.0907, "rouge2": 0.0058, "exact_match": 0.0}, "loss": {"X_Y_COS": 1.0, "X_Y_MSEloss": 1.5227230587555596e-10, "X_Y_test_COS": 0.8934060335159302, "X_Y_test_MSEloss": 0.0009220385109074414, "X_Y_val_COS": 0.8912627696990967, "X_Y_val_MSEloss": 0.0009483200847171247}}