{"train_samples": 20, "test_samples": 200, "source_model": "sentence-transformers/gtr-t5-base", "source_dim": 768, "target_dim": 512, "test_results": {"bleu": 0.22, "bleu1": 18.22, "bleu2": 0.83, "bleu3": 0.02, "bleu4": 0.01, "rougeL": 0.1003, "rouge1": 0.1129, "rouge2": 0.006, "exact_match": 0.0}, "loss": {"X_Y_COS": 1.0, "X_Y_MSEloss": 2.1223181545515502e-10, "X_Y_test_COS": 0.9085497856140137, "X_Y_test_MSEloss": 0.0008903142879717052, "X_Y_val_COS": 0.913185715675354, "X_Y_val_MSEloss": 0.0008627198985777795}}