{"train_samples": 1000, "test_samples": 200, "source_model": "text-embedding-ada-002", "source_dim": 1536, "target_dim": 512, "test_results": {"bleu": 8.49, "bleu1": 32.87, "bleu2": 9.55, "bleu3": 5.11, "bleu4": 3.73, "rougeL": 0.2418, "rouge1": 0.3201, "rouge2": 0.0986, "exact_match": 0.0}, "loss": {"X_Y_COS": 0.949410080909729, "X_Y_MSEloss": 0.00019349672948010266, "X_Y_test_COS": 0.8770385384559631, "X_Y_test_MSEloss": 0.00045852139010094106, "X_Y_val_COS": 0.8710514903068542, "X_Y_val_MSEloss": 0.0004823657509405166}}