{"train_samples": 5, "test_samples": 200, "source_model": "text-embedding-ada-002", "source_dim": 1536, "target_dim": 512, "test_results": {"bleu": 0.17, "bleu1": 19.16, "bleu2": 0.93, "bleu3": 0.01, "bleu4": 0.01, "rougeL": 0.0893, "rouge1": 0.1086, "rouge2": 0.0071, "exact_match": 0.0}, "loss": {"X_Y_COS": 0.9999999403953552, "X_Y_MSEloss": 2.5953134086265095e-10, "X_Y_test_COS": 0.792112410068512, "X_Y_test_MSEloss": 0.0014399939682334661, "X_Y_val_COS": 0.7964246273040771, "X_Y_val_MSEloss": 0.001404795446433127}}