{"train_samples": 1, "test_samples": 200, "source_model": "sentence-transformers/all-MiniLM-L6-v2", "source_dim": 384, "target_dim": 512, "test_results": {"bleu": 0.23, "bleu1": 19.61, "bleu2": 0.8, "bleu3": 0.22, "bleu4": 0.13, "rougeL": 0.0059, "rouge1": 0.0069, "rouge2": 0.0005, "exact_match": 0.0}, "loss": {"X_Y_COS": 1.0, "X_Y_MSEloss": 4.0441704533686817e-16, "X_Y_test_COS": -0.025534309446811676, "X_Y_test_MSEloss": 0.003695832099765539, "X_Y_val_COS": 0.02352108247578144, "X_Y_val_MSEloss": 0.003762523178011179}}