{"train_samples": 50, "test_samples": 200, "source_model": "intfloat/multilingual-e5-base", "source_dim": 768, "target_dim": 512, "test_results": {"bleu": 0.28, "bleu1": 16.47, "bleu2": 1.01, "bleu3": 0.03, "bleu4": 0.02, "rougeL": 0.129, "rouge1": 0.1636, "rouge2": 0.0125, "exact_match": 0.0}, "loss": {"X_Y_COS": 1.0, "X_Y_MSEloss": 2.3371102687679002e-14, "X_Y_test_COS": 0.9286616444587708, "X_Y_test_MSEloss": 0.0004872854915447533, "X_Y_val_COS": 0.9306345582008362, "X_Y_val_MSEloss": 0.00046563282376155257}}