{"train_samples": 1000, "test_samples": 200, "source_model": "google-t5/t5-base", "source_dim": 768, "target_dim": 512, "test_results": {"bleu": 0.12, "bleu1": 10.57, "bleu2": 0.17, "bleu3": 0.01, "bleu4": 0.01, "rougeL": 0.0653, "rouge1": 0.0733, "rouge2": 0.0008, "exact_match": 0.0}, "loss": {"X_Y_COS": 0.9164111018180847, "X_Y_MSEloss": 0.0004006196395494044, "X_Y_test_COS": 0.05262092500925064, "X_Y_test_MSEloss": 0.008061772212386131, "X_Y_val_COS": -0.03896498680114746, "X_Y_val_MSEloss": 0.008196257054805756}}