{"train_samples": 30, "test_samples": 200, "source_model": "sentence-transformers/all-MiniLM-L6-v2", "source_dim": 384, "target_dim": 512, "test_results": {"bleu": 0.08, "bleu1": 9.72, "bleu2": 0.05, "bleu3": 0.01, "bleu4": 0.01, "rougeL": 0.0045, "rouge1": 0.0045, "rouge2": 0.0, "exact_match": 0.0}, "loss": {"X_Y_COS": 1.0, "X_Y_MSEloss": 2.3634787432291054e-14, "X_Y_test_COS": 0.8697673678398132, "X_Y_test_MSEloss": 0.0004901894717477262, "X_Y_val_COS": 0.8660046458244324, "X_Y_val_MSEloss": 0.0004903220105916262}}