{"train_samples": 1000, "test_samples": 200, "source_model": "google-t5/t5-base", "source_dim": 768, "target_dim": 512, "test_results": {"bleu": 29.36, "bleu1": 49.43, "bleu2": 29.85, "bleu3": 25.16, "bleu4": 22.6, "rougeL": 0.4196, "rouge1": 0.48, "rouge2": 0.3011, "exact_match": 0.0}, "loss": {"X_Y_COS": 0.9687072038650513, "X_Y_MSEloss": 0.00012265305849723518, "X_Y_test_COS": 0.9566519856452942, "X_Y_test_MSEloss": 0.00016709041665308177, "X_Y_val_COS": 0.954344630241394, "X_Y_val_MSEloss": 0.00017619448772165924, "reg_lambda": 1}}