{"train_samples": 1, "test_samples": 200, "source_model": "intfloat/multilingual-e5-base", "source_dim": 768, "target_dim": 512, "test_results": {"bleu": 0.17, "bleu1": 11.38, "bleu2": 1.15, "bleu3": 0.01, "bleu4": 0.01, "rougeL": 0.1037, "rouge1": 0.1076, "rouge2": 0.0088, "exact_match": 0.0}, "loss": {"X_Y_COS": 1.0, "X_Y_MSEloss": 3.108796204880494e-16, "X_Y_test_COS": 0.6894015073776245, "X_Y_test_MSEloss": 0.0010272503132000566, "X_Y_val_COS": 0.6972926259040833, "X_Y_val_MSEloss": 0.0010050300043076277}}