{"train_samples": 1000, "test_samples": 200, "source_model": "google/flan-t5-base", "source_dim": 768, "target_dim": 512, "test_results": {"bleu": 0.24, "bleu1": 24.3, "bleu2": 1.47, "bleu3": 0.01, "bleu4": 0.01, "rougeL": 0.1508, "rouge1": 0.1915, "rouge2": 0.0137, "exact_match": 0.0}, "loss": {"X_Y_COS": 0.9635759592056274, "X_Y_MSEloss": 0.00014032423496246338, "X_Y_test_COS": 0.9001857042312622, "X_Y_test_MSEloss": 0.00038180386763997376, "X_Y_val_COS": 0.9032854437828064, "X_Y_val_MSEloss": 0.0003698323271237314}}