{"train_samples": 1000, "test_samples": 200, "source_model": "google-t5/t5-base", "source_dim": 768, "target_dim": 512, "test_results": {"bleu": 21.36, "bleu1": 39.24, "bleu2": 21.44, "bleu3": 18.49, "bleu4": 16.9, "rougeL": 0.3146, "rouge1": 0.3571, "rouge2": 0.2063, "exact_match": 0.0}, "loss": {"X_Y_COS": 0.9400209188461304, "X_Y_MSEloss": 0.00023188663180917501, "X_Y_test_COS": 0.9366223812103271, "X_Y_test_MSEloss": 0.00024413115170318633, "X_Y_val_COS": 0.9366428256034851, "X_Y_val_MSEloss": 0.00024631700944155455, "reg_lambda": 10}}