{"train_samples": 100, "test_samples": 200, "source_model": "google/mt5-base", "source_dim": 768, "target_dim": 512, "test_results": {"bleu": 0.11, "bleu1": 11.33, "bleu2": 0.09, "bleu3": 0.02, "bleu4": 0.01, "rougeL": 0.0487, "rouge1": 0.0548, "rouge2": 0.0003, "exact_match": 0.0}, "loss": {"X_Y_COS": 0.999998152256012, "X_Y_MSEloss": 5.346419840179806e-08, "X_Y_test_COS": 0.846860945224762, "X_Y_test_MSEloss": 0.0011512069031596184, "X_Y_val_COS": 0.8375872373580933, "X_Y_val_MSEloss": 0.0012440428836271167}}