{"train_samples": 10, "test_samples": 200, "source_model": "google-t5/t5-base", "source_dim": 768, "target_dim": 512, "test_results": {"bleu": 0.52, "bleu1": 17.75, "bleu2": 1.35, "bleu3": 0.15, "bleu4": 0.02, "rougeL": 0.1302, "rouge1": 0.1697, "rouge2": 0.0234, "exact_match": 0.0}, "loss": {"X_Y_COS": 1.0, "X_Y_MSEloss": 4.882739423897543e-16, "X_Y_test_COS": 0.9182206988334656, "X_Y_test_MSEloss": 0.0003169813717249781, "X_Y_val_COS": 0.9170005321502686, "X_Y_val_MSEloss": 0.0003230002475902438}}