{"train_samples": 1000, "test_samples": 200, "source_model": "text-embedding-ada-002", "source_dim": 1536, "target_dim": 512, "test_results": {"bleu": 1.51, "bleu1": 10.7, "bleu2": 1.41, "bleu3": 0.84, "bleu4": 0.41, "rougeL": 0.0642, "rouge1": 0.0735, "rouge2": 0.004, "exact_match": 0.0}, "loss": {"X_Y_COS": 1.0, "X_Y_MSEloss": 8.08760905468553e-11, "X_Y_test_COS": 0.7690643072128296, "X_Y_test_MSEloss": 0.0009654259192757308, "X_Y_val_COS": 0.7773162722587585, "X_Y_val_MSEloss": 0.0009319164673797786}}