{"epoch": 0, "dev_acc": 47.0, "test_acc": 59.0, "test_f1": 56.379999999999995, "test_roc": 58.599999999999994}