{"train_samples": 10, "test_samples": 200, "source_model": "google/mt5-base", "source_dim": 768, "target_dim": 512, "test_results": {"bleu": 0.11, "bleu1": 14.72, "bleu2": 0.04, "bleu3": 0.02, "bleu4": 0.01, "rougeL": 0.0, "rouge1": 0.0, "rouge2": 0.0, "exact_match": 0.0}, "loss": {"X_Y_COS": 1.0, "X_Y_MSEloss": 9.09029914465979e-15, "X_Y_test_COS": 0.8812255859375, "X_Y_test_MSEloss": 0.0004355273558758199, "X_Y_val_COS": 0.8786303400993347, "X_Y_val_MSEloss": 0.0004444856022018939}}