{"train_samples": 1000, "test_samples": 200, "source_model": "sentence-transformers/gtr-t5-base", "source_dim": 768, "target_dim": 512, "test_results": {"bleu": 0.76, "bleu1": 17.71, "bleu2": 1.09, "bleu3": 0.25, "bleu4": 0.1, "rougeL": 0.0869, "rouge1": 0.1047, "rouge2": 0.0127, "exact_match": 0.0}, "loss": {"X_Y_COS": 0.9591413736343384, "X_Y_MSEloss": 0.00015721592353656888, "X_Y_test_COS": 0.8598856925964355, "X_Y_test_MSEloss": 0.0005401395028457046, "X_Y_val_COS": 0.8586066365242004, "X_Y_val_MSEloss": 0.0005436131032183766}}