{"train_samples": 3, "test_samples": 200, "source_model": "google/mt5-base", "source_dim": 768, "target_dim": 512, "test_results": {"bleu": 0.11, "bleu1": 10.85, "bleu2": 0.12, "bleu3": 0.02, "bleu4": 0.01, "rougeL": 0.0893, "rouge1": 0.1067, "rouge2": 0.0037, "exact_match": 0.0}, "loss": {"X_Y_COS": 1.0, "X_Y_MSEloss": 1.5516001408572293e-15, "X_Y_test_COS": 0.8211488127708435, "X_Y_test_MSEloss": 0.0010978386271744967, "X_Y_val_COS": 0.8247424364089966, "X_Y_val_MSEloss": 0.0010525495745241642}}