{"train_samples": 50, "test_samples": 200, "source_model": "sentence-transformers/all-MiniLM-L6-v2", "source_dim": 384, "target_dim": 512, "test_results": {"bleu": 0.42, "bleu1": 16.96, "bleu2": 0.87, "bleu3": 0.1, "bleu4": 0.06, "rougeL": 0.1229, "rouge1": 0.1427, "rouge2": 0.0102, "exact_match": 0.0}, "loss": {"X_Y_COS": 1.0, "X_Y_MSEloss": 4.308086819140161e-14, "X_Y_test_COS": 0.8950499296188354, "X_Y_test_MSEloss": 0.0006700842641294003, "X_Y_val_COS": 0.9014500379562378, "X_Y_val_MSEloss": 0.0006670854636467993}}