{"train_samples": 5, "test_samples": 200, "source_model": "google/mt5-base", "source_dim": 768, "target_dim": 512, "test_results": {"bleu": 0.14, "bleu1": 15.5, "bleu2": 0.55, "bleu3": 0.01, "bleu4": 0.01, "rougeL": 0.0697, "rouge1": 0.0773, "rouge2": 0.0033, "exact_match": 0.0}, "loss": {"X_Y_COS": 1.0, "X_Y_MSEloss": 1.221375134886839e-15, "X_Y_test_COS": 0.8609477877616882, "X_Y_test_MSEloss": 0.0009536757133901119, "X_Y_val_COS": 0.8668990731239319, "X_Y_val_MSEloss": 0.0009130488615483046}}