{"train_samples": 30, "test_samples": 200, "source_model": "intfloat/multilingual-e5-base", "source_dim": 768, "target_dim": 512, "test_results": {"bleu": 0.12, "bleu1": 11.58, "bleu2": 0.14, "bleu3": 0.02, "bleu4": 0.01, "rougeL": 0.0632, "rouge1": 0.07, "rouge2": 0.008, "exact_match": 0.0}, "loss": {"X_Y_COS": 1.0, "X_Y_MSEloss": 2.799069569875412e-13, "X_Y_test_COS": 0.8935660123825073, "X_Y_test_MSEloss": 0.00039396423380821943, "X_Y_val_COS": 0.8930213451385498, "X_Y_val_MSEloss": 0.0003963456838391721}}