{"train_samples": 3, "test_samples": 200, "source_model": "google-t5/t5-base", "source_dim": 768, "target_dim": 512, "test_results": {"bleu": 0.04, "bleu1": 7.83, "bleu2": 0.02, "bleu3": 0.01, "bleu4": 0.0, "rougeL": 0.0087, "rouge1": 0.0092, "rouge2": 0.0, "exact_match": 0.0}, "loss": {"X_Y_COS": 1.0, "X_Y_MSEloss": 3.4527622557772766e-16, "X_Y_test_COS": 0.7514874339103699, "X_Y_test_MSEloss": 0.0008510695770382881, "X_Y_val_COS": 0.7494456171989441, "X_Y_val_MSEloss": 0.0008569309720769525}}