{"train_samples": 50, "test_samples": 200, "source_model": "text-embedding-ada-002", "source_dim": 1536, "target_dim": 512, "test_results": {"bleu": 0.15, "bleu1": 14.76, "bleu2": 0.4, "bleu3": 0.02, "bleu4": 0.01, "rougeL": 0.0883, "rouge1": 0.107, "rouge2": 0.0025, "exact_match": 0.0}, "loss": {"X_Y_COS": 1.0, "X_Y_MSEloss": 7.413514246934483e-13, "X_Y_test_COS": 0.9109104871749878, "X_Y_test_MSEloss": 0.00033265940146520734, "X_Y_val_COS": 0.9110642671585083, "X_Y_val_MSEloss": 0.000332287308992818}}