{"train_samples": 40, "test_samples": 200, "source_model": "google-t5/t5-base", "source_dim": 768, "target_dim": 512, "test_results": {"bleu": 0.15, "bleu1": 12.32, "bleu2": 0.31, "bleu3": 0.02, "bleu4": 0.01, "rougeL": 0.0678, "rouge1": 0.0779, "rouge2": 0.0117, "exact_match": 0.0}, "loss": {"X_Y_COS": 1.0, "X_Y_MSEloss": 2.1608341504997242e-10, "X_Y_test_COS": 0.9073798656463623, "X_Y_test_MSEloss": 0.0006984099745750427, "X_Y_val_COS": 0.9041762351989746, "X_Y_val_MSEloss": 0.0007479300838895142}}