{"train_samples": 1000, "test_samples": 200, "source_model": "google-bert/bert-base-multilingual-cased", "source_dim": 768, "target_dim": 512, "test_results": {"bleu": 0.28, "bleu1": 10.23, "bleu2": 0.31, "bleu3": 0.11, "bleu4": 0.02, "rougeL": 0.0146, "rouge1": 0.0156, "rouge2": 0.0018, "exact_match": 0.0}, "loss": {"X_Y_COS": 0.9482175707817078, "X_Y_MSEloss": 0.00019803483155556023, "X_Y_test_COS": 0.8780267238616943, "X_Y_test_MSEloss": 0.0004603523702826351, "X_Y_val_COS": 0.8812335133552551, "X_Y_val_MSEloss": 0.00044867448741570115}}