{"train_samples": 1000, "test_samples": 200, "source_model": "google/mt5-base", "source_dim": 768, "target_dim": 512, "test_results": {"bleu": 1.68, "bleu1": 21.13, "bleu2": 2.51, "bleu3": 0.85, "bleu4": 0.41, "rougeL": 0.0965, "rouge1": 0.108, "rouge2": 0.0119, "exact_match": 0.0}, "loss": {"X_Y_COS": 0.9655216336250305, "X_Y_MSEloss": 0.00013326751650311053, "X_Y_test_COS": 0.928013265132904, "X_Y_test_MSEloss": 0.00027442953432910144, "X_Y_val_COS": 0.929958164691925, "X_Y_val_MSEloss": 0.0002677206648513675}}