{"train_samples": 1000, "test_samples": 200, "source_model": "google/mt5-base", "source_dim": 768, "target_dim": 512, "test_results": {"bleu": 1.25, "bleu1": 20.35, "bleu2": 1.92, "bleu3": 0.44, "bleu4": 0.24, "rougeL": 0.1009, "rouge1": 0.1218, "rouge2": 0.018, "exact_match": 0.0}, "loss": {"X_Y_COS": 0.9675629138946533, "X_Y_MSEloss": 0.00012601594789884984, "X_Y_test_COS": 0.9231632947921753, "X_Y_test_MSEloss": 0.000295766512863338, "X_Y_val_COS": 0.9215006828308105, "X_Y_val_MSEloss": 0.0003010429791174829}}