{"train_samples": 1, "test_samples": 200, "source_model": "sentence-transformers/gtr-t5-base", "source_dim": 768, "target_dim": 512, "test_results": {"bleu": 0.2, "bleu1": 17.25, "bleu2": 0.6, "bleu3": 0.02, "bleu4": 0.01, "rougeL": 0.092, "rouge1": 0.114, "rouge2": 0.0075, "exact_match": 0.0}, "loss": {"X_Y_COS": 1.0000001192092896, "X_Y_MSEloss": 8.647624056315169e-18, "X_Y_test_COS": 0.9108851552009583, "X_Y_test_MSEloss": 0.0020609023049473763, "X_Y_val_COS": 0.911638617515564, "X_Y_val_MSEloss": 0.0021671887952834368}}