{"train_samples": 30, "test_samples": 200, "source_model": "google/mt5-base", "source_dim": 768, "target_dim": 512, "test_results": {"bleu": 0.9, "bleu1": 20.91, "bleu2": 1.76, "bleu3": 0.24, "bleu4": 0.1, "rougeL": 0.1324, "rouge1": 0.1708, "rouge2": 0.0189, "exact_match": 0.0}, "loss": {"X_Y_COS": 1.0, "X_Y_MSEloss": 1.0438963062020523e-12, "X_Y_test_COS": 0.8893337249755859, "X_Y_test_MSEloss": 0.0004137070500291884, "X_Y_val_COS": 0.8929151892662048, "X_Y_val_MSEloss": 0.00040194718167185783}}