{"train_samples": 30, "test_samples": 200, "source_model": "text-embedding-3-large", "source_dim": 3072, "target_dim": 512, "test_results": {"bleu": 0.08, "bleu1": 12.01, "bleu2": 0.04, "bleu3": 0.02, "bleu4": 0.01, "rougeL": 0.0109, "rouge1": 0.0116, "rouge2": 0.0, "exact_match": 0.0}, "loss": {"X_Y_COS": 1.0, "X_Y_MSEloss": 5.365675258774583e-16, "X_Y_test_COS": 0.895588755607605, "X_Y_test_MSEloss": 0.00040817182161845267, "X_Y_val_COS": 0.8942599892616272, "X_Y_val_MSEloss": 0.0004131475870963186}}