{"train_samples": 1000, "test_samples": 200, "source_model": "google-bert/bert-base-multilingual-cased", "source_dim": 768, "target_dim": 512, "test_results": {"bleu": 0.77, "bleu1": 17.23, "bleu2": 1.99, "bleu3": 0.22, "bleu4": 0.06, "rougeL": 0.1251, "rouge1": 0.1454, "rouge2": 0.0143, "exact_match": 0.0}, "loss": {"X_Y_COS": 0.9258209466934204, "X_Y_MSEloss": 0.000396005721995607, "X_Y_test_COS": 0.07178923487663269, "X_Y_test_MSEloss": 0.008419926278293133, "X_Y_val_COS": -0.0395272821187973, "X_Y_val_MSEloss": 0.010711445473134518}}