{"train_samples": 1000, "test_samples": 200, "source_model": "random", "source_dim": 768, "target_dim": 512, "test_results": {"bleu": 0.14, "bleu1": 10.59, "bleu2": 0.43, "bleu3": 0.01, "bleu4": 0.01, "rougeL": 0.0801, "rouge1": 0.0904, "rouge2": 0.0059, "exact_match": 0.0}, "loss": {"X_Y_COS": 0.8896822929382324, "X_Y_MSEloss": 0.00047880003694444895, "X_Y_test_COS": 0.05330011248588562, "X_Y_test_MSEloss": 0.007582067511975765, "X_Y_val_COS": 0.07670218497514725, "X_Y_val_MSEloss": 0.007175473961979151}}