{"train_samples": 1, "test_samples": 200, "source_model": "google/flan-t5-base", "source_dim": 768, "target_dim": 512, "test_results": {"bleu": 0.19, "bleu1": 23.28, "bleu2": 0.71, "bleu3": 0.01, "bleu4": 0.01, "rougeL": 0.119, "rouge1": 0.1365, "rouge2": 0.0005, "exact_match": 0.0}, "loss": {"X_Y_COS": 1.0, "X_Y_MSEloss": 3.300366734885243e-16, "X_Y_test_COS": 0.8009477257728577, "X_Y_test_MSEloss": 0.0007927530095912516, "X_Y_val_COS": 0.8047940731048584, "X_Y_val_MSEloss": 0.0007771514356136322}}