{"train_samples": 50, "test_samples": 200, "source_model": "google/flan-t5-base", "source_dim": 768, "target_dim": 512, "test_results": {"bleu": 0.08, "bleu1": 9.9, "bleu2": 0.04, "bleu3": 0.02, "bleu4": 0.01, "rougeL": 0.0146, "rouge1": 0.0149, "rouge2": 0.0, "exact_match": 0.0}, "loss": {"X_Y_COS": 1.0, "X_Y_MSEloss": 8.489557255970948e-13, "X_Y_test_COS": 0.8885577321052551, "X_Y_test_MSEloss": 0.0004141487879678607, "X_Y_val_COS": 0.8874999284744263, "X_Y_val_MSEloss": 0.0004180978867225349}}