{"train_samples": 50, "test_samples": 200, "source_model": "google/flan-t5-base", "source_dim": 768, "target_dim": 512, "test_results": {"bleu": 0.09, "bleu1": 9.07, "bleu2": 0.07, "bleu3": 0.02, "bleu4": 0.01, "rougeL": 0.0151, "rouge1": 0.0151, "rouge2": 0.0, "exact_match": 0.0}, "loss": {"X_Y_COS": 1.0, "X_Y_MSEloss": 4.599177427788703e-10, "X_Y_test_COS": 0.8839234709739685, "X_Y_test_MSEloss": 0.0009432283695787191, "X_Y_val_COS": 0.8810136318206787, "X_Y_val_MSEloss": 0.00098092807456851}}