{"train_samples": 100, "test_samples": 200, "source_model": "google-t5/t5-base", "source_dim": 768, "target_dim": 512, "test_results": {"bleu": 2.03, "bleu1": 25.75, "bleu2": 3.76, "bleu3": 0.85, "bleu4": 0.24, "rougeL": 0.1648, "rouge1": 0.2243, "rouge2": 0.0371, "exact_match": 0.0}, "loss": {"X_Y_COS": 1.0, "X_Y_MSEloss": 6.475771308078748e-12, "X_Y_test_COS": 0.9136584997177124, "X_Y_test_MSEloss": 0.00032564366119913757, "X_Y_val_COS": 0.9118830561637878, "X_Y_val_MSEloss": 0.0003329007013235241}}