{"train_samples": 20, "test_samples": 200, "source_model": "google-bert/bert-base-multilingual-cased", "source_dim": 768, "target_dim": 512, "test_results": {"bleu": 0.36, "bleu1": 18.64, "bleu2": 1.43, "bleu3": 0.06, "bleu4": 0.01, "rougeL": 0.1292, "rouge1": 0.1759, "rouge2": 0.0199, "exact_match": 0.0}, "loss": {"X_Y_COS": 1.0, "X_Y_MSEloss": 3.3612016470086718e-15, "X_Y_test_COS": 0.9104140996932983, "X_Y_test_MSEloss": 0.00033939979039132595, "X_Y_val_COS": 0.910090446472168, "X_Y_val_MSEloss": 0.00033947042538784444}}