{"train_samples": 1000, "test_samples": 200, "source_model": "google-t5/t5-base", "source_dim": 768, "target_dim": 512, "test_results": {"bleu": 0.67, "bleu1": 16.6, "bleu2": 1.54, "bleu3": 0.16, "bleu4": 0.06, "rougeL": 0.1242, "rouge1": 0.1408, "rouge2": 0.0127, "exact_match": 0.0}, "loss": {"X_Y_COS": 0.9128662347793579, "X_Y_MSEloss": 0.0004426903324201703, "X_Y_test_COS": 0.09465914219617844, "X_Y_test_MSEloss": 0.008262110874056816, "X_Y_val_COS": -0.0631481260061264, "X_Y_val_MSEloss": 0.00906930211931467}}