{"train_samples": 3, "test_samples": 200, "source_model": "sentence-transformers/all-MiniLM-L6-v2", "source_dim": 384, "target_dim": 512, "test_results": {"bleu": 0.04, "bleu1": 8.1, "bleu2": 0.01, "bleu3": 0.01, "bleu4": 0.0, "rougeL": 0.0792, "rouge1": 0.0937, "rouge2": 0.0, "exact_match": 0.0}, "loss": {"X_Y_COS": 1.0, "X_Y_MSEloss": 2.0500293730098523e-16, "X_Y_test_COS": 0.8697474598884583, "X_Y_test_MSEloss": 0.0006018250132910907, "X_Y_val_COS": 0.8688269853591919, "X_Y_val_MSEloss": 0.0006021662848070264}}