{"train_samples": 100, "test_samples": 200, "source_model": "google/flan-t5-base", "source_dim": 768, "target_dim": 512, "test_results": {"bleu": 0.24, "bleu1": 15.75, "bleu2": 1.21, "bleu3": 0.02, "bleu4": 0.01, "rougeL": 0.126, "rouge1": 0.1439, "rouge2": 0.0122, "exact_match": 0.0}, "loss": {"X_Y_COS": 1.0, "X_Y_MSEloss": 1.8714993096913268e-11, "X_Y_test_COS": 0.9117712378501892, "X_Y_test_MSEloss": 0.00033447242458350956, "X_Y_val_COS": 0.9128438830375671, "X_Y_val_MSEloss": 0.00033160895691253245}}