{"train_samples": 1000, "test_samples": 200, "source_model": "text-embedding-ada-002", "source_dim": 1536, "target_dim": 512, "test_results": {"bleu": 0.84, "bleu1": 16.34, "bleu2": 1.57, "bleu3": 0.22, "bleu4": 0.12, "rougeL": 0.1245, "rouge1": 0.1387, "rouge2": 0.0128, "exact_match": 0.0}, "loss": {"X_Y_COS": 1.0, "X_Y_MSEloss": 3.9873785696864505e-12, "X_Y_test_COS": -0.0400153324007988, "X_Y_test_MSEloss": 0.006044335197657347, "X_Y_val_COS": 0.035977527499198914, "X_Y_val_MSEloss": 0.006270567420870066}}