{"train_samples": 1000, "test_samples": 200, "source_model": "text-embedding-3-large", "source_dim": 3072, "target_dim": 512, "test_results": {"bleu": 0.15, "bleu1": 13.72, "bleu2": 0.55, "bleu3": 0.01, "bleu4": 0.01, "rougeL": 0.0843, "rouge1": 0.101, "rouge2": 0.0056, "exact_match": 0.0}, "loss": {"X_Y_COS": 0.9999984502792358, "X_Y_MSEloss": 5.061185959220893e-08, "X_Y_test_COS": 0.7873420715332031, "X_Y_test_MSEloss": 0.0016880410257726908, "X_Y_val_COS": 0.7932687401771545, "X_Y_val_MSEloss": 0.0016574586043134332}}