{"train_samples": 10, "test_samples": 200, "source_model": "random", "source_dim": 768, "target_dim": 512, "test_results": {"bleu": 0.3, "bleu1": 11.51, "bleu2": 0.67, "bleu3": 0.08, "bleu4": 0.03, "rougeL": 0.0752, "rouge1": 0.0867, "rouge2": 0.0048, "exact_match": 0.0}, "loss": {"X_Y_COS": 0.9999831318855286, "X_Y_MSEloss": 1.7697906514513306e-05, "X_Y_test_COS": -0.010713152587413788, "X_Y_test_MSEloss": 0.001961465459316969, "X_Y_val_COS": -0.005737329367548227, "X_Y_val_MSEloss": 0.0019811028614640236, "reg_lambda": 0.1}}