{"train_samples": 40, "test_samples": 200, "source_model": "google-t5/t5-base", "source_dim": 768, "target_dim": 512, "test_results": {"bleu": 0.09, "bleu1": 12.14, "bleu2": 0.08, "bleu3": 0.02, "bleu4": 0.01, "rougeL": 0.014, "rouge1": 0.0143, "rouge2": 0.0, "exact_match": 0.0}, "loss": {"X_Y_COS": 1.0, "X_Y_MSEloss": 2.565711254565173e-10, "X_Y_test_COS": 0.926264226436615, "X_Y_test_MSEloss": 0.0006676180637441576, "X_Y_val_COS": 0.9254624843597412, "X_Y_val_MSEloss": 0.000698982912581414}}