{"train_samples": 30, "test_samples": 200, "source_model": "google-t5/t5-base", "source_dim": 768, "target_dim": 512, "test_results": {"bleu": 0.65, "bleu1": 21.36, "bleu2": 1.18, "bleu3": 0.14, "bleu4": 0.09, "rougeL": 0.1224, "rouge1": 0.1571, "rouge2": 0.0108, "exact_match": 0.0}, "loss": {"X_Y_COS": 1.0, "X_Y_MSEloss": 6.521670461561704e-15, "X_Y_test_COS": 0.8874619603157043, "X_Y_test_MSEloss": 0.00041672561201266944, "X_Y_val_COS": 0.8859373331069946, "X_Y_val_MSEloss": 0.00042292478610761464}}