{"train_samples": 500, "test_samples": 200, "source_model": "google-bert/bert-base-multilingual-cased", "source_dim": 768, "target_dim": 512, "test_results": {"bleu": 0.15, "bleu1": 13.22, "bleu2": 0.12, "bleu3": 0.03, "bleu4": 0.02, "rougeL": 0.01, "rouge1": 0.0103, "rouge2": 0.0, "exact_match": 0.0}, "loss": {"X_Y_COS": 0.959307074546814, "X_Y_MSEloss": 0.00015658940537832677, "X_Y_test_COS": 0.7939521074295044, "X_Y_test_MSEloss": 0.0008000688976608217, "X_Y_val_COS": 0.7925446629524231, "X_Y_val_MSEloss": 0.0008082090062089264}}