{"train_samples": 5, "test_samples": 200, "source_model": "sentence-transformers/all-MiniLM-L6-v2", "source_dim": 384, "target_dim": 512, "test_results": {"bleu": 0.19, "bleu1": 18.11, "bleu2": 0.82, "bleu3": 0.02, "bleu4": 0.01, "rougeL": 0.114, "rouge1": 0.1385, "rouge2": 0.0108, "exact_match": 0.0}, "loss": {"X_Y_COS": 1.0, "X_Y_MSEloss": 2.248228465222458e-16, "X_Y_test_COS": 0.9139617681503296, "X_Y_test_MSEloss": 0.0005366309778764844, "X_Y_val_COS": 0.9096691608428955, "X_Y_val_MSEloss": 0.0005337478942237794}}