{"train_samples": 50, "test_samples": 200, "source_model": "google/mt5-base", "source_dim": 768, "target_dim": 512, "test_results": {"bleu": 0.12, "bleu1": 8.79, "bleu2": 0.2, "bleu3": 0.02, "bleu4": 0.01, "rougeL": 0.0093, "rouge1": 0.0098, "rouge2": 0.0, "exact_match": 0.0}, "loss": {"X_Y_COS": 1.0, "X_Y_MSEloss": 2.253775985283646e-11, "X_Y_test_COS": 0.9137672781944275, "X_Y_test_MSEloss": 0.00032320833997800946, "X_Y_val_COS": 0.9107642769813538, "X_Y_val_MSEloss": 0.00033483668812550604}}