{"train_samples": 50, "test_samples": 200, "source_model": "google-t5/t5-base", "source_dim": 768, "target_dim": 512, "test_results": {"bleu": 0.24, "bleu1": 20.16, "bleu2": 1.13, "bleu3": 0.02, "bleu4": 0.01, "rougeL": 0.1264, "rouge1": 0.1418, "rouge2": 0.0074, "exact_match": 0.0}, "loss": {"X_Y_COS": 1.0, "X_Y_MSEloss": 1.5902799077593954e-09, "X_Y_test_COS": 0.916688084602356, "X_Y_test_MSEloss": 0.0007547648856416345, "X_Y_val_COS": 0.9200985431671143, "X_Y_val_MSEloss": 0.0007404296775348485}}