{"train_samples": 20, "test_samples": 200, "source_model": "google/flan-t5-base", "source_dim": 768, "target_dim": 512, "test_results": {"bleu": 0.17, "bleu1": 15.95, "bleu2": 0.7, "bleu3": 0.02, "bleu4": 0.01, "rougeL": 0.0902, "rouge1": 0.111, "rouge2": 0.0024, "exact_match": 0.0}, "loss": {"X_Y_COS": 1.0, "X_Y_MSEloss": 1.9491164087728167e-15, "X_Y_test_COS": 0.9096357226371765, "X_Y_test_MSEloss": 0.0004938772763125598, "X_Y_val_COS": 0.9114375710487366, "X_Y_val_MSEloss": 0.00047102829557843506}}