{"train_samples": 50, "test_samples": 200, "source_model": "intfloat/multilingual-e5-base", "source_dim": 768, "target_dim": 512, "test_results": {"bleu": 0.14, "bleu1": 14.39, "bleu2": 0.43, "bleu3": 0.02, "bleu4": 0.01, "rougeL": 0.0869, "rouge1": 0.1011, "rouge2": 0.0025, "exact_match": 0.0}, "loss": {"X_Y_COS": 1.0, "X_Y_MSEloss": 7.878782695702746e-12, "X_Y_test_COS": 0.9090244770050049, "X_Y_test_MSEloss": 0.0004939180216751993, "X_Y_val_COS": 0.909733235836029, "X_Y_val_MSEloss": 0.0004760508891195059}}