{"train_samples": 1000, "test_samples": 200, "source_model": "sentence-transformers/gtr-t5-base", "source_dim": 768, "target_dim": 512, "test_results": {"bleu": 11.35, "bleu1": 42.83, "bleu2": 16.15, "bleu3": 6.87, "bleu4": 3.49, "rougeL": 0.3739, "rouge1": 0.4605, "rouge2": 0.1786, "exact_match": 0.0}, "loss": {"X_Y_COS": 0.9913262724876404, "X_Y_MSEloss": 3.428673153393902e-05, "X_Y_test_COS": 0.928443968296051, "X_Y_test_MSEloss": 0.00028527225367724895, "X_Y_val_COS": 0.9267210364341736, "X_Y_val_MSEloss": 0.00029075052589178085}}