{"train_samples": 10, "test_samples": 200, "source_model": "google/mt5-base", "source_dim": 768, "target_dim": 512, "test_results": {"bleu": 0.18, "bleu1": 16.58, "bleu2": 0.49, "bleu3": 0.02, "bleu4": 0.01, "rougeL": 0.1154, "rouge1": 0.1419, "rouge2": 0.0046, "exact_match": 0.0}, "loss": {"X_Y_COS": 1.0, "X_Y_MSEloss": 2.666350473745638e-10, "X_Y_test_COS": 0.9363662600517273, "X_Y_test_MSEloss": 0.0006092662224546075, "X_Y_val_COS": 0.937082052230835, "X_Y_val_MSEloss": 0.0006305855349637568}}