{"train_samples": 500, "test_samples": 200, "source_model": "sentence-transformers/all-MiniLM-L6-v2", "source_dim": 384, "target_dim": 512, "test_results": {"bleu": 0.07, "bleu1": 8.02, "bleu2": 0.03, "bleu3": 0.02, "bleu4": 0.01, "rougeL": 0.01, "rouge1": 0.0107, "rouge2": 0.0, "exact_match": 0.0}, "loss": {"X_Y_COS": 0.9751115441322327, "X_Y_MSEloss": 0.00023208593484014273, "X_Y_test_COS": 0.7213882207870483, "X_Y_test_MSEloss": 0.0030649679247289896, "X_Y_val_COS": 0.701819896697998, "X_Y_val_MSEloss": 0.003201908664777875}}