{"train_samples": 500, "test_samples": 200, "source_model": "sentence-transformers/all-MiniLM-L6-v2", "source_dim": 384, "target_dim": 512, "test_results": {"bleu": 0.04, "bleu1": 8.85, "bleu2": 0.02, "bleu3": 0.01, "bleu4": 0.01, "rougeL": 0.0099, "rouge1": 0.0105, "rouge2": 0.0, "exact_match": 0.0}, "loss": {"X_Y_COS": 0.9760182499885559, "X_Y_MSEloss": 9.675802721176296e-05, "X_Y_test_COS": 0.7316721677780151, "X_Y_test_MSEloss": 0.0012081803288310766, "X_Y_val_COS": 0.7254812717437744, "X_Y_val_MSEloss": 0.0012390170013532043}}