{"train_samples": 1, "test_samples": 200, "source_model": "sentence-transformers/gtr-t5-base", "source_dim": 768, "target_dim": 512, "test_results": {"bleu": 0.09, "bleu1": 9.25, "bleu2": 0.1, "bleu3": 0.02, "bleu4": 0.01, "rougeL": 0.0546, "rouge1": 0.0624, "rouge2": 0.0022, "exact_match": 0.0}, "loss": {"X_Y_COS": 1.0, "X_Y_MSEloss": 4.5839901093075637e-17, "X_Y_test_COS": 0.744292140007019, "X_Y_test_MSEloss": 0.0025301403366029263, "X_Y_val_COS": 0.7447652816772461, "X_Y_val_MSEloss": 0.0024985952768474817}}