{"train_samples": 3, "test_samples": 200, "source_model": "intfloat/multilingual-e5-base", "source_dim": 768, "target_dim": 512, "test_results": {"bleu": 0.16, "bleu1": 19.82, "bleu2": 0.45, "bleu3": 0.01, "bleu4": 0.01, "rougeL": 0.1032, "rouge1": 0.13, "rouge2": 0.0043, "exact_match": 0.0}, "loss": {"X_Y_COS": 1.0, "X_Y_MSEloss": 4.4376686087407315e-16, "X_Y_test_COS": 0.8091022968292236, "X_Y_test_MSEloss": 0.000675322487950325, "X_Y_val_COS": 0.8097748160362244, "X_Y_val_MSEloss": 0.0006732396432198584}}