{"train_samples": 30, "test_samples": 200, "source_model": "text-embedding-3-large", "source_dim": 3072, "target_dim": 512, "test_results": {"bleu": 0.28, "bleu1": 19.26, "bleu2": 0.68, "bleu3": 0.05, "bleu4": 0.01, "rougeL": 0.1134, "rouge1": 0.1451, "rouge2": 0.008, "exact_match": 0.0}, "loss": {"X_Y_COS": 1.0, "X_Y_MSEloss": 3.1136388510586246e-16, "X_Y_test_COS": 0.8774705529212952, "X_Y_test_MSEloss": 0.0006304977578110993, "X_Y_val_COS": 0.8757278323173523, "X_Y_val_MSEloss": 0.0006415110547095537}}