{"train_samples": 1000, "test_samples": 200, "source_model": "google/flan-t5-base", "source_dim": 768, "target_dim": 512, "test_results": {"bleu": 0.29, "bleu1": 24.48, "bleu2": 1.05, "bleu3": 0.03, "bleu4": 0.02, "rougeL": 0.1276, "rouge1": 0.1538, "rouge2": 0.0067, "exact_match": 0.0}, "loss": {"X_Y_COS": 0.9539383053779602, "X_Y_MSEloss": 0.0001765703782439232, "X_Y_test_COS": 0.8739407062530518, "X_Y_test_MSEloss": 0.00047883723163977265, "X_Y_val_COS": 0.8738948106765747, "X_Y_val_MSEloss": 0.0004787371144630015}}