{"train_samples": 3, "test_samples": 200, "source_model": "sentence-transformers/all-MiniLM-L6-v2", "source_dim": 384, "target_dim": 512, "test_results": {"bleu": 0.07, "bleu1": 9.11, "bleu2": 0.03, "bleu3": 0.01, "bleu4": 0.01, "rougeL": 0.0021, "rouge1": 0.0021, "rouge2": 0.0, "exact_match": 0.0}, "loss": {"X_Y_COS": 1.0, "X_Y_MSEloss": 1.853666357059318e-16, "X_Y_test_COS": 0.8789258599281311, "X_Y_test_MSEloss": 0.0005433650803752244, "X_Y_val_COS": 0.8734545707702637, "X_Y_val_MSEloss": 0.0005429675220511854}}