{"train_samples": 1000, "test_samples": 200, "source_model": "sentence-transformers/gtr-t5-base", "source_dim": 768, "target_dim": 512, "test_results": {"bleu": 0.11, "bleu1": 9.95, "bleu2": 0.13, "bleu3": 0.02, "bleu4": 0.01, "rougeL": 0.0417, "rouge1": 0.0476, "rouge2": 0.0007, "exact_match": 0.0}, "loss": {"X_Y_COS": 0.9589277505874634, "X_Y_MSEloss": 0.0003229487338103354, "X_Y_test_COS": 0.8450884819030762, "X_Y_test_MSEloss": 0.0011910025496035814, "X_Y_val_COS": 0.8445196151733398, "X_Y_val_MSEloss": 0.001218088436871767}}