{"train_samples": 50, "test_samples": 200, "source_model": "sentence-transformers/all-MiniLM-L6-v2", "source_dim": 384, "target_dim": 512, "test_results": {"bleu": 0.23, "bleu1": 14.4, "bleu2": 1.09, "bleu3": 0.02, "bleu4": 0.01, "rougeL": 0.131, "rouge1": 0.1498, "rouge2": 0.0113, "exact_match": 0.0}, "loss": {"X_Y_COS": 1.0, "X_Y_MSEloss": 4.913523354057843e-15, "X_Y_test_COS": 0.9095685482025146, "X_Y_test_MSEloss": 0.0007292397785931826, "X_Y_val_COS": 0.9190412163734436, "X_Y_val_MSEloss": 0.0006900787120684981}}