{"train_samples": 500, "test_samples": 200, "source_model": "intfloat/multilingual-e5-base", "source_dim": 768, "target_dim": 512, "test_results": {"bleu": 0.43, "bleu1": 16.44, "bleu2": 1.25, "bleu3": 0.17, "bleu4": 0.03, "rougeL": 0.0767, "rouge1": 0.0879, "rouge2": 0.0113, "exact_match": 0.0}, "loss": {"X_Y_COS": 0.9759314656257629, "X_Y_MSEloss": 9.373830835102126e-05, "X_Y_test_COS": 0.8862624764442444, "X_Y_test_MSEloss": 0.00043940378236584365, "X_Y_val_COS": 0.8856834173202515, "X_Y_val_MSEloss": 0.0004427805542945862}}