{"train_samples": 20, "test_samples": 200, "source_model": "google-t5/t5-base", "source_dim": 768, "target_dim": 512, "test_results": {"bleu": 0.3, "bleu1": 17.97, "bleu2": 1.13, "bleu3": 0.03, "bleu4": 0.02, "rougeL": 0.1314, "rouge1": 0.1689, "rouge2": 0.0112, "exact_match": 0.0}, "loss": {"X_Y_COS": 1.0, "X_Y_MSEloss": 3.0937283357817874e-15, "X_Y_test_COS": 0.9306088089942932, "X_Y_test_MSEloss": 0.0002629654190968722, "X_Y_val_COS": 0.9309783577919006, "X_Y_val_MSEloss": 0.00026180612621828914}}