{"train_samples": 40, "test_samples": 200, "source_model": "google-t5/t5-base", "source_dim": 768, "target_dim": 512, "test_results": {"bleu": 0.24, "bleu1": 21.09, "bleu2": 1.0, "bleu3": 0.02, "bleu4": 0.01, "rougeL": 0.1197, "rouge1": 0.1339, "rouge2": 0.0073, "exact_match": 0.0}, "loss": {"X_Y_COS": 1.0, "X_Y_MSEloss": 6.344507709997449e-13, "X_Y_test_COS": 0.9080661535263062, "X_Y_test_MSEloss": 0.0003438355342950672, "X_Y_val_COS": 0.9127781987190247, "X_Y_val_MSEloss": 0.0003273770271334797}}