{"train_samples": 500, "test_samples": 200, "source_model": "google/flan-t5-base", "source_dim": 768, "target_dim": 512, "test_results": {"bleu": 5.99, "bleu1": 32.72, "bleu2": 7.98, "bleu3": 3.94, "bleu4": 2.57, "rougeL": 0.2303, "rouge1": 0.2824, "rouge2": 0.0715, "exact_match": 0.0}, "loss": {"X_Y_COS": 0.9889910817146301, "X_Y_MSEloss": 6.810915510868654e-05, "X_Y_test_COS": 0.9155369400978088, "X_Y_test_MSEloss": 0.0005144500755704939, "X_Y_val_COS": 0.9155077934265137, "X_Y_val_MSEloss": 0.000536388426553458}}