{"train_samples": 1000, "test_samples": 200, "source_model": "google-t5/t5-base", "source_dim": 768, "target_dim": 512, "test_results": {"bleu": 0.21, "bleu1": 17.94, "bleu2": 1.21, "bleu3": 0.02, "bleu4": 0.01, "rougeL": 0.1377, "rouge1": 0.1745, "rouge2": 0.0138, "exact_match": 0.0}, "loss": {"X_Y_COS": 0.9784986972808838, "X_Y_MSEloss": 8.403857646044344e-05, "X_Y_test_COS": 0.9415765404701233, "X_Y_test_MSEloss": 0.000226281801587902, "X_Y_val_COS": 0.9409286379814148, "X_Y_val_MSEloss": 0.00022782957239542156}}