{"train_samples": 100, "test_samples": 200, "source_model": "google-bert/bert-base-multilingual-cased", "source_dim": 768, "target_dim": 512, "test_results": {"bleu": 0.67, "bleu1": 22.3, "bleu2": 1.44, "bleu3": 0.18, "bleu4": 0.05, "rougeL": 0.1224, "rouge1": 0.1645, "rouge2": 0.0179, "exact_match": 0.0}, "loss": {"X_Y_COS": 0.9999711513519287, "X_Y_MSEloss": 1.1282083534069898e-07, "X_Y_test_COS": 0.8812406659126282, "X_Y_test_MSEloss": 0.00044877894106321037, "X_Y_val_COS": 0.8800806999206543, "X_Y_val_MSEloss": 0.00045282355858944356}}