{"train_samples": 30, "test_samples": 200, "source_model": "sentence-transformers/all-MiniLM-L6-v2", "source_dim": 384, "target_dim": 512, "test_results": {"bleu": 0.46, "bleu1": 13.66, "bleu2": 1.22, "bleu3": 0.23, "bleu4": 0.07, "rougeL": 0.0615, "rouge1": 0.0693, "rouge2": 0.0104, "exact_match": 0.0}, "loss": {"X_Y_COS": 1.0, "X_Y_MSEloss": 7.503562594842795e-16, "X_Y_test_COS": 0.8239567279815674, "X_Y_test_MSEloss": 0.0013527798000723124, "X_Y_val_COS": 0.7855803370475769, "X_Y_val_MSEloss": 0.0015049142530187964}}