{"train_samples": 20, "test_samples": 200, "source_model": "text-embedding-3-large", "source_dim": 3072, "target_dim": 512, "test_results": {"bleu": 0.16, "bleu1": 13.83, "bleu2": 0.61, "bleu3": 0.02, "bleu4": 0.01, "rougeL": 0.1048, "rouge1": 0.1374, "rouge2": 0.0066, "exact_match": 0.0}, "loss": {"X_Y_COS": 1.0, "X_Y_MSEloss": 4.47849019696335e-15, "X_Y_test_COS": 0.9171569347381592, "X_Y_test_MSEloss": 0.0006881721201352775, "X_Y_val_COS": 0.9190543293952942, "X_Y_val_MSEloss": 0.0006748815067112446}}