{"train_samples": 5, "test_samples": 200, "source_model": "google-bert/bert-base-multilingual-cased", "source_dim": 768, "target_dim": 512, "test_results": {"bleu": 0.26, "bleu1": 19.73, "bleu2": 0.78, "bleu3": 0.03, "bleu4": 0.02, "rougeL": 0.1156, "rouge1": 0.1469, "rouge2": 0.0065, "exact_match": 0.0}, "loss": {"X_Y_COS": 1.0, "X_Y_MSEloss": 3.5556333484301273e-16, "X_Y_test_COS": 0.8650343418121338, "X_Y_test_MSEloss": 0.0005049179308116436, "X_Y_val_COS": 0.8691830039024353, "X_Y_val_MSEloss": 0.0004893591394647956}}