{"train_samples": 30, "test_samples": 200, "source_model": "text-embedding-ada-002", "source_dim": 1536, "target_dim": 512, "test_results": {"bleu": 0.15, "bleu1": 12.18, "bleu2": 0.4, "bleu3": 0.02, "bleu4": 0.01, "rougeL": 0.0985, "rouge1": 0.12, "rouge2": 0.0058, "exact_match": 0.0}, "loss": {"X_Y_COS": 1.0, "X_Y_MSEloss": 4.6360509181608833e-11, "X_Y_test_COS": 0.8462568521499634, "X_Y_test_MSEloss": 0.0009578819153830409, "X_Y_val_COS": 0.8525729179382324, "X_Y_val_MSEloss": 0.0009042064775712788}}