{"train_samples": 1000, "test_samples": 200, "source_model": "sentence-transformers/all-MiniLM-L6-v2", "source_dim": 384, "target_dim": 512, "test_results": {"bleu": 0.26, "bleu1": 13.83, "bleu2": 0.57, "bleu3": 0.05, "bleu4": 0.03, "rougeL": 0.0936, "rouge1": 0.1009, "rouge2": 0.0042, "exact_match": 0.0}, "loss": {"X_Y_COS": 0.9533658623695374, "X_Y_MSEloss": 0.0003569299296941608, "X_Y_test_COS": 0.8701546788215637, "X_Y_test_MSEloss": 0.0009118237649090588, "X_Y_val_COS": 0.8773301243782043, "X_Y_val_MSEloss": 0.0008980148704722524}}