{"train_samples": 50, "test_samples": 200, "source_model": "text-embedding-ada-002", "source_dim": 1536, "target_dim": 512, "test_results": {"bleu": 1.24, "bleu1": 20.44, "bleu2": 2.1, "bleu3": 0.5, "bleu4": 0.18, "rougeL": 0.142, "rouge1": 0.183, "rouge2": 0.0283, "exact_match": 0.0}, "loss": {"X_Y_COS": 1.0, "X_Y_MSEloss": 8.412342003549789e-13, "X_Y_test_COS": 0.8865073919296265, "X_Y_test_MSEloss": 0.00041905060061253607, "X_Y_val_COS": 0.8873762488365173, "X_Y_val_MSEloss": 0.0004161858232691884}}