{"train_samples": 50, "test_samples": 200, "source_model": "intfloat/multilingual-e5-base", "source_dim": 768, "target_dim": 512, "test_results": {"bleu": 0.06, "bleu1": 9.08, "bleu2": 0.02, "bleu3": 0.01, "bleu4": 0.01, "rougeL": 0.0082, "rouge1": 0.0082, "rouge2": 0.0, "exact_match": 0.0}, "loss": {"X_Y_COS": 1.0, "X_Y_MSEloss": 1.0244563877770396e-11, "X_Y_test_COS": 0.8575774431228638, "X_Y_test_MSEloss": 0.0005173548706807196, "X_Y_val_COS": 0.8589616417884827, "X_Y_val_MSEloss": 0.0005126401083543897}}