{"train_samples": 100, "test_samples": 200, "source_model": "google-bert/bert-base-multilingual-cased", "source_dim": 768, "target_dim": 512, "test_results": {"bleu": 0.63, "bleu1": 15.05, "bleu2": 1.22, "bleu3": 0.35, "bleu4": 0.14, "rougeL": 0.0638, "rouge1": 0.0742, "rouge2": 0.0081, "exact_match": 0.0}, "loss": {"X_Y_COS": 0.9999516010284424, "X_Y_MSEloss": 4.567774283259496e-07, "X_Y_test_COS": 0.8839917778968811, "X_Y_test_MSEloss": 0.000843034649733454, "X_Y_val_COS": 0.8820679783821106, "X_Y_val_MSEloss": 0.0008584713796153665}}