{"train_samples": 20, "test_samples": 200, "source_model": "google/mt5-base", "source_dim": 768, "target_dim": 512, "test_results": {"bleu": 0.77, "bleu1": 20.05, "bleu2": 1.35, "bleu3": 0.22, "bleu4": 0.08, "rougeL": 0.1302, "rouge1": 0.1643, "rouge2": 0.0158, "exact_match": 0.0}, "loss": {"X_Y_COS": 1.0, "X_Y_MSEloss": 8.132993519101295e-14, "X_Y_test_COS": 0.8924375176429749, "X_Y_test_MSEloss": 0.0003961077891290188, "X_Y_val_COS": 0.8904626965522766, "X_Y_val_MSEloss": 0.0004067646514158696}}