{"train_samples": 30, "test_samples": 200, "source_model": "google-bert/bert-base-multilingual-cased", "source_dim": 768, "target_dim": 512, "test_results": {"bleu": 0.19, "bleu1": 16.81, "bleu2": 0.78, "bleu3": 0.02, "bleu4": 0.01, "rougeL": 0.1239, "rouge1": 0.1648, "rouge2": 0.0092, "exact_match": 0.0}, "loss": {"X_Y_COS": 1.0, "X_Y_MSEloss": 7.924667459789994e-15, "X_Y_test_COS": 0.9197415113449097, "X_Y_test_MSEloss": 0.0003058695583604276, "X_Y_val_COS": 0.921036958694458, "X_Y_val_MSEloss": 0.00030088986386545}}