{"train_samples": 10, "test_samples": 200, "source_model": "google-bert/bert-base-multilingual-cased", "source_dim": 768, "target_dim": 512, "test_results": {"bleu": 10.06, "bleu1": 24.35, "bleu2": 8.9, "bleu3": 7.37, "bleu4": 6.81, "rougeL": 0.1808, "rouge1": 0.2118, "rouge2": 0.0867, "exact_match": 0.0}, "loss": {"X_Y_COS": 0.9977292418479919, "X_Y_MSEloss": 1.1842285857710522e-05, "X_Y_test_COS": 0.9057849049568176, "X_Y_test_MSEloss": 0.0003603393561206758, "X_Y_val_COS": 0.9087356328964233, "X_Y_val_MSEloss": 0.0003526132495608181, "reg_lambda": 0.1}}