{"train_samples": 3, "test_samples": 200, "source_model": "sentence-transformers/all-MiniLM-L6-v2", "source_dim": 384, "target_dim": 512, "test_results": {"bleu": 0.18, "bleu1": 18.65, "bleu2": 0.67, "bleu3": 0.01, "bleu4": 0.01, "rougeL": 0.1322, "rouge1": 0.1756, "rouge2": 0.0084, "exact_match": 0.0}, "loss": {"X_Y_COS": 1.0, "X_Y_MSEloss": 1.9099998714032415e-16, "X_Y_test_COS": 0.8444983959197998, "X_Y_test_MSEloss": 0.0007950396393425763, "X_Y_val_COS": 0.8496236801147461, "X_Y_val_MSEloss": 0.0007700321148149669}}