{"epoch": 3, "dev_acc": 53.0, "test_acc": 55.50000000000001, "test_f1": 69.19999999999999, "test_roc": 96.84}