{"train_samples": 5, "test_samples": 200, "source_model": "google-t5/t5-base", "source_dim": 768, "target_dim": 512, "test_results": {"bleu": 0.39, "bleu1": 16.48, "bleu2": 0.96, "bleu3": 0.14, "bleu4": 0.01, "rougeL": 0.1266, "rouge1": 0.1571, "rouge2": 0.0177, "exact_match": 0.0}, "loss": {"X_Y_COS": 1.0, "X_Y_MSEloss": 4.891883144563154e-16, "X_Y_test_COS": 0.909653902053833, "X_Y_test_MSEloss": 0.00038516728091053665, "X_Y_val_COS": 0.9077944755554199, "X_Y_val_MSEloss": 0.0003947727964259684}}