{"train_samples": 20, "test_samples": 200, "source_model": "google-bert/bert-base-multilingual-cased", "source_dim": 768, "target_dim": 512, "test_results": {"bleu": 0.23, "bleu1": 13.88, "bleu2": 1.05, "bleu3": 0.02, "bleu4": 0.01, "rougeL": 0.1356, "rouge1": 0.1498, "rouge2": 0.0111, "exact_match": 0.0}, "loss": {"X_Y_COS": 1.0, "X_Y_MSEloss": 1.2049730618412646e-14, "X_Y_test_COS": 0.9289450645446777, "X_Y_test_MSEloss": 0.0005473858909681439, "X_Y_val_COS": 0.9314613938331604, "X_Y_val_MSEloss": 0.0005335347959771752}}