{"train_samples": 1000, "test_samples": 200, "source_model": "google/mt5-base", "source_dim": 768, "target_dim": 512, "test_results": {"bleu": 1.05, "bleu1": 8.81, "bleu2": 0.9, "bleu3": 0.54, "bleu4": 0.31, "rougeL": 0.0378, "rouge1": 0.0408, "rouge2": 0.0016, "exact_match": 0.0}, "loss": {"X_Y_COS": 0.9006112217903137, "X_Y_MSEloss": 0.00046397041296586394, "X_Y_test_COS": 0.005383260082453489, "X_Y_test_MSEloss": 0.008409305475652218, "X_Y_val_COS": -0.021034440025687218, "X_Y_val_MSEloss": 0.008320261724293232}}