{"train_samples": 3, "test_samples": 200, "source_model": "text-embedding-ada-002", "source_dim": 1536, "target_dim": 512, "test_results": {"bleu": 0.12, "bleu1": 11.46, "bleu2": 0.18, "bleu3": 0.02, "bleu4": 0.01, "rougeL": 0.0527, "rouge1": 0.0604, "rouge2": 0.0041, "exact_match": 0.0}, "loss": {"X_Y_COS": 1.0000001192092896, "X_Y_MSEloss": 1.73953737597429e-15, "X_Y_test_COS": 0.8476554751396179, "X_Y_test_MSEloss": 0.0005497772945091128, "X_Y_val_COS": 0.838848352432251, "X_Y_val_MSEloss": 0.0005778505001217127}}