{"train_samples": 5, "test_samples": 200, "source_model": "intfloat/multilingual-e5-base", "source_dim": 768, "target_dim": 512, "test_results": {"bleu": 0.11, "bleu1": 15.41, "bleu2": 0.23, "bleu3": 0.01, "bleu4": 0.01, "rougeL": 0.0422, "rouge1": 0.0496, "rouge2": 0.002, "exact_match": 0.0}, "loss": {"X_Y_COS": 1.0, "X_Y_MSEloss": 2.1524226845315297e-10, "X_Y_test_COS": 0.8473698496818542, "X_Y_test_MSEloss": 0.0013538484927266836, "X_Y_val_COS": 0.851800799369812, "X_Y_val_MSEloss": 0.001302276854403317}}