{"train_samples": 10, "test_samples": 200, "source_model": "google-t5/t5-base", "source_dim": 768, "target_dim": 512, "test_results": {"bleu": 0.1, "bleu1": 11.9, "bleu2": 0.06, "bleu3": 0.02, "bleu4": 0.01, "rougeL": 0.0572, "rouge1": 0.0659, "rouge2": 0.0066, "exact_match": 0.0}, "loss": {"X_Y_COS": 1.0, "X_Y_MSEloss": 5.680522169829335e-16, "X_Y_test_COS": 0.8936936855316162, "X_Y_test_MSEloss": 0.00039513438241556287, "X_Y_val_COS": 0.8893210887908936, "X_Y_val_MSEloss": 0.00040947325760498643}}