{"train_samples": 3, "test_samples": 200, "source_model": "google/mt5-base", "source_dim": 768, "target_dim": 512, "test_results": {"bleu": 0.19, "bleu1": 15.17, "bleu2": 0.49, "bleu3": 0.02, "bleu4": 0.01, "rougeL": 0.0968, "rouge1": 0.1229, "rouge2": 0.0062, "exact_match": 0.0}, "loss": {"X_Y_COS": 1.0, "X_Y_MSEloss": 1.5378033568769212e-10, "X_Y_test_COS": 0.9209575653076172, "X_Y_test_MSEloss": 0.0008829713915474713, "X_Y_val_COS": 0.9181825518608093, "X_Y_val_MSEloss": 0.0009533975971862674}}