{"train_samples": 1, "test_samples": 200, "source_model": "google-t5/t5-base", "source_dim": 768, "target_dim": 512, "test_results": {"bleu": 0.18, "bleu1": 17.76, "bleu2": 0.58, "bleu3": 0.03, "bleu4": 0.02, "rougeL": 0.0656, "rouge1": 0.0713, "rouge2": 0.004, "exact_match": 0.0}, "loss": {"X_Y_COS": 1.0, "X_Y_MSEloss": 4.7615818163557585e-17, "X_Y_test_COS": 0.8720124363899231, "X_Y_test_MSEloss": 0.0012006828328594565, "X_Y_val_COS": 0.8776744604110718, "X_Y_val_MSEloss": 0.001183136715553701}}