{"train_samples": 40, "test_samples": 200, "source_model": "google/mt5-base", "source_dim": 768, "target_dim": 512, "test_results": {"bleu": 0.14, "bleu1": 8.44, "bleu2": 0.09, "bleu3": 0.03, "bleu4": 0.02, "rougeL": 0.0065, "rouge1": 0.0065, "rouge2": 0.0, "exact_match": 0.0}, "loss": {"X_Y_COS": 1.0, "X_Y_MSEloss": 7.344082807170249e-12, "X_Y_test_COS": 0.9125348329544067, "X_Y_test_MSEloss": 0.0003267016145400703, "X_Y_val_COS": 0.9084034562110901, "X_Y_val_MSEloss": 0.0003408784978091717}}