{"train_samples": 10, "test_samples": 200, "source_model": "sentence-transformers/gtr-t5-base", "source_dim": 768, "target_dim": 512, "test_results": {"bleu": 0.3, "bleu1": 15.63, "bleu2": 0.87, "bleu3": 0.06, "bleu4": 0.01, "rougeL": 0.1119, "rouge1": 0.1479, "rouge2": 0.0103, "exact_match": 0.0}, "loss": {"X_Y_COS": 1.0, "X_Y_MSEloss": 3.42008743044135e-16, "X_Y_test_COS": 0.9091674089431763, "X_Y_test_MSEloss": 0.0005782305961474776, "X_Y_val_COS": 0.9084764122962952, "X_Y_val_MSEloss": 0.0005964625161141157}}