{"train_samples": 3, "test_samples": 200, "source_model": "google/mt5-base", "source_dim": 768, "target_dim": 512, "test_results": {"bleu": 0.09, "bleu1": 11.94, "bleu2": 0.09, "bleu3": 0.02, "bleu4": 0.01, "rougeL": 0.0447, "rouge1": 0.049, "rouge2": 0.0, "exact_match": 0.0}, "loss": {"X_Y_COS": 1.0, "X_Y_MSEloss": 3.2897065605462517e-16, "X_Y_test_COS": 0.8588018417358398, "X_Y_test_MSEloss": 0.0005183356115594506, "X_Y_val_COS": 0.8602931499481201, "X_Y_val_MSEloss": 0.0005138357519172132}}