{"train_samples": 3, "test_samples": 200, "source_model": "sentence-transformers/all-MiniLM-L6-v2", "source_dim": 384, "target_dim": 512, "test_results": {"bleu": 0.09, "bleu1": 16.39, "bleu2": 0.08, "bleu3": 0.02, "bleu4": 0.01, "rougeL": 0.0654, "rouge1": 0.072, "rouge2": 0.0, "exact_match": 0.0}, "loss": {"X_Y_COS": 1.0, "X_Y_MSEloss": 2.3633534776441184e-16, "X_Y_test_COS": 0.8705981373786926, "X_Y_test_MSEloss": 0.0012354633072391152, "X_Y_val_COS": 0.8665903210639954, "X_Y_val_MSEloss": 0.0012144475476816297}}