{"train_samples": 500, "test_samples": 200, "source_model": "google/flan-t5-base", "source_dim": 768, "target_dim": 512, "test_results": {"bleu": 2.0, "bleu1": 27.9, "bleu2": 4.45, "bleu3": 0.68, "bleu4": 0.25, "rougeL": 0.1874, "rouge1": 0.2575, "rouge2": 0.048, "exact_match": 0.0}, "loss": {"X_Y_COS": 0.9918643236160278, "X_Y_MSEloss": 3.229148205718957e-05, "X_Y_test_COS": 0.904704749584198, "X_Y_test_MSEloss": 0.0003802796418312937, "X_Y_val_COS": 0.9065617322921753, "X_Y_val_MSEloss": 0.00037291666376404464}}