{"train_samples": 500, "test_samples": 200, "source_model": "google/mt5-base", "source_dim": 768, "target_dim": 512, "test_results": {"bleu": 27.38, "bleu1": 46.37, "bleu2": 27.91, "bleu3": 23.36, "bleu4": 21.0, "rougeL": 0.4025, "rouge1": 0.4545, "rouge2": 0.2838, "exact_match": 0.0}, "loss": {"X_Y_COS": 0.9793535470962524, "X_Y_MSEloss": 8.195995178539306e-05, "X_Y_test_COS": 0.9380596876144409, "X_Y_test_MSEloss": 0.0002356155018787831, "X_Y_val_COS": 0.9361181259155273, "X_Y_val_MSEloss": 0.00024346279678866267, "reg_lambda": 0.1}}