{"train_samples": 30, "test_samples": 200, "source_model": "google-bert/bert-base-multilingual-cased", "source_dim": 768, "target_dim": 512, "test_results": {"bleu": 0.47, "bleu1": 16.11, "bleu2": 0.85, "bleu3": 0.16, "bleu4": 0.1, "rougeL": 0.057, "rouge1": 0.0622, "rouge2": 0.0028, "exact_match": 0.0}, "loss": {"X_Y_COS": 1.0, "X_Y_MSEloss": 2.1563683456037042e-14, "X_Y_test_COS": 0.8812810182571411, "X_Y_test_MSEloss": 0.0007970770820975304, "X_Y_val_COS": 0.8856065273284912, "X_Y_val_MSEloss": 0.0007713525556027889}}