{"train_samples": 1000, "test_samples": 200, "source_model": "sentence-transformers/all-MiniLM-L6-v2", "source_dim": 384, "target_dim": 512, "test_results": {"bleu": 0.81, "bleu1": 16.07, "bleu2": 1.3, "bleu3": 0.35, "bleu4": 0.19, "rougeL": 0.0692, "rouge1": 0.0822, "rouge2": 0.0089, "exact_match": 0.0}, "loss": {"X_Y_COS": 0.9446104764938354, "X_Y_MSEloss": 0.000245981034822762, "X_Y_test_COS": 0.8256686329841614, "X_Y_test_MSEloss": 0.0006916014826856554, "X_Y_val_COS": 0.8029256463050842, "X_Y_val_MSEloss": 0.0007317561539821327}}