{"train_samples": 5, "test_samples": 200, "source_model": "google/mt5-base", "source_dim": 768, "target_dim": 512, "test_results": {"bleu": 0.43, "bleu1": 15.89, "bleu2": 0.81, "bleu3": 0.19, "bleu4": 0.07, "rougeL": 0.0745, "rouge1": 0.0915, "rouge2": 0.0082, "exact_match": 0.0}, "loss": {"X_Y_COS": 1.0, "X_Y_MSEloss": 4.0752721797028795e-16, "X_Y_test_COS": 0.8187143802642822, "X_Y_test_MSEloss": 0.0006406509201042354, "X_Y_val_COS": 0.8088720440864563, "X_Y_val_MSEloss": 0.0006757884984835982}}