{"train_samples": 10, "test_samples": 200, "source_model": "google/flan-t5-base", "source_dim": 768, "target_dim": 512, "test_results": {"bleu": 0.11, "bleu1": 11.59, "bleu2": 0.11, "bleu3": 0.02, "bleu4": 0.01, "rougeL": 0.0531, "rouge1": 0.0582, "rouge2": 0.007, "exact_match": 0.0}, "loss": {"X_Y_COS": 1.0, "X_Y_MSEloss": 4.890531068221099e-16, "X_Y_test_COS": 0.8893206715583801, "X_Y_test_MSEloss": 0.00041334584238938987, "X_Y_val_COS": 0.8821651935577393, "X_Y_val_MSEloss": 0.00043747760355472565}}