{"train_samples": 3, "test_samples": 200, "source_model": "intfloat/multilingual-e5-base", "source_dim": 768, "target_dim": 512, "test_results": {"bleu": 0.26, "bleu1": 17.15, "bleu2": 0.87, "bleu3": 0.05, "bleu4": 0.01, "rougeL": 0.0864, "rouge1": 0.0971, "rouge2": 0.0141, "exact_match": 0.0}, "loss": {"X_Y_COS": 1.0, "X_Y_MSEloss": 3.1617606456767135e-16, "X_Y_test_COS": 0.9054241180419922, "X_Y_test_MSEloss": 0.0003569777181837708, "X_Y_val_COS": 0.9030023217201233, "X_Y_val_MSEloss": 0.0003654431493487209}}