{"train_samples": 100, "test_samples": 200, "source_model": "google/mt5-base", "source_dim": 768, "target_dim": 512, "test_results": {"bleu": 0.04, "bleu1": 8.83, "bleu2": 0.02, "bleu3": 0.01, "bleu4": 0.01, "rougeL": 0.0147, "rouge1": 0.0152, "rouge2": 0.0, "exact_match": 0.0}, "loss": {"X_Y_COS": 0.9999982118606567, "X_Y_MSEloss": 6.079034164940822e-08, "X_Y_test_COS": 0.8612293004989624, "X_Y_test_MSEloss": 0.0011431693565100431, "X_Y_val_COS": 0.8544877171516418, "X_Y_val_MSEloss": 0.0012200947385281324}}