{"train_samples": 3, "test_samples": 200, "source_model": "google/flan-t5-base", "source_dim": 768, "target_dim": 512, "test_results": {"bleu": 0.07, "bleu1": 12.43, "bleu2": 0.04, "bleu3": 0.02, "bleu4": 0.01, "rougeL": 0.0691, "rouge1": 0.0831, "rouge2": 0.0039, "exact_match": 0.0}, "loss": {"X_Y_COS": 1.0, "X_Y_MSEloss": 3.2082765187663675e-16, "X_Y_test_COS": 0.8740873336791992, "X_Y_test_MSEloss": 0.000534944178070873, "X_Y_val_COS": 0.8760115504264832, "X_Y_val_MSEloss": 0.0005284143262542784}}