{"train_samples": 40, "test_samples": 200, "source_model": "google/flan-t5-base", "source_dim": 768, "target_dim": 512, "test_results": {"bleu": 1.66, "bleu1": 22.6, "bleu2": 2.81, "bleu3": 0.66, "bleu4": 0.27, "rougeL": 0.1455, "rouge1": 0.1889, "rouge2": 0.0343, "exact_match": 0.0}, "loss": {"X_Y_COS": 1.0, "X_Y_MSEloss": 1.5962436179708245e-13, "X_Y_test_COS": 0.8354818820953369, "X_Y_test_MSEloss": 0.0005947299650870264, "X_Y_val_COS": 0.833598256111145, "X_Y_val_MSEloss": 0.0006007655756548047}}