{"train_samples": 1000, "test_samples": 200, "source_model": "google-t5/t5-base", "source_dim": 768, "target_dim": 512, "test_results": {"bleu": 1.41, "bleu1": 24.81, "bleu2": 3.06, "bleu3": 0.61, "bleu4": 0.13, "rougeL": 0.1543, "rouge1": 0.2048, "rouge2": 0.0299, "exact_match": 0.0}, "loss": {"X_Y_COS": 0.9801040291786194, "X_Y_MSEloss": 0.00015292518946807832, "X_Y_test_COS": 0.9183028936386108, "X_Y_test_MSEloss": 0.0006309758173301816, "X_Y_val_COS": 0.9205572605133057, "X_Y_val_MSEloss": 0.0006241942173801363}}