{"cosine_similarities": {"X_Y_COS": 0.5128435492515564, "X_Y_test_COS": 0.48943012952804565, "X_Y_COS_LOSS": 0.4871564209461212, "X_Y_MSE_LOSS": 0.008580134250223637, "X_Y_test_COS_LOSS": 0.5105698704719543, "X_Y_test_MSE_LOSS": 0.008854186162352562}, "rouge_results": {"X_vs_gold": {"rouge1_f": 0.14453465369156895, "rouge2_f": 0.029644682111186933, "rougeL_f": 0.13292307008277177}, "Y_vs_gold": {"rouge1_f": 0.7443278060761083, "rouge2_f": 0.6787489192369293, "rougeL_f": 0.7300121887720072}, "X_vs_Y": {"rouge1_f": 0.14972565548197161, "rouge2_f": 0.02960540360336795, "rougeL_f": 0.13825000799152581}}}