{"train_samples": 50, "test_samples": 200, "source_model": "google-bert/bert-base-multilingual-cased", "source_dim": 768, "target_dim": 512, "test_results": {"bleu": 1.01, "bleu1": 22.34, "bleu2": 2.21, "bleu3": 0.35, "bleu4": 0.07, "rougeL": 0.1382, "rouge1": 0.1825, "rouge2": 0.0201, "exact_match": 0.0}, "loss": {"X_Y_COS": 1.0, "X_Y_MSEloss": 1.803811405798328e-10, "X_Y_test_COS": 0.8285874724388123, "X_Y_test_MSEloss": 0.0012468978529796004, "X_Y_val_COS": 0.8307321667671204, "X_Y_val_MSEloss": 0.0012361115077510476}}