{"train_samples": 500, "test_samples": 200, "source_model": "sentence-transformers/gtr-t5-base", "source_dim": 768, "target_dim": 512, "test_results": {"bleu": 0.19, "bleu1": 14.96, "bleu2": 0.55, "bleu3": 0.03, "bleu4": 0.01, "rougeL": 0.0814, "rouge1": 0.0977, "rouge2": 0.006, "exact_match": 0.0}, "loss": {"X_Y_COS": 0.9962705373764038, "X_Y_MSEloss": 1.4756523341930006e-05, "X_Y_test_COS": 0.7976565957069397, "X_Y_test_MSEloss": 0.0009153321152552962, "X_Y_val_COS": 0.7871303558349609, "X_Y_val_MSEloss": 0.0009881957666948438}}