{"train_samples": 40, "test_samples": 200, "source_model": "sentence-transformers/gtr-t5-base", "source_dim": 768, "target_dim": 512, "test_results": {"bleu": 0.17, "bleu1": 16.66, "bleu2": 0.45, "bleu3": 0.01, "bleu4": 0.01, "rougeL": 0.1006, "rouge1": 0.1209, "rouge2": 0.0026, "exact_match": 0.0}, "loss": {"X_Y_COS": 1.0, "X_Y_MSEloss": 1.0701037325949302e-14, "X_Y_test_COS": 0.908980667591095, "X_Y_test_MSEloss": 0.00034450224484317005, "X_Y_val_COS": 0.9097302556037903, "X_Y_val_MSEloss": 0.0003448597271926701}}