{"train_samples": 10, "test_samples": 200, "source_model": "intfloat/multilingual-e5-base", "source_dim": 768, "target_dim": 512, "test_results": {"bleu": 0.47, "bleu1": 16.85, "bleu2": 1.27, "bleu3": 0.24, "bleu4": 0.01, "rougeL": 0.125, "rouge1": 0.1691, "rouge2": 0.0204, "exact_match": 0.0}, "loss": {"X_Y_COS": 1.0, "X_Y_MSEloss": 1.3484563349963489e-15, "X_Y_test_COS": 0.9185534715652466, "X_Y_test_MSEloss": 0.00030527851777151227, "X_Y_val_COS": 0.9180050492286682, "X_Y_val_MSEloss": 0.000307566428091377}}