{"train_samples": 500, "test_samples": 200, "source_model": "sentence-transformers/all-MiniLM-L6-v2", "source_dim": 384, "target_dim": 512, "test_results": {"bleu": 1.82, "bleu1": 21.16, "bleu2": 2.67, "bleu3": 0.88, "bleu4": 0.32, "rougeL": 0.1152, "rouge1": 0.151, "rouge2": 0.0226, "exact_match": 0.0}, "loss": {"X_Y_COS": 0.982550323009491, "X_Y_MSEloss": 8.198298746719956e-05, "X_Y_test_COS": 0.637336790561676, "X_Y_test_MSEloss": 0.0019882088527083397, "X_Y_val_COS": 0.600776731967926, "X_Y_val_MSEloss": 0.0020331148989498615}}