{"train_samples": 1000, "test_samples": 200, "source_model": "google-bert/bert-base-multilingual-cased", "source_dim": 768, "target_dim": 512, "test_results": {"bleu": 0.35, "bleu1": 18.69, "bleu2": 1.49, "bleu3": 0.05, "bleu4": 0.03, "rougeL": 0.1396, "rouge1": 0.1622, "rouge2": 0.0129, "exact_match": 0.0}, "loss": {"X_Y_COS": 0.96816486120224, "X_Y_MSEloss": 0.0002334792079636827, "X_Y_test_COS": 0.9139321446418762, "X_Y_test_MSEloss": 0.0006173451547510922, "X_Y_val_COS": 0.9150296449661255, "X_Y_val_MSEloss": 0.0006153633003123105}}