{"train_samples": 20, "test_samples": 200, "source_model": "sentence-transformers/gtr-t5-base", "source_dim": 768, "target_dim": 512, "test_results": {"bleu": 0.04, "bleu1": 10.13, "bleu2": 0.02, "bleu3": 0.01, "bleu4": 0.0, "rougeL": 0.0051, "rouge1": 0.0054, "rouge2": 0.0, "exact_match": 0.0}, "loss": {"X_Y_COS": 1.0, "X_Y_MSEloss": 1.3499502893570686e-15, "X_Y_test_COS": 0.8186448216438293, "X_Y_test_MSEloss": 0.0006531584658659995, "X_Y_val_COS": 0.8162695169448853, "X_Y_val_MSEloss": 0.0006610214477404952}}