{"train_samples": 3, "test_samples": 200, "source_model": "text-embedding-3-large", "source_dim": 3072, "target_dim": 512, "test_results": {"bleu": 0.05, "bleu1": 8.02, "bleu2": 0.02, "bleu3": 0.01, "bleu4": 0.0, "rougeL": 0.0109, "rouge1": 0.0112, "rouge2": 0.0, "exact_match": 0.0}, "loss": {"X_Y_COS": 1.0, "X_Y_MSEloss": 2.1575034814258487e-10, "X_Y_test_COS": 0.8436607122421265, "X_Y_test_MSEloss": 0.0019516542088240385, "X_Y_val_COS": 0.8434683084487915, "X_Y_val_MSEloss": 0.0019892705604434013}}