{"train_samples": 3, "test_samples": 200, "source_model": "text-embedding-3-large", "source_dim": 3072, "target_dim": 512, "test_results": {"bleu": 0.04, "bleu1": 6.06, "bleu2": 0.02, "bleu3": 0.01, "bleu4": 0.01, "rougeL": 0.011, "rouge1": 0.0113, "rouge2": 0.0, "exact_match": 0.0}, "loss": {"X_Y_COS": 1.0, "X_Y_MSEloss": 1.123256479403236e-16, "X_Y_test_COS": 0.8462545871734619, "X_Y_test_MSEloss": 0.0009292719187214971, "X_Y_val_COS": 0.8485894799232483, "X_Y_val_MSEloss": 0.0009220238425768912}}