{"train_samples": 50, "test_samples": 200, "source_model": "text-embedding-ada-002", "source_dim": 1536, "target_dim": 512, "test_results": {"bleu": 0.09, "bleu1": 9.17, "bleu2": 0.04, "bleu3": 0.02, "bleu4": 0.01, "rougeL": 0.0104, "rouge1": 0.0113, "rouge2": 0.0, "exact_match": 0.0}, "loss": {"X_Y_COS": 1.0, "X_Y_MSEloss": 1.8433687735963655e-12, "X_Y_test_COS": 0.8600904941558838, "X_Y_test_MSEloss": 0.0005095820524729788, "X_Y_val_COS": 0.8616483807563782, "X_Y_val_MSEloss": 0.0005037494120188057}}