{"train_samples": 100, "test_samples": 200, "source_model": "google-bert/bert-base-multilingual-cased", "source_dim": 768, "target_dim": 512, "test_results": {"bleu": 0.12, "bleu1": 11.65, "bleu2": 0.21, "bleu3": 0.02, "bleu4": 0.01, "rougeL": 0.011, "rouge1": 0.011, "rouge2": 0.0, "exact_match": 0.0}, "loss": {"X_Y_COS": 1.0, "X_Y_MSEloss": 5.789066795380826e-11, "X_Y_test_COS": 0.8872814774513245, "X_Y_test_MSEloss": 0.0004237476969137788, "X_Y_val_COS": 0.8808708786964417, "X_Y_val_MSEloss": 0.0004495701869018376}}