{"train_samples": 10, "test_samples": 200, "source_model": "text-embedding-ada-002", "source_dim": 1536, "target_dim": 512, "test_results": {"bleu": 0.08, "bleu1": 8.98, "bleu2": 0.04, "bleu3": 0.02, "bleu4": 0.01, "rougeL": 0.0611, "rouge1": 0.0706, "rouge2": 0.0003, "exact_match": 0.0}, "loss": {"X_Y_COS": 1.0, "X_Y_MSEloss": 2.7282361601403985e-15, "X_Y_test_COS": 0.9006460309028625, "X_Y_test_MSEloss": 0.00036870234180241823, "X_Y_val_COS": 0.898891031742096, "X_Y_val_MSEloss": 0.00037483740015886724}}