{"train_samples": 1000, "test_samples": 200, "source_model": "google/flan-t5-base", "source_dim": 768, "target_dim": 512, "test_results": {"bleu": 7.65, "bleu1": 35.42, "bleu2": 9.97, "bleu3": 5.35, "bleu4": 3.94, "rougeL": 0.2647, "rouge1": 0.3164, "rouge2": 0.0952, "exact_match": 0.0}, "loss": {"X_Y_COS": 0.9783401489257812, "X_Y_MSEloss": 0.00013548517017625272, "X_Y_test_COS": 0.9347894787788391, "X_Y_test_MSEloss": 0.0003975325671490282, "X_Y_val_COS": 0.9354893565177917, "X_Y_val_MSEloss": 0.000405862316256389}}