{"train_samples": 5, "test_samples": 200, "source_model": "google/mt5-base", "source_dim": 768, "target_dim": 512, "test_results": {"bleu": 8.21, "bleu1": 22.0, "bleu2": 7.29, "bleu3": 6.21, "bleu4": 5.71, "rougeL": 0.1605, "rouge1": 0.1866, "rouge2": 0.0678, "exact_match": 0.0}, "loss": {"X_Y_COS": 1.0, "X_Y_MSEloss": 4.446271287111283e-16, "X_Y_test_COS": 0.8928895592689514, "X_Y_test_MSEloss": 0.0004087465931661427, "X_Y_val_COS": 0.8950722813606262, "X_Y_val_MSEloss": 0.00040274899220094085}}