{"train_samples": 100, "test_samples": 200, "source_model": "sentence-transformers/all-MiniLM-L6-v2", "source_dim": 384, "target_dim": 512, "test_results": {"bleu": 0.1, "bleu1": 9.49, "bleu2": 0.09, "bleu3": 0.02, "bleu4": 0.01, "rougeL": 0.0401, "rouge1": 0.0467, "rouge2": 0.0042, "exact_match": 0.0}, "loss": {"X_Y_COS": 1.0, "X_Y_MSEloss": 8.574823793724984e-13, "X_Y_test_COS": 0.8474953770637512, "X_Y_test_MSEloss": 0.0006074642878957093, "X_Y_val_COS": 0.835426926612854, "X_Y_val_MSEloss": 0.0006424572202377021}}