{"train_samples": 40, "test_samples": 200, "source_model": "sentence-transformers/all-MiniLM-L6-v2", "source_dim": 384, "target_dim": 512, "test_results": {"bleu": 0.24, "bleu1": 17.01, "bleu2": 1.17, "bleu3": 0.02, "bleu4": 0.01, "rougeL": 0.1326, "rouge1": 0.1515, "rouge2": 0.0122, "exact_match": 0.0}, "loss": {"X_Y_COS": 1.0, "X_Y_MSEloss": 5.27619660405077e-15, "X_Y_test_COS": 0.9181721210479736, "X_Y_test_MSEloss": 0.0003358485409989953, "X_Y_val_COS": 0.9216241240501404, "X_Y_val_MSEloss": 0.00032399813062511384}}