{"train_samples": 100, "test_samples": 200, "source_model": "google/mt5-base", "source_dim": 768, "target_dim": 512, "test_results": {"bleu": 0.12, "bleu1": 9.32, "bleu2": 0.13, "bleu3": 0.02, "bleu4": 0.01, "rougeL": 0.1961, "rouge1": 0.2625, "rouge2": 0.0231, "exact_match": 0.0}, "loss": {"X_Y_COS": 0.9999998211860657, "X_Y_MSEloss": 7.052204931135009e-10, "X_Y_test_COS": 0.8807734251022339, "X_Y_test_MSEloss": 0.00044351437827572227, "X_Y_val_COS": 0.8765382170677185, "X_Y_val_MSEloss": 0.00045473905629478395}}