{"train_samples": 3, "test_samples": 200, "source_model": "sentence-transformers/gtr-t5-base", "source_dim": 768, "target_dim": 512, "test_results": {"bleu": 0.13, "bleu1": 17.6, "bleu2": 0.28, "bleu3": 0.01, "bleu4": 0.01, "rougeL": 0.0925, "rouge1": 0.1118, "rouge2": 0.0019, "exact_match": 0.0}, "loss": {"X_Y_COS": 1.0, "X_Y_MSEloss": 3.331785569179069e-16, "X_Y_test_COS": 0.8450442552566528, "X_Y_test_MSEloss": 0.0011680133175104856, "X_Y_val_COS": 0.8451405167579651, "X_Y_val_MSEloss": 0.0011720169568434358}}