{"train_samples": 500, "test_samples": 200, "source_model": "google/flan-t5-base", "source_dim": 768, "target_dim": 512, "test_results": {"bleu": 0.59, "bleu1": 18.88, "bleu2": 1.24, "bleu3": 0.21, "bleu4": 0.1, "rougeL": 0.0679, "rouge1": 0.078, "rouge2": 0.0056, "exact_match": 0.0}, "loss": {"X_Y_COS": 0.9935163855552673, "X_Y_MSEloss": 6.578992906725034e-05, "X_Y_test_COS": 0.8828959465026855, "X_Y_test_MSEloss": 0.0011434972984716296, "X_Y_val_COS": 0.8905834555625916, "X_Y_val_MSEloss": 0.0010744413593783975}}