{"train_samples": 1000, "test_samples": 200, "source_model": "text-embedding-3-large", "source_dim": 3072, "target_dim": 512, "test_results": {"bleu": 0.25, "bleu1": 14.42, "bleu2": 0.69, "bleu3": 0.03, "bleu4": 0.02, "rougeL": 0.1115, "rouge1": 0.136, "rouge2": 0.0082, "exact_match": 0.0}, "loss": {"X_Y_COS": 0.9975425004959106, "X_Y_MSEloss": 9.873309863905888e-06, "X_Y_test_COS": 0.8846238255500793, "X_Y_test_MSEloss": 0.00045439350651577115, "X_Y_val_COS": 0.8809147477149963, "X_Y_val_MSEloss": 0.0004687592154368758}}