{"train_samples": 1000, "test_samples": 200, "source_model": "google/mt5-base", "source_dim": 768, "target_dim": 512, "test_results": {"bleu": 0.15, "bleu1": 10.1, "bleu2": 0.36, "bleu3": 0.02, "bleu4": 0.01, "rougeL": 0.069, "rouge1": 0.0766, "rouge2": 0.0034, "exact_match": 0.0}, "loss": {"X_Y_COS": 0.9059390425682068, "X_Y_MSEloss": 0.0004397595766931772, "X_Y_test_COS": 0.035159286111593246, "X_Y_test_MSEloss": 0.008098773658275604, "X_Y_val_COS": -0.05238722264766693, "X_Y_val_MSEloss": 0.00888905394822359}}