{"train_samples": 1000, "test_samples": 200, "source_model": "text-embedding-3-large", "source_dim": 3072, "target_dim": 512, "test_results": {"bleu": 0.24, "bleu1": 9.81, "bleu2": 0.34, "bleu3": 0.06, "bleu4": 0.02, "rougeL": 0.0629, "rouge1": 0.0715, "rouge2": 0.002, "exact_match": 0.0}, "loss": {"X_Y_COS": 1.0, "X_Y_MSEloss": 7.032312828846726e-14, "X_Y_test_COS": 0.08770198374986649, "X_Y_test_MSEloss": 0.0025170885492116213, "X_Y_val_COS": -0.05692940577864647, "X_Y_val_MSEloss": 0.003028987208381295}}