{"train_samples": 10, "test_samples": 200, "source_model": "sentence-transformers/gtr-t5-base", "source_dim": 768, "target_dim": 512, "test_results": {"bleu": 0.53, "bleu1": 19.21, "bleu2": 1.08, "bleu3": 0.16, "bleu4": 0.02, "rougeL": 0.1167, "rouge1": 0.1558, "rouge2": 0.0138, "exact_match": 0.0}, "loss": {"X_Y_COS": 1.0, "X_Y_MSEloss": 4.006784007263653e-16, "X_Y_test_COS": 0.881119966506958, "X_Y_test_MSEloss": 0.000613733718637377, "X_Y_val_COS": 0.8830256462097168, "X_Y_val_MSEloss": 0.0005967514007352293}}