{"train_samples": 30, "test_samples": 200, "source_model": "sentence-transformers/all-MiniLM-L6-v2", "source_dim": 384, "target_dim": 512, "test_results": {"bleu": 0.08, "bleu1": 11.11, "bleu2": 0.04, "bleu3": 0.02, "bleu4": 0.01, "rougeL": 0.0124, "rouge1": 0.0127, "rouge2": 0.0, "exact_match": 0.0}, "loss": {"X_Y_COS": 1.0, "X_Y_MSEloss": 3.643092094272535e-15, "X_Y_test_COS": 0.8738058805465698, "X_Y_test_MSEloss": 0.0008429414010606706, "X_Y_val_COS": 0.8633453845977783, "X_Y_val_MSEloss": 0.0009064903715625405}}