{"train_samples": 100, "test_samples": 200, "source_model": "random", "source_dim": 768, "target_dim": 512, "test_results": {"bleu": 0.43, "bleu1": 6.78, "bleu2": 0.39, "bleu3": 0.17, "bleu4": 0.11, "rougeL": 0.0319, "rouge1": 0.0372, "rouge2": 0.0012, "exact_match": 0.0}, "loss": {"X_Y_COS": 1.0, "X_Y_MSEloss": 3.7403585816716406e-15, "X_Y_test_COS": -0.05812861770391464, "X_Y_test_MSEloss": 0.0023314226418733597, "X_Y_val_COS": -0.018927719444036484, "X_Y_val_MSEloss": 0.002260414883494377}}