{"train_samples": 30, "test_samples": 200, "source_model": "google-t5/t5-base", "source_dim": 768, "target_dim": 512, "test_results": {"bleu": 0.04, "bleu1": 10.25, "bleu2": 0.01, "bleu3": 0.01, "bleu4": 0.0, "rougeL": 0.0033, "rouge1": 0.0033, "rouge2": 0.0, "exact_match": 0.0}, "loss": {"X_Y_COS": 0.9935473799705505, "X_Y_MSEloss": 2.470337858540006e-05, "X_Y_test_COS": 0.8681243658065796, "X_Y_test_MSEloss": 0.0004937841440550983, "X_Y_val_COS": 0.8735069632530212, "X_Y_val_MSEloss": 0.00047239355626516044}}