{"train_samples": 1000, "test_samples": 200, "source_model": "text-embedding-ada-002", "source_dim": 1536, "target_dim": 512, "test_results": {"bleu": 0.84, "bleu1": 15.98, "bleu2": 1.69, "bleu3": 0.27, "bleu4": 0.09, "rougeL": 0.121, "rouge1": 0.1349, "rouge2": 0.0133, "exact_match": 0.0}, "loss": {"X_Y_COS": 1.0, "X_Y_MSEloss": 3.723465546306981e-12, "X_Y_test_COS": 0.092626191675663, "X_Y_test_MSEloss": 0.0047653596848249435, "X_Y_val_COS": -0.11204284429550171, "X_Y_val_MSEloss": 0.005438433960080147}}