{"train_samples": 10, "test_samples": 200, "source_model": "google-t5/t5-base", "source_dim": 768, "target_dim": 512, "test_results": {"bleu": 0.17, "bleu1": 15.87, "bleu2": 0.55, "bleu3": 0.01, "bleu4": 0.01, "rougeL": 0.115, "rouge1": 0.1388, "rouge2": 0.0078, "exact_match": 0.0}, "loss": {"X_Y_COS": 1.0, "X_Y_MSEloss": 1.4060606105193905e-15, "X_Y_test_COS": 0.870716392993927, "X_Y_test_MSEloss": 0.0007910611457191408, "X_Y_val_COS": 0.8719931244850159, "X_Y_val_MSEloss": 0.0007690081256441772}}