{"train_samples": 1, "test_samples": 200, "source_model": "text-embedding-3-large", "source_dim": 3072, "target_dim": 512, "test_results": {"bleu": 0.22, "bleu1": 10.01, "bleu2": 0.25, "bleu3": 0.04, "bleu4": 0.02, "rougeL": 0.0944, "rouge1": 0.0981, "rouge2": 0.0032, "exact_match": 0.0}, "loss": {"X_Y_COS": 1.0000001192092896, "X_Y_MSEloss": 8.297811360499964e-17, "X_Y_test_COS": 0.7696184515953064, "X_Y_test_MSEloss": 0.0017313098069280386, "X_Y_val_COS": 0.7883276343345642, "X_Y_val_MSEloss": 0.0017331045819446445}}