{"train_samples": 5, "test_samples": 200, "source_model": "google-bert/bert-base-multilingual-cased", "source_dim": 768, "target_dim": 512, "test_results": {"bleu": 0.04, "bleu1": 7.83, "bleu2": 0.02, "bleu3": 0.01, "bleu4": 0.01, "rougeL": 0.0111, "rouge1": 0.0111, "rouge2": 0.0, "exact_match": 0.0}, "loss": {"X_Y_COS": 1.0, "X_Y_MSEloss": 1.9076110135962665e-10, "X_Y_test_COS": 0.86016845703125, "X_Y_test_MSEloss": 0.0011459870729595423, "X_Y_val_COS": 0.8574221730232239, "X_Y_val_MSEloss": 0.0011803326196968555}}