{"train_samples": 5, "test_samples": 200, "source_model": "google-bert/bert-base-multilingual-cased", "source_dim": 768, "target_dim": 512, "test_results": {"bleu": 0.03, "bleu1": 8.42, "bleu2": 0.03, "bleu3": 0.02, "bleu4": 0.01, "rougeL": 0.0082, "rouge1": 0.0082, "rouge2": 0.0, "exact_match": 0.0}, "loss": {"X_Y_COS": 1.0, "X_Y_MSEloss": 3.4082451157453468e-16, "X_Y_test_COS": 0.8685460686683655, "X_Y_test_MSEloss": 0.0004999750526621938, "X_Y_val_COS": 0.8671181797981262, "X_Y_val_MSEloss": 0.0004993768525309861}}