{"train_samples": 1000, "test_samples": 200, "source_model": "google/mt5-base", "source_dim": 768, "target_dim": 512, "test_results": {"bleu": 0.35, "bleu1": 19.78, "bleu2": 0.67, "bleu3": 0.08, "bleu4": 0.04, "rougeL": 0.1162, "rouge1": 0.1407, "rouge2": 0.0019, "exact_match": 0.0}, "loss": {"X_Y_COS": 0.9677349328994751, "X_Y_MSEloss": 0.00017318908066954464, "X_Y_test_COS": 0.9283825755119324, "X_Y_test_MSEloss": 0.0003888234496116638, "X_Y_val_COS": 0.9296514391899109, "X_Y_val_MSEloss": 0.0003724792622961104}}