{"train_samples": 5, "test_samples": 200, "source_model": "text-embedding-ada-002", "source_dim": 1536, "target_dim": 512, "test_results": {"bleu": 0.09, "bleu1": 9.07, "bleu2": 0.04, "bleu3": 0.02, "bleu4": 0.01, "rougeL": 0.0024, "rouge1": 0.0024, "rouge2": 0.0, "exact_match": 0.0}, "loss": {"X_Y_COS": 1.0000001192092896, "X_Y_MSEloss": 2.5600541685730314e-15, "X_Y_test_COS": 0.8838000893592834, "X_Y_test_MSEloss": 0.0004273860831744969, "X_Y_val_COS": 0.8825120329856873, "X_Y_val_MSEloss": 0.0004317536950111389}}