{"train_samples": 5, "test_samples": 200, "source_model": "intfloat/multilingual-e5-base", "source_dim": 768, "target_dim": 512, "test_results": {"bleu": 0.14, "bleu1": 15.47, "bleu2": 0.23, "bleu3": 0.01, "bleu4": 0.01, "rougeL": 0.0973, "rouge1": 0.1171, "rouge2": 0.0026, "exact_match": 0.0}, "loss": {"X_Y_COS": 1.0, "X_Y_MSEloss": 3.8876332060623707e-16, "X_Y_test_COS": 0.8976092338562012, "X_Y_test_MSEloss": 0.0003804657608270645, "X_Y_val_COS": 0.8961299061775208, "X_Y_val_MSEloss": 0.0003855856484733522}}