{"train_samples": 1000, "test_samples": 200, "source_model": "sentence-transformers/gtr-t5-base", "source_dim": 768, "target_dim": 512, "test_results": {"bleu": 5.88, "bleu1": 27.6, "bleu2": 6.47, "bleu3": 4.04, "bleu4": 3.41, "rougeL": 0.2088, "rouge1": 0.2572, "rouge2": 0.0634, "exact_match": 0.0}, "loss": {"X_Y_COS": 0.9755312204360962, "X_Y_MSEloss": 0.00015389824693556875, "X_Y_test_COS": 0.9128491878509521, "X_Y_test_MSEloss": 0.0005434550112113357, "X_Y_val_COS": 0.9149217009544373, "X_Y_val_MSEloss": 0.000541098415851593}}