{"train_samples": 20, "test_samples": 200, "source_model": "google-t5/t5-base", "source_dim": 768, "target_dim": 512, "test_results": {"bleu": 0.83, "bleu1": 17.17, "bleu2": 1.2, "bleu3": 0.27, "bleu4": 0.09, "rougeL": 0.1133, "rouge1": 0.1506, "rouge2": 0.0117, "exact_match": 0.0}, "loss": {"X_Y_COS": 1.0, "X_Y_MSEloss": 9.215754465027046e-16, "X_Y_test_COS": 0.9137703776359558, "X_Y_test_MSEloss": 0.00032472985913045704, "X_Y_val_COS": 0.9149424433708191, "X_Y_val_MSEloss": 0.0003215610922779888}}