{"train_samples": 20, "test_samples": 200, "source_model": "google/flan-t5-base", "source_dim": 768, "target_dim": 512, "test_results": {"bleu": 0.07, "bleu1": 10.89, "bleu2": 0.04, "bleu3": 0.02, "bleu4": 0.01, "rougeL": 0.01, "rouge1": 0.01, "rouge2": 0.0, "exact_match": 0.0}, "loss": {"X_Y_COS": 1.0, "X_Y_MSEloss": 2.2253991704968001e-10, "X_Y_test_COS": 0.9193530082702637, "X_Y_test_MSEloss": 0.0007341582677327096, "X_Y_val_COS": 0.9164190292358398, "X_Y_val_MSEloss": 0.0007892450666986406}}