{"train_samples": 20, "test_samples": 200, "source_model": "google/flan-t5-base", "source_dim": 768, "target_dim": 512, "test_results": {"bleu": 0.07, "bleu1": 11.29, "bleu2": 0.04, "bleu3": 0.02, "bleu4": 0.01, "rougeL": 0.0095, "rouge1": 0.0095, "rouge2": 0.0, "exact_match": 0.0}, "loss": {"X_Y_COS": 1.0, "X_Y_MSEloss": 7.609587297037392e-15, "X_Y_test_COS": 0.8955503106117249, "X_Y_test_MSEloss": 0.0006046114722266793, "X_Y_val_COS": 0.8926730155944824, "X_Y_val_MSEloss": 0.0006465375190600753}}