{"train_samples": 40, "test_samples": 200, "source_model": "text-embedding-ada-002", "source_dim": 1536, "target_dim": 512, "test_results": {"bleu": 0.44, "bleu1": 14.86, "bleu2": 0.62, "bleu3": 0.19, "bleu4": 0.1, "rougeL": 0.0628, "rouge1": 0.0683, "rouge2": 0.0037, "exact_match": 0.0}, "loss": {"X_Y_COS": 1.0, "X_Y_MSEloss": 5.61773223154826e-14, "X_Y_test_COS": 0.8902671337127686, "X_Y_test_MSEloss": 0.0004055199970025569, "X_Y_val_COS": 0.8933645486831665, "X_Y_val_MSEloss": 0.0003947555087506771}}