{"train_samples": 20, "test_samples": 200, "source_model": "text-embedding-ada-002", "source_dim": 1536, "target_dim": 512, "test_results": {"bleu": 0.4, "bleu1": 14.33, "bleu2": 0.49, "bleu3": 0.15, "bleu4": 0.1, "rougeL": 0.0611, "rouge1": 0.0682, "rouge2": 0.0033, "exact_match": 0.0}, "loss": {"X_Y_COS": 1.0, "X_Y_MSEloss": 7.715514696322173e-15, "X_Y_test_COS": 0.8867052793502808, "X_Y_test_MSEloss": 0.00041762960609048605, "X_Y_val_COS": 0.890478253364563, "X_Y_val_MSEloss": 0.0004045817768201232}}