{"train_samples": 10, "test_samples": 200, "source_model": "google-t5/t5-base", "source_dim": 768, "target_dim": 512, "test_results": {"bleu": 0.6, "bleu1": 22.34, "bleu2": 1.36, "bleu3": 0.15, "bleu4": 0.03, "rougeL": 0.1392, "rouge1": 0.1891, "rouge2": 0.0176, "exact_match": 0.0}, "loss": {"X_Y_COS": 1.0, "X_Y_MSEloss": 1.1014976323563716e-15, "X_Y_test_COS": 0.901799738407135, "X_Y_test_MSEloss": 0.00036567694041877985, "X_Y_val_COS": 0.9019885063171387, "X_Y_val_MSEloss": 0.00036453609936870635}}