{"train_samples": 50, "test_samples": 200, "source_model": "google/mt5-base", "source_dim": 768, "target_dim": 512, "test_results": {"bleu": 0.5, "bleu1": 16.39, "bleu2": 0.98, "bleu3": 0.19, "bleu4": 0.1, "rougeL": 0.0621, "rouge1": 0.0672, "rouge2": 0.0037, "exact_match": 0.0}, "loss": {"X_Y_COS": 1.0, "X_Y_MSEloss": 3.602542222869154e-11, "X_Y_test_COS": 0.8824952244758606, "X_Y_test_MSEloss": 0.0008080523111857474, "X_Y_val_COS": 0.8805526494979858, "X_Y_val_MSEloss": 0.0008113832445815206}}