{"train_samples": 1000, "test_samples": 200, "source_model": "sentence-transformers/gtr-t5-base", "source_dim": 768, "target_dim": 512, "test_results": {"bleu": 0.19, "bleu1": 19.41, "bleu2": 0.72, "bleu3": 0.02, "bleu4": 0.01, "rougeL": 0.1166, "rouge1": 0.1542, "rouge2": 0.0109, "exact_match": 0.0}, "loss": {"X_Y_COS": 0.9631563425064087, "X_Y_MSEloss": 0.0001420996559318155, "X_Y_test_COS": 0.8684737682342529, "X_Y_test_MSEloss": 0.0005092213395982981, "X_Y_val_COS": 0.8663579225540161, "X_Y_val_MSEloss": 0.0005186752532608807}}