{"train_samples": 3, "test_samples": 200, "source_model": "intfloat/multilingual-e5-base", "source_dim": 768, "target_dim": 512, "test_results": {"bleu": 0.31, "bleu1": 19.36, "bleu2": 0.95, "bleu3": 0.05, "bleu4": 0.01, "rougeL": 0.1104, "rouge1": 0.1245, "rouge2": 0.006, "exact_match": 0.0}, "loss": {"X_Y_COS": 1.0, "X_Y_MSEloss": 4.172661645698015e-16, "X_Y_test_COS": 0.7884570956230164, "X_Y_test_MSEloss": 0.0007394268759526312, "X_Y_val_COS": 0.8004113435745239, "X_Y_val_MSEloss": 0.0007025085506029427}}