{"train_samples": 1000, "test_samples": 200, "source_model": "text-embedding-ada-002", "source_dim": 1536, "target_dim": 512, "test_results": {"bleu": 0.22, "bleu1": 9.77, "bleu2": 0.21, "bleu3": 0.06, "bleu4": 0.02, "rougeL": 0.0588, "rouge1": 0.0681, "rouge2": 0.0009, "exact_match": 0.0}, "loss": {"X_Y_COS": 1.0, "X_Y_MSEloss": 3.3338865522425376e-12, "X_Y_test_COS": 0.021002385765314102, "X_Y_test_MSEloss": 0.0056176744401454926, "X_Y_val_COS": 0.026314757764339447, "X_Y_val_MSEloss": 0.005320205353200436}}