{"train_samples": 50, "test_samples": 200, "source_model": "text-embedding-3-large", "source_dim": 3072, "target_dim": 512, "test_results": {"bleu": 0.09, "bleu1": 11.47, "bleu2": 0.18, "bleu3": 0.02, "bleu4": 0.01, "rougeL": 0.0436, "rouge1": 0.0461, "rouge2": 0.0011, "exact_match": 0.0}, "loss": {"X_Y_COS": 1.0, "X_Y_MSEloss": 2.7361561367317266e-12, "X_Y_test_COS": 0.8888024687767029, "X_Y_test_MSEloss": 0.0012409526389092207, "X_Y_val_COS": 0.8897249698638916, "X_Y_val_MSEloss": 0.0012619453482329845}}