{"train_samples": 1000, "test_samples": 200, "source_model": "google/mt5-base", "source_dim": 768, "target_dim": 512, "test_results": {"bleu": 1.23, "bleu1": 9.31, "bleu2": 1.04, "bleu3": 0.66, "bleu4": 0.37, "rougeL": 0.0489, "rouge1": 0.0528, "rouge2": 0.001, "exact_match": 0.0}, "loss": {"X_Y_COS": 0.8999689817428589, "X_Y_MSEloss": 0.00046380882849916816, "X_Y_test_COS": 0.0619753934442997, "X_Y_test_MSEloss": 0.009087677113711834, "X_Y_val_COS": -0.04719012230634689, "X_Y_val_MSEloss": 0.010428492911159992}}