{"train_samples": 30, "test_samples": 200, "source_model": "intfloat/multilingual-e5-base", "source_dim": 768, "target_dim": 512, "test_results": {"bleu": 0.46, "bleu1": 15.31, "bleu2": 1.0, "bleu3": 0.18, "bleu4": 0.06, "rougeL": 0.0702, "rouge1": 0.0842, "rouge2": 0.0074, "exact_match": 0.0}, "loss": {"X_Y_COS": 1.0, "X_Y_MSEloss": 3.235723321226569e-13, "X_Y_test_COS": 0.8676550388336182, "X_Y_test_MSEloss": 0.00048128043999895453, "X_Y_val_COS": 0.8568011522293091, "X_Y_val_MSEloss": 0.000518255983479321}}