{"train_samples": 50, "test_samples": 200, "source_model": "text-embedding-ada-002", "source_dim": 1536, "target_dim": 512, "test_results": {"bleu": 0.17, "bleu1": 18.34, "bleu2": 0.43, "bleu3": 0.02, "bleu4": 0.01, "rougeL": 0.11, "rouge1": 0.1527, "rouge2": 0.0078, "exact_match": 0.0}, "loss": {"X_Y_COS": 1.0, "X_Y_MSEloss": 2.4787405201315282e-12, "X_Y_test_COS": 0.8884989619255066, "X_Y_test_MSEloss": 0.0004121029342059046, "X_Y_val_COS": 0.8887882232666016, "X_Y_val_MSEloss": 0.00041125761345028877}}