{"train_samples": 30, "test_samples": 200, "source_model": "text-embedding-3-large", "source_dim": 3072, "target_dim": 512, "test_results": {"bleu": 0.22, "bleu1": 13.61, "bleu2": 0.42, "bleu3": 0.03, "bleu4": 0.02, "rougeL": 0.061, "rouge1": 0.0723, "rouge2": 0.0066, "exact_match": 0.0}, "loss": {"X_Y_COS": 1.0, "X_Y_MSEloss": 5.53207488126269e-16, "X_Y_test_COS": 0.8793370127677917, "X_Y_test_MSEloss": 0.00046626260154880583, "X_Y_val_COS": 0.8723194003105164, "X_Y_val_MSEloss": 0.000484034011606127}}