{"train_samples": 1, "test_samples": 200, "source_model": "text-embedding-3-large", "source_dim": 3072, "target_dim": 512, "test_results": {"bleu": 0.03, "bleu1": 1.4, "bleu2": 0.01, "bleu3": 0.01, "bleu4": 0.0, "rougeL": 0.0069, "rouge1": 0.0069, "rouge2": 0.0, "exact_match": 0.0}, "loss": {"X_Y_COS": 1.0, "X_Y_MSEloss": 1.1882032600295516e-17, "X_Y_test_COS": 0.7767817378044128, "X_Y_test_MSEloss": 0.0028849125374108553, "X_Y_val_COS": 0.7797279357910156, "X_Y_val_MSEloss": 0.0028214231133461}}