{"train_samples": 20, "test_samples": 200, "source_model": "text-embedding-3-large", "source_dim": 3072, "target_dim": 512, "test_results": {"bleu": 0.69, "bleu1": 21.82, "bleu2": 1.3, "bleu3": 0.15, "bleu4": 0.05, "rougeL": 0.1447, "rouge1": 0.1884, "rouge2": 0.0166, "exact_match": 0.0}, "loss": {"X_Y_COS": 1.0, "X_Y_MSEloss": 2.5337092733914953e-16, "X_Y_test_COS": 0.9046866297721863, "X_Y_test_MSEloss": 0.00042018285603262484, "X_Y_val_COS": 0.9036634564399719, "X_Y_val_MSEloss": 0.0004150121530983597}}