{"train_samples": 100, "test_samples": 200, "source_model": "google-bert/bert-base-multilingual-cased", "source_dim": 768, "target_dim": 512, "test_results": {"bleu": 0.09, "bleu1": 9.24, "bleu2": 0.08, "bleu3": 0.02, "bleu4": 0.01, "rougeL": 0.0749, "rouge1": 0.0844, "rouge2": 0.0026, "exact_match": 0.0}, "loss": {"X_Y_COS": 0.9999998211860657, "X_Y_MSEloss": 8.406723650544734e-10, "X_Y_test_COS": 0.7613109350204468, "X_Y_test_MSEloss": 0.0008851997554302216, "X_Y_val_COS": 0.7645548582077026, "X_Y_val_MSEloss": 0.0008801990770734847}}