{"train_samples": 100, "test_samples": 200, "source_model": "google-t5/t5-base", "source_dim": 768, "target_dim": 512, "test_results": {"bleu": 2.79, "bleu1": 25.71, "bleu2": 3.79, "bleu3": 1.12, "bleu4": 0.6, "rougeL": 0.18, "rouge1": 0.2467, "rouge2": 0.044, "exact_match": 0.0}, "loss": {"X_Y_COS": 0.9999098777770996, "X_Y_MSEloss": 3.529195851115219e-07, "X_Y_test_COS": 0.8905442357063293, "X_Y_test_MSEloss": 0.00040651217568665743, "X_Y_val_COS": 0.8858022689819336, "X_Y_val_MSEloss": 0.0004228001635055989}}