{"train_samples": 3, "test_samples": 200, "source_model": "google/mt5-base", "source_dim": 768, "target_dim": 512, "test_results": {"bleu": 0.12, "bleu1": 9.6, "bleu2": 0.24, "bleu3": 0.02, "bleu4": 0.01, "rougeL": 0.0434, "rouge1": 0.0468, "rouge2": 0.0025, "exact_match": 0.0}, "loss": {"X_Y_COS": 1.0, "X_Y_MSEloss": 1.6694304706333014e-15, "X_Y_test_COS": 0.852097749710083, "X_Y_test_MSEloss": 0.0009810507763177156, "X_Y_val_COS": 0.8462919592857361, "X_Y_val_MSEloss": 0.0010569673031568527}}