{"train_samples": 500, "test_samples": 200, "source_model": "google-t5/t5-base", "source_dim": 768, "target_dim": 512, "test_results": {"bleu": 0.36, "bleu1": 16.89, "bleu2": 0.87, "bleu3": 0.1, "bleu4": 0.02, "rougeL": 0.1157, "rouge1": 0.1375, "rouge2": 0.0072, "exact_match": 0.0}, "loss": {"X_Y_COS": 0.9879714250564575, "X_Y_MSEloss": 7.433281280100346e-05, "X_Y_test_COS": 0.8992435336112976, "X_Y_test_MSEloss": 0.0006351948250085115, "X_Y_val_COS": 0.9017024040222168, "X_Y_val_MSEloss": 0.000621819228399545}}