{"train_samples": 1000, "test_samples": 200, "source_model": "sentence-transformers/gtr-t5-base", "source_dim": 768, "target_dim": 512, "test_results": {"bleu": 26.1, "bleu1": 42.78, "bleu2": 26.15, "bleu3": 22.42, "bleu4": 20.43, "rougeL": 0.3788, "rouge1": 0.4228, "rouge2": 0.2677, "exact_match": 0.0}, "loss": {"X_Y_COS": 0.9843918085098267, "X_Y_MSEloss": 6.18844642303884e-05, "X_Y_test_COS": 0.8939582109451294, "X_Y_test_MSEloss": 0.00043496055877767503, "X_Y_val_COS": 0.886063814163208, "X_Y_val_MSEloss": 0.00046774401562288404, "reg_lambda": 0.01}}