{"train_samples": 50, "test_samples": 200, "source_model": "sentence-transformers/gtr-t5-base", "source_dim": 768, "target_dim": 512, "test_results": {"bleu": 0.04, "bleu1": 8.87, "bleu2": 0.02, "bleu3": 0.01, "bleu4": 0.01, "rougeL": 0.0172, "rouge1": 0.0178, "rouge2": 0.0, "exact_match": 0.0}, "loss": {"X_Y_COS": 1.0, "X_Y_MSEloss": 9.208012824446499e-11, "X_Y_test_COS": 0.8665549755096436, "X_Y_test_MSEloss": 0.0011033721966668963, "X_Y_val_COS": 0.8603745102882385, "X_Y_val_MSEloss": 0.0011701585026457906}}