{"train_samples": 50, "test_samples": 200, "source_model": "sentence-transformers/gtr-t5-base", "source_dim": 768, "target_dim": 512, "test_results": {"bleu": 0.04, "bleu1": 8.85, "bleu2": 0.02, "bleu3": 0.01, "bleu4": 0.01, "rougeL": 0.0143, "rouge1": 0.0149, "rouge2": 0.0007, "exact_match": 0.0}, "loss": {"X_Y_COS": 1.0, "X_Y_MSEloss": 4.501158153884591e-14, "X_Y_test_COS": 0.8733782172203064, "X_Y_test_MSEloss": 0.0004705966275651008, "X_Y_val_COS": 0.8698647618293762, "X_Y_val_MSEloss": 0.0004825968644581735}}