{"train_samples": 40, "test_samples": 200, "source_model": "sentence-transformers/gtr-t5-base", "source_dim": 768, "target_dim": 512, "test_results": {"bleu": 0.37, "bleu1": 20.39, "bleu2": 1.19, "bleu3": 0.07, "bleu4": 0.01, "rougeL": 0.1201, "rouge1": 0.1693, "rouge2": 0.016, "exact_match": 0.0}, "loss": {"X_Y_COS": 1.0, "X_Y_MSEloss": 7.527025407481739e-16, "X_Y_test_COS": 0.8893493413925171, "X_Y_test_MSEloss": 0.00042849595774896443, "X_Y_val_COS": 0.8877468705177307, "X_Y_val_MSEloss": 0.00043328350875526667}}