{"train_samples": 1000, "test_samples": 200, "source_model": "google-t5/t5-base", "source_dim": 768, "target_dim": 512, "test_results": {"bleu": 0.14, "bleu1": 14.83, "bleu2": 0.2, "bleu3": 0.02, "bleu4": 0.01, "rougeL": 0.0638, "rouge1": 0.0712, "rouge2": 0.002, "exact_match": 0.0}, "loss": {"X_Y_COS": 0.9672113060951233, "X_Y_MSEloss": 0.00025004681083373725, "X_Y_test_COS": 0.9055131077766418, "X_Y_test_MSEloss": 0.0007211971096694469, "X_Y_val_COS": 0.9055991172790527, "X_Y_val_MSEloss": 0.0007379859453067183}}