{"train_samples": 5, "test_samples": 200, "source_model": "google-t5/t5-base", "source_dim": 768, "target_dim": 512, "test_results": {"bleu": 0.16, "bleu1": 17.05, "bleu2": 0.72, "bleu3": 0.01, "bleu4": 0.01, "rougeL": 0.1125, "rouge1": 0.1407, "rouge2": 0.0065, "exact_match": 0.0}, "loss": {"X_Y_COS": 1.0, "X_Y_MSEloss": 4.278552410807827e-16, "X_Y_test_COS": 0.8625530004501343, "X_Y_test_MSEloss": 0.0005279685719870031, "X_Y_val_COS": 0.8633388876914978, "X_Y_val_MSEloss": 0.0005211217794567347}}