{"train_samples": 500, "test_samples": 200, "source_model": "intfloat/multilingual-e5-base", "source_dim": 768, "target_dim": 512, "test_results": {"bleu": 0.16, "bleu1": 13.28, "bleu2": 0.53, "bleu3": 0.02, "bleu4": 0.01, "rougeL": 0.101, "rouge1": 0.128, "rouge2": 0.0082, "exact_match": 0.0}, "loss": {"X_Y_COS": 0.9761736989021301, "X_Y_MSEloss": 9.305437561124563e-05, "X_Y_test_COS": 0.8845452666282654, "X_Y_test_MSEloss": 0.00044819622416980565, "X_Y_val_COS": 0.8890294432640076, "X_Y_val_MSEloss": 0.0004296592087484896}}