{"train_samples": 10, "test_samples": 200, "source_model": "google-t5/t5-base", "source_dim": 768, "target_dim": 512, "test_results": {"bleu": 0.36, "bleu1": 22.07, "bleu2": 1.43, "bleu3": 0.05, "bleu4": 0.01, "rougeL": 0.1232, "rouge1": 0.1609, "rouge2": 0.013, "exact_match": 0.0}, "loss": {"X_Y_COS": 1.0, "X_Y_MSEloss": 4.979108479889033e-16, "X_Y_test_COS": 0.8442755937576294, "X_Y_test_MSEloss": 0.0005668690428137779, "X_Y_val_COS": 0.8435171842575073, "X_Y_val_MSEloss": 0.0005670173559337854}}