{"epoch": 5, "dev_acc": 58.5, "test_acc": 56.99999999999999, "test_f1": 56.86, "test_roc": 74.57000000000001}