{"train_samples": 20, "test_samples": 200, "source_model": "google-bert/bert-base-multilingual-cased", "source_dim": 768, "target_dim": 512, "test_results": {"bleu": 0.33, "bleu1": 17.25, "bleu2": 0.63, "bleu3": 0.1, "bleu4": 0.03, "rougeL": 0.1101, "rouge1": 0.1303, "rouge2": 0.0068, "exact_match": 0.0}, "loss": {"X_Y_COS": 1.0, "X_Y_MSEloss": 4.088858005841687e-15, "X_Y_test_COS": 0.9124088883399963, "X_Y_test_MSEloss": 0.0005414169281721115, "X_Y_val_COS": 0.91568523645401, "X_Y_val_MSEloss": 0.0005402188980951905}}