{"train_samples": 40, "test_samples": 200, "source_model": "google/flan-t5-base", "source_dim": 768, "target_dim": 512, "test_results": {"bleu": 0.69, "bleu1": 17.13, "bleu2": 1.56, "bleu3": 0.18, "bleu4": 0.12, "rougeL": 0.0827, "rouge1": 0.0945, "rouge2": 0.009, "exact_match": 0.0}, "loss": {"X_Y_COS": 1.0, "X_Y_MSEloss": 2.5244100904163284e-14, "X_Y_test_COS": 0.8476718068122864, "X_Y_test_MSEloss": 0.0005539068952202797, "X_Y_val_COS": 0.855789303779602, "X_Y_val_MSEloss": 0.0005274812574498355}}