{"train_samples": 1000, "test_samples": 200, "source_model": "google-bert/bert-base-multilingual-cased", "source_dim": 768, "target_dim": 512, "test_results": {"bleu": 0.2, "bleu1": 21.34, "bleu2": 1.04, "bleu3": 0.02, "bleu4": 0.01, "rougeL": 0.1195, "rouge1": 0.1579, "rouge2": 0.0088, "exact_match": 0.0}, "loss": {"X_Y_COS": 0.9562573432922363, "X_Y_MSEloss": 0.00016808451618999243, "X_Y_test_COS": 0.8908618092536926, "X_Y_test_MSEloss": 0.0004154156194999814, "X_Y_val_COS": 0.8901708722114563, "X_Y_val_MSEloss": 0.00041771886753849685}}