{"train_samples": 3, "test_samples": 200, "source_model": "text-embedding-3-large", "source_dim": 3072, "target_dim": 512, "test_results": {"bleu": 0.15, "bleu1": 13.69, "bleu2": 0.2, "bleu3": 0.02, "bleu4": 0.01, "rougeL": 0.0889, "rouge1": 0.0974, "rouge2": 0.0016, "exact_match": 0.0}, "loss": {"X_Y_COS": 0.9999998211860657, "X_Y_MSEloss": 7.656934744723013e-15, "X_Y_test_COS": 0.9183918237686157, "X_Y_test_MSEloss": 0.0016793559771031141, "X_Y_val_COS": 0.9186832904815674, "X_Y_val_MSEloss": 0.0016927281394600868}}