{"train_samples": 1, "test_samples": 200, "source_model": "text-embedding-3-large", "source_dim": 3072, "target_dim": 512, "test_results": {"bleu": 0.08, "bleu1": 41.25, "bleu2": 1.87, "bleu3": 0.12, "bleu4": 0.08, "rougeL": 0.1256, "rouge1": 0.1481, "rouge2": 0.0079, "exact_match": 0.0}, "loss": {"X_Y_COS": 1.0000001192092896, "X_Y_MSEloss": 7.585888771011095e-17, "X_Y_test_COS": 0.7401847839355469, "X_Y_test_MSEloss": 0.0015663760714232922, "X_Y_val_COS": 0.749316394329071, "X_Y_val_MSEloss": 0.0015544587513431907}}