{"train_samples": 10, "test_samples": 200, "source_model": "text-embedding-ada-002", "source_dim": 1536, "target_dim": 512, "test_results": {"bleu": 0.65, "bleu1": 18.78, "bleu2": 0.98, "bleu3": 0.16, "bleu4": 0.07, "rougeL": 0.1116, "rouge1": 0.1445, "rouge2": 0.0091, "exact_match": 0.0}, "loss": {"X_Y_COS": 1.0, "X_Y_MSEloss": 2.2613909356206108e-10, "X_Y_test_COS": 0.873060941696167, "X_Y_test_MSEloss": 0.0009503988549113274, "X_Y_val_COS": 0.8780569434165955, "X_Y_val_MSEloss": 0.0009068585932254791}}