{"train_samples": 10, "test_samples": 200, "source_model": "google/flan-t5-base", "source_dim": 768, "target_dim": 512, "test_results": {"bleu": 0.36, "bleu1": 8.57, "bleu2": 0.15, "bleu3": 0.13, "bleu4": 0.1, "rougeL": 0.0018, "rouge1": 0.0018, "rouge2": 0.0, "exact_match": 0.0}, "loss": {"X_Y_COS": 1.0, "X_Y_MSEloss": 1.3410691489051073e-15, "X_Y_test_COS": 0.8658623099327087, "X_Y_test_MSEloss": 0.0004986075800843537, "X_Y_val_COS": 0.8661350011825562, "X_Y_val_MSEloss": 0.000499260553624481}}