{"train_samples": 50, "test_samples": 200, "source_model": "google/mt5-base", "source_dim": 768, "target_dim": 512, "test_results": {"bleu": 2.45, "bleu1": 23.24, "bleu2": 2.93, "bleu3": 0.98, "bleu4": 0.54, "rougeL": 0.1639, "rouge1": 0.2242, "rouge2": 0.0335, "exact_match": 0.0}, "loss": {"X_Y_COS": 1.0, "X_Y_MSEloss": 1.8134124410429386e-11, "X_Y_test_COS": 0.8609043955802917, "X_Y_test_MSEloss": 0.0005083449650555849, "X_Y_val_COS": 0.8608096241950989, "X_Y_val_MSEloss": 0.0005097305402159691}}