{"train_samples": 3, "test_samples": 200, "source_model": "google/mt5-base", "source_dim": 768, "target_dim": 512, "test_results": {"bleu": 0.07, "bleu1": 8.92, "bleu2": 0.03, "bleu3": 0.02, "bleu4": 0.01, "rougeL": 0.1908, "rouge1": 0.2523, "rouge2": 0.0107, "exact_match": 0.0}, "loss": {"X_Y_COS": 1.0, "X_Y_MSEloss": 3.998451320645039e-16, "X_Y_test_COS": 0.8578412532806396, "X_Y_test_MSEloss": 0.0005231581162661314, "X_Y_val_COS": 0.854419469833374, "X_Y_val_MSEloss": 0.0005268812528811395}}