{"train_samples": 300, "test_samples": 200, "source_model": "google/mt5-base", "source_dim": 768, "target_dim": 512, "test_results": {"bleu": 19.52, "bleu1": 36.79, "bleu2": 18.96, "bleu3": 16.33, "bleu4": 15.07, "rougeL": 0.3044, "rouge1": 0.346, "rouge2": 0.1916, "exact_match": 0.0}, "loss": {"X_Y_COS": 0.9489374160766602, "X_Y_MSEloss": 0.00019940899801440537, "X_Y_test_COS": 0.929314374923706, "X_Y_test_MSEloss": 0.00026779266772791743, "X_Y_val_COS": 0.9329995512962341, "X_Y_val_MSEloss": 0.0002559511340223253, "reg_lambda": 1}}