{"train_samples": 30, "test_samples": 200, "source_model": "text-embedding-ada-002", "source_dim": 1536, "target_dim": 512, "test_results": {"bleu": 0.22, "bleu1": 19.53, "bleu2": 0.97, "bleu3": 0.03, "bleu4": 0.01, "rougeL": 0.0974, "rouge1": 0.1115, "rouge2": 0.0064, "exact_match": 0.0}, "loss": {"X_Y_COS": 1.0, "X_Y_MSEloss": 7.455288556640349e-14, "X_Y_test_COS": 0.9009336829185486, "X_Y_test_MSEloss": 0.00036759383510798216, "X_Y_val_COS": 0.9041133522987366, "X_Y_val_MSEloss": 0.000357029348379001}}