{"train_samples": 1000, "test_samples": 200, "source_model": "text-embedding-ada-002", "source_dim": 1536, "target_dim": 512, "test_results": {"bleu": 1.5, "bleu1": 23.64, "bleu2": 2.42, "bleu3": 0.59, "bleu4": 0.16, "rougeL": 0.1572, "rouge1": 0.2145, "rouge2": 0.0288, "exact_match": 0.0}, "loss": {"X_Y_COS": 0.9715221524238586, "X_Y_MSEloss": 0.00010992353054462001, "X_Y_test_COS": 0.9359402060508728, "X_Y_test_MSEloss": 0.00024409960315097123, "X_Y_val_COS": 0.9334266185760498, "X_Y_val_MSEloss": 0.0002531724458094686}}