{"train_samples": 10, "test_samples": 200, "source_model": "google/flan-t5-base", "source_dim": 768, "target_dim": 512, "test_results": {"bleu": 0.19, "bleu1": 12.86, "bleu2": 0.6, "bleu3": 0.02, "bleu4": 0.01, "rougeL": 0.1054, "rouge1": 0.1181, "rouge2": 0.0066, "exact_match": 0.0}, "loss": {"X_Y_COS": 1.0, "X_Y_MSEloss": 5.050519180694083e-16, "X_Y_test_COS": 0.8971571326255798, "X_Y_test_MSEloss": 0.0003890158550348133, "X_Y_val_COS": 0.8969424366950989, "X_Y_val_MSEloss": 0.00038946440326981246}}