{"train_samples": 5, "test_samples": 200, "source_model": "google/flan-t5-base", "source_dim": 768, "target_dim": 512, "test_results": {"bleu": 0.17, "bleu1": 16.4, "bleu2": 0.65, "bleu3": 0.01, "bleu4": 0.01, "rougeL": 0.1077, "rouge1": 0.148, "rouge2": 0.0065, "exact_match": 0.0}, "loss": {"X_Y_COS": 1.0, "X_Y_MSEloss": 4.599560957158262e-16, "X_Y_test_COS": 0.8625777363777161, "X_Y_test_MSEloss": 0.000527215248439461, "X_Y_val_COS": 0.8646218776702881, "X_Y_val_MSEloss": 0.000520236324518919}}