{"train_samples": 500, "test_samples": 200, "source_model": "text-embedding-ada-002", "source_dim": 1536, "target_dim": 512, "test_results": {"bleu": 0.07, "bleu1": 8.57, "bleu2": 0.04, "bleu3": 0.02, "bleu4": 0.01, "rougeL": 0.0093, "rouge1": 0.0093, "rouge2": 0.0, "exact_match": 0.0}, "loss": {"X_Y_COS": 0.9794922471046448, "X_Y_MSEloss": 0.00018340416136197746, "X_Y_test_COS": 0.8604981899261475, "X_Y_test_MSEloss": 0.0012755319476127625, "X_Y_val_COS": 0.8596463799476624, "X_Y_val_MSEloss": 0.0013127006823197007}}