{"train_samples": 3, "test_samples": 200, "source_model": "intfloat/multilingual-e5-base", "source_dim": 768, "target_dim": 512, "test_results": {"bleu": 0.16, "bleu1": 18.64, "bleu2": 0.56, "bleu3": 0.01, "bleu4": 0.01, "rougeL": 0.0905, "rouge1": 0.1069, "rouge2": 0.002, "exact_match": 0.0}, "loss": {"X_Y_COS": 1.0, "X_Y_MSEloss": 3.556910250598113e-16, "X_Y_test_COS": 0.7962848544120789, "X_Y_test_MSEloss": 0.0007165569113567472, "X_Y_val_COS": 0.797808825969696, "X_Y_val_MSEloss": 0.0007108074496500194}}