{"train_samples": 1000, "test_samples": 200, "source_model": "google/mt5-base", "source_dim": 768, "target_dim": 512, "test_results": {"bleu": 0.19, "bleu1": 9.73, "bleu2": 0.26, "bleu3": 0.03, "bleu4": 0.02, "rougeL": 0.1007, "rouge1": 0.1181, "rouge2": 0.0017, "exact_match": 0.0}, "loss": {"X_Y_COS": 0.9669938683509827, "X_Y_MSEloss": 0.0001277877890970558, "X_Y_test_COS": 0.9297417998313904, "X_Y_test_MSEloss": 0.0002694276627153158, "X_Y_val_COS": 0.9265641570091248, "X_Y_val_MSEloss": 0.0002818734501488507}}