{"train_samples": 100, "test_samples": 200, "source_model": "text-embedding-3-large", "source_dim": 3072, "target_dim": 512, "test_results": {"bleu": 0.25, "bleu1": 18.21, "bleu2": 0.58, "bleu3": 0.03, "bleu4": 0.02, "rougeL": 0.1135, "rouge1": 0.1537, "rouge2": 0.0074, "exact_match": 0.0}, "loss": {"X_Y_COS": 1.0, "X_Y_MSEloss": 8.35348805373285e-15, "X_Y_test_COS": 0.8885465860366821, "X_Y_test_MSEloss": 0.0004246779717504978, "X_Y_val_COS": 0.8910191059112549, "X_Y_val_MSEloss": 0.000414294219808653}}