{"train_samples": 3, "test_samples": 200, "source_model": "google-t5/t5-base", "source_dim": 768, "target_dim": 512, "test_results": {"bleu": 0.12, "bleu1": 17.74, "bleu2": 0.17, "bleu3": 0.02, "bleu4": 0.01, "rougeL": 0.0733, "rouge1": 0.0845, "rouge2": 0.0014, "exact_match": 0.0}, "loss": {"X_Y_COS": 1.0, "X_Y_MSEloss": 1.776071928416556e-10, "X_Y_test_COS": 0.9125778079032898, "X_Y_test_MSEloss": 0.0006690065492875874, "X_Y_val_COS": 0.9117118120193481, "X_Y_val_MSEloss": 0.0006523438496515155}}