{"train_samples": 3, "test_samples": 200, "source_model": "text-embedding-ada-002", "source_dim": 1536, "target_dim": 512, "test_results": {"bleu": 0.38, "bleu1": 20.81, "bleu2": 0.74, "bleu3": 0.05, "bleu4": 0.03, "rougeL": 0.139, "rouge1": 0.1841, "rouge2": 0.0077, "exact_match": 0.0}, "loss": {"X_Y_COS": 1.0, "X_Y_MSEloss": 5.924004437495543e-16, "X_Y_test_COS": 0.8835307955741882, "X_Y_test_MSEloss": 0.0004309306968934834, "X_Y_val_COS": 0.8849623203277588, "X_Y_val_MSEloss": 0.0004261318827047944}}