{"train_samples": 50, "test_samples": 200, "source_model": "sentence-transformers/gtr-t5-base", "source_dim": 768, "target_dim": 512, "test_results": {"bleu": 0.13, "bleu1": 14.96, "bleu2": 0.28, "bleu3": 0.01, "bleu4": 0.01, "rougeL": 0.069, "rouge1": 0.0766, "rouge2": 0.0029, "exact_match": 0.0}, "loss": {"X_Y_COS": 1.0, "X_Y_MSEloss": 5.1029184811078945e-14, "X_Y_test_COS": 0.875, "X_Y_test_MSEloss": 0.0004620288673322648, "X_Y_val_COS": 0.8702608942985535, "X_Y_val_MSEloss": 0.0004785135970450938}}