{"train_samples": 3, "test_samples": 200, "source_model": "google-bert/bert-base-multilingual-cased", "source_dim": 768, "target_dim": 512, "test_results": {"bleu": 0.46, "bleu1": 15.01, "bleu2": 0.96, "bleu3": 0.14, "bleu4": 0.06, "rougeL": 0.0727, "rouge1": 0.0816, "rouge2": 0.0078, "exact_match": 0.0}, "loss": {"X_Y_COS": 1.0, "X_Y_MSEloss": 6.307813594742188e-16, "X_Y_test_COS": 0.8774431943893433, "X_Y_test_MSEloss": 0.0009220307692885399, "X_Y_val_COS": 0.8759905695915222, "X_Y_val_MSEloss": 0.0009117066510953009}}