{"train_samples": 500, "test_samples": 200, "source_model": "google-bert/bert-base-multilingual-cased", "source_dim": 768, "target_dim": 512, "test_results": {"bleu": 0.48, "bleu1": 17.58, "bleu2": 0.88, "bleu3": 0.16, "bleu4": 0.1, "rougeL": 0.0444, "rouge1": 0.0506, "rouge2": 0.0032, "exact_match": 0.0}, "loss": {"X_Y_COS": 0.9755416512489319, "X_Y_MSEloss": 9.539893653709441e-05, "X_Y_test_COS": 0.8496781587600708, "X_Y_test_MSEloss": 0.0005854402552358806, "X_Y_val_COS": 0.8512953519821167, "X_Y_val_MSEloss": 0.0005792154697701335}}