{"train_samples": 10, "test_samples": 200, "source_model": "google/mt5-base", "source_dim": 768, "target_dim": 512, "test_results": {"bleu": 9.8, "bleu1": 23.77, "bleu2": 8.5, "bleu3": 7.04, "bleu4": 6.49, "rougeL": 0.1845, "rouge1": 0.2153, "rouge2": 0.0859, "exact_match": 0.0}, "loss": {"X_Y_COS": 0.9999017119407654, "X_Y_MSEloss": 4.787584657606203e-07, "X_Y_test_COS": 0.8994266390800476, "X_Y_test_MSEloss": 0.00037715811049565673, "X_Y_val_COS": 0.9060648679733276, "X_Y_val_MSEloss": 0.00035726933856494725, "reg_lambda": 0.01}}