{"train_samples": 5, "test_samples": 200, "source_model": "sentence-transformers/gtr-t5-base", "source_dim": 768, "target_dim": 512, "test_results": {"bleu": 0.13, "bleu1": 14.05, "bleu2": 0.33, "bleu3": 0.01, "bleu4": 0.01, "rougeL": 0.0423, "rouge1": 0.05, "rouge2": 0.0013, "exact_match": 0.0}, "loss": {"X_Y_COS": 1.0, "X_Y_MSEloss": 3.53723473402458e-16, "X_Y_test_COS": 0.8281000852584839, "X_Y_test_MSEloss": 0.0010298846755176783, "X_Y_val_COS": 0.833055317401886, "X_Y_val_MSEloss": 0.0010273945517838001}}