{"train_samples": 500, "test_samples": 200, "source_model": "text-embedding-ada-002", "source_dim": 1536, "target_dim": 512, "test_results": {"bleu": 4.75, "bleu1": 27.53, "bleu2": 5.74, "bleu3": 2.83, "bleu4": 1.79, "rougeL": 0.1824, "rouge1": 0.235, "rouge2": 0.0643, "exact_match": 0.0}, "loss": {"X_Y_COS": 0.9631876945495605, "X_Y_MSEloss": 0.00014209881192073226, "X_Y_test_COS": 0.837062656879425, "X_Y_test_MSEloss": 0.0006062164902687073, "X_Y_val_COS": 0.8356382846832275, "X_Y_val_MSEloss": 0.0006101207691244781}}