{"train_samples": 50, "test_samples": 200, "source_model": "intfloat/multilingual-e5-base", "source_dim": 768, "target_dim": 512, "test_results": {"bleu": 0.12, "bleu1": 11.95, "bleu2": 0.12, "bleu3": 0.02, "bleu4": 0.01, "rougeL": 0.054, "rouge1": 0.0618, "rouge2": 0.0057, "exact_match": 0.0}, "loss": {"X_Y_COS": 1.0, "X_Y_MSEloss": 4.4389925762944316e-12, "X_Y_test_COS": 0.8909884691238403, "X_Y_test_MSEloss": 0.0004040619533043355, "X_Y_val_COS": 0.8911593556404114, "X_Y_val_MSEloss": 0.0004037728067487478}}