{"train_samples": 5, "test_samples": 200, "source_model": "text-embedding-3-large", "source_dim": 3072, "target_dim": 512, "test_results": {"bleu": 0.35, "bleu1": 17.23, "bleu2": 0.81, "bleu3": 0.08, "bleu4": 0.01, "rougeL": 0.109, "rouge1": 0.1359, "rouge2": 0.0077, "exact_match": 0.0}, "loss": {"X_Y_COS": 1.0, "X_Y_MSEloss": 1.0864828086959866e-16, "X_Y_test_COS": 0.7988466620445251, "X_Y_test_MSEloss": 0.0010387481888756156, "X_Y_val_COS": 0.7972439527511597, "X_Y_val_MSEloss": 0.0010279767448082566}}