{"train_samples": 40, "test_samples": 200, "source_model": "text-embedding-ada-002", "source_dim": 1536, "target_dim": 512, "test_results": {"bleu": 0.04, "bleu1": 7.74, "bleu2": 0.02, "bleu3": 0.01, "bleu4": 0.01, "rougeL": 0.0132, "rouge1": 0.0135, "rouge2": 0.0, "exact_match": 0.0}, "loss": {"X_Y_COS": 1.0, "X_Y_MSEloss": 5.805207425879644e-10, "X_Y_test_COS": 0.8365827202796936, "X_Y_test_MSEloss": 0.00133423856459558, "X_Y_val_COS": 0.8346643447875977, "X_Y_val_MSEloss": 0.0013642968842759728}}