{"epoch": 1, "dev_acc": 48.0, "test_acc": 48.0, "test_f1": 47.949999999999996, "test_roc": 45.519999999999996}