{"train_samples": 3, "test_samples": 200, "source_model": "text-embedding-ada-002", "source_dim": 1536, "target_dim": 512, "test_results": {"bleu": 0.07, "bleu1": 8.51, "bleu2": 0.03, "bleu3": 0.01, "bleu4": 0.01, "rougeL": 0.1083, "rouge1": 0.1126, "rouge2": 0.0032, "exact_match": 0.0}, "loss": {"X_Y_COS": 1.0000001192092896, "X_Y_MSEloss": 8.251011466675184e-16, "X_Y_test_COS": 0.7757477164268494, "X_Y_test_MSEloss": 0.0007824627682566643, "X_Y_val_COS": 0.7768545150756836, "X_Y_val_MSEloss": 0.0007789426017552614}}