{"train_samples": 500, "test_samples": 200, "source_model": "google/flan-t5-base", "source_dim": 768, "target_dim": 512, "test_results": {"bleu": 0.09, "bleu1": 12.46, "bleu2": 0.06, "bleu3": 0.02, "bleu4": 0.01, "rougeL": 0.0179, "rouge1": 0.0184, "rouge2": 0.0003, "exact_match": 0.0}, "loss": {"X_Y_COS": 0.9821081161499023, "X_Y_MSEloss": 6.980083708185703e-05, "X_Y_test_COS": 0.8950623869895935, "X_Y_test_MSEloss": 0.00040883614565245807, "X_Y_val_COS": 0.8966707587242126, "X_Y_val_MSEloss": 0.0004025406378787011}}