{"train_samples": 1000, "test_samples": 200, "source_model": "text-embedding-ada-002", "source_dim": 1536, "target_dim": 512, "test_results": {"bleu": 28.14, "bleu1": 46.47, "bleu2": 28.42, "bleu3": 24.01, "bleu4": 21.66, "rougeL": 0.4155, "rouge1": 0.4671, "rouge2": 0.2947, "exact_match": 0.0}, "loss": {"X_Y_COS": 0.9693465828895569, "X_Y_MSEloss": 0.00011877393262693658, "X_Y_test_COS": 0.9314684271812439, "X_Y_test_MSEloss": 0.0002610075753182173, "X_Y_val_COS": 0.9262771606445312, "X_Y_val_MSEloss": 0.0002798727073241025, "reg_lambda": 0.01}}