{"epoch": 1, "dev_acc": 32.0, "test_acc": 28.999999999999996, "test_f1": 29.020000000000003, "test_roc": 50.39}