{"epoch": 0, "dev_acc": 28.999999999999996, "test_acc": 27.0, "test_f1": 26.729999999999997, "test_roc": 49.769999999999996}