{"train_samples": 100, "test_samples": 200, "source_model": "sentence-transformers/gtr-t5-base", "source_dim": 768, "target_dim": 512, "test_results": {"bleu": 12.71, "bleu1": 29.58, "bleu2": 12.32, "bleu3": 9.9, "bleu4": 8.87, "rougeL": 0.231, "rouge1": 0.2824, "rouge2": 0.1247, "exact_match": 0.0}, "loss": {"X_Y_COS": 0.9999929666519165, "X_Y_MSEloss": 3.030293171946141e-08, "X_Y_test_COS": 0.9044358134269714, "X_Y_test_MSEloss": 0.0003655292675830424, "X_Y_val_COS": 0.9019113183021545, "X_Y_val_MSEloss": 0.000373835617210716}}