{"train_samples": 5, "test_samples": 200, "source_model": "text-embedding-3-large", "source_dim": 3072, "target_dim": 512, "test_results": {"bleu": 0.12, "bleu1": 12.09, "bleu2": 0.2, "bleu3": 0.02, "bleu4": 0.01, "rougeL": 0.0384, "rouge1": 0.039, "rouge2": 0.0003, "exact_match": 0.0}, "loss": {"X_Y_COS": 1.0, "X_Y_MSEloss": 9.291195719172046e-17, "X_Y_test_COS": 0.8657775521278381, "X_Y_test_MSEloss": 0.0007778958533890545, "X_Y_val_COS": 0.866328239440918, "X_Y_val_MSEloss": 0.0007575697381980717}}