{"train_samples": 1000, "test_samples": 200, "source_model": "sentence-transformers/gtr-t5-base", "source_dim": 768, "target_dim": 512, "test_results": {"bleu": 0.2, "bleu1": 9.71, "bleu2": 0.34, "bleu3": 0.03, "bleu4": 0.02, "rougeL": 0.0627, "rouge1": 0.0706, "rouge2": 0.0036, "exact_match": 0.0}, "loss": {"X_Y_COS": 0.9054015278816223, "X_Y_MSEloss": 0.00043825831380672753, "X_Y_test_COS": -0.10619420558214188, "X_Y_test_MSEloss": 0.008865656331181526, "X_Y_val_COS": 0.05299711972475052, "X_Y_val_MSEloss": 0.008719813078641891}}