{"train_samples": 1000, "test_samples": 200, "source_model": "random", "source_dim": 768, "target_dim": 512, "test_results": {"bleu": 0.93, "bleu1": 8.75, "bleu2": 0.92, "bleu3": 0.52, "bleu4": 0.21, "rougeL": 0.0405, "rouge1": 0.0444, "rouge2": 0.0004, "exact_match": 0.0}, "loss": {"X_Y_COS": 0.8928425908088684, "X_Y_MSEloss": 0.0004791325191035867, "X_Y_test_COS": 0.03576929122209549, "X_Y_test_MSEloss": 0.007995896972715855, "X_Y_val_COS": -0.08217331022024155, "X_Y_val_MSEloss": 0.008871020749211311}}