{"train_samples": 50, "test_samples": 200, "source_model": "intfloat/multilingual-e5-base", "source_dim": 768, "target_dim": 512, "test_results": {"bleu": 0.15, "bleu1": 17.38, "bleu2": 0.76, "bleu3": 0.01, "bleu4": 0.01, "rougeL": 0.07, "rouge1": 0.0822, "rouge2": 0.0067, "exact_match": 0.0}, "loss": {"X_Y_COS": 1.0, "X_Y_MSEloss": 3.5878851972759307e-12, "X_Y_test_COS": 0.8726493716239929, "X_Y_test_MSEloss": 0.0004681099089793861, "X_Y_val_COS": 0.8761593699455261, "X_Y_val_MSEloss": 0.0004552678728941828}}