{"train_samples": 50, "test_samples": 200, "source_model": "intfloat/multilingual-e5-base", "source_dim": 768, "target_dim": 512, "test_results": {"bleu": 0.57, "bleu1": 16.81, "bleu2": 0.79, "bleu3": 0.2, "bleu4": 0.12, "rougeL": 0.0607, "rouge1": 0.0687, "rouge2": 0.0037, "exact_match": 0.0}, "loss": {"X_Y_COS": 1.0, "X_Y_MSEloss": 4.531309216737611e-10, "X_Y_test_COS": 0.8758430480957031, "X_Y_test_MSEloss": 0.0011399845825508237, "X_Y_val_COS": 0.8807923793792725, "X_Y_val_MSEloss": 0.0010756448609754443}}