{"train_samples": 30, "test_samples": 200, "source_model": "google/flan-t5-base", "source_dim": 768, "target_dim": 512, "test_results": {"bleu": 0.15, "bleu1": 11.53, "bleu2": 0.33, "bleu3": 0.02, "bleu4": 0.01, "rougeL": 0.0663, "rouge1": 0.0753, "rouge2": 0.0109, "exact_match": 0.0}, "loss": {"X_Y_COS": 1.0, "X_Y_MSEloss": 2.620364515648621e-11, "X_Y_test_COS": 0.8993034362792969, "X_Y_test_MSEloss": 0.0007644261932000518, "X_Y_val_COS": 0.8955744504928589, "X_Y_val_MSEloss": 0.0008243951015174389}}