{"train_samples": 40, "test_samples": 200, "source_model": "google/mt5-base", "source_dim": 768, "target_dim": 512, "test_results": {"bleu": 0.22, "bleu1": 16.11, "bleu2": 0.82, "bleu3": 0.02, "bleu4": 0.01, "rougeL": 0.1249, "rouge1": 0.1355, "rouge2": 0.008, "exact_match": 0.0}, "loss": {"X_Y_COS": 1.0, "X_Y_MSEloss": 9.346712856808659e-13, "X_Y_test_COS": 0.8751735687255859, "X_Y_test_MSEloss": 0.00046131349517963827, "X_Y_val_COS": 0.8754633665084839, "X_Y_val_MSEloss": 0.0004581197281368077}}