{"train_samples": 1000, "test_samples": 200, "source_model": "google/mt5-base", "source_dim": 768, "target_dim": 512, "test_results": {"bleu": 4.99, "bleu1": 16.64, "bleu2": 5.0, "bleu3": 3.5, "bleu4": 2.13, "rougeL": 0.0809, "rouge1": 0.0908, "rouge2": 0.0071, "exact_match": 0.0}, "loss": {"X_Y_COS": 0.9836375713348389, "X_Y_MSEloss": 6.531074905069545e-05, "X_Y_test_COS": 0.7625496983528137, "X_Y_test_MSEloss": 0.0010553320171311498, "X_Y_val_COS": 0.7698671817779541, "X_Y_val_MSEloss": 0.0010377769358456135}}