{"train_samples": 100, "test_samples": 200, "source_model": "sentence-transformers/gtr-t5-base", "source_dim": 768, "target_dim": 512, "test_results": {"bleu": 2.43, "bleu1": 22.67, "bleu2": 3.2, "bleu3": 1.02, "bleu4": 0.47, "rougeL": 0.1435, "rouge1": 0.1954, "rouge2": 0.0357, "exact_match": 0.0}, "loss": {"X_Y_COS": 1.0, "X_Y_MSEloss": 1.7219420876159186e-14, "X_Y_test_COS": 0.8548033833503723, "X_Y_test_MSEloss": 0.0005352820153348148, "X_Y_val_COS": 0.849230170249939, "X_Y_val_MSEloss": 0.000553153979126364}}