{"train_samples": 500, "test_samples": 200, "source_model": "google-t5/t5-base", "source_dim": 768, "target_dim": 512, "test_results": {"bleu": 0.79, "bleu1": 18.28, "bleu2": 1.63, "bleu3": 0.34, "bleu4": 0.12, "rougeL": 0.0779, "rouge1": 0.0901, "rouge2": 0.0104, "exact_match": 0.0}, "loss": {"X_Y_COS": 0.9898195266723633, "X_Y_MSEloss": 4.004020956926979e-05, "X_Y_test_COS": 0.9053446650505066, "X_Y_test_MSEloss": 0.00037467069341801107, "X_Y_val_COS": 0.9012274146080017, "X_Y_val_MSEloss": 0.0003873967216350138}}