{"train_samples": 1000, "test_samples": 200, "source_model": "google-bert/bert-base-multilingual-cased", "source_dim": 768, "target_dim": 512, "test_results": {"bleu": 1.92, "bleu1": 24.47, "bleu2": 2.94, "bleu3": 0.75, "bleu4": 0.28, "rougeL": 0.1608, "rouge1": 0.2177, "rouge2": 0.0331, "exact_match": 0.0}, "loss": {"X_Y_COS": 0.9699313044548035, "X_Y_MSEloss": 0.00011642689787549898, "X_Y_test_COS": 0.929854154586792, "X_Y_test_MSEloss": 0.000269494456006214, "X_Y_val_COS": 0.9259120225906372, "X_Y_val_MSEloss": 0.0002843084221240133}}