{"train_samples": 100, "test_samples": 200, "source_model": "google/flan-t5-base", "source_dim": 768, "target_dim": 512, "test_results": {"bleu": 0.11, "bleu1": 11.91, "bleu2": 0.1, "bleu3": 0.02, "bleu4": 0.01, "rougeL": 0.0396, "rouge1": 0.045, "rouge2": 0.0006, "exact_match": 0.0}, "loss": {"X_Y_COS": 1.0, "X_Y_MSEloss": 1.0579084136486117e-10, "X_Y_test_COS": 0.8623512983322144, "X_Y_test_MSEloss": 0.0005129476776346564, "X_Y_val_COS": 0.8571593761444092, "X_Y_val_MSEloss": 0.0005302954814396799}}