{"train_samples": 1000, "test_samples": 200, "source_model": "random", "source_dim": 768, "target_dim": 512, "test_results": {"bleu": 0.97, "bleu1": 16.32, "bleu2": 1.55, "bleu3": 0.38, "bleu4": 0.12, "rougeL": 0.1207, "rouge1": 0.1341, "rouge2": 0.0121, "exact_match": 0.0}, "loss": {"X_Y_COS": 0.8988473415374756, "X_Y_MSEloss": 0.0004759840667247772, "X_Y_test_COS": -0.02696070447564125, "X_Y_test_MSEloss": 0.007650182582437992, "X_Y_val_COS": 0.0695856437087059, "X_Y_val_MSEloss": 0.006280674133449793}}