{"train_samples": 20, "test_samples": 200, "source_model": "google/mt5-base", "source_dim": 768, "target_dim": 512, "test_results": {"bleu": 0.23, "bleu1": 14.59, "bleu2": 0.48, "bleu3": 0.03, "bleu4": 0.02, "rougeL": 0.0591, "rouge1": 0.0703, "rouge2": 0.0073, "exact_match": 0.0}, "loss": {"X_Y_COS": 1.0, "X_Y_MSEloss": 2.8066004720468142e-14, "X_Y_test_COS": 0.8771328330039978, "X_Y_test_MSEloss": 0.0004578100051730871, "X_Y_val_COS": 0.8724324703216553, "X_Y_val_MSEloss": 0.0004728837520815432}}