{"train_samples": 5, "test_samples": 200, "source_model": "text-embedding-ada-002", "source_dim": 1536, "target_dim": 512, "test_results": {"bleu": 0.16, "bleu1": 15.95, "bleu2": 0.24, "bleu3": 0.03, "bleu4": 0.01, "rougeL": 0.0926, "rouge1": 0.1107, "rouge2": 0.0034, "exact_match": 0.0}, "loss": {"X_Y_COS": 1.0, "X_Y_MSEloss": 3.4589694997144704e-10, "X_Y_test_COS": 0.876946210861206, "X_Y_test_MSEloss": 0.0010122767416760325, "X_Y_val_COS": 0.8766883611679077, "X_Y_val_MSEloss": 0.0010004743235185742}}