{"train_samples": 5, "test_samples": 200, "source_model": "text-embedding-ada-002", "source_dim": 1536, "target_dim": 512, "test_results": {"bleu": 0.11, "bleu1": 8.27, "bleu2": 0.1, "bleu3": 0.02, "bleu4": 0.01, "rougeL": 0.0637, "rouge1": 0.0731, "rouge2": 0.0003, "exact_match": 0.0}, "loss": {"X_Y_COS": 1.0, "X_Y_MSEloss": 1.0137124082523568e-15, "X_Y_test_COS": 0.8921189904212952, "X_Y_test_MSEloss": 0.0003984853974543512, "X_Y_val_COS": 0.8905527591705322, "X_Y_val_MSEloss": 0.0004040133208036423}}