{"train_samples": 20, "test_samples": 200, "source_model": "google/flan-t5-base", "source_dim": 768, "target_dim": 512, "test_results": {"bleu": 0.42, "bleu1": 22.96, "bleu2": 1.3, "bleu3": 0.08, "bleu4": 0.01, "rougeL": 0.144, "rouge1": 0.1945, "rouge2": 0.0152, "exact_match": 0.0}, "loss": {"X_Y_COS": 1.0, "X_Y_MSEloss": 1.2686004827731131e-14, "X_Y_test_COS": 0.906724214553833, "X_Y_test_MSEloss": 0.0003487495705485344, "X_Y_val_COS": 0.907316267490387, "X_Y_val_MSEloss": 0.00034666500869207084}}