{"train_samples": 20, "test_samples": 200, "source_model": "text-embedding-3-large", "source_dim": 3072, "target_dim": 512, "test_results": {"bleu": 0.37, "bleu1": 15.53, "bleu2": 0.75, "bleu3": 0.1, "bleu4": 0.03, "rougeL": 0.0886, "rouge1": 0.1115, "rouge2": 0.0068, "exact_match": 0.0}, "loss": {"X_Y_COS": 1.0, "X_Y_MSEloss": 1.5923138382581913e-15, "X_Y_test_COS": 0.8751923441886902, "X_Y_test_MSEloss": 0.001367178512737155, "X_Y_val_COS": 0.877875804901123, "X_Y_val_MSEloss": 0.0013863471103832126}}