{"train_samples": 1000, "test_samples": 200, "source_model": "google/flan-t5-base", "source_dim": 768, "target_dim": 512, "test_results": {"bleu": 2.47, "bleu1": 30.41, "bleu2": 5.36, "bleu3": 1.16, "bleu4": 0.24, "rougeL": 0.2026, "rouge1": 0.2808, "rouge2": 0.0563, "exact_match": 0.0}, "loss": {"X_Y_COS": 0.9810889959335327, "X_Y_MSEloss": 7.472621655324474e-05, "X_Y_test_COS": 0.9250207543373108, "X_Y_test_MSEloss": 0.0002953371440526098, "X_Y_val_COS": 0.9279224276542664, "X_Y_val_MSEloss": 0.00028514128644019365}}