{"train_samples": 20, "test_samples": 200, "source_model": "google/mt5-base", "source_dim": 768, "target_dim": 512, "test_results": {"bleu": 0.23, "bleu1": 15.52, "bleu2": 1.15, "bleu3": 0.02, "bleu4": 0.01, "rougeL": 0.1263, "rouge1": 0.1433, "rouge2": 0.011, "exact_match": 0.0}, "loss": {"X_Y_COS": 1.0, "X_Y_MSEloss": 3.3991731651639157e-10, "X_Y_test_COS": 0.9117336869239807, "X_Y_test_MSEloss": 0.0006467382190749049, "X_Y_val_COS": 0.9111942648887634, "X_Y_val_MSEloss": 0.0006618777988478541}}