{"train_samples": 1000, "test_samples": 200, "source_model": "google-t5/t5-base", "source_dim": 768, "target_dim": 512, "test_results": {"bleu": 0.7, "bleu1": 17.29, "bleu2": 1.69, "bleu3": 0.2, "bleu4": 0.06, "rougeL": 0.1261, "rouge1": 0.1444, "rouge2": 0.0115, "exact_match": 0.0}, "loss": {"X_Y_COS": 0.9193334579467773, "X_Y_MSEloss": 0.00041545566637068987, "X_Y_test_COS": 0.02428269386291504, "X_Y_test_MSEloss": 0.007776471320539713, "X_Y_val_COS": 0.04588383436203003, "X_Y_val_MSEloss": 0.008126744069159031}}