{"train_samples": 10, "test_samples": 200, "source_model": "text-embedding-3-large", "source_dim": 3072, "target_dim": 512, "test_results": {"bleu": 0.23, "bleu1": 17.05, "bleu2": 1.05, "bleu3": 0.02, "bleu4": 0.01, "rougeL": 0.1253, "rouge1": 0.1479, "rouge2": 0.0103, "exact_match": 0.0}, "loss": {"X_Y_COS": 1.0, "X_Y_MSEloss": 1.4166025178831215e-16, "X_Y_test_COS": 0.9287326335906982, "X_Y_test_MSEloss": 0.0004321697342675179, "X_Y_val_COS": 0.9317086338996887, "X_Y_val_MSEloss": 0.00041520624654367566}}