{"train_samples": 7000, "test_samples": 200, "source_model": "google-bert/bert-base-multilingual-cased", "source_dim": 768, "target_dim": 512, "test_results": {"bleu": 30.51, "bleu1": 50.64, "bleu2": 31.06, "bleu3": 26.04, "bleu4": 23.36, "rougeL": 0.4378, "rouge1": 0.4974, "rouge2": 0.3117, "exact_match": 0.0}, "loss": {"X_Y_COS": 0.9489135146141052, "X_Y_MSEloss": 0.00019510890706442297, "X_Y_test_COS": 0.9442669749259949, "X_Y_test_MSEloss": 0.00021194614237174392, "X_Y_val_COS": 0.945448100566864, "X_Y_val_MSEloss": 0.00020773067080881447}}