{"train_samples": 5, "test_samples": 200, "source_model": "google-bert/bert-base-multilingual-cased", "source_dim": 768, "target_dim": 512, "test_results": {"bleu": 0.17, "bleu1": 16.1, "bleu2": 0.81, "bleu3": 0.02, "bleu4": 0.01, "rougeL": 0.1168, "rouge1": 0.1505, "rouge2": 0.0116, "exact_match": 0.0}, "loss": {"X_Y_COS": 1.0, "X_Y_MSEloss": 1.3606051008085984e-10, "X_Y_test_COS": 0.8911445140838623, "X_Y_test_MSEloss": 0.0007466024253517389, "X_Y_val_COS": 0.893092930316925, "X_Y_val_MSEloss": 0.000712261360604316}}