{"train_samples": 100, "test_samples": 200, "source_model": "google/mt5-base", "source_dim": 768, "target_dim": 512, "test_results": {"bleu": 0.57, "bleu1": 17.7, "bleu2": 1.13, "bleu3": 0.17, "bleu4": 0.09, "rougeL": 0.0622, "rouge1": 0.0688, "rouge2": 0.004, "exact_match": 0.0}, "loss": {"X_Y_COS": 0.9999874830245972, "X_Y_MSEloss": 5.33917443590326e-07, "X_Y_test_COS": 0.8803005814552307, "X_Y_test_MSEloss": 0.0011198858264833689, "X_Y_val_COS": 0.8783348798751831, "X_Y_val_MSEloss": 0.0011402922682464123}}