{"train_samples": 100, "test_samples": 200, "source_model": "sentence-transformers/gtr-t5-base", "source_dim": 768, "target_dim": 512, "test_results": {"bleu": 0.61, "bleu1": 20.04, "bleu2": 1.5, "bleu3": 0.21, "bleu4": 0.02, "rougeL": 0.1227, "rouge1": 0.1655, "rouge2": 0.0191, "exact_match": 0.0}, "loss": {"X_Y_COS": 1.0, "X_Y_MSEloss": 1.5805297676652237e-14, "X_Y_test_COS": 0.8859450817108154, "X_Y_test_MSEloss": 0.0004285945324227214, "X_Y_val_COS": 0.8850634694099426, "X_Y_val_MSEloss": 0.000430874468293041}}