{"train_samples": 50, "test_samples": 200, "source_model": "google-t5/t5-base", "source_dim": 768, "target_dim": 512, "test_results": {"bleu": 0.05, "bleu1": 11.74, "bleu2": 0.02, "bleu3": 0.01, "bleu4": 0.0, "rougeL": 0.0595, "rouge1": 0.0665, "rouge2": 0.0003, "exact_match": 0.0}, "loss": {"X_Y_COS": 1.0, "X_Y_MSEloss": 5.871693686820834e-10, "X_Y_test_COS": 0.8777822852134705, "X_Y_test_MSEloss": 0.0009097933652810752, "X_Y_val_COS": 0.8749317526817322, "X_Y_val_MSEloss": 0.0009604321094229817}}