{"train_samples": 20, "test_samples": 200, "source_model": "google-t5/t5-base", "source_dim": 768, "target_dim": 512, "test_results": {"bleu": 0.21, "bleu1": 15.57, "bleu2": 1.01, "bleu3": 0.03, "bleu4": 0.01, "rougeL": 0.1202, "rouge1": 0.1398, "rouge2": 0.0097, "exact_match": 0.0}, "loss": {"X_Y_COS": 1.0, "X_Y_MSEloss": 1.9783095994707622e-10, "X_Y_test_COS": 0.9196885228157043, "X_Y_test_MSEloss": 0.0005735766608268023, "X_Y_val_COS": 0.9201703667640686, "X_Y_val_MSEloss": 0.0005799430655315518}}