{"train_samples": 5, "test_samples": 200, "source_model": "sentence-transformers/all-MiniLM-L6-v2", "source_dim": 384, "target_dim": 512, "test_results": {"bleu": 0.15, "bleu1": 13.09, "bleu2": 0.37, "bleu3": 0.02, "bleu4": 0.01, "rougeL": 0.0788, "rouge1": 0.0976, "rouge2": 0.0056, "exact_match": 0.0}, "loss": {"X_Y_COS": 1.0, "X_Y_MSEloss": 2.119897790295311e-12, "X_Y_test_COS": 0.8444086909294128, "X_Y_test_MSEloss": 0.001228598295710981, "X_Y_val_COS": 0.8424702286720276, "X_Y_val_MSEloss": 0.0012144496431574225}}