{"epoch": 0, "dev_acc": 59.5, "test_acc": 56.49999999999999, "test_f1": 56.379999999999995, "test_roc": 74.92999999999999}