{"train_samples": 5, "test_samples": 200, "source_model": "sentence-transformers/all-MiniLM-L6-v2", "source_dim": 384, "target_dim": 512, "test_results": {"bleu": 0.15, "bleu1": 12.75, "bleu2": 0.59, "bleu3": 0.02, "bleu4": 0.01, "rougeL": 0.1017, "rouge1": 0.1349, "rouge2": 0.0074, "exact_match": 0.0}, "loss": {"X_Y_COS": 1.0, "X_Y_MSEloss": 1.8779836626764412e-12, "X_Y_test_COS": 0.8885485529899597, "X_Y_test_MSEloss": 0.00115659786388278, "X_Y_val_COS": 0.8866310119628906, "X_Y_val_MSEloss": 0.0011318072210997343}}