{"train_samples": 5, "test_samples": 200, "source_model": "google/mt5-base", "source_dim": 768, "target_dim": 512, "test_results": {"bleu": 0.16, "bleu1": 14.92, "bleu2": 0.46, "bleu3": 0.01, "bleu4": 0.01, "rougeL": 0.0974, "rouge1": 0.1285, "rouge2": 0.0042, "exact_match": 0.0}, "loss": {"X_Y_COS": 1.0, "X_Y_MSEloss": 3.856689239614599e-16, "X_Y_test_COS": 0.8566301465034485, "X_Y_test_MSEloss": 0.0005235932185314596, "X_Y_val_COS": 0.8568478226661682, "X_Y_val_MSEloss": 0.0005216572317294776}}