{"train_samples": 10, "test_samples": 200, "source_model": "text-embedding-3-large", "source_dim": 3072, "target_dim": 512, "test_results": {"bleu": 0.09, "bleu1": 7.81, "bleu2": 0.06, "bleu3": 0.02, "bleu4": 0.01, "rougeL": 0.0612, "rouge1": 0.0688, "rouge2": 0.0005, "exact_match": 0.0}, "loss": {"X_Y_COS": 1.0, "X_Y_MSEloss": 1.4607586101212842e-16, "X_Y_test_COS": 0.8934617638587952, "X_Y_test_MSEloss": 0.00047061717486940324, "X_Y_val_COS": 0.8956221342086792, "X_Y_val_MSEloss": 0.0004644434666261077}}