{"train_samples": 1000, "test_samples": 200, "source_model": "google/mt5-base", "source_dim": 768, "target_dim": 512, "test_results": {"bleu": 0.21, "bleu1": 10.35, "bleu2": 0.33, "bleu3": 0.03, "bleu4": 0.02, "rougeL": 0.0671, "rouge1": 0.0742, "rouge2": 0.0033, "exact_match": 0.0}, "loss": {"X_Y_COS": 0.902405321598053, "X_Y_MSEloss": 0.00043801707215607166, "X_Y_test_COS": 0.06380261480808258, "X_Y_test_MSEloss": 0.007291773799806833, "X_Y_val_COS": 0.010910830460488796, "X_Y_val_MSEloss": 0.0074999467469751835}}