{"train_samples": 30, "test_samples": 200, "source_model": "sentence-transformers/gtr-t5-base", "source_dim": 768, "target_dim": 512, "test_results": {"bleu": 0.3, "bleu1": 16.94, "bleu2": 0.82, "bleu3": 0.05, "bleu4": 0.03, "rougeL": 0.1152, "rouge1": 0.1381, "rouge2": 0.0086, "exact_match": 0.0}, "loss": {"X_Y_COS": 1.0, "X_Y_MSEloss": 2.0154695620777652e-11, "X_Y_test_COS": 0.9411044716835022, "X_Y_test_MSEloss": 0.0005527520552277565, "X_Y_val_COS": 0.9414758086204529, "X_Y_val_MSEloss": 0.0005844793049618602}}