{"train_samples": 30, "test_samples": 200, "source_model": "google/mt5-base", "source_dim": 768, "target_dim": 512, "test_results": {"bleu": 0.24, "bleu1": 15.67, "bleu2": 1.17, "bleu3": 0.02, "bleu4": 0.01, "rougeL": 0.1372, "rouge1": 0.1626, "rouge2": 0.0126, "exact_match": 0.0}, "loss": {"X_Y_COS": 1.0, "X_Y_MSEloss": 1.0596327960042673e-14, "X_Y_test_COS": 0.9295043349266052, "X_Y_test_MSEloss": 0.0005488114547915757, "X_Y_val_COS": 0.9295742511749268, "X_Y_val_MSEloss": 0.0005496407393366098}}