{"train_samples": 1000, "test_samples": 200, "source_model": "text-embedding-ada-002", "source_dim": 1536, "target_dim": 512, "test_results": {"bleu": 0.99, "bleu1": 18.47, "bleu2": 1.7, "bleu3": 0.5, "bleu4": 0.26, "rougeL": 0.0813, "rouge1": 0.0967, "rouge2": 0.0095, "exact_match": 0.0}, "loss": {"X_Y_COS": 0.9548551440238953, "X_Y_MSEloss": 0.0001728156494209543, "X_Y_test_COS": 0.8961514234542847, "X_Y_test_MSEloss": 0.00038825353840366006, "X_Y_val_COS": 0.8929948210716248, "X_Y_val_MSEloss": 0.0003985555376857519}}