{"train_samples": 10, "test_samples": 200, "source_model": "text-embedding-3-large", "source_dim": 3072, "target_dim": 512, "test_results": {"bleu": 0.1, "bleu1": 11.5, "bleu2": 0.33, "bleu3": 0.02, "bleu4": 0.01, "rougeL": 0.0465, "rouge1": 0.0516, "rouge2": 0.0027, "exact_match": 0.0}, "loss": {"X_Y_COS": 1.0, "X_Y_MSEloss": 1.8812601216416924e-12, "X_Y_test_COS": 0.8306086659431458, "X_Y_test_MSEloss": 0.002509984653443098, "X_Y_val_COS": 0.8345981240272522, "X_Y_val_MSEloss": 0.002488219877704978}}