{"train_samples": 100, "test_samples": 200, "source_model": "sentence-transformers/gtr-t5-base", "source_dim": 768, "target_dim": 512, "test_results": {"bleu": 1.24, "bleu1": 16.0, "bleu2": 1.66, "bleu3": 0.61, "bleu4": 0.43, "rougeL": 0.0741, "rouge1": 0.0877, "rouge2": 0.0103, "exact_match": 0.0}, "loss": {"X_Y_COS": 1.0, "X_Y_MSEloss": 1.905094497141411e-14, "X_Y_test_COS": 0.8482303619384766, "X_Y_test_MSEloss": 0.0005559080746024847, "X_Y_val_COS": 0.8381568789482117, "X_Y_val_MSEloss": 0.000590179639402777}}