{"train_samples": 5, "test_samples": 200, "source_model": "google/flan-t5-base", "source_dim": 768, "target_dim": 512, "test_results": {"bleu": 0.04, "bleu1": 8.47, "bleu2": 0.02, "bleu3": 0.01, "bleu4": 0.01, "rougeL": 0.0352, "rouge1": 0.0402, "rouge2": 0.0, "exact_match": 0.0}, "loss": {"X_Y_COS": 1.0, "X_Y_MSEloss": 3.5325675824852086e-16, "X_Y_test_COS": 0.8356117010116577, "X_Y_test_MSEloss": 0.0006002922309562564, "X_Y_val_COS": 0.8290124535560608, "X_Y_val_MSEloss": 0.0006199412164278328}}