{"train_samples": 40, "test_samples": 200, "source_model": "intfloat/multilingual-e5-base", "source_dim": 768, "target_dim": 512, "test_results": {"bleu": 0.86, "bleu1": 19.89, "bleu2": 1.63, "bleu3": 0.31, "bleu4": 0.08, "rougeL": 0.1252, "rouge1": 0.1659, "rouge2": 0.0172, "exact_match": 0.0}, "loss": {"X_Y_COS": 1.0, "X_Y_MSEloss": 2.4251778363293397e-10, "X_Y_test_COS": 0.8841500878334045, "X_Y_test_MSEloss": 0.0009017112897709012, "X_Y_val_COS": 0.8899769186973572, "X_Y_val_MSEloss": 0.000834882550407201}}