{"train_samples": 3, "test_samples": 200, "source_model": "sentence-transformers/gtr-t5-base", "source_dim": 768, "target_dim": 512, "test_results": {"bleu": 0.19, "bleu1": 12.68, "bleu2": 0.56, "bleu3": 0.02, "bleu4": 0.01, "rougeL": 0.1069, "rouge1": 0.1299, "rouge2": 0.007, "exact_match": 0.0}, "loss": {"X_Y_COS": 1.0, "X_Y_MSEloss": 1.54775692262632e-10, "X_Y_test_COS": 0.9222012162208557, "X_Y_test_MSEloss": 0.0012044536415487528, "X_Y_val_COS": 0.9198803305625916, "X_Y_val_MSEloss": 0.0012747800210490823}}