{"train_samples": 3, "test_samples": 200, "source_model": "text-embedding-ada-002", "source_dim": 1536, "target_dim": 512, "test_results": {"bleu": 0.17, "bleu1": 19.39, "bleu2": 0.52, "bleu3": 0.01, "bleu4": 0.01, "rougeL": 0.0999, "rouge1": 0.1295, "rouge2": 0.0043, "exact_match": 0.0}, "loss": {"X_Y_COS": 1.0, "X_Y_MSEloss": 1.3968135518342153e-15, "X_Y_test_COS": 0.8086927533149719, "X_Y_test_MSEloss": 0.0006760440883226693, "X_Y_val_COS": 0.8095292448997498, "X_Y_val_MSEloss": 0.0006734590278938413}}