{"train_samples": 5, "test_samples": 200, "source_model": "google/flan-t5-base", "source_dim": 768, "target_dim": 512, "test_results": {"bleu": 0.04, "bleu1": 14.57, "bleu2": 0.03, "bleu3": 0.02, "bleu4": 0.01, "rougeL": 0.008, "rouge1": 0.008, "rouge2": 0.0, "exact_match": 0.0}, "loss": {"X_Y_COS": 1.0, "X_Y_MSEloss": 5.737112441035394e-16, "X_Y_test_COS": 0.8848253488540649, "X_Y_test_MSEloss": 0.0006698894430883229, "X_Y_val_COS": 0.8787491321563721, "X_Y_val_MSEloss": 0.0007320651202462614}}