{"train_samples": 5, "test_samples": 200, "source_model": "google/flan-t5-base", "source_dim": 768, "target_dim": 512, "test_results": {"bleu": 0.04, "bleu1": 10.79, "bleu2": 0.03, "bleu3": 0.01, "bleu4": 0.01, "rougeL": 0.0058, "rouge1": 0.0058, "rouge2": 0.0003, "exact_match": 0.0}, "loss": {"X_Y_COS": 1.0, "X_Y_MSEloss": 2.038701013562516e-10, "X_Y_test_COS": 0.9122132658958435, "X_Y_test_MSEloss": 0.0008237240836024284, "X_Y_val_COS": 0.9077917337417603, "X_Y_val_MSEloss": 0.0009051119559444487}}