{"train_samples": 40, "test_samples": 200, "source_model": "text-embedding-3-large", "source_dim": 3072, "target_dim": 512, "test_results": {"bleu": 0.28, "bleu1": 14.39, "bleu2": 0.62, "bleu3": 0.07, "bleu4": 0.01, "rougeL": 0.0883, "rouge1": 0.1129, "rouge2": 0.0068, "exact_match": 0.0}, "loss": {"X_Y_COS": 1.0, "X_Y_MSEloss": 2.381132646267427e-15, "X_Y_test_COS": 0.8731759786605835, "X_Y_test_MSEloss": 0.0011252949479967356, "X_Y_val_COS": 0.8726496696472168, "X_Y_val_MSEloss": 0.0011562044965103269}}