{"train_samples": 100, "test_samples": 200, "source_model": "intfloat/multilingual-e5-base", "source_dim": 768, "target_dim": 512, "test_results": {"bleu": 0.8, "bleu1": 16.88, "bleu2": 1.39, "bleu3": 0.33, "bleu4": 0.15, "rougeL": 0.0792, "rouge1": 0.095, "rouge2": 0.0139, "exact_match": 0.0}, "loss": {"X_Y_COS": 0.9999324679374695, "X_Y_MSEloss": 2.649423720413324e-07, "X_Y_test_COS": 0.890752375125885, "X_Y_test_MSEloss": 0.00040703039849177003, "X_Y_val_COS": 0.8879162669181824, "X_Y_val_MSEloss": 0.0004182745760772377}}