{"train_samples": 500, "test_samples": 200, "source_model": "sentence-transformers/all-MiniLM-L6-v2", "source_dim": 384, "target_dim": 512, "test_results": {"bleu": 2.18, "bleu1": 18.57, "bleu2": 2.44, "bleu3": 1.06, "bleu4": 0.79, "rougeL": 0.1193, "rouge1": 0.1469, "rouge2": 0.0242, "exact_match": 0.0}, "loss": {"X_Y_COS": 0.9741776585578918, "X_Y_MSEloss": 0.0001260439894394949, "X_Y_test_COS": 0.49389830231666565, "X_Y_test_MSEloss": 0.0025973068550229073, "X_Y_val_COS": 0.5295999646186829, "X_Y_val_MSEloss": 0.002471108455210924}}