{"train_samples": 30, "test_samples": 200, "source_model": "google/flan-t5-base", "source_dim": 768, "target_dim": 512, "test_results": {"bleu": 1.89, "bleu1": 22.11, "bleu2": 2.75, "bleu3": 0.75, "bleu4": 0.42, "rougeL": 0.1474, "rouge1": 0.1908, "rouge2": 0.0293, "exact_match": 0.0}, "loss": {"X_Y_COS": 1.0, "X_Y_MSEloss": 3.035159970576906e-11, "X_Y_test_COS": 0.8813491463661194, "X_Y_test_MSEloss": 0.0008665220811963081, "X_Y_val_COS": 0.8835256695747375, "X_Y_val_MSEloss": 0.0008374280296266079}}