{"train_samples": 1, "test_samples": 200, "source_model": "google/mt5-base", "source_dim": 768, "target_dim": 512, "test_results": {"bleu": 0.19, "bleu1": 17.26, "bleu2": 1.0, "bleu3": 0.01, "bleu4": 0.01, "rougeL": 0.0902, "rouge1": 0.0916, "rouge2": 0.0085, "exact_match": 0.0}, "loss": {"X_Y_COS": 0.9999999403953552, "X_Y_MSEloss": 5.845232490983262e-16, "X_Y_test_COS": 0.7818320393562317, "X_Y_test_MSEloss": 0.0007648362079635262, "X_Y_val_COS": 0.7784857749938965, "X_Y_val_MSEloss": 0.0007750209188088775}}