{"train_samples": 1000, "test_samples": 200, "source_model": "text-embedding-3-large", "source_dim": 3072, "target_dim": 512, "test_results": {"bleu": 8.4, "bleu1": 29.42, "bleu2": 9.62, "bleu3": 5.77, "bleu4": 3.05, "rougeL": 0.1653, "rouge1": 0.2071, "rouge2": 0.0351, "exact_match": 0.0}, "loss": {"X_Y_COS": 0.9989604949951172, "X_Y_MSEloss": 4.236250333633507e-06, "X_Y_test_COS": 0.8871972560882568, "X_Y_test_MSEloss": 0.0004295901453588158, "X_Y_val_COS": 0.9104998707771301, "X_Y_val_MSEloss": 0.0003523855993989855}}