{"train_samples": 1000, "test_samples": 200, "source_model": "google-t5/t5-base", "source_dim": 768, "target_dim": 512, "test_results": {"bleu": 0.79, "bleu1": 16.18, "bleu2": 1.64, "bleu3": 0.22, "bleu4": 0.09, "rougeL": 0.1148, "rouge1": 0.1291, "rouge2": 0.0112, "exact_match": 0.0}, "loss": {"X_Y_COS": 0.8812114596366882, "X_Y_MSEloss": 0.0005105147720314562, "X_Y_test_COS": -0.042131852358579636, "X_Y_test_MSEloss": 0.008293039165437222, "X_Y_val_COS": -0.10639926046133041, "X_Y_val_MSEloss": 0.008595839142799377}}