{"train_samples": 100, "test_samples": 200, "source_model": "google/flan-t5-base", "source_dim": 768, "target_dim": 512, "test_results": {"bleu": 0.34, "bleu1": 16.99, "bleu2": 1.03, "bleu3": 0.06, "bleu4": 0.02, "rougeL": 0.1219, "rouge1": 0.1648, "rouge2": 0.0118, "exact_match": 0.0}, "loss": {"X_Y_COS": 0.9999998211860657, "X_Y_MSEloss": 4.144854681698007e-09, "X_Y_test_COS": 0.9114964008331299, "X_Y_test_MSEloss": 0.0006005871691741049, "X_Y_val_COS": 0.91453617811203, "X_Y_val_MSEloss": 0.0005662785843014717}}