{"train_samples": 20, "test_samples": 200, "source_model": "google-bert/bert-base-multilingual-cased", "source_dim": 768, "target_dim": 512, "test_results": {"bleu": 0.21, "bleu1": 17.81, "bleu2": 0.96, "bleu3": 0.02, "bleu4": 0.01, "rougeL": 0.1253, "rouge1": 0.1623, "rouge2": 0.0098, "exact_match": 0.0}, "loss": {"X_Y_COS": 1.0, "X_Y_MSEloss": 1.1445617403068459e-15, "X_Y_test_COS": 0.923531174659729, "X_Y_test_MSEloss": 0.0002939718251582235, "X_Y_val_COS": 0.9239060878753662, "X_Y_val_MSEloss": 0.0002917311794590205}}