{"train_samples": 500, "test_samples": 200, "source_model": "google-t5/t5-base", "source_dim": 768, "target_dim": 512, "test_results": {"bleu": 0.92, "bleu1": 22.38, "bleu2": 2.32, "bleu3": 0.27, "bleu4": 0.08, "rougeL": 0.1365, "rouge1": 0.1823, "rouge2": 0.0229, "exact_match": 0.0}, "loss": {"X_Y_COS": 0.9943440556526184, "X_Y_MSEloss": 4.300977889215574e-05, "X_Y_test_COS": 0.8928919434547424, "X_Y_test_MSEloss": 0.0008457308867946267, "X_Y_val_COS": 0.8983200788497925, "X_Y_val_MSEloss": 0.0008103474974632263}}