{"train_samples": 30, "test_samples": 200, "source_model": "google-t5/t5-base", "source_dim": 768, "target_dim": 512, "test_results": {"bleu": 1.52, "bleu1": 18.44, "bleu2": 1.35, "bleu3": 0.59, "bleu4": 0.39, "rougeL": 0.114, "rouge1": 0.1574, "rouge2": 0.0138, "exact_match": 0.0}, "loss": {"X_Y_COS": 0.921012282371521, "X_Y_MSEloss": 0.0005723242065869272, "X_Y_test_COS": 0.9065470695495605, "X_Y_test_MSEloss": 0.0006302478723227978, "X_Y_val_COS": 0.9088727831840515, "X_Y_val_MSEloss": 0.0006285977433435619, "reg_lambda": 10}}