{"epoch": 0, "dev_acc": 46.5, "test_acc": 56.00000000000001, "test_f1": 58.099999999999994, "test_roc": 54.25}