{"epoch": 2, "dev_acc": 49.5, "test_acc": 50.0, "test_f1": 53.269999999999996, "test_roc": 50.36000000000001}