{"train_samples": 3, "test_samples": 200, "source_model": "sentence-transformers/gtr-t5-base", "source_dim": 768, "target_dim": 512, "test_results": {"bleu": 0.08, "bleu1": 7.08, "bleu2": 0.07, "bleu3": 0.02, "bleu4": 0.01, "rougeL": 0.0403, "rouge1": 0.0449, "rouge2": 0.0004, "exact_match": 0.0}, "loss": {"X_Y_COS": 1.0, "X_Y_MSEloss": 3.0847452337388003e-16, "X_Y_test_COS": 0.8253363370895386, "X_Y_test_MSEloss": 0.0007013955619186163, "X_Y_val_COS": 0.8237227201461792, "X_Y_val_MSEloss": 0.0007147638243623078}}