{"train_samples": 500, "test_samples": 200, "source_model": "text-embedding-3-large", "source_dim": 3072, "target_dim": 512, "test_results": {"bleu": 0.14, "bleu1": 9.7, "bleu2": 0.25, "bleu3": 0.02, "bleu4": 0.01, "rougeL": 0.0596, "rouge1": 0.0632, "rouge2": 0.0025, "exact_match": 0.0}, "loss": {"X_Y_COS": 0.9999999403953552, "X_Y_MSEloss": 4.251757168560744e-09, "X_Y_test_COS": 0.795693039894104, "X_Y_test_MSEloss": 0.0014862120151519775, "X_Y_val_COS": 0.805821418762207, "X_Y_val_MSEloss": 0.0014186938060447574}}