{"train_samples": 10, "test_samples": 200, "source_model": "text-embedding-3-large", "source_dim": 3072, "target_dim": 512, "test_results": {"bleu": 0.05, "bleu1": 8.17, "bleu2": 0.02, "bleu3": 0.01, "bleu4": 0.0, "rougeL": 0.0542, "rouge1": 0.0622, "rouge2": 0.0, "exact_match": 0.0}, "loss": {"X_Y_COS": 1.0, "X_Y_MSEloss": 1.5581387092025722e-12, "X_Y_test_COS": 0.8471105098724365, "X_Y_test_MSEloss": 0.001326182740740478, "X_Y_val_COS": 0.8391844034194946, "X_Y_val_MSEloss": 0.001413390040397644}}