{"train_samples": 50, "test_samples": 200, "source_model": "google/flan-t5-base", "source_dim": 768, "target_dim": 512, "test_results": {"bleu": 0.54, "bleu1": 15.94, "bleu2": 0.98, "bleu3": 0.25, "bleu4": 0.1, "rougeL": 0.0632, "rouge1": 0.0703, "rouge2": 0.0045, "exact_match": 0.0}, "loss": {"X_Y_COS": 1.0, "X_Y_MSEloss": 9.986618476620635e-11, "X_Y_test_COS": 0.9206163287162781, "X_Y_test_MSEloss": 0.0008137515978887677, "X_Y_val_COS": 0.9208778142929077, "X_Y_val_MSEloss": 0.0008314904407598078}}