{"train_samples": 50, "test_samples": 200, "source_model": "sentence-transformers/all-MiniLM-L6-v2", "source_dim": 384, "target_dim": 512, "test_results": {"bleu": 0.19, "bleu1": 12.19, "bleu2": 0.67, "bleu3": 0.02, "bleu4": 0.01, "rougeL": 0.0978, "rouge1": 0.1062, "rouge2": 0.0074, "exact_match": 0.0}, "loss": {"X_Y_COS": 1.0, "X_Y_MSEloss": 3.809336734938995e-10, "X_Y_test_COS": 0.8588110208511353, "X_Y_test_MSEloss": 0.0010034180013462901, "X_Y_val_COS": 0.8663030862808228, "X_Y_val_MSEloss": 0.000989060034044087}}