{"train_samples": 10, "test_samples": 200, "source_model": "text-embedding-ada-002", "source_dim": 1536, "target_dim": 512, "test_results": {"bleu": 0.18, "bleu1": 14.66, "bleu2": 0.75, "bleu3": 0.02, "bleu4": 0.01, "rougeL": 0.1036, "rouge1": 0.1338, "rouge2": 0.0068, "exact_match": 0.0}, "loss": {"X_Y_COS": 1.0, "X_Y_MSEloss": 1.6153577931047182e-15, "X_Y_test_COS": 0.8970164060592651, "X_Y_test_MSEloss": 0.0003821185091510415, "X_Y_val_COS": 0.8961008787155151, "X_Y_val_MSEloss": 0.0003851760411635041}}