{"train_samples": 3, "test_samples": 200, "source_model": "google-t5/t5-base", "source_dim": 768, "target_dim": 512, "test_results": {"bleu": 0.22, "bleu1": 17.26, "bleu2": 0.81, "bleu3": 0.02, "bleu4": 0.01, "rougeL": 0.1074, "rouge1": 0.1305, "rouge2": 0.0101, "exact_match": 0.0}, "loss": {"X_Y_COS": 1.0, "X_Y_MSEloss": 1.5310958056957702e-10, "X_Y_test_COS": 0.923775315284729, "X_Y_test_MSEloss": 0.0007007311214692891, "X_Y_val_COS": 0.921489417552948, "X_Y_val_MSEloss": 0.0007609933381900191}}