{"train_samples": 20, "test_samples": 200, "source_model": "google/flan-t5-base", "source_dim": 768, "target_dim": 512, "test_results": {"bleu": 0.16, "bleu1": 13.32, "bleu2": 0.52, "bleu3": 0.02, "bleu4": 0.01, "rougeL": 0.0575, "rouge1": 0.0666, "rouge2": 0.0079, "exact_match": 0.0}, "loss": {"X_Y_COS": 1.0, "X_Y_MSEloss": 3.5736383572129975e-15, "X_Y_test_COS": 0.9159007668495178, "X_Y_test_MSEloss": 0.00031936331652104855, "X_Y_val_COS": 0.9130399823188782, "X_Y_val_MSEloss": 0.00032964206184260547}}