{"train_samples": 1000, "test_samples": 200, "source_model": "google/flan-t5-base", "source_dim": 768, "target_dim": 512, "test_results": {"bleu": 10.75, "bleu1": 37.41, "bleu2": 12.7, "bleu3": 7.49, "bleu4": 5.42, "rougeL": 0.2798, "rouge1": 0.3497, "rouge2": 0.1296, "exact_match": 0.0}, "loss": {"X_Y_COS": 0.9734051823616028, "X_Y_MSEloss": 0.00010324228787794709, "X_Y_test_COS": 0.9134992957115173, "X_Y_test_MSEloss": 0.0003341279807500541, "X_Y_val_COS": 0.9146444201469421, "X_Y_val_MSEloss": 0.0003288470034021884}}