{"train_samples": 5, "test_samples": 200, "source_model": "google-bert/bert-base-multilingual-cased", "source_dim": 768, "target_dim": 512, "test_results": {"bleu": 0.25, "bleu1": 17.81, "bleu2": 0.92, "bleu3": 0.02, "bleu4": 0.01, "rougeL": 0.1114, "rouge1": 0.141, "rouge2": 0.0067, "exact_match": 0.0}, "loss": {"X_Y_COS": 1.0, "X_Y_MSEloss": 3.408246174536531e-16, "X_Y_test_COS": 0.8694586753845215, "X_Y_test_MSEloss": 0.0005022319382987916, "X_Y_val_COS": 0.8741919994354248, "X_Y_val_MSEloss": 0.0004915522877126932}}