{"train_samples": 1000, "test_samples": 200, "source_model": "sentence-transformers/gtr-t5-base", "source_dim": 768, "target_dim": 512, "test_results": {"bleu": 0.35, "bleu1": 16.3, "bleu2": 1.48, "bleu3": 0.05, "bleu4": 0.01, "rougeL": 0.1268, "rouge1": 0.1425, "rouge2": 0.0128, "exact_match": 0.0}, "loss": {"X_Y_COS": 0.9053165912628174, "X_Y_MSEloss": 0.00046307005686685443, "X_Y_test_COS": 0.037895869463682175, "X_Y_test_MSEloss": 0.0077005550265312195, "X_Y_val_COS": -0.002355253556743264, "X_Y_val_MSEloss": 0.00789722055196762}}