{"train_samples": 1000, "test_samples": 200, "source_model": "text-embedding-ada-002", "source_dim": 1536, "target_dim": 512, "test_results": {"bleu": 0.1, "bleu1": 12.68, "bleu2": 0.07, "bleu3": 0.02, "bleu4": 0.01, "rougeL": 0.05, "rouge1": 0.057, "rouge2": 0.002, "exact_match": 0.0}, "loss": {"X_Y_COS": 0.9391661286354065, "X_Y_MSEloss": 0.00023112479539122432, "X_Y_test_COS": 0.869873583316803, "X_Y_test_MSEloss": 0.00048186018830165267, "X_Y_val_COS": 0.8724074363708496, "X_Y_val_MSEloss": 0.0004736586124636233}}