{"train_samples": 1, "test_samples": 200, "source_model": "google-bert/bert-base-multilingual-cased", "source_dim": 768, "target_dim": 512, "test_results": {"bleu": 0.09, "bleu1": 11.58, "bleu2": 0.16, "bleu3": 0.01, "bleu4": 0.01, "rougeL": 0.0921, "rouge1": 0.1134, "rouge2": 0.0027, "exact_match": 0.0}, "loss": {"X_Y_COS": 0.9999999403953552, "X_Y_MSEloss": 1.5618018652309642e-17, "X_Y_test_COS": 0.8208258748054504, "X_Y_test_MSEloss": 0.0019101209472864866, "X_Y_val_COS": 0.8231033086776733, "X_Y_val_MSEloss": 0.0018496763659641147}}