{"train_samples": 10, "test_samples": 200, "source_model": "random", "source_dim": 768, "target_dim": 512, "test_results": {"bleu": 0.26, "bleu1": 11.25, "bleu2": 0.68, "bleu3": 0.07, "bleu4": 0.01, "rougeL": 0.0714, "rouge1": 0.0843, "rouge2": 0.0057, "exact_match": 0.0}, "loss": {"X_Y_COS": 1.0, "X_Y_MSEloss": 3.1819495927010166e-09, "X_Y_test_COS": -0.019678685814142227, "X_Y_test_MSEloss": 0.0020042909309267998, "X_Y_val_COS": 0.03669659048318863, "X_Y_val_MSEloss": 0.0019479405600577593, "reg_lambda": 0.001}}