{"train_samples": 1000, "test_samples": 200, "source_model": "text-embedding-ada-002", "source_dim": 1536, "target_dim": 512, "test_results": {"bleu": 0.22, "bleu1": 23.18, "bleu2": 1.2, "bleu3": 0.01, "bleu4": 0.01, "rougeL": 0.1347, "rouge1": 0.175, "rouge2": 0.0103, "exact_match": 0.0}, "loss": {"X_Y_COS": 0.9527714252471924, "X_Y_MSEloss": 0.00018057087436318398, "X_Y_test_COS": 0.8996421694755554, "X_Y_test_MSEloss": 0.0003767360176425427, "X_Y_val_COS": 0.9018964767456055, "X_Y_val_MSEloss": 0.00036870024632662535}}