{"train_samples": 1, "test_samples": 200, "source_model": "google-t5/t5-base", "source_dim": 768, "target_dim": 512, "test_results": {"bleu": 0.13, "bleu1": 19.58, "bleu2": 0.09, "bleu3": 0.03, "bleu4": 0.01, "rougeL": 0.1005, "rouge1": 0.1185, "rouge2": 0.0008, "exact_match": 0.0}, "loss": {"X_Y_COS": 1.0, "X_Y_MSEloss": 5.454013383634918e-16, "X_Y_test_COS": 0.8791071176528931, "X_Y_test_MSEloss": 0.0007323285681195557, "X_Y_val_COS": 0.8825755715370178, "X_Y_val_MSEloss": 0.0007370825624093413}}