{"train_samples": 5000, "test_samples": 200, "source_model": "google-t5/t5-base", "source_dim": 768, "target_dim": 512, "test_results": {"bleu": 0.32, "bleu1": 18.8, "bleu2": 1.49, "bleu3": 0.03, "bleu4": 0.02, "rougeL": 0.1431, "rouge1": 0.1828, "rouge2": 0.0155, "exact_match": 0.0}, "loss": {"X_Y_COS": 0.966905415058136, "X_Y_MSEloss": 0.00012857244291808456, "X_Y_test_COS": 0.9590560793876648, "X_Y_test_MSEloss": 0.00015831821656320244, "X_Y_val_COS": 0.9584898352622986, "X_Y_val_MSEloss": 0.00016002160555217415}}