{"train_samples": 5, "test_samples": 200, "source_model": "intfloat/multilingual-e5-base", "source_dim": 768, "target_dim": 512, "test_results": {"bleu": 0.28, "bleu1": 21.12, "bleu2": 1.18, "bleu3": 0.03, "bleu4": 0.01, "rougeL": 0.1141, "rouge1": 0.147, "rouge2": 0.0105, "exact_match": 0.0}, "loss": {"X_Y_COS": 1.0, "X_Y_MSEloss": 3.9443012984204595e-16, "X_Y_test_COS": 0.8310710191726685, "X_Y_test_MSEloss": 0.0006045441841706634, "X_Y_val_COS": 0.8312305212020874, "X_Y_val_MSEloss": 0.0006043052417226136}}