{"train_samples": 3, "test_samples": 200, "source_model": "text-embedding-ada-002", "source_dim": 1536, "target_dim": 512, "test_results": {"bleu": 0.16, "bleu1": 19.5, "bleu2": 0.56, "bleu3": 0.02, "bleu4": 0.01, "rougeL": 0.1002, "rouge1": 0.1159, "rouge2": 0.007, "exact_match": 0.0}, "loss": {"X_Y_COS": 1.0, "X_Y_MSEloss": 8.625105685412414e-16, "X_Y_test_COS": 0.9040185213088989, "X_Y_test_MSEloss": 0.0003602667711675167, "X_Y_val_COS": 0.9043366312980652, "X_Y_val_MSEloss": 0.0003591276181396097}}