{"train_samples": 500, "test_samples": 200, "source_model": "google-bert/bert-base-multilingual-cased", "source_dim": 768, "target_dim": 512, "test_results": {"bleu": 3.44, "bleu1": 27.95, "bleu2": 4.49, "bleu3": 1.5, "bleu4": 0.83, "rougeL": 0.1751, "rouge1": 0.2219, "rouge2": 0.0417, "exact_match": 0.0}, "loss": {"X_Y_COS": 0.9718217849731445, "X_Y_MSEloss": 0.00010942776862066239, "X_Y_test_COS": 0.8247647881507874, "X_Y_test_MSEloss": 0.0006826083408668637, "X_Y_val_COS": 0.8165616989135742, "X_Y_val_MSEloss": 0.0007187545415945351}}