{"train_samples": 1000, "test_samples": 200, "source_model": "random", "source_dim": 768, "target_dim": 512, "test_results": {"bleu": 0.13, "bleu1": 12.03, "bleu2": 0.5, "bleu3": 0.01, "bleu4": 0.01, "rougeL": 0.0753, "rouge1": 0.0923, "rouge2": 0.004, "exact_match": 0.0}, "loss": {"X_Y_COS": 0.8905962109565735, "X_Y_MSEloss": 0.000509807956404984, "X_Y_test_COS": -0.007577597163617611, "X_Y_test_MSEloss": 0.004305633716285229, "X_Y_val_COS": -0.012345809489488602, "X_Y_val_MSEloss": 0.004688537213951349, "reg_lambda": 0.1}}