{"train_samples": 500, "test_samples": 200, "source_model": "google/mt5-base", "source_dim": 768, "target_dim": 512, "test_results": {"bleu": 5.63, "bleu1": 28.63, "bleu2": 6.56, "bleu3": 3.67, "bleu4": 2.63, "rougeL": 0.217, "rouge1": 0.2569, "rouge2": 0.0568, "exact_match": 0.0}, "loss": {"X_Y_COS": 0.9873698949813843, "X_Y_MSEloss": 0.0001511612645117566, "X_Y_test_COS": 0.9301468729972839, "X_Y_test_MSEloss": 0.0006002919399179518, "X_Y_val_COS": 0.9270391464233398, "X_Y_val_MSEloss": 0.000673582311719656}}