{"train_samples": 20, "test_samples": 200, "source_model": "sentence-transformers/gtr-t5-base", "source_dim": 768, "target_dim": 512, "test_results": {"bleu": 0.39, "bleu1": 19.28, "bleu2": 1.2, "bleu3": 0.09, "bleu4": 0.01, "rougeL": 0.1125, "rouge1": 0.1545, "rouge2": 0.0103, "exact_match": 0.0}, "loss": {"X_Y_COS": 1.0, "X_Y_MSEloss": 4.3735580084520336e-16, "X_Y_test_COS": 0.8885326981544495, "X_Y_test_MSEloss": 0.0004632531781680882, "X_Y_val_COS": 0.8887139558792114, "X_Y_val_MSEloss": 0.00046016191481612623}}