{"train_samples": 40, "test_samples": 200, "source_model": "google/mt5-base", "source_dim": 768, "target_dim": 512, "test_results": {"bleu": 0.14, "bleu1": 12.5, "bleu2": 0.33, "bleu3": 0.02, "bleu4": 0.01, "rougeL": 0.0533, "rouge1": 0.0616, "rouge2": 0.0032, "exact_match": 0.0}, "loss": {"X_Y_COS": 1.0, "X_Y_MSEloss": 2.7359020200712868e-14, "X_Y_test_COS": 0.8957791924476624, "X_Y_test_MSEloss": 0.0007159262895584106, "X_Y_val_COS": 0.8919674158096313, "X_Y_val_MSEloss": 0.0007651229971088469}}