{"train_samples": 1000, "test_samples": 200, "source_model": "google/mt5-base", "source_dim": 768, "target_dim": 512, "test_results": {"bleu": 0.65, "bleu1": 18.5, "bleu2": 1.21, "bleu3": 0.33, "bleu4": 0.14, "rougeL": 0.0589, "rouge1": 0.0639, "rouge2": 0.0047, "exact_match": 0.0}, "loss": {"X_Y_COS": 0.9721812009811401, "X_Y_MSEloss": 0.0003112618578597903, "X_Y_test_COS": 0.9386813044548035, "X_Y_test_MSEloss": 0.0006737372605130076, "X_Y_val_COS": 0.94114089012146, "X_Y_val_MSEloss": 0.0006511528044939041}}