{"train_samples": 500, "test_samples": 200, "source_model": "google/flan-t5-base", "source_dim": 768, "target_dim": 512, "test_results": {"bleu": 0.3, "bleu1": 19.66, "bleu2": 1.12, "bleu3": 0.03, "bleu4": 0.02, "rougeL": 0.1491, "rouge1": 0.1845, "rouge2": 0.0159, "exact_match": 0.0}, "loss": {"X_Y_COS": 0.9936625361442566, "X_Y_MSEloss": 4.244933370500803e-05, "X_Y_test_COS": 0.923291802406311, "X_Y_test_MSEloss": 0.0005290023400448263, "X_Y_val_COS": 0.9256051778793335, "X_Y_val_MSEloss": 0.0005117965629324317}}