{"train_samples": 1000, "test_samples": 200, "source_model": "google-t5/t5-base", "source_dim": 768, "target_dim": 512, "test_results": {"bleu": 0.11, "bleu1": 10.31, "bleu2": 0.1, "bleu3": 0.02, "bleu4": 0.01, "rougeL": 0.2317, "rouge1": 0.3229, "rouge2": 0.0344, "exact_match": 0.0}, "loss": {"X_Y_COS": 0.931891918182373, "X_Y_MSEloss": 0.00025762064615264535, "X_Y_test_COS": 0.9148393869400024, "X_Y_test_MSEloss": 0.0003203571541234851, "X_Y_val_COS": 0.9115952849388123, "X_Y_val_MSEloss": 0.00033118552528321743}}