{"train_samples": 20, "test_samples": 200, "source_model": "intfloat/multilingual-e5-base", "source_dim": 768, "target_dim": 512, "test_results": {"bleu": 0.21, "bleu1": 14.78, "bleu2": 0.99, "bleu3": 0.03, "bleu4": 0.01, "rougeL": 0.1158, "rouge1": 0.1313, "rouge2": 0.0086, "exact_match": 0.0}, "loss": {"X_Y_COS": 1.0, "X_Y_MSEloss": 4.2813716460976536e-10, "X_Y_test_COS": 0.9157273769378662, "X_Y_test_MSEloss": 0.0006017705891281366, "X_Y_val_COS": 0.9156715273857117, "X_Y_val_MSEloss": 0.0006133222486823797}}