{"train_samples": 1000, "test_samples": 200, "source_model": "google-bert/bert-base-multilingual-cased", "source_dim": 768, "target_dim": 512, "test_results": {"bleu": 0.42, "bleu1": 17.07, "bleu2": 1.44, "bleu3": 0.11, "bleu4": 0.01, "rougeL": 0.1247, "rouge1": 0.1416, "rouge2": 0.0111, "exact_match": 0.0}, "loss": {"X_Y_COS": 0.9068750143051147, "X_Y_MSEloss": 0.0004401948826853186, "X_Y_test_COS": 0.05842448025941849, "X_Y_test_MSEloss": 0.007255950476974249, "X_Y_val_COS": -0.13705068826675415, "X_Y_val_MSEloss": 0.008226824924349785}}