{"train_samples": 1000, "test_samples": 200, "source_model": "text-embedding-ada-002", "source_dim": 1536, "target_dim": 512, "test_results": {"bleu": 0.85, "bleu1": 9.29, "bleu2": 0.72, "bleu3": 0.4, "bleu4": 0.19, "rougeL": 0.0496, "rouge1": 0.0554, "rouge2": 0.0031, "exact_match": 0.0}, "loss": {"X_Y_COS": 1.0, "X_Y_MSEloss": 4.6091633114364594e-12, "X_Y_test_COS": 0.10796169191598892, "X_Y_test_MSEloss": 0.004839663859456778, "X_Y_val_COS": -0.03746529668569565, "X_Y_val_MSEloss": 0.005658301524817944}}