{"train_samples": 100, "test_samples": 200, "source_model": "text-embedding-3-large", "source_dim": 3072, "target_dim": 512, "test_results": {"bleu": 0.15, "bleu1": 13.7, "bleu2": 0.21, "bleu3": 0.02, "bleu4": 0.01, "rougeL": 0.0999, "rouge1": 0.1122, "rouge2": 0.002, "exact_match": 0.0}, "loss": {"X_Y_COS": 1.0, "X_Y_MSEloss": 2.010719507561376e-10, "X_Y_test_COS": 0.9122554063796997, "X_Y_test_MSEloss": 0.0007884685765020549, "X_Y_val_COS": 0.9157830476760864, "X_Y_val_MSEloss": 0.0007761652814224362}}