{"train_samples": 1000, "test_samples": 200, "source_model": "google-t5/t5-base", "source_dim": 768, "target_dim": 512, "test_results": {"bleu": 0.19, "bleu1": 10.15, "bleu2": 0.26, "bleu3": 0.03, "bleu4": 0.02, "rougeL": 0.0629, "rouge1": 0.0722, "rouge2": 0.0029, "exact_match": 0.0}, "loss": {"X_Y_COS": 0.89527428150177, "X_Y_MSEloss": 0.00046394605305977166, "X_Y_test_COS": 0.033012259751558304, "X_Y_test_MSEloss": 0.009464627131819725, "X_Y_val_COS": -0.04208755865693092, "X_Y_val_MSEloss": 0.009388959966599941}}