{"train_samples": 20, "test_samples": 200, "source_model": "sentence-transformers/gtr-t5-base", "source_dim": 768, "target_dim": 512, "test_results": {"bleu": 0.18, "bleu1": 12.93, "bleu2": 0.76, "bleu3": 0.02, "bleu4": 0.01, "rougeL": 0.1147, "rouge1": 0.1453, "rouge2": 0.0099, "exact_match": 0.0}, "loss": {"X_Y_COS": 1.0, "X_Y_MSEloss": 7.77699435933714e-16, "X_Y_test_COS": 0.8723592758178711, "X_Y_test_MSEloss": 0.000474750209832564, "X_Y_val_COS": 0.8721435070037842, "X_Y_val_MSEloss": 0.0004766981292050332}}