{"train_samples": 500, "test_samples": 200, "source_model": "google-bert/bert-base-multilingual-cased", "source_dim": 768, "target_dim": 512, "test_results": {"bleu": 1.06, "bleu1": 19.58, "bleu2": 1.24, "bleu3": 0.35, "bleu4": 0.24, "rougeL": 0.0766, "rouge1": 0.0924, "rouge2": 0.0129, "exact_match": 0.0}, "loss": {"X_Y_COS": 0.9708653092384338, "X_Y_MSEloss": 0.00011290970724076033, "X_Y_test_COS": 0.8506016135215759, "X_Y_test_MSEloss": 0.0005829652072861791, "X_Y_val_COS": 0.8473341464996338, "X_Y_val_MSEloss": 0.0005937477108091116}}