{"train_samples": 500, "test_samples": 200, "source_model": "intfloat/multilingual-e5-base", "source_dim": 768, "target_dim": 512, "test_results": {"bleu": 0.19, "bleu1": 17.76, "bleu2": 0.86, "bleu3": 0.02, "bleu4": 0.01, "rougeL": 0.1283, "rouge1": 0.1643, "rouge2": 0.0104, "exact_match": 0.0}, "loss": {"X_Y_COS": 0.9813104867935181, "X_Y_MSEloss": 7.260830898303539e-05, "X_Y_test_COS": 0.9131461381912231, "X_Y_test_MSEloss": 0.00033613824052736163, "X_Y_val_COS": 0.9145547747612, "X_Y_val_MSEloss": 0.0003297959337942302}}