{"train_samples": 1, "test_samples": 200, "source_model": "intfloat/multilingual-e5-base", "source_dim": 768, "target_dim": 512, "test_results": {"bleu": 0.17, "bleu1": 16.32, "bleu2": 0.78, "bleu3": 0.01, "bleu4": 0.01, "rougeL": 0.0724, "rouge1": 0.0734, "rouge2": 0.0095, "exact_match": 0.0}, "loss": {"X_Y_COS": 1.0, "X_Y_MSEloss": 4.0247289296468274e-16, "X_Y_test_COS": 0.7767670154571533, "X_Y_test_MSEloss": 0.0007781355525366962, "X_Y_val_COS": 0.7777688503265381, "X_Y_val_MSEloss": 0.0007755772094242275}}