{"train_samples": 500, "test_samples": 200, "source_model": "sentence-transformers/all-MiniLM-L6-v2", "source_dim": 384, "target_dim": 512, "test_results": {"bleu": 0.18, "bleu1": 12.46, "bleu2": 0.61, "bleu3": 0.03, "bleu4": 0.02, "rougeL": 0.035, "rouge1": 0.0389, "rouge2": 0.0039, "exact_match": 0.0}, "loss": {"X_Y_COS": 0.9733869433403015, "X_Y_MSEloss": 0.00012981142208445817, "X_Y_test_COS": 0.49651437997817993, "X_Y_test_MSEloss": 0.0024381622206419706, "X_Y_val_COS": 0.5114322304725647, "X_Y_val_MSEloss": 0.0025029226671904325}}