{"train_samples": 30, "test_samples": 200, "source_model": "sentence-transformers/gtr-t5-base", "source_dim": 768, "target_dim": 512, "test_results": {"bleu": 0.14, "bleu1": 10.33, "bleu2": 0.3, "bleu3": 0.02, "bleu4": 0.01, "rougeL": 0.0682, "rouge1": 0.078, "rouge2": 0.0104, "exact_match": 0.0}, "loss": {"X_Y_COS": 1.0, "X_Y_MSEloss": 1.4029871882315081e-11, "X_Y_test_COS": 0.8907724022865295, "X_Y_test_MSEloss": 0.000848031893838197, "X_Y_val_COS": 0.8867837190628052, "X_Y_val_MSEloss": 0.0009209128329530358}}