{"train_samples": 3, "test_samples": 200, "source_model": "google/flan-t5-base", "source_dim": 768, "target_dim": 512, "test_results": {"bleu": 0.2, "bleu1": 19.73, "bleu2": 1.0, "bleu3": 0.01, "bleu4": 0.01, "rougeL": 0.1045, "rouge1": 0.1295, "rouge2": 0.0079, "exact_match": 0.0}, "loss": {"X_Y_COS": 1.0, "X_Y_MSEloss": 4.418782156297125e-16, "X_Y_test_COS": 0.8108340501785278, "X_Y_test_MSEloss": 0.0007624052232131362, "X_Y_val_COS": 0.8109061121940613, "X_Y_val_MSEloss": 0.0007574182818643749}}