{"train_samples": 20, "test_samples": 200, "source_model": "google-t5/t5-base", "source_dim": 768, "target_dim": 512, "test_results": {"bleu": 0.31, "bleu1": 15.27, "bleu2": 0.9, "bleu3": 0.1, "bleu4": 0.01, "rougeL": 0.0777, "rouge1": 0.0932, "rouge2": 0.0109, "exact_match": 0.0}, "loss": {"X_Y_COS": 1.0, "X_Y_MSEloss": 3.767886728940932e-15, "X_Y_test_COS": 0.8876113891601562, "X_Y_test_MSEloss": 0.0004153064510319382, "X_Y_val_COS": 0.8866744041442871, "X_Y_val_MSEloss": 0.0004198133829049766}}