{"train_samples": 50, "test_samples": 200, "source_model": "google-bert/bert-base-multilingual-cased", "source_dim": 768, "target_dim": 512, "test_results": {"bleu": 0.2, "bleu1": 14.04, "bleu2": 0.65, "bleu3": 0.02, "bleu4": 0.01, "rougeL": 0.1096, "rouge1": 0.1207, "rouge2": 0.0078, "exact_match": 0.0}, "loss": {"X_Y_COS": 1.0, "X_Y_MSEloss": 1.6641419145480008e-13, "X_Y_test_COS": 0.8907083868980408, "X_Y_test_MSEloss": 0.0004139131342526525, "X_Y_val_COS": 0.8944051861763, "X_Y_val_MSEloss": 0.000402575358748436}}