{"train_samples": 40, "test_samples": 200, "source_model": "sentence-transformers/gtr-t5-base", "source_dim": 768, "target_dim": 512, "test_results": {"bleu": 0.21, "bleu1": 10.88, "bleu2": 0.43, "bleu3": 0.04, "bleu4": 0.02, "rougeL": 0.0568, "rouge1": 0.065, "rouge2": 0.0055, "exact_match": 0.0}, "loss": {"X_Y_COS": 1.0, "X_Y_MSEloss": 1.749343942272774e-14, "X_Y_test_COS": 0.9115233421325684, "X_Y_test_MSEloss": 0.00034311070339754224, "X_Y_val_COS": 0.9100944399833679, "X_Y_val_MSEloss": 0.0003460645966697484}}