{"train_samples": 50, "test_samples": 200, "source_model": "text-embedding-3-large", "source_dim": 3072, "target_dim": 512, "test_results": {"bleu": 0.9, "bleu1": 22.35, "bleu2": 1.87, "bleu3": 0.35, "bleu4": 0.05, "rougeL": 0.1327, "rouge1": 0.1754, "rouge2": 0.0183, "exact_match": 0.0}, "loss": {"X_Y_COS": 1.0, "X_Y_MSEloss": 1.628634928673811e-15, "X_Y_test_COS": 0.8520834445953369, "X_Y_test_MSEloss": 0.0006147489766590297, "X_Y_val_COS": 0.8475356101989746, "X_Y_val_MSEloss": 0.0006420541903935373}}