{"train_samples": 1000, "test_samples": 200, "source_model": "google-t5/t5-base", "source_dim": 768, "target_dim": 512, "test_results": {"bleu": 1.29, "bleu1": 10.35, "bleu2": 1.3, "bleu3": 0.7, "bleu4": 0.29, "rougeL": 0.0497, "rouge1": 0.0565, "rouge2": 0.0023, "exact_match": 0.0}, "loss": {"X_Y_COS": 0.9736084342002869, "X_Y_MSEloss": 0.00018610936240293086, "X_Y_test_COS": 0.2677742838859558, "X_Y_test_MSEloss": 0.0039070770144462585, "X_Y_val_COS": 0.4062514901161194, "X_Y_val_MSEloss": 0.0031497979070991278}}