{"epoch": 0, "dev_acc": 53.5, "test_acc": 59.0, "test_f1": 58.60999999999999, "test_roc": 72.57000000000001}