{"train_samples": 3, "test_samples": 200, "source_model": "sentence-transformers/gtr-t5-base", "source_dim": 768, "target_dim": 512, "test_results": {"bleu": 0.04, "bleu1": 6.67, "bleu2": 0.02, "bleu3": 0.01, "bleu4": 0.01, "rougeL": 0.0123, "rouge1": 0.0127, "rouge2": 0.0, "exact_match": 0.0}, "loss": {"X_Y_COS": 1.0, "X_Y_MSEloss": 2.2938723143184347e-10, "X_Y_test_COS": 0.899577796459198, "X_Y_test_MSEloss": 0.0010823782067745924, "X_Y_val_COS": 0.8985901474952698, "X_Y_val_MSEloss": 0.0012030024081468582}}