{"train_samples": 10, "test_samples": 200, "source_model": "text-embedding-ada-002", "source_dim": 1536, "target_dim": 512, "test_results": {"bleu": 0.1, "bleu1": 9.85, "bleu2": 0.08, "bleu3": 0.01, "bleu4": 0.01, "rougeL": 0.0009, "rouge1": 0.0009, "rouge2": 0.0, "exact_match": 0.0}, "loss": {"X_Y_COS": 1.0, "X_Y_MSEloss": 1.1060973388973177e-15, "X_Y_test_COS": 0.8909460306167603, "X_Y_test_MSEloss": 0.0004024185473099351, "X_Y_val_COS": 0.8939212560653687, "X_Y_val_MSEloss": 0.0003920279268641025}}