{"train_samples": 5, "test_samples": 200, "source_model": "intfloat/multilingual-e5-base", "source_dim": 768, "target_dim": 512, "test_results": {"bleu": 0.11, "bleu1": 14.86, "bleu2": 0.3, "bleu3": 0.01, "bleu4": 0.01, "rougeL": 0.0492, "rouge1": 0.0539, "rouge2": 0.0018, "exact_match": 0.0}, "loss": {"X_Y_COS": 0.9999999403953552, "X_Y_MSEloss": 2.648433417018481e-10, "X_Y_test_COS": 0.8936141133308411, "X_Y_test_MSEloss": 0.0010569050209596753, "X_Y_val_COS": 0.8972103595733643, "X_Y_val_MSEloss": 0.001011200132779777}}