{"train_samples": 50, "test_samples": 200, "source_model": "text-embedding-ada-002", "source_dim": 1536, "target_dim": 512, "test_results": {"bleu": 0.21, "bleu1": 14.57, "bleu2": 0.54, "bleu3": 0.02, "bleu4": 0.01, "rougeL": 0.09, "rouge1": 0.1161, "rouge2": 0.0053, "exact_match": 0.0}, "loss": {"X_Y_COS": 1.0, "X_Y_MSEloss": 3.739403231506344e-10, "X_Y_test_COS": 0.8500518798828125, "X_Y_test_MSEloss": 0.0012415031669661403, "X_Y_val_COS": 0.8488892912864685, "X_Y_val_MSEloss": 0.0012372690252959728}}