{"train_samples": 40, "test_samples": 200, "source_model": "google/flan-t5-base", "source_dim": 768, "target_dim": 512, "test_results": {"bleu": 0.21, "bleu1": 16.49, "bleu2": 0.9, "bleu3": 0.03, "bleu4": 0.01, "rougeL": 0.1198, "rouge1": 0.1387, "rouge2": 0.0081, "exact_match": 0.0}, "loss": {"X_Y_COS": 1.0, "X_Y_MSEloss": 2.195009590755248e-10, "X_Y_test_COS": 0.9176432490348816, "X_Y_test_MSEloss": 0.0005876311333850026, "X_Y_val_COS": 0.9181545972824097, "X_Y_val_MSEloss": 0.0005957225803285837}}