{"train_samples": 1, "test_samples": 200, "source_model": "sentence-transformers/all-MiniLM-L6-v2", "source_dim": 384, "target_dim": 512, "test_results": {"bleu": 0.33, "bleu1": 12.97, "bleu2": 1.24, "bleu3": 0.05, "bleu4": 0.03, "rougeL": 0.1056, "rouge1": 0.1239, "rouge2": 0.0122, "exact_match": 0.0}, "loss": {"X_Y_COS": 1.0, "X_Y_MSEloss": 2.116849949334172e-16, "X_Y_test_COS": 0.31551188230514526, "X_Y_test_MSEloss": 0.001819429686293006, "X_Y_val_COS": 0.3477899134159088, "X_Y_val_MSEloss": 0.0018209550762549043}}