{"train_samples": 5, "test_samples": 200, "source_model": "intfloat/multilingual-e5-base", "source_dim": 768, "target_dim": 512, "test_results": {"bleu": 0.17, "bleu1": 15.4, "bleu2": 0.78, "bleu3": 0.02, "bleu4": 0.01, "rougeL": 0.1141, "rouge1": 0.1503, "rouge2": 0.0094, "exact_match": 0.0}, "loss": {"X_Y_COS": 1.0, "X_Y_MSEloss": 1.3459465486587163e-10, "X_Y_test_COS": 0.8922817707061768, "X_Y_test_MSEloss": 0.0007249084883369505, "X_Y_val_COS": 0.8940057158470154, "X_Y_val_MSEloss": 0.0006878474378027022}}