{"train_samples": 10, "test_samples": 200, "source_model": "google/mt5-base", "source_dim": 768, "target_dim": 512, "test_results": {"bleu": 0.13, "bleu1": 15.45, "bleu2": 0.4, "bleu3": 0.01, "bleu4": 0.01, "rougeL": 0.0508, "rouge1": 0.0561, "rouge2": 0.0034, "exact_match": 0.0}, "loss": {"X_Y_COS": 1.0, "X_Y_MSEloss": 2.5893356903061715e-10, "X_Y_test_COS": 0.865091860294342, "X_Y_test_MSEloss": 0.0012818309478461742, "X_Y_val_COS": 0.8711678981781006, "X_Y_val_MSEloss": 0.0012406415771692991}}