{"train_samples": 1, "test_samples": 200, "source_model": "text-embedding-3-large", "source_dim": 3072, "target_dim": 512, "test_results": {"bleu": 0.04, "bleu1": 5.11, "bleu2": 0.02, "bleu3": 0.01, "bleu4": 0.0, "rougeL": 0.014, "rouge1": 0.014, "rouge2": 0.0, "exact_match": 0.0}, "loss": {"X_Y_COS": 1.0, "X_Y_MSEloss": 1.7683410886876972e-17, "X_Y_test_COS": 0.8324645757675171, "X_Y_test_MSEloss": 0.002540572779253125, "X_Y_val_COS": 0.8380604386329651, "X_Y_val_MSEloss": 0.002595032099634409}}