{"train_samples": 30, "test_samples": 200, "source_model": "sentence-transformers/all-MiniLM-L6-v2", "source_dim": 384, "target_dim": 512, "test_results": {"bleu": 0.54, "bleu1": 13.29, "bleu2": 0.65, "bleu3": 0.18, "bleu4": 0.11, "rougeL": 0.0678, "rouge1": 0.0837, "rouge2": 0.0054, "exact_match": 0.0}, "loss": {"X_Y_COS": 1.0, "X_Y_MSEloss": 6.029121226249802e-16, "X_Y_test_COS": 0.5480705499649048, "X_Y_test_MSEloss": 0.0013045694213360548, "X_Y_val_COS": 0.5526583194732666, "X_Y_val_MSEloss": 0.0012445112224668264}}