{"train_samples": 20, "test_samples": 200, "source_model": "intfloat/multilingual-e5-base", "source_dim": 768, "target_dim": 512, "test_results": {"bleu": 0.48, "bleu1": 15.12, "bleu2": 0.74, "bleu3": 0.19, "bleu4": 0.05, "rougeL": 0.1082, "rouge1": 0.1279, "rouge2": 0.0082, "exact_match": 0.0}, "loss": {"X_Y_COS": 1.0, "X_Y_MSEloss": 5.176695738740023e-10, "X_Y_test_COS": 0.9419878125190735, "X_Y_test_MSEloss": 0.0005097131943330169, "X_Y_val_COS": 0.942826509475708, "X_Y_val_MSEloss": 0.0005342848598957062}}