{"train_samples": 3, "test_samples": 200, "source_model": "text-embedding-ada-002", "source_dim": 1536, "target_dim": 512, "test_results": {"bleu": 0.07, "bleu1": 7.89, "bleu2": 0.04, "bleu3": 0.02, "bleu4": 0.01, "rougeL": 0.0101, "rouge1": 0.0101, "rouge2": 0.0, "exact_match": 0.0}, "loss": {"X_Y_COS": 1.0, "X_Y_MSEloss": 2.637604024080531e-10, "X_Y_test_COS": 0.8990241289138794, "X_Y_test_MSEloss": 0.0008696657023392618, "X_Y_val_COS": 0.8990746736526489, "X_Y_val_MSEloss": 0.0008916989318095148}}