{"train_samples": 10, "test_samples": 200, "source_model": "google-bert/bert-base-multilingual-cased", "source_dim": 768, "target_dim": 512, "test_results": {"bleu": 0.58, "bleu1": 18.45, "bleu2": 1.09, "bleu3": 0.14, "bleu4": 0.05, "rougeL": 0.1156, "rouge1": 0.1492, "rouge2": 0.0112, "exact_match": 0.0}, "loss": {"X_Y_COS": 1.0, "X_Y_MSEloss": 1.713897357369376e-10, "X_Y_test_COS": 0.878183901309967, "X_Y_test_MSEloss": 0.0009411500068381429, "X_Y_val_COS": 0.8856716752052307, "X_Y_val_MSEloss": 0.0008780504576861858}}