{"train_samples": 30, "test_samples": 200, "source_model": "intfloat/multilingual-e5-base", "source_dim": 768, "target_dim": 512, "test_results": {"bleu": 0.95, "bleu1": 22.7, "bleu2": 1.33, "bleu3": 0.25, "bleu4": 0.11, "rougeL": 0.1474, "rouge1": 0.2001, "rouge2": 0.0167, "exact_match": 0.0}, "loss": {"X_Y_COS": 1.0, "X_Y_MSEloss": 1.9643022017984402e-13, "X_Y_test_COS": 0.9056066870689392, "X_Y_test_MSEloss": 0.0003518977318890393, "X_Y_val_COS": 0.9071897864341736, "X_Y_val_MSEloss": 0.000346656481269747}}