{"train_samples": 30, "test_samples": 200, "source_model": "sentence-transformers/gtr-t5-base", "source_dim": 768, "target_dim": 512, "test_results": {"bleu": 10.7, "bleu1": 25.47, "bleu2": 9.58, "bleu3": 8.21, "bleu4": 7.59, "rougeL": 0.189, "rouge1": 0.2259, "rouge2": 0.0921, "exact_match": 0.0}, "loss": {"X_Y_COS": 0.9999999403953552, "X_Y_MSEloss": 1.0105107861591023e-09, "X_Y_test_COS": 0.902675986289978, "X_Y_test_MSEloss": 0.00039149721851572394, "X_Y_val_COS": 0.9085457921028137, "X_Y_val_MSEloss": 0.00037446929491125047, "reg_lambda": 0.001}}