{"train_samples": 30, "test_samples": 200, "source_model": "google/mt5-base", "source_dim": 768, "target_dim": 512, "test_results": {"bleu": 0.12, "bleu1": 9.98, "bleu2": 0.17, "bleu3": 0.02, "bleu4": 0.01, "rougeL": 0.0449, "rouge1": 0.0496, "rouge2": 0.0007, "exact_match": 0.0}, "loss": {"X_Y_COS": 1.0, "X_Y_MSEloss": 4.686004188847459e-13, "X_Y_test_COS": 0.8501612544059753, "X_Y_test_MSEloss": 0.0005606692284345627, "X_Y_val_COS": 0.8461520075798035, "X_Y_val_MSEloss": 0.000569830765016377}}