{"train_samples": 1, "test_samples": 200, "source_model": "google-bert/bert-base-multilingual-cased", "source_dim": 768, "target_dim": 512, "test_results": {"bleu": 0.05, "bleu1": 7.0, "bleu2": 0.02, "bleu3": 0.01, "bleu4": 0.01, "rougeL": 0.0182, "rouge1": 0.0182, "rouge2": 0.0, "exact_match": 0.0}, "loss": {"X_Y_COS": 1.0, "X_Y_MSEloss": 1.7703777727919253e-17, "X_Y_test_COS": 0.8324644565582275, "X_Y_test_MSEloss": 0.001350504462607205, "X_Y_val_COS": 0.8380602598190308, "X_Y_val_MSEloss": 0.0013403433840721846}}