{"train_samples": 1, "test_samples": 200, "source_model": "intfloat/multilingual-e5-base", "source_dim": 768, "target_dim": 512, "test_results": {"bleu": 0.09, "bleu1": 12.89, "bleu2": 0.08, "bleu3": 0.02, "bleu4": 0.01, "rougeL": 0.0192, "rouge1": 0.0195, "rouge2": 0.0, "exact_match": 0.0}, "loss": {"X_Y_COS": 1.0, "X_Y_MSEloss": 3.443266222345168e-16, "X_Y_test_COS": 0.7557917833328247, "X_Y_test_MSEloss": 0.0008387361885979772, "X_Y_val_COS": 0.751420795917511, "X_Y_val_MSEloss": 0.0008508595055900514}}