{"train_samples": 1000, "test_samples": 200, "source_model": "google/mt5-base", "source_dim": 768, "target_dim": 512, "test_results": {"bleu": 8.88, "bleu1": 41.95, "bleu2": 14.28, "bleu3": 4.96, "bleu4": 2.09, "rougeL": 0.345, "rouge1": 0.4366, "rouge2": 0.1538, "exact_match": 0.0}, "loss": {"X_Y_COS": 0.986450731754303, "X_Y_MSEloss": 5.316705210134387e-05, "X_Y_test_COS": 0.943756103515625, "X_Y_test_MSEloss": 0.00021766974532511085, "X_Y_val_COS": 0.9442402720451355, "X_Y_val_MSEloss": 0.0002152859524358064}}