{"train_samples": 30, "test_samples": 200, "source_model": "sentence-transformers/gtr-t5-base", "source_dim": 768, "target_dim": 512, "test_results": {"bleu": 0.04, "bleu1": 8.3, "bleu2": 0.01, "bleu3": 0.01, "bleu4": 0.0, "rougeL": 0.0027, "rouge1": 0.0027, "rouge2": 0.0, "exact_match": 0.0}, "loss": {"X_Y_COS": 0.9931333065032959, "X_Y_MSEloss": 2.6268502551829442e-05, "X_Y_test_COS": 0.8561668395996094, "X_Y_test_MSEloss": 0.0005378927453421056, "X_Y_val_COS": 0.8551487326622009, "X_Y_val_MSEloss": 0.0005450585740618408}}