{"train_samples": 1000, "test_samples": 200, "source_model": "text-embedding-ada-002", "source_dim": 1536, "target_dim": 512, "test_results": {"bleu": 0.45, "bleu1": 22.24, "bleu2": 1.47, "bleu3": 0.09, "bleu4": 0.03, "rougeL": 0.1273, "rouge1": 0.1413, "rouge2": 0.0082, "exact_match": 0.0}, "loss": {"X_Y_COS": 0.9601603150367737, "X_Y_MSEloss": 0.0001530245936010033, "X_Y_test_COS": 0.9151970744132996, "X_Y_test_MSEloss": 0.00032051431480795145, "X_Y_val_COS": 0.9162890911102295, "X_Y_val_MSEloss": 0.0003166479291394353}}