{"train_samples": 20, "test_samples": 200, "source_model": "text-embedding-ada-002", "source_dim": 1536, "target_dim": 512, "test_results": {"bleu": 0.35, "bleu1": 15.27, "bleu2": 0.81, "bleu3": 0.06, "bleu4": 0.02, "rougeL": 0.107, "rouge1": 0.1415, "rouge2": 0.0106, "exact_match": 0.0}, "loss": {"X_Y_COS": 1.0, "X_Y_MSEloss": 7.247728045706777e-15, "X_Y_test_COS": 0.9154925346374512, "X_Y_test_MSEloss": 0.00031633838079869747, "X_Y_val_COS": 0.9151432514190674, "X_Y_val_MSEloss": 0.00031771749490872025}}