{"train_samples": 40, "test_samples": 200, "source_model": "text-embedding-3-large", "source_dim": 3072, "target_dim": 512, "test_results": {"bleu": 0.23, "bleu1": 13.65, "bleu2": 1.15, "bleu3": 0.02, "bleu4": 0.01, "rougeL": 0.1247, "rouge1": 0.1449, "rouge2": 0.0119, "exact_match": 0.0}, "loss": {"X_Y_COS": 1.0, "X_Y_MSEloss": 3.496618710110348e-15, "X_Y_test_COS": 0.9194605946540833, "X_Y_test_MSEloss": 0.0006485115736722946, "X_Y_val_COS": 0.921282947063446, "X_Y_val_MSEloss": 0.00063962338026613}}