{"train_samples": 500, "test_samples": 200, "source_model": "google-t5/t5-base", "source_dim": 768, "target_dim": 512, "test_results": {"bleu": 29.68, "bleu1": 50.25, "bleu2": 30.83, "bleu3": 25.44, "bleu4": 22.67, "rougeL": 0.4304, "rouge1": 0.4931, "rouge2": 0.3104, "exact_match": 0.0}, "loss": {"X_Y_COS": 0.9902990460395813, "X_Y_MSEloss": 3.9083013689378276e-05, "X_Y_test_COS": 0.952307403087616, "X_Y_test_MSEloss": 0.00018305417324882, "X_Y_val_COS": 0.948310375213623, "X_Y_val_MSEloss": 0.00019740394782274961, "reg_lambda": 0.1}}