{"train_samples": 300, "test_samples": 200, "source_model": "google/mt5-base", "source_dim": 768, "target_dim": 512, "test_results": {"bleu": 23.86, "bleu1": 41.93, "bleu2": 23.98, "bleu3": 20.44, "bleu4": 18.46, "rougeL": 0.3611, "rouge1": 0.4027, "rouge2": 0.2408, "exact_match": 0.0}, "loss": {"X_Y_COS": 0.9949610829353333, "X_Y_MSEloss": 2.0359422705951147e-05, "X_Y_test_COS": 0.9102442860603333, "X_Y_test_MSEloss": 0.0003497767320368439, "X_Y_val_COS": 0.9150398969650269, "X_Y_val_MSEloss": 0.00033215025905519724, "reg_lambda": 0.01}}