{"train_samples": 1000, "test_samples": 200, "source_model": "google-bert/bert-base-multilingual-cased", "source_dim": 768, "target_dim": 512, "test_results": {"bleu": 0.12, "bleu1": 10.17, "bleu2": 0.15, "bleu3": 0.02, "bleu4": 0.01, "rougeL": 0.0616, "rouge1": 0.0694, "rouge2": 0.0014, "exact_match": 0.0}, "loss": {"X_Y_COS": 0.9067067503929138, "X_Y_MSEloss": 0.0004243251169100404, "X_Y_test_COS": 0.027235068380832672, "X_Y_test_MSEloss": 0.00841708853840828, "X_Y_val_COS": 0.05835673213005066, "X_Y_val_MSEloss": 0.007545390632003546}}