{"train_samples": 5, "test_samples": 200, "source_model": "google/flan-t5-base", "source_dim": 768, "target_dim": 512, "test_results": {"bleu": 0.49, "bleu1": 18.64, "bleu2": 0.85, "bleu3": 0.08, "bleu4": 0.04, "rougeL": 0.1143, "rouge1": 0.1489, "rouge2": 0.0123, "exact_match": 0.0}, "loss": {"X_Y_COS": 1.0, "X_Y_MSEloss": 3.822636132854812e-16, "X_Y_test_COS": 0.8670202493667603, "X_Y_test_MSEloss": 0.000522271147929132, "X_Y_val_COS": 0.8651605248451233, "X_Y_val_MSEloss": 0.0005346902180463076}}