{"train_samples": 40, "test_samples": 200, "source_model": "google/mt5-base", "source_dim": 768, "target_dim": 512, "test_results": {"bleu": 0.12, "bleu1": 12.3, "bleu2": 0.21, "bleu3": 0.02, "bleu4": 0.01, "rougeL": 0.0345, "rouge1": 0.0374, "rouge2": 0.002, "exact_match": 0.0}, "loss": {"X_Y_COS": 1.0, "X_Y_MSEloss": 3.429451167491493e-12, "X_Y_test_COS": 0.8901447653770447, "X_Y_test_MSEloss": 0.0004114204493816942, "X_Y_val_COS": 0.8923261761665344, "X_Y_val_MSEloss": 0.0004021830391138792}}