{"train_samples": 50, "test_samples": 200, "source_model": "text-embedding-3-large", "source_dim": 3072, "target_dim": 512, "test_results": {"bleu": 0.14, "bleu1": 13.33, "bleu2": 0.09, "bleu3": 0.03, "bleu4": 0.02, "rougeL": 0.0209, "rouge1": 0.0215, "rouge2": 0.0, "exact_match": 0.0}, "loss": {"X_Y_COS": 1.0, "X_Y_MSEloss": 2.379612857401816e-15, "X_Y_test_COS": 0.8899563550949097, "X_Y_test_MSEloss": 0.00042355863843113184, "X_Y_val_COS": 0.88504558801651, "X_Y_val_MSEloss": 0.0004370915412437171}}