{"train_samples": 20, "test_samples": 200, "source_model": "google/flan-t5-base", "source_dim": 768, "target_dim": 512, "test_results": {"bleu": 0.59, "bleu1": 16.51, "bleu2": 1.14, "bleu3": 0.14, "bleu4": 0.09, "rougeL": 0.0864, "rouge1": 0.0995, "rouge2": 0.0083, "exact_match": 0.0}, "loss": {"X_Y_COS": 1.0, "X_Y_MSEloss": 1.0683680562068878e-15, "X_Y_test_COS": 0.8431928753852844, "X_Y_test_MSEloss": 0.0005670546088367701, "X_Y_val_COS": 0.85090571641922, "X_Y_val_MSEloss": 0.0005426789866760373}}