{"train_samples": 40, "test_samples": 200, "source_model": "google-t5/t5-base", "source_dim": 768, "target_dim": 512, "test_results": {"bleu": 0.19, "bleu1": 10.82, "bleu2": 0.14, "bleu3": 0.06, "bleu4": 0.02, "rougeL": 0.0106, "rouge1": 0.0106, "rouge2": 0.0, "exact_match": 0.0}, "loss": {"X_Y_COS": 1.0, "X_Y_MSEloss": 2.8387914848687634e-13, "X_Y_test_COS": 0.911472499370575, "X_Y_test_MSEloss": 0.0003317020018585026, "X_Y_val_COS": 0.9097824096679688, "X_Y_val_MSEloss": 0.00033905188320204616}}