{"train_samples": 30, "test_samples": 200, "source_model": "google-bert/bert-base-multilingual-cased", "source_dim": 768, "target_dim": 512, "test_results": {"bleu": 0.17, "bleu1": 16.66, "bleu2": 0.47, "bleu3": 0.01, "bleu4": 0.01, "rougeL": 0.103, "rouge1": 0.1183, "rouge2": 0.0027, "exact_match": 0.0}, "loss": {"X_Y_COS": 1.0, "X_Y_MSEloss": 1.5632128566849673e-14, "X_Y_test_COS": 0.9083425402641296, "X_Y_test_MSEloss": 0.0003462090389803052, "X_Y_val_COS": 0.9110906720161438, "X_Y_val_MSEloss": 0.0003356383240316063}}