{"train_samples": 50, "test_samples": 200, "source_model": "text-embedding-ada-002", "source_dim": 1536, "target_dim": 512, "test_results": {"bleu": 0.09, "bleu1": 9.18, "bleu2": 0.08, "bleu3": 0.02, "bleu4": 0.01, "rougeL": 0.0867, "rouge1": 0.098, "rouge2": 0.0011, "exact_match": 0.0}, "loss": {"X_Y_COS": 1.0, "X_Y_MSEloss": 2.8065887287820335e-12, "X_Y_test_COS": 0.8128524422645569, "X_Y_test_MSEloss": 0.0006665846449322999, "X_Y_val_COS": 0.8160284161567688, "X_Y_val_MSEloss": 0.0006558176828548312}}