{"train_samples": 5000, "test_samples": 200, "source_model": "google-bert/bert-base-multilingual-cased", "source_dim": 768, "target_dim": 512, "test_results": {"bleu": 30.08, "bleu1": 49.64, "bleu2": 30.89, "bleu3": 25.77, "bleu4": 23.14, "rougeL": 0.4278, "rouge1": 0.4842, "rouge2": 0.3082, "exact_match": 0.0}, "loss": {"X_Y_COS": 0.9502377510070801, "X_Y_MSEloss": 0.00019031974079553038, "X_Y_test_COS": 0.9425492882728577, "X_Y_test_MSEloss": 0.0002183222386520356, "X_Y_val_COS": 0.943281888961792, "X_Y_val_MSEloss": 0.00021585325885098428}}