{"train_samples": 100, "test_samples": 200, "source_model": "text-embedding-3-large", "source_dim": 3072, "target_dim": 512, "test_results": {"bleu": 0.23, "bleu1": 17.59, "bleu2": 1.03, "bleu3": 0.02, "bleu4": 0.01, "rougeL": 0.1419, "rouge1": 0.1649, "rouge2": 0.0114, "exact_match": 0.0}, "loss": {"X_Y_COS": 1.0, "X_Y_MSEloss": 8.99817668834936e-15, "X_Y_test_COS": 0.9341753721237183, "X_Y_test_MSEloss": 0.00026452724705450237, "X_Y_val_COS": 0.9355199933052063, "X_Y_val_MSEloss": 0.0002577463164925575}}