{"train_samples": 40, "test_samples": 200, "source_model": "google-bert/bert-base-multilingual-cased", "source_dim": 768, "target_dim": 512, "test_results": {"bleu": 0.07, "bleu1": 10.16, "bleu2": 0.03, "bleu3": 0.02, "bleu4": 0.01, "rougeL": 0.0094, "rouge1": 0.0099, "rouge2": 0.0, "exact_match": 0.0}, "loss": {"X_Y_COS": 1.0, "X_Y_MSEloss": 1.9229687558009606e-13, "X_Y_test_COS": 0.8995715379714966, "X_Y_test_MSEloss": 0.00037526353844441473, "X_Y_val_COS": 0.8969252705574036, "X_Y_val_MSEloss": 0.0003848357009701431}}