{"train_samples": 1, "test_samples": 200, "source_model": "text-embedding-3-large", "source_dim": 3072, "target_dim": 512, "test_results": {"bleu": 0.04, "bleu1": 8.43, "bleu2": 0.01, "bleu3": 0.01, "bleu4": 0.0, "rougeL": 0.0018, "rouge1": 0.0018, "rouge2": 0.0, "exact_match": 0.0}, "loss": {"X_Y_COS": 1.0, "X_Y_MSEloss": 9.555888882977585e-17, "X_Y_test_COS": 0.71182781457901, "X_Y_test_MSEloss": 0.0016987132839858532, "X_Y_val_COS": 0.6852983236312866, "X_Y_val_MSEloss": 0.0017022901447489858}}