{"train_samples": 100, "test_samples": 200, "source_model": "sentence-transformers/all-MiniLM-L6-v2", "source_dim": 384, "target_dim": 512, "test_results": {"bleu": 0.17, "bleu1": 11.74, "bleu2": 0.52, "bleu3": 0.02, "bleu4": 0.01, "rougeL": 0.0847, "rouge1": 0.0899, "rouge2": 0.0045, "exact_match": 0.0}, "loss": {"X_Y_COS": 0.9999998211860657, "X_Y_MSEloss": 5.584600337726897e-09, "X_Y_test_COS": 0.8375630974769592, "X_Y_test_MSEloss": 0.0011746633099392056, "X_Y_val_COS": 0.8451926708221436, "X_Y_val_MSEloss": 0.001154141267761588}}