{"train_samples": 1000, "test_samples": 200, "source_model": "text-embedding-3-large", "source_dim": 3072, "target_dim": 512, "test_results": {"bleu": 3.61, "bleu1": 28.69, "bleu2": 5.01, "bleu3": 1.69, "bleu4": 0.76, "rougeL": 0.2014, "rouge1": 0.2879, "rouge2": 0.0529, "exact_match": 0.0}, "loss": {"X_Y_COS": 0.9990520477294922, "X_Y_MSEloss": 3.778224709094502e-06, "X_Y_test_COS": 0.8718916773796082, "X_Y_test_MSEloss": 0.0005067561287432909, "X_Y_val_COS": 0.8647265434265137, "X_Y_val_MSEloss": 0.0005267270025797188}}