{"train_samples": 3, "test_samples": 200, "source_model": "intfloat/multilingual-e5-base", "source_dim": 768, "target_dim": 512, "test_results": {"bleu": 0.09, "bleu1": 8.74, "bleu2": 0.08, "bleu3": 0.01, "bleu4": 0.01, "rougeL": 0.0359, "rouge1": 0.0398, "rouge2": 0.0003, "exact_match": 0.0}, "loss": {"X_Y_COS": 1.0, "X_Y_MSEloss": 4.4310384583460985e-16, "X_Y_test_COS": 0.8834736943244934, "X_Y_test_MSEloss": 0.0004296349361538887, "X_Y_val_COS": 0.8849195837974548, "X_Y_val_MSEloss": 0.0004245287855155766}}