{"train_samples": 500, "test_samples": 200, "source_model": "google/mt5-base", "source_dim": 768, "target_dim": 512, "test_results": {"bleu": 0.97, "bleu1": 17.86, "bleu2": 1.4, "bleu3": 0.35, "bleu4": 0.21, "rougeL": 0.087, "rouge1": 0.1004, "rouge2": 0.0123, "exact_match": 0.0}, "loss": {"X_Y_COS": 0.9798743724822998, "X_Y_MSEloss": 0.00013626163126900792, "X_Y_test_COS": 0.8992235660552979, "X_Y_test_MSEloss": 0.0006870971410535276, "X_Y_val_COS": 0.8864989280700684, "X_Y_val_MSEloss": 0.000807027390692383}}