{"train_samples": 30, "test_samples": 200, "source_model": "text-embedding-ada-002", "source_dim": 1536, "target_dim": 512, "test_results": {"bleu": 0.16, "bleu1": 16.44, "bleu2": 0.79, "bleu3": 0.01, "bleu4": 0.01, "rougeL": 0.0963, "rouge1": 0.1216, "rouge2": 0.0084, "exact_match": 0.0}, "loss": {"X_Y_COS": 1.0, "X_Y_MSEloss": 6.100551314114355e-11, "X_Y_test_COS": 0.8593769669532776, "X_Y_test_MSEloss": 0.0010596065549179912, "X_Y_val_COS": 0.8655892014503479, "X_Y_val_MSEloss": 0.0010080960346385837}}