{"train_samples": 30, "test_samples": 200, "source_model": "text-embedding-3-large", "source_dim": 3072, "target_dim": 512, "test_results": {"bleu": 0.78, "bleu1": 18.95, "bleu2": 1.61, "bleu3": 0.3, "bleu4": 0.04, "rougeL": 0.1333, "rouge1": 0.1817, "rouge2": 0.0229, "exact_match": 0.0}, "loss": {"X_Y_COS": 1.0, "X_Y_MSEloss": 3.49109870227221e-16, "X_Y_test_COS": 0.9163025617599487, "X_Y_test_MSEloss": 0.000433321634773165, "X_Y_val_COS": 0.9129517674446106, "X_Y_val_MSEloss": 0.0004492799344006926}}