{"train_samples": 1000, "test_samples": 200, "source_model": "sentence-transformers/gtr-t5-base", "source_dim": 768, "target_dim": 512, "test_results": {"bleu": 0.51, "bleu1": 16.7, "bleu2": 1.53, "bleu3": 0.11, "bleu4": 0.03, "rougeL": 0.1261, "rouge1": 0.1419, "rouge2": 0.0099, "exact_match": 0.0}, "loss": {"X_Y_COS": 0.9066187143325806, "X_Y_MSEloss": 0.0004429881810210645, "X_Y_test_COS": 0.05315406247973442, "X_Y_test_MSEloss": 0.007606262806802988, "X_Y_val_COS": -0.007026391103863716, "X_Y_val_MSEloss": 0.008585161529481411}}