{"train_samples": 100, "test_samples": 200, "source_model": "sentence-transformers/gtr-t5-base", "source_dim": 768, "target_dim": 512, "test_results": {"bleu": 0.31, "bleu1": 21.11, "bleu2": 1.33, "bleu3": 0.03, "bleu4": 0.02, "rougeL": 0.1287, "rouge1": 0.1611, "rouge2": 0.0112, "exact_match": 0.0}, "loss": {"X_Y_COS": 1.0, "X_Y_MSEloss": 3.590467333169922e-12, "X_Y_test_COS": 0.8617083430290222, "X_Y_test_MSEloss": 0.0005136821419000626, "X_Y_val_COS": 0.8676771521568298, "X_Y_val_MSEloss": 0.0004936944460496306}}