{"train_samples": 100, "test_samples": 200, "source_model": "intfloat/multilingual-e5-base", "source_dim": 768, "target_dim": 512, "test_results": {"bleu": 0.2, "bleu1": 14.13, "bleu2": 0.72, "bleu3": 0.02, "bleu4": 0.01, "rougeL": 0.1133, "rouge1": 0.1281, "rouge2": 0.0078, "exact_match": 0.0}, "loss": {"X_Y_COS": 0.9999998807907104, "X_Y_MSEloss": 4.846600343277885e-10, "X_Y_test_COS": 0.9011566042900085, "X_Y_test_MSEloss": 0.000371413683751598, "X_Y_val_COS": 0.9003408551216125, "X_Y_val_MSEloss": 0.0003754796052817255}}