{"train_samples": 1000, "test_samples": 200, "source_model": "google-t5/t5-base", "source_dim": 768, "target_dim": 512, "test_results": {"bleu": 1.12, "bleu1": 21.66, "bleu2": 2.05, "bleu3": 0.6, "bleu4": 0.22, "rougeL": 0.0927, "rouge1": 0.1066, "rouge2": 0.012, "exact_match": 0.0}, "loss": {"X_Y_COS": 0.9791012406349182, "X_Y_MSEloss": 0.0002002428227569908, "X_Y_test_COS": 0.9141263365745544, "X_Y_test_MSEloss": 0.0008229578961618245, "X_Y_val_COS": 0.9171862602233887, "X_Y_val_MSEloss": 0.0008003613911569118}}