{"train_samples": 50, "test_samples": 200, "source_model": "google-bert/bert-base-multilingual-cased", "source_dim": 768, "target_dim": 512, "test_results": {"bleu": 0.2, "bleu1": 16.78, "bleu2": 0.91, "bleu3": 0.02, "bleu4": 0.01, "rougeL": 0.1307, "rouge1": 0.1725, "rouge2": 0.0118, "exact_match": 0.0}, "loss": {"X_Y_COS": 1.0, "X_Y_MSEloss": 3.458149565316315e-14, "X_Y_test_COS": 0.9145749807357788, "X_Y_test_MSEloss": 0.0005828540888614953, "X_Y_val_COS": 0.9188932180404663, "X_Y_val_MSEloss": 0.0005498919636011124}}