{"train_samples": 100, "test_samples": 200, "source_model": "sentence-transformers/gtr-t5-base", "source_dim": 768, "target_dim": 512, "test_results": {"bleu": 2.65, "bleu1": 21.18, "bleu2": 2.69, "bleu3": 1.1, "bleu4": 0.91, "rougeL": 0.1482, "rouge1": 0.1859, "rouge2": 0.0293, "exact_match": 0.0}, "loss": {"X_Y_COS": 1.0, "X_Y_MSEloss": 3.075348309344861e-10, "X_Y_test_COS": 0.8151477575302124, "X_Y_test_MSEloss": 0.0013655265793204308, "X_Y_val_COS": 0.8151621222496033, "X_Y_val_MSEloss": 0.001336722052656114}}