{"train_samples": 100, "test_samples": 200, "source_model": "sentence-transformers/gtr-t5-base", "source_dim": 768, "target_dim": 512, "test_results": {"bleu": 2.3, "bleu1": 21.41, "bleu2": 2.36, "bleu3": 0.93, "bleu4": 0.66, "rougeL": 0.147, "rouge1": 0.1972, "rouge2": 0.0288, "exact_match": 0.0}, "loss": {"X_Y_COS": 1.0, "X_Y_MSEloss": 5.915239340557356e-15, "X_Y_test_COS": 0.8230561017990112, "X_Y_test_MSEloss": 0.000641200109384954, "X_Y_val_COS": 0.8213610649108887, "X_Y_val_MSEloss": 0.0006433328380808234}}