{"train_samples": 30, "test_samples": 200, "source_model": "google-t5/t5-base", "source_dim": 768, "target_dim": 512, "test_results": {"bleu": 0.51, "bleu1": 17.15, "bleu2": 0.86, "bleu3": 0.14, "bleu4": 0.09, "rougeL": 0.0676, "rouge1": 0.0775, "rouge2": 0.0053, "exact_match": 0.0}, "loss": {"X_Y_COS": 1.0, "X_Y_MSEloss": 4.850764988929878e-15, "X_Y_test_COS": 0.874518096446991, "X_Y_test_MSEloss": 0.00046133928117342293, "X_Y_val_COS": 0.8789026737213135, "X_Y_val_MSEloss": 0.0004469994455575943}}