{"train_samples": 500, "test_samples": 200, "source_model": "sentence-transformers/gtr-t5-base", "source_dim": 768, "target_dim": 512, "test_results": {"bleu": 0.19, "bleu1": 9.9, "bleu2": 0.25, "bleu3": 0.03, "bleu4": 0.02, "rougeL": 0.0522, "rouge1": 0.0569, "rouge2": 0.006, "exact_match": 0.0}, "loss": {"X_Y_COS": 0.9893692135810852, "X_Y_MSEloss": 8.22875663288869e-05, "X_Y_test_COS": 0.8270128965377808, "X_Y_test_MSEloss": 0.001462465152144432, "X_Y_val_COS": 0.8246842622756958, "X_Y_val_MSEloss": 0.0014830768341198564}}