{"train_samples": 1000, "test_samples": 200, "source_model": "text-embedding-ada-002", "source_dim": 1536, "target_dim": 512, "test_results": {"bleu": 0.13, "bleu1": 10.01, "bleu2": 0.21, "bleu3": 0.02, "bleu4": 0.01, "rougeL": 0.0654, "rouge1": 0.0732, "rouge2": 0.0011, "exact_match": 0.0}, "loss": {"X_Y_COS": 1.0, "X_Y_MSEloss": 4.697532727387932e-12, "X_Y_test_COS": 0.030461763963103294, "X_Y_test_MSEloss": 0.00518793473020196, "X_Y_val_COS": -0.05069193243980408, "X_Y_val_MSEloss": 0.00561100710183382}}