{"train_samples": 3, "test_samples": 200, "source_model": "intfloat/multilingual-e5-base", "source_dim": 768, "target_dim": 512, "test_results": {"bleu": 0.2, "bleu1": 16.81, "bleu2": 0.64, "bleu3": 0.03, "bleu4": 0.01, "rougeL": 0.0765, "rouge1": 0.0837, "rouge2": 0.0049, "exact_match": 0.0}, "loss": {"X_Y_COS": 1.0, "X_Y_MSEloss": 1.891591328018194e-10, "X_Y_test_COS": 0.8879901766777039, "X_Y_test_MSEloss": 0.001016339985653758, "X_Y_val_COS": 0.8920089602470398, "X_Y_val_MSEloss": 0.0010006773518398404}}