{"train_samples": 50, "test_samples": 200, "source_model": "sentence-transformers/gtr-t5-base", "source_dim": 768, "target_dim": 512, "test_results": {"bleu": 0.23, "bleu1": 19.78, "bleu2": 1.11, "bleu3": 0.03, "bleu4": 0.01, "rougeL": 0.111, "rouge1": 0.1254, "rouge2": 0.0072, "exact_match": 0.0}, "loss": {"X_Y_COS": 1.0, "X_Y_MSEloss": 1.870069238352201e-10, "X_Y_test_COS": 0.9058257341384888, "X_Y_test_MSEloss": 0.0009049816871993244, "X_Y_val_COS": 0.9099255800247192, "X_Y_val_MSEloss": 0.0008699874160811305}}