{"train_samples": 3, "test_samples": 200, "source_model": "text-embedding-ada-002", "source_dim": 1536, "target_dim": 512, "test_results": {"bleu": 0.14, "bleu1": 10.87, "bleu2": 0.39, "bleu3": 0.02, "bleu4": 0.01, "rougeL": 0.068, "rouge1": 0.0767, "rouge2": 0.012, "exact_match": 0.0}, "loss": {"X_Y_COS": 1.0, "X_Y_MSEloss": 2.2638257934914918e-10, "X_Y_test_COS": 0.8668211698532104, "X_Y_test_MSEloss": 0.0009687087731435895, "X_Y_val_COS": 0.8668131828308105, "X_Y_val_MSEloss": 0.000996313407085836}}