{"train_samples": 40, "test_samples": 200, "source_model": "intfloat/multilingual-e5-base", "source_dim": 768, "target_dim": 512, "test_results": {"bleu": 1.32, "bleu1": 20.42, "bleu2": 2.13, "bleu3": 0.53, "bleu4": 0.26, "rougeL": 0.1309, "rouge1": 0.1682, "rouge2": 0.0248, "exact_match": 0.0}, "loss": {"X_Y_COS": 1.0, "X_Y_MSEloss": 1.4029069789547877e-12, "X_Y_test_COS": 0.8875951766967773, "X_Y_test_MSEloss": 0.00041480950312688947, "X_Y_val_COS": 0.887598991394043, "X_Y_val_MSEloss": 0.000415088958106935}}