{"train_samples": 50, "test_samples": 200, "source_model": "google/flan-t5-base", "source_dim": 768, "target_dim": 512, "test_results": {"bleu": 1.71, "bleu1": 24.06, "bleu2": 3.13, "bleu3": 0.68, "bleu4": 0.19, "rougeL": 0.1515, "rouge1": 0.2046, "rouge2": 0.0293, "exact_match": 0.0}, "loss": {"X_Y_COS": 1.0, "X_Y_MSEloss": 1.302552494033063e-13, "X_Y_test_COS": 0.8559260368347168, "X_Y_test_MSEloss": 0.0005264764185994864, "X_Y_val_COS": 0.853708803653717, "X_Y_val_MSEloss": 0.0005358575726859272}}