{"train_samples": 50, "test_samples": 200, "source_model": "google/flan-t5-base", "source_dim": 768, "target_dim": 512, "test_results": {"bleu": 2.13, "bleu1": 25.01, "bleu2": 3.43, "bleu3": 0.89, "bleu4": 0.31, "rougeL": 0.1625, "rouge1": 0.2183, "rouge2": 0.0322, "exact_match": 0.0}, "loss": {"X_Y_COS": 1.0, "X_Y_MSEloss": 7.208818264548e-11, "X_Y_test_COS": 0.8494677543640137, "X_Y_test_MSEloss": 0.0011079204268753529, "X_Y_val_COS": 0.8503029942512512, "X_Y_val_MSEloss": 0.0011026094434782863}}