{"train_samples": 5, "test_samples": 200, "source_model": "intfloat/multilingual-e5-base", "source_dim": 768, "target_dim": 512, "test_results": {"bleu": 0.46, "bleu1": 16.76, "bleu2": 0.59, "bleu3": 0.11, "bleu4": 0.04, "rougeL": 0.1067, "rouge1": 0.1242, "rouge2": 0.0072, "exact_match": 0.0}, "loss": {"X_Y_COS": 1.0, "X_Y_MSEloss": 3.890278331137968e-16, "X_Y_test_COS": 0.866280198097229, "X_Y_test_MSEloss": 0.0004874090664088726, "X_Y_val_COS": 0.8669551014900208, "X_Y_val_MSEloss": 0.00048510468332096934}}