{"train_samples": 3, "test_samples": 200, "source_model": "sentence-transformers/all-MiniLM-L6-v2", "source_dim": 384, "target_dim": 512, "test_results": {"bleu": 0.05, "bleu1": 7.14, "bleu2": 0.02, "bleu3": 0.01, "bleu4": 0.0, "rougeL": 0.0025, "rouge1": 0.0025, "rouge2": 0.0, "exact_match": 0.0}, "loss": {"X_Y_COS": 1.0, "X_Y_MSEloss": 1.9228244796202636e-16, "X_Y_test_COS": 0.8725765943527222, "X_Y_test_MSEloss": 0.0005572829395532608, "X_Y_val_COS": 0.8634050488471985, "X_Y_val_MSEloss": 0.0005665661883540452}}