{"train_samples": 1000, "test_samples": 200, "source_model": "text-embedding-ada-002", "source_dim": 1536, "target_dim": 512, "test_results": {"bleu": 1.73, "bleu1": 25.13, "bleu2": 4.36, "bleu3": 0.67, "bleu4": 0.12, "rougeL": 0.2059, "rouge1": 0.2475, "rouge2": 0.0413, "exact_match": 0.0}, "loss": {"X_Y_COS": 0.9996393322944641, "X_Y_MSEloss": 1.4411116353585385e-06, "X_Y_test_COS": 0.8426265716552734, "X_Y_test_MSEloss": 0.0006350531475618482, "X_Y_val_COS": 0.8564832210540771, "X_Y_val_MSEloss": 0.0005940395640209317}}