{"train_samples": 500, "test_samples": 200, "source_model": "text-embedding-3-large", "source_dim": 3072, "target_dim": 512, "test_results": {"bleu": 0.18, "bleu1": 11.63, "bleu2": 0.61, "bleu3": 0.02, "bleu4": 0.01, "rougeL": 0.0943, "rouge1": 0.1028, "rouge2": 0.0057, "exact_match": 0.0}, "loss": {"X_Y_COS": 0.9999999403953552, "X_Y_MSEloss": 4.52570736442226e-09, "X_Y_test_COS": 0.8458076119422913, "X_Y_test_MSEloss": 0.0011450975434854627, "X_Y_val_COS": 0.8502734303474426, "X_Y_val_MSEloss": 0.0011166915064677596}}