{"train_samples": 30, "test_samples": 200, "source_model": "intfloat/multilingual-e5-base", "source_dim": 768, "target_dim": 512, "test_results": {"bleu": 0.22, "bleu1": 14.18, "bleu2": 0.99, "bleu3": 0.02, "bleu4": 0.01, "rougeL": 0.1342, "rouge1": 0.1566, "rouge2": 0.0112, "exact_match": 0.0}, "loss": {"X_Y_COS": 1.0, "X_Y_MSEloss": 2.4302171467696296e-14, "X_Y_test_COS": 0.9321994185447693, "X_Y_test_MSEloss": 0.0005118408007547259, "X_Y_val_COS": 0.9349943399429321, "X_Y_val_MSEloss": 0.0004922749358229339}}