{"train_samples": 500, "test_samples": 200, "source_model": "google/flan-t5-base", "source_dim": 768, "target_dim": 512, "test_results": {"bleu": 4.92, "bleu1": 30.8, "bleu2": 5.91, "bleu3": 2.43, "bleu4": 1.44, "rougeL": 0.1898, "rouge1": 0.2493, "rouge2": 0.0541, "exact_match": 0.0}, "loss": {"X_Y_COS": 0.9856680035591125, "X_Y_MSEloss": 5.6037151807686314e-05, "X_Y_test_COS": 0.823509931564331, "X_Y_test_MSEloss": 0.0007051616557873785, "X_Y_val_COS": 0.8283109068870544, "X_Y_val_MSEloss": 0.0006912862882018089}}