{"train_samples": 500, "test_samples": 200, "source_model": "google-bert/bert-base-multilingual-cased", "source_dim": 768, "target_dim": 512, "test_results": {"bleu": 0.73, "bleu1": 18.35, "bleu2": 1.33, "bleu3": 0.22, "bleu4": 0.16, "rougeL": 0.0704, "rouge1": 0.0798, "rouge2": 0.0071, "exact_match": 0.0}, "loss": {"X_Y_COS": 0.9714093804359436, "X_Y_MSEloss": 0.0001107946372940205, "X_Y_test_COS": 0.8231973052024841, "X_Y_test_MSEloss": 0.0006898727733641863, "X_Y_val_COS": 0.8286056518554688, "X_Y_val_MSEloss": 0.0006742477999068797}}