{"train_samples": 1000, "test_samples": 200, "source_model": "random", "source_dim": 768, "target_dim": 512, "test_results": {"bleu": 0.15, "bleu1": 11.74, "bleu2": 0.45, "bleu3": 0.01, "bleu4": 0.01, "rougeL": 0.0884, "rouge1": 0.1039, "rouge2": 0.0058, "exact_match": 0.0}, "loss": {"X_Y_COS": 0.8938066959381104, "X_Y_MSEloss": 0.0004617569502443075, "X_Y_test_COS": 0.001780411577783525, "X_Y_test_MSEloss": 0.008682802319526672, "X_Y_val_COS": -0.018001599237322807, "X_Y_val_MSEloss": 0.008066586218774319}}