{"train_samples": 10, "test_samples": 200, "source_model": "sentence-transformers/all-MiniLM-L6-v2", "source_dim": 384, "target_dim": 512, "test_results": {"bleu": 0.04, "bleu1": 11.55, "bleu2": 0.02, "bleu3": 0.01, "bleu4": 0.0, "rougeL": 0.02, "rouge1": 0.0204, "rouge2": 0.0, "exact_match": 0.0}, "loss": {"X_Y_COS": 1.0, "X_Y_MSEloss": 2.2522614008425727e-16, "X_Y_test_COS": 0.8713218569755554, "X_Y_test_MSEloss": 0.0005843592807650566, "X_Y_val_COS": 0.8679379820823669, "X_Y_val_MSEloss": 0.0005867001018486917}}