{"train_samples": 10, "test_samples": 200, "source_model": "sentence-transformers/gtr-t5-base", "source_dim": 768, "target_dim": 512, "test_results": {"bleu": 0.08, "bleu1": 6.94, "bleu2": 0.06, "bleu3": 0.01, "bleu4": 0.01, "rougeL": 0.0722, "rouge1": 0.0842, "rouge2": 0.0016, "exact_match": 0.0}, "loss": {"X_Y_COS": 1.0, "X_Y_MSEloss": 5.95993028116215e-16, "X_Y_test_COS": 0.8865668773651123, "X_Y_test_MSEloss": 0.000430886575486511, "X_Y_val_COS": 0.8906083703041077, "X_Y_val_MSEloss": 0.0004176568181719631}}