{"train_samples": 50, "test_samples": 200, "source_model": "sentence-transformers/all-MiniLM-L6-v2", "source_dim": 384, "target_dim": 512, "test_results": {"bleu": 0.39, "bleu1": 12.39, "bleu2": 0.57, "bleu3": 0.16, "bleu4": 0.1, "rougeL": 0.0341, "rouge1": 0.0393, "rouge2": 0.0044, "exact_match": 0.0}, "loss": {"X_Y_COS": 1.0, "X_Y_MSEloss": 1.1607120116330252e-15, "X_Y_test_COS": 0.5804921388626099, "X_Y_test_MSEloss": 0.001223939354531467, "X_Y_val_COS": 0.5203864574432373, "X_Y_val_MSEloss": 0.001280345139093697}}