{"train_samples": 500, "test_samples": 200, "source_model": "sentence-transformers/all-MiniLM-L6-v2", "source_dim": 384, "target_dim": 512, "test_results": {"bleu": 14.35, "bleu1": 28.22, "bleu2": 13.07, "bleu3": 11.63, "bleu4": 11.13, "rougeL": 0.226, "rouge1": 0.2585, "rouge2": 0.1277, "exact_match": 0.0}, "loss": {"X_Y_COS": 0.9872385859489441, "X_Y_MSEloss": 6.751744513167068e-05, "X_Y_test_COS": 0.697683572769165, "X_Y_test_MSEloss": 0.0015584253706037998, "X_Y_val_COS": 0.6465786695480347, "X_Y_val_MSEloss": 0.0017338322941213846}}