{"train_samples": 500, "test_samples": 200, "source_model": "google-t5/t5-base", "source_dim": 768, "target_dim": 512, "test_results": {"bleu": 1.15, "bleu1": 19.15, "bleu2": 1.79, "bleu3": 0.54, "bleu4": 0.31, "rougeL": 0.0813, "rouge1": 0.0943, "rouge2": 0.0095, "exact_match": 0.0}, "loss": {"X_Y_COS": 0.9856743812561035, "X_Y_MSEloss": 5.6067983678076416e-05, "X_Y_test_COS": 0.8611178398132324, "X_Y_test_MSEloss": 0.0005569533095695078, "X_Y_val_COS": 0.8546927571296692, "X_Y_val_MSEloss": 0.0005797354388050735}}