{"train_samples": 1000, "test_samples": 200, "source_model": "google/mt5-base", "source_dim": 768, "target_dim": 512, "test_results": {"bleu": 0.91, "bleu1": 8.76, "bleu2": 1.0, "bleu3": 0.47, "bleu4": 0.21, "rougeL": 0.0391, "rouge1": 0.0441, "rouge2": 0.0021, "exact_match": 0.0}, "loss": {"X_Y_COS": 0.9204590916633606, "X_Y_MSEloss": 0.00041340538882650435, "X_Y_test_COS": 0.043764371424913406, "X_Y_test_MSEloss": 0.008989498019218445, "X_Y_val_COS": 0.012672310695052147, "X_Y_val_MSEloss": 0.008794032968580723}}