{"train_samples": 30, "test_samples": 200, "source_model": "text-embedding-ada-002", "source_dim": 1536, "target_dim": 512, "test_results": {"bleu": 0.84, "bleu1": 19.41, "bleu2": 1.77, "bleu3": 0.34, "bleu4": 0.07, "rougeL": 0.1232, "rouge1": 0.1628, "rouge2": 0.021, "exact_match": 0.0}, "loss": {"X_Y_COS": 1.0, "X_Y_MSEloss": 4.666543708528245e-14, "X_Y_test_COS": 0.8871914744377136, "X_Y_test_MSEloss": 0.00041598230018280447, "X_Y_val_COS": 0.8868687152862549, "X_Y_val_MSEloss": 0.00041724476614035666}}