{"train_samples": 50, "test_samples": 200, "source_model": "text-embedding-ada-002", "source_dim": 1536, "target_dim": 512, "test_results": {"bleu": 0.12, "bleu1": 12.13, "bleu2": 0.12, "bleu3": 0.02, "bleu4": 0.01, "rougeL": 0.0556, "rouge1": 0.0645, "rouge2": 0.0071, "exact_match": 0.0}, "loss": {"X_Y_COS": 1.0, "X_Y_MSEloss": 8.609078619263577e-13, "X_Y_test_COS": 0.8919071555137634, "X_Y_test_MSEloss": 0.0004008395771961659, "X_Y_val_COS": 0.8928954005241394, "X_Y_val_MSEloss": 0.00039757101330906153}}