{"train_samples": 3, "test_samples": 200, "source_model": "intfloat/multilingual-e5-base", "source_dim": 768, "target_dim": 512, "test_results": {"bleu": 0.36, "bleu1": 15.68, "bleu2": 0.57, "bleu3": 0.14, "bleu4": 0.08, "rougeL": 0.0285, "rouge1": 0.0285, "rouge2": 0.0006, "exact_match": 0.0}, "loss": {"X_Y_COS": 1.0, "X_Y_MSEloss": 4.3039975452411423e-16, "X_Y_test_COS": 0.845457911491394, "X_Y_test_MSEloss": 0.000557917810510844, "X_Y_val_COS": 0.8414761424064636, "X_Y_val_MSEloss": 0.0005715132574550807}}