{"train_samples": 7000, "test_samples": 200, "source_model": "google/mt5-base", "source_dim": 768, "target_dim": 512, "test_results": {"bleu": 3.55, "bleu1": 33.44, "bleu2": 6.41, "bleu3": 1.55, "bleu4": 0.55, "rougeL": 0.2247, "rouge1": 0.3111, "rouge2": 0.0684, "exact_match": 0.0}, "loss": {"X_Y_COS": 0.9463624358177185, "X_Y_MSEloss": 0.00020503551058936864, "X_Y_test_COS": 0.9364532828330994, "X_Y_test_MSEloss": 0.00024131991085596383, "X_Y_val_COS": 0.9359243512153625, "X_Y_val_MSEloss": 0.0002436795039102435}}