{"epoch": 0, "dev_acc": 76.0, "test_acc": 65.0, "test_f1": 63.959999999999994, "test_roc": 71.02000000000001}