{"train_samples": 10, "test_samples": 200, "source_model": "google-bert/bert-base-multilingual-cased", "source_dim": 768, "target_dim": 512, "test_results": {"bleu": 0.14, "bleu1": 20.06, "bleu2": 0.7, "bleu3": 0.02, "bleu4": 0.01, "rougeL": 0.0861, "rouge1": 0.105, "rouge2": 0.003, "exact_match": 0.0}, "loss": {"X_Y_COS": 1.0, "X_Y_MSEloss": 4.00052866894818e-16, "X_Y_test_COS": 0.8259292244911194, "X_Y_test_MSEloss": 0.0006230585277080536, "X_Y_val_COS": 0.8305188417434692, "X_Y_val_MSEloss": 0.0006091584218665957}}