{"train_samples": 1000, "test_samples": 200, "source_model": "google-t5/t5-base", "source_dim": 768, "target_dim": 512, "test_results": {"bleu": 3.73, "bleu1": 27.04, "bleu2": 6.24, "bleu3": 1.9, "bleu4": 0.6, "rougeL": 0.2034, "rouge1": 0.2628, "rouge2": 0.0666, "exact_match": 0.0}, "loss": {"X_Y_COS": 0.9819473028182983, "X_Y_MSEloss": 7.062747317831963e-05, "X_Y_test_COS": 0.935770571231842, "X_Y_test_MSEloss": 0.000251604215009138, "X_Y_val_COS": 0.9334734678268433, "X_Y_val_MSEloss": 0.00025973975425586104}}