{"train_samples": 30, "test_samples": 200, "source_model": "text-embedding-ada-002", "source_dim": 1536, "target_dim": 512, "test_results": {"bleu": 0.08, "bleu1": 9.55, "bleu2": 0.05, "bleu3": 0.01, "bleu4": 0.01, "rougeL": 0.003, "rouge1": 0.003, "rouge2": 0.0, "exact_match": 0.0}, "loss": {"X_Y_COS": 1.0, "X_Y_MSEloss": 3.878615703893813e-14, "X_Y_test_COS": 0.9009580612182617, "X_Y_test_MSEloss": 0.00036784473923034966, "X_Y_val_COS": 0.9039492607116699, "X_Y_val_MSEloss": 0.00035688577918335795}}