{"train_samples": 1000, "test_samples": 200, "source_model": "google/mt5-base", "source_dim": 768, "target_dim": 512, "test_results": {"bleu": 0.11, "bleu1": 12.3, "bleu2": 0.11, "bleu3": 0.02, "bleu4": 0.01, "rougeL": 0.0227, "rouge1": 0.0231, "rouge2": 0.0, "exact_match": 0.0}, "loss": {"X_Y_COS": 0.9563789367675781, "X_Y_MSEloss": 0.00016801050514914095, "X_Y_test_COS": 0.8944553732872009, "X_Y_test_MSEloss": 0.00040218172944150865, "X_Y_val_COS": 0.8919326663017273, "X_Y_val_MSEloss": 0.0004104033869225532}}