{"train_samples": 5000, "test_samples": 200, "source_model": "sentence-transformers/all-MiniLM-L6-v2", "source_dim": 384, "target_dim": 512, "test_results": {"bleu": 0.16, "bleu1": 13.71, "bleu2": 0.37, "bleu3": 0.02, "bleu4": 0.01, "rougeL": 0.067, "rouge1": 0.0787, "rouge2": 0.0081, "exact_match": 0.0}, "loss": {"X_Y_COS": 0.9232713580131531, "X_Y_MSEloss": 0.0003053651889786124, "X_Y_test_COS": 0.9134209752082825, "X_Y_test_MSEloss": 0.00034076086012646556, "X_Y_val_COS": 0.9079973101615906, "X_Y_val_MSEloss": 0.00035947150900028646}}