{"train_samples": 5, "test_samples": 200, "source_model": "google/mt5-base", "source_dim": 768, "target_dim": 512, "test_results": {"bleu": 0.18, "bleu1": 15.62, "bleu2": 0.78, "bleu3": 0.02, "bleu4": 0.01, "rougeL": 0.1171, "rouge1": 0.1581, "rouge2": 0.01, "exact_match": 0.0}, "loss": {"X_Y_COS": 1.0, "X_Y_MSEloss": 1.4175302598395945e-10, "X_Y_test_COS": 0.8895124793052673, "X_Y_test_MSEloss": 0.0007774695404805243, "X_Y_val_COS": 0.8909571766853333, "X_Y_val_MSEloss": 0.0007424972136504948}}