{"train_samples": 1, "test_samples": 200, "source_model": "google/mt5-base", "source_dim": 768, "target_dim": 512, "test_results": {"bleu": 0.25, "bleu1": 10.07, "bleu2": 1.11, "bleu3": 0.04, "bleu4": 0.01, "rougeL": 0.1082, "rouge1": 0.1145, "rouge2": 0.0126, "exact_match": 0.0}, "loss": {"X_Y_COS": 1.0, "X_Y_MSEloss": 3.1152315376972587e-16, "X_Y_test_COS": 0.8265163898468018, "X_Y_test_MSEloss": 0.000633927178569138, "X_Y_val_COS": 0.8264153599739075, "X_Y_val_MSEloss": 0.0006348834140226245}}