{"train_samples": 500, "test_samples": 200, "source_model": "text-embedding-ada-002", "source_dim": 1536, "target_dim": 512, "test_results": {"bleu": 0.13, "bleu1": 12.4, "bleu2": 0.21, "bleu3": 0.02, "bleu4": 0.01, "rougeL": 0.0824, "rouge1": 0.0954, "rouge2": 0.0028, "exact_match": 0.0}, "loss": {"X_Y_COS": 0.9754953980445862, "X_Y_MSEloss": 0.00018565186474006623, "X_Y_test_COS": 0.7972222566604614, "X_Y_test_MSEloss": 0.0015856135869398713, "X_Y_val_COS": 0.8043244481086731, "X_Y_val_MSEloss": 0.0015127714723348618}}