{"train_samples": 30, "test_samples": 200, "source_model": "intfloat/multilingual-e5-base", "source_dim": 768, "target_dim": 512, "test_results": {"bleu": 0.66, "bleu1": 19.14, "bleu2": 1.29, "bleu3": 0.18, "bleu4": 0.05, "rougeL": 0.1199, "rouge1": 0.1588, "rouge2": 0.0132, "exact_match": 0.0}, "loss": {"X_Y_COS": 1.0, "X_Y_MSEloss": 1.5863249299211124e-13, "X_Y_test_COS": 0.8475403189659119, "X_Y_test_MSEloss": 0.0005517908139154315, "X_Y_val_COS": 0.8477616906166077, "X_Y_val_MSEloss": 0.0005506165325641632}}