{"train_samples": 500, "test_samples": 200, "source_model": "text-embedding-ada-002", "source_dim": 1536, "target_dim": 512, "test_results": {"bleu": 0.18, "bleu1": 17.96, "bleu2": 0.64, "bleu3": 0.01, "bleu4": 0.01, "rougeL": 0.1048, "rouge1": 0.1271, "rouge2": 0.0038, "exact_match": 0.0}, "loss": {"X_Y_COS": 0.9806608557701111, "X_Y_MSEloss": 7.528703281423077e-05, "X_Y_test_COS": 0.9135222434997559, "X_Y_test_MSEloss": 0.0003302062104921788, "X_Y_val_COS": 0.9110355973243713, "X_Y_val_MSEloss": 0.00033936157706193626}}