{"train_samples": 30, "test_samples": 200, "source_model": "sentence-transformers/gtr-t5-base", "source_dim": 768, "target_dim": 512, "test_results": {"bleu": 0.17, "bleu1": 18.81, "bleu2": 0.86, "bleu3": 0.01, "bleu4": 0.01, "rougeL": 0.1097, "rouge1": 0.1395, "rouge2": 0.0089, "exact_match": 0.0}, "loss": {"X_Y_COS": 1.0, "X_Y_MSEloss": 5.659106529944786e-16, "X_Y_test_COS": 0.8770389556884766, "X_Y_test_MSEloss": 0.00048786503612063825, "X_Y_val_COS": 0.8744643926620483, "X_Y_val_MSEloss": 0.0004979200894013047}}