{"train_samples": 5, "test_samples": 200, "source_model": "google/flan-t5-base", "source_dim": 768, "target_dim": 512, "test_results": {"bleu": 0.3, "bleu1": 14.89, "bleu2": 0.46, "bleu3": 0.11, "bleu4": 0.03, "rougeL": 0.0723, "rouge1": 0.0801, "rouge2": 0.007, "exact_match": 0.0}, "loss": {"X_Y_COS": 1.0, "X_Y_MSEloss": 3.1393108315031263e-16, "X_Y_test_COS": 0.8679817914962769, "X_Y_test_MSEloss": 0.0005168115021660924, "X_Y_val_COS": 0.8673151135444641, "X_Y_val_MSEloss": 0.0005282071651890874}}