{"train_samples": 1000, "test_samples": 200, "source_model": "sentence-transformers/all-MiniLM-L6-v2", "source_dim": 384, "target_dim": 512, "test_results": {"bleu": 0.08, "bleu1": 10.64, "bleu2": 0.04, "bleu3": 0.02, "bleu4": 0.01, "rougeL": 0.0158, "rouge1": 0.0171, "rouge2": 0.0, "exact_match": 0.0}, "loss": {"X_Y_COS": 0.9459080100059509, "X_Y_MSEloss": 0.00021658364858012646, "X_Y_test_COS": 0.8567454218864441, "X_Y_test_MSEloss": 0.0005509344628080726, "X_Y_val_COS": 0.8495667576789856, "X_Y_val_MSEloss": 0.0005774867022410035}}