{"train_samples": 1000, "test_samples": 200, "source_model": "text-embedding-3-large", "source_dim": 3072, "target_dim": 512, "test_results": {"bleu": 0.1, "bleu1": 9.97, "bleu2": 0.12, "bleu3": 0.01, "bleu4": 0.01, "rougeL": 0.0132, "rouge1": 0.0132, "rouge2": 0.0004, "exact_match": 0.0}, "loss": {"X_Y_COS": 0.9999552369117737, "X_Y_MSEloss": 2.0998437832986383e-07, "X_Y_test_COS": 0.8829163312911987, "X_Y_test_MSEloss": 0.00046586222015321255, "X_Y_val_COS": 0.8817616105079651, "X_Y_val_MSEloss": 0.0004701851576101035}}