{"train_samples": 5, "test_samples": 200, "source_model": "sentence-transformers/gtr-t5-base", "source_dim": 768, "target_dim": 512, "test_results": {"bleu": 0.17, "bleu1": 12.68, "bleu2": 0.27, "bleu3": 0.04, "bleu4": 0.02, "rougeL": 0.0508, "rouge1": 0.0571, "rouge2": 0.0091, "exact_match": 0.0}, "loss": {"X_Y_COS": 1.0, "X_Y_MSEloss": 3.4565635808258763e-16, "X_Y_test_COS": 0.8646240830421448, "X_Y_test_MSEloss": 0.0005387110286392272, "X_Y_val_COS": 0.8574007749557495, "X_Y_val_MSEloss": 0.0005686049116775393}}