{"train_samples": 1000, "test_samples": 200, "source_model": "google-bert/bert-base-multilingual-cased", "source_dim": 768, "target_dim": 512, "test_results": {"bleu": 0.13, "bleu1": 9.9, "bleu2": 0.23, "bleu3": 0.02, "bleu4": 0.01, "rougeL": 0.0609, "rouge1": 0.0688, "rouge2": 0.0025, "exact_match": 0.0}, "loss": {"X_Y_COS": 0.8995078802108765, "X_Y_MSEloss": 0.00046651603770442307, "X_Y_test_COS": -0.05058420076966286, "X_Y_test_MSEloss": 0.008246086537837982, "X_Y_val_COS": -0.05442201346158981, "X_Y_val_MSEloss": 0.007765624206513166}}