{"train_samples": 3, "test_samples": 200, "source_model": "sentence-transformers/all-MiniLM-L6-v2", "source_dim": 384, "target_dim": 512, "test_results": {"bleu": 0.08, "bleu1": 6.51, "bleu2": 0.06, "bleu3": 0.02, "bleu4": 0.01, "rougeL": 0.0428, "rouge1": 0.0483, "rouge2": 0.0005, "exact_match": 0.0}, "loss": {"X_Y_COS": 1.0, "X_Y_MSEloss": 2.256345284223915e-12, "X_Y_test_COS": 0.8262823224067688, "X_Y_test_MSEloss": 0.0014845528639853, "X_Y_val_COS": 0.819392204284668, "X_Y_val_MSEloss": 0.0015944946790114045}}