{"train_samples": 40, "test_samples": 200, "source_model": "intfloat/multilingual-e5-base", "source_dim": 768, "target_dim": 512, "test_results": {"bleu": 0.23, "bleu1": 17.1, "bleu2": 1.06, "bleu3": 0.02, "bleu4": 0.01, "rougeL": 0.131, "rouge1": 0.1521, "rouge2": 0.0107, "exact_match": 0.0}, "loss": {"X_Y_COS": 1.0, "X_Y_MSEloss": 1.0649903268294958e-12, "X_Y_test_COS": 0.930934727191925, "X_Y_test_MSEloss": 0.0002609996881801635, "X_Y_val_COS": 0.9343284964561462, "X_Y_val_MSEloss": 0.00024869272601790726}}