{"train_samples": 5, "test_samples": 200, "source_model": "sentence-transformers/gtr-t5-base", "source_dim": 768, "target_dim": 512, "test_results": {"bleu": 0.18, "bleu1": 20.17, "bleu2": 0.83, "bleu3": 0.02, "bleu4": 0.01, "rougeL": 0.1164, "rouge1": 0.1505, "rouge2": 0.0081, "exact_match": 0.0}, "loss": {"X_Y_COS": 1.0, "X_Y_MSEloss": 4.550908972854751e-16, "X_Y_test_COS": 0.8649900555610657, "X_Y_test_MSEloss": 0.0005277551827020943, "X_Y_val_COS": 0.8690491914749146, "X_Y_val_MSEloss": 0.0005123145529069006}}