{"train_samples": 1000, "test_samples": 200, "source_model": "sentence-transformers/gtr-t5-base", "source_dim": 768, "target_dim": 512, "test_results": {"bleu": 5.57, "bleu1": 29.34, "bleu2": 6.09, "bleu3": 3.44, "bleu4": 2.66, "rougeL": 0.1959, "rouge1": 0.2464, "rouge2": 0.0647, "exact_match": 0.0}, "loss": {"X_Y_COS": 0.9478477835655212, "X_Y_MSEloss": 0.00019947972032241523, "X_Y_test_COS": 0.8168336153030396, "X_Y_test_MSEloss": 0.0007073640590533614, "X_Y_val_COS": 0.811768114566803, "X_Y_val_MSEloss": 0.0007310372311621904}}