{"train_samples": 10, "test_samples": 200, "source_model": "google/mt5-base", "source_dim": 768, "target_dim": 512, "test_results": {"bleu": 0.31, "bleu1": 21.72, "bleu2": 1.15, "bleu3": 0.03, "bleu4": 0.01, "rougeL": 0.1299, "rouge1": 0.1702, "rouge2": 0.0122, "exact_match": 0.0}, "loss": {"X_Y_COS": 1.0, "X_Y_MSEloss": 1.6727674628081281e-15, "X_Y_test_COS": 0.8992555141448975, "X_Y_test_MSEloss": 0.0003761560656130314, "X_Y_val_COS": 0.8997726440429688, "X_Y_val_MSEloss": 0.0003754125500563532}}