{"train_samples": 1000, "test_samples": 200, "source_model": "google-t5/t5-base", "source_dim": 768, "target_dim": 512, "test_results": {"bleu": 16.89, "bleu1": 51.02, "bleu2": 23.09, "bleu3": 11.31, "bleu4": 6.1, "rougeL": 0.4289, "rouge1": 0.5415, "rouge2": 0.2523, "exact_match": 0.0}, "loss": {"X_Y_COS": 0.9915935397148132, "X_Y_MSEloss": 3.3055101084755734e-05, "X_Y_test_COS": 0.9594655632972717, "X_Y_test_MSEloss": 0.00015723206161055714, "X_Y_val_COS": 0.9581620097160339, "X_Y_val_MSEloss": 0.00016212239279411733}}