{"train_samples": 500, "test_samples": 200, "source_model": "google-t5/t5-base", "source_dim": 768, "target_dim": 512, "test_results": {"bleu": 4.08, "bleu1": 30.77, "bleu2": 5.38, "bleu3": 1.74, "bleu4": 1.17, "rougeL": 0.189, "rouge1": 0.2454, "rouge2": 0.0545, "exact_match": 0.0}, "loss": {"X_Y_COS": 0.9842649102210999, "X_Y_MSEloss": 6.164717342471704e-05, "X_Y_test_COS": 0.8233134150505066, "X_Y_test_MSEloss": 0.0007151755271479487, "X_Y_val_COS": 0.8284748792648315, "X_Y_val_MSEloss": 0.0006933636614121497}}