{"train_samples": 10, "test_samples": 200, "source_model": "google-bert/bert-base-multilingual-cased", "source_dim": 768, "target_dim": 512, "test_results": {"bleu": 0.17, "bleu1": 14.34, "bleu2": 1.05, "bleu3": 0.01, "bleu4": 0.01, "rougeL": 0.0878, "rouge1": 0.0978, "rouge2": 0.009, "exact_match": 0.0}, "loss": {"X_Y_COS": 1.0, "X_Y_MSEloss": 4.266665891579889e-16, "X_Y_test_COS": 0.8308221101760864, "X_Y_test_MSEloss": 0.0006093229749239981, "X_Y_val_COS": 0.8396263718605042, "X_Y_val_MSEloss": 0.000583385000936687}}