{"train_samples": 20, "test_samples": 200, "source_model": "sentence-transformers/gtr-t5-base", "source_dim": 768, "target_dim": 512, "test_results": {"bleu": 0.18, "bleu1": 8.61, "bleu2": 0.14, "bleu3": 0.08, "bleu4": 0.02, "rougeL": 0.0129, "rouge1": 0.0132, "rouge2": 0.0, "exact_match": 0.0}, "loss": {"X_Y_COS": 1.0, "X_Y_MSEloss": 1.0747383792449505e-15, "X_Y_test_COS": 0.8757949471473694, "X_Y_test_MSEloss": 0.00046791796921752393, "X_Y_val_COS": 0.8722231388092041, "X_Y_val_MSEloss": 0.0004792514373548329}}