{"train_samples": 50, "test_samples": 200, "source_model": "google/flan-t5-base", "source_dim": 768, "target_dim": 512, "test_results": {"bleu": 0.24, "bleu1": 20.58, "bleu2": 0.97, "bleu3": 0.02, "bleu4": 0.01, "rougeL": 0.1144, "rouge1": 0.1277, "rouge2": 0.0067, "exact_match": 0.0}, "loss": {"X_Y_COS": 1.0, "X_Y_MSEloss": 2.0023057918736736e-13, "X_Y_test_COS": 0.9028547406196594, "X_Y_test_MSEloss": 0.0003633300948422402, "X_Y_val_COS": 0.906370222568512, "X_Y_val_MSEloss": 0.00035171950003132224}}