{"train_samples": 10, "test_samples": 200, "source_model": "google/flan-t5-base", "source_dim": 768, "target_dim": 512, "test_results": {"bleu": 0.19, "bleu1": 15.09, "bleu2": 0.76, "bleu3": 0.03, "bleu4": 0.01, "rougeL": 0.1145, "rouge1": 0.1312, "rouge2": 0.0068, "exact_match": 0.0}, "loss": {"X_Y_COS": 1.0, "X_Y_MSEloss": 5.176781617580953e-16, "X_Y_test_COS": 0.8747641444206238, "X_Y_test_MSEloss": 0.00046373510849662125, "X_Y_val_COS": 0.8792687654495239, "X_Y_val_MSEloss": 0.000448637263616547}}