{"train_samples": 10, "test_samples": 200, "source_model": "intfloat/multilingual-e5-base", "source_dim": 768, "target_dim": 512, "test_results": {"bleu": 0.37, "bleu1": 19.87, "bleu2": 0.97, "bleu3": 0.09, "bleu4": 0.01, "rougeL": 0.1259, "rouge1": 0.1635, "rouge2": 0.009, "exact_match": 0.0}, "loss": {"X_Y_COS": 1.0, "X_Y_MSEloss": 1.1039213112558214e-15, "X_Y_test_COS": 0.8937293887138367, "X_Y_test_MSEloss": 0.00039424639544449747, "X_Y_val_COS": 0.8976305723190308, "X_Y_val_MSEloss": 0.00038073663017712533}}