{"train_samples": 20, "test_samples": 200, "source_model": "intfloat/multilingual-e5-base", "source_dim": 768, "target_dim": 512, "test_results": {"bleu": 0.21, "bleu1": 19.48, "bleu2": 0.78, "bleu3": 0.03, "bleu4": 0.01, "rougeL": 0.1031, "rouge1": 0.1164, "rouge2": 0.0046, "exact_match": 0.0}, "loss": {"X_Y_COS": 1.0, "X_Y_MSEloss": 5.010951653616758e-10, "X_Y_test_COS": 0.9079945087432861, "X_Y_test_MSEloss": 0.000845575996208936, "X_Y_val_COS": 0.9128658771514893, "X_Y_val_MSEloss": 0.0008212588727474213}}