{"train_samples": 20, "test_samples": 200, "source_model": "intfloat/multilingual-e5-base", "source_dim": 768, "target_dim": 512, "test_results": {"bleu": 0.22, "bleu1": 19.37, "bleu2": 0.83, "bleu3": 0.02, "bleu4": 0.01, "rougeL": 0.1, "rouge1": 0.1133, "rouge2": 0.0059, "exact_match": 0.0}, "loss": {"X_Y_COS": 1.0, "X_Y_MSEloss": 4.2896760498118205e-14, "X_Y_test_COS": 0.8999846577644348, "X_Y_test_MSEloss": 0.0003713114419952035, "X_Y_val_COS": 0.9046688079833984, "X_Y_val_MSEloss": 0.00035505599225871265}}