{"train_samples": 10, "test_samples": 200, "source_model": "google-t5/t5-base", "source_dim": 768, "target_dim": 512, "test_results": {"bleu": 0.25, "bleu1": 12.99, "bleu2": 0.36, "bleu3": 0.06, "bleu4": 0.02, "rougeL": 0.0539, "rouge1": 0.0626, "rouge2": 0.0037, "exact_match": 0.0}, "loss": {"X_Y_COS": 1.0, "X_Y_MSEloss": 1.1388120806608837e-15, "X_Y_test_COS": 0.8776641488075256, "X_Y_test_MSEloss": 0.0004493989981710911, "X_Y_val_COS": 0.8725088238716125, "X_Y_val_MSEloss": 0.0004668825713451952}}