{"train_samples": 500, "test_samples": 200, "source_model": "sentence-transformers/all-MiniLM-L6-v2", "source_dim": 384, "target_dim": 512, "test_results": {"bleu": 14.38, "bleu1": 28.14, "bleu2": 13.39, "bleu3": 11.72, "bleu4": 10.96, "rougeL": 0.2292, "rouge1": 0.262, "rouge2": 0.13, "exact_match": 0.0}, "loss": {"X_Y_COS": 0.9839021563529968, "X_Y_MSEloss": 0.00018089325749315321, "X_Y_test_COS": 0.6810201406478882, "X_Y_test_MSEloss": 0.0035392814315855503, "X_Y_val_COS": 0.6353910565376282, "X_Y_val_MSEloss": 0.0038605481386184692}}