{"train_samples": 500, "test_samples": 200, "source_model": "sentence-transformers/gtr-t5-base", "source_dim": 768, "target_dim": 512, "test_results": {"bleu": 0.04, "bleu1": 8.67, "bleu2": 0.02, "bleu3": 0.01, "bleu4": 0.01, "rougeL": 0.0144, "rouge1": 0.0153, "rouge2": 0.0, "exact_match": 0.0}, "loss": {"X_Y_COS": 0.9852026700973511, "X_Y_MSEloss": 5.7934154028771445e-05, "X_Y_test_COS": 0.8100826740264893, "X_Y_test_MSEloss": 0.0007789705414324999, "X_Y_val_COS": 0.8039703369140625, "X_Y_val_MSEloss": 0.0008122062426991761}}