{"train_samples": 5, "test_samples": 200, "source_model": "google/mt5-base", "source_dim": 768, "target_dim": 512, "test_results": {"bleu": 0.18, "bleu1": 17.86, "bleu2": 1.0, "bleu3": 0.01, "bleu4": 0.01, "rougeL": 0.1173, "rouge1": 0.1491, "rouge2": 0.01, "exact_match": 0.0}, "loss": {"X_Y_COS": 1.0, "X_Y_MSEloss": 5.45292865206684e-16, "X_Y_test_COS": 0.8608848452568054, "X_Y_test_MSEloss": 0.0005119899869896472, "X_Y_val_COS": 0.8606518507003784, "X_Y_val_MSEloss": 0.0005102947470732033}}