{"train_samples": 40, "test_samples": 200, "source_model": "sentence-transformers/all-MiniLM-L6-v2", "source_dim": 384, "target_dim": 512, "test_results": {"bleu": 0.69, "bleu1": 14.14, "bleu2": 1.17, "bleu3": 0.3, "bleu4": 0.16, "rougeL": 0.0585, "rouge1": 0.068, "rouge2": 0.0085, "exact_match": 0.0}, "loss": {"X_Y_COS": 1.0, "X_Y_MSEloss": 7.156522079045276e-16, "X_Y_test_COS": 0.7622740268707275, "X_Y_test_MSEloss": 0.0008372202864848077, "X_Y_val_COS": 0.7313282489776611, "X_Y_val_MSEloss": 0.0009016523836180568}}