{"train_samples": 40, "test_samples": 200, "source_model": "text-embedding-3-large", "source_dim": 3072, "target_dim": 512, "test_results": {"bleu": 0.11, "bleu1": 11.89, "bleu2": 0.17, "bleu3": 0.02, "bleu4": 0.01, "rougeL": 0.0774, "rouge1": 0.0921, "rouge2": 0.0018, "exact_match": 0.0}, "loss": {"X_Y_COS": 1.0, "X_Y_MSEloss": 1.8048595387329391e-12, "X_Y_test_COS": 0.9072718620300293, "X_Y_test_MSEloss": 0.0007748421630822122, "X_Y_val_COS": 0.9091715812683105, "X_Y_val_MSEloss": 0.0007549830479547381}}