{"train_samples": 3, "test_samples": 200, "source_model": "intfloat/multilingual-e5-base", "source_dim": 768, "target_dim": 512, "test_results": {"bleu": 0.16, "bleu1": 18.07, "bleu2": 0.66, "bleu3": 0.01, "bleu4": 0.01, "rougeL": 0.1058, "rouge1": 0.1338, "rouge2": 0.0043, "exact_match": 0.0}, "loss": {"X_Y_COS": 1.0, "X_Y_MSEloss": 2.1103989389370525e-10, "X_Y_test_COS": 0.8405063152313232, "X_Y_test_MSEloss": 0.0011639029253274202, "X_Y_val_COS": 0.8447074890136719, "X_Y_val_MSEloss": 0.001109692850150168}}