{"train_samples": 50, "test_samples": 200, "source_model": "text-embedding-ada-002", "source_dim": 1536, "target_dim": 512, "test_results": {"bleu": 0.17, "bleu1": 14.62, "bleu2": 0.39, "bleu3": 0.02, "bleu4": 0.01, "rougeL": 0.1085, "rouge1": 0.1232, "rouge2": 0.0045, "exact_match": 0.0}, "loss": {"X_Y_COS": 1.0, "X_Y_MSEloss": 5.184661033830196e-10, "X_Y_test_COS": 0.9237918853759766, "X_Y_test_MSEloss": 0.0006729926099069417, "X_Y_val_COS": 0.9262260794639587, "X_Y_val_MSEloss": 0.0006662129308097064}}