{"train_samples": 20, "test_samples": 200, "source_model": "google/mt5-base", "source_dim": 768, "target_dim": 512, "test_results": {"bleu": 0.24, "bleu1": 19.6, "bleu2": 1.14, "bleu3": 0.02, "bleu4": 0.01, "rougeL": 0.1115, "rouge1": 0.1249, "rouge2": 0.0079, "exact_match": 0.0}, "loss": {"X_Y_COS": 1.0, "X_Y_MSEloss": 4.10276534967835e-10, "X_Y_test_COS": 0.9041571021080017, "X_Y_test_MSEloss": 0.0009009495843201876, "X_Y_val_COS": 0.9091991782188416, "X_Y_val_MSEloss": 0.0008735545561648905}}