{"train_samples": 5, "test_samples": 200, "source_model": "google-t5/t5-base", "source_dim": 768, "target_dim": 512, "test_results": {"bleu": 0.34, "bleu1": 11.14, "bleu2": 0.5, "bleu3": 0.15, "bleu4": 0.06, "rougeL": 0.062, "rouge1": 0.0719, "rouge2": 0.0026, "exact_match": 0.0}, "loss": {"X_Y_COS": 1.0, "X_Y_MSEloss": 6.846371436287457e-16, "X_Y_test_COS": 0.8844037652015686, "X_Y_test_MSEloss": 0.0009069236693903804, "X_Y_val_COS": 0.882557213306427, "X_Y_val_MSEloss": 0.0009121025213971734}}