{"train_samples": 3, "test_samples": 200, "source_model": "google/flan-t5-base", "source_dim": 768, "target_dim": 512, "test_results": {"bleu": 0.08, "bleu1": 7.06, "bleu2": 0.07, "bleu3": 0.02, "bleu4": 0.01, "rougeL": 0.0546, "rouge1": 0.0595, "rouge2": 0.0007, "exact_match": 0.0}, "loss": {"X_Y_COS": 1.0, "X_Y_MSEloss": 1.8913148824850623e-10, "X_Y_test_COS": 0.830180287361145, "X_Y_test_MSEloss": 0.0012202173238620162, "X_Y_val_COS": 0.8271411061286926, "X_Y_val_MSEloss": 0.0012855674140155315}}