{"train_samples": 3, "test_samples": 200, "source_model": "google/flan-t5-base", "source_dim": 768, "target_dim": 512, "test_results": {"bleu": 0.07, "bleu1": 6.75, "bleu2": 0.04, "bleu3": 0.02, "bleu4": 0.01, "rougeL": 0.0363, "rouge1": 0.0402, "rouge2": 0.0006, "exact_match": 0.0}, "loss": {"X_Y_COS": 1.0, "X_Y_MSEloss": 3.124473725942987e-16, "X_Y_test_COS": 0.8186419010162354, "X_Y_test_MSEloss": 0.000668843393214047, "X_Y_val_COS": 0.8162967562675476, "X_Y_val_MSEloss": 0.0006770510226488113}}