{"train_samples": 3, "test_samples": 200, "source_model": "text-embedding-3-large", "source_dim": 3072, "target_dim": 512, "test_results": {"bleu": 0.33, "bleu1": 16.13, "bleu2": 0.71, "bleu3": 0.04, "bleu4": 0.02, "rougeL": 0.1016, "rouge1": 0.1206, "rouge2": 0.0054, "exact_match": 0.0}, "loss": {"X_Y_COS": 1.0, "X_Y_MSEloss": 8.009886332882506e-17, "X_Y_test_COS": 0.7605774402618408, "X_Y_test_MSEloss": 0.001590212807059288, "X_Y_val_COS": 0.756562352180481, "X_Y_val_MSEloss": 0.0015873628435656428}}