{"train_samples": 10, "test_samples": 200, "source_model": "sentence-transformers/gtr-t5-base", "source_dim": 768, "target_dim": 512, "test_results": {"bleu": 0.47, "bleu1": 17.67, "bleu2": 0.83, "bleu3": 0.15, "bleu4": 0.06, "rougeL": 0.0798, "rouge1": 0.0895, "rouge2": 0.0063, "exact_match": 0.0}, "loss": {"X_Y_COS": 1.0, "X_Y_MSEloss": 4.156738485080818e-16, "X_Y_test_COS": 0.8917866349220276, "X_Y_test_MSEloss": 0.0005843919352628291, "X_Y_val_COS": 0.8948867321014404, "X_Y_val_MSEloss": 0.0005669343518093228}}