{"train_samples": 2000, "test_samples": 200, "source_model": "google/mt5-base", "source_dim": 768, "target_dim": 512, "test_results": {"bleu": 0.26, "bleu1": 18.18, "bleu2": 1.46, "bleu3": 0.02, "bleu4": 0.01, "rougeL": 0.147, "rouge1": 0.1693, "rouge2": 0.0139, "exact_match": 0.0}, "loss": {"X_Y_COS": 0.9554283618927002, "X_Y_MSEloss": 0.00017184883472509682, "X_Y_test_COS": 0.9315922260284424, "X_Y_test_MSEloss": 0.0002620666928123683, "X_Y_val_COS": 0.9318148493766785, "X_Y_val_MSEloss": 0.0002609866496641189}}