{"epoch": 4, "dev_acc": 27.500000000000004, "test_acc": 37.0, "test_f1": 36.370000000000005, "test_roc": 49.82}