{"train_samples": 10, "test_samples": 200, "source_model": "google-bert/bert-base-multilingual-cased", "source_dim": 768, "target_dim": 512, "test_results": {"bleu": 0.2, "bleu1": 21.06, "bleu2": 0.94, "bleu3": 0.01, "bleu4": 0.01, "rougeL": 0.1277, "rouge1": 0.1675, "rouge2": 0.0088, "exact_match": 0.0}, "loss": {"X_Y_COS": 1.0, "X_Y_MSEloss": 4.144571121491306e-16, "X_Y_test_COS": 0.867003321647644, "X_Y_test_MSEloss": 0.0004896789323538542, "X_Y_val_COS": 0.8718855977058411, "X_Y_val_MSEloss": 0.0004727258929051459}}