{"train_samples": 1000, "test_samples": 200, "source_model": "google/mt5-base", "source_dim": 768, "target_dim": 512, "test_results": {"bleu": 1.15, "bleu1": 9.0, "bleu2": 1.19, "bleu3": 0.68, "bleu4": 0.28, "rougeL": 0.0423, "rouge1": 0.0447, "rouge2": 0.0014, "exact_match": 0.0}, "loss": {"X_Y_COS": 0.9115248322486877, "X_Y_MSEloss": 0.000439010706031695, "X_Y_test_COS": 0.028638586401939392, "X_Y_test_MSEloss": 0.007416372187435627, "X_Y_val_COS": 0.04346688091754913, "X_Y_val_MSEloss": 0.006944558583199978}}