{"train_samples": 1000, "test_samples": 200, "source_model": "sentence-transformers/gtr-t5-base", "source_dim": 768, "target_dim": 512, "test_results": {"bleu": 0.23, "bleu1": 10.01, "bleu2": 0.27, "bleu3": 0.06, "bleu4": 0.02, "rougeL": 0.0667, "rouge1": 0.0729, "rouge2": 0.0025, "exact_match": 0.0}, "loss": {"X_Y_COS": 0.9099295139312744, "X_Y_MSEloss": 0.0004251159552950412, "X_Y_test_COS": -0.019159235060214996, "X_Y_test_MSEloss": 0.007971775718033314, "X_Y_val_COS": -0.02700532227754593, "X_Y_val_MSEloss": 0.006939718499779701}}