{"train_samples": 10, "test_samples": 200, "source_model": "google/flan-t5-base", "source_dim": 768, "target_dim": 512, "test_results": {"bleu": 1.63, "bleu1": 20.29, "bleu2": 1.82, "bleu3": 0.62, "bleu4": 0.31, "rougeL": 0.1288, "rouge1": 0.174, "rouge2": 0.02, "exact_match": 0.0}, "loss": {"X_Y_COS": 1.0, "X_Y_MSEloss": 4.676653660852612e-16, "X_Y_test_COS": 0.860174298286438, "X_Y_test_MSEloss": 0.0005138291162438691, "X_Y_val_COS": 0.8587064743041992, "X_Y_val_MSEloss": 0.0005208084476180375}}