{"epoch": 0, "dev_acc": 31.5, "test_acc": 38.0, "test_f1": 37.330000000000005, "test_roc": 51.849999999999994}