{"train_samples": 20, "test_samples": 200, "source_model": "text-embedding-3-large", "source_dim": 3072, "target_dim": 512, "test_results": {"bleu": 0.07, "bleu1": 9.96, "bleu2": 0.03, "bleu3": 0.01, "bleu4": 0.01, "rougeL": 0.0103, "rouge1": 0.0103, "rouge2": 0.0, "exact_match": 0.0}, "loss": {"X_Y_COS": 1.0, "X_Y_MSEloss": 3.1917244361858344e-16, "X_Y_test_COS": 0.9050683379173279, "X_Y_test_MSEloss": 0.0004052369622513652, "X_Y_val_COS": 0.9042508006095886, "X_Y_val_MSEloss": 0.0004024693334940821}}