{"train_samples": 50, "test_samples": 200, "source_model": "sentence-transformers/all-MiniLM-L6-v2", "source_dim": 384, "target_dim": 512, "test_results": {"bleu": 0.04, "bleu1": 8.69, "bleu2": 0.02, "bleu3": 0.01, "bleu4": 0.01, "rougeL": 0.0081, "rouge1": 0.0095, "rouge2": 0.0, "exact_match": 0.0}, "loss": {"X_Y_COS": 1.0, "X_Y_MSEloss": 1.3901316689023287e-14, "X_Y_test_COS": 0.8513468503952026, "X_Y_test_MSEloss": 0.0005590263172052801, "X_Y_val_COS": 0.8497380018234253, "X_Y_val_MSEloss": 0.0005742357461713254}}