{"train_samples": 100, "test_samples": 200, "source_model": "sentence-transformers/all-MiniLM-L6-v2", "source_dim": 384, "target_dim": 512, "test_results": {"bleu": 0.27, "bleu1": 15.56, "bleu2": 0.73, "bleu3": 0.05, "bleu4": 0.01, "rougeL": 0.0802, "rouge1": 0.1006, "rouge2": 0.0078, "exact_match": 0.0}, "loss": {"X_Y_COS": 1.0, "X_Y_MSEloss": 3.9417838635616605e-15, "X_Y_test_COS": 0.5996949672698975, "X_Y_test_MSEloss": 0.0011971297208219767, "X_Y_val_COS": 0.6173990964889526, "X_Y_val_MSEloss": 0.0011382641969248652}}