{"train_samples": 2000, "test_samples": 200, "source_model": "sentence-transformers/all-MiniLM-L6-v2", "source_dim": 384, "target_dim": 512, "test_results": {"bleu": 1.86, "bleu1": 24.97, "bleu2": 3.32, "bleu3": 0.78, "bleu4": 0.22, "rougeL": 0.178, "rouge1": 0.2363, "rouge2": 0.0417, "exact_match": 0.0}, "loss": {"X_Y_COS": 0.9233769178390503, "X_Y_MSEloss": 0.00040415063267573714, "X_Y_test_COS": 0.8533851504325867, "X_Y_test_MSEloss": 0.0006458702264353633, "X_Y_val_COS": 0.8536950349807739, "X_Y_val_MSEloss": 0.0006315969512797892}}