{"train_samples": 20, "test_samples": 200, "source_model": "text-embedding-3-large", "source_dim": 3072, "target_dim": 512, "test_results": {"bleu": 0.13, "bleu1": 9.27, "bleu2": 0.27, "bleu3": 0.02, "bleu4": 0.01, "rougeL": 0.0575, "rouge1": 0.0648, "rouge2": 0.0104, "exact_match": 0.0}, "loss": {"X_Y_COS": 1.0, "X_Y_MSEloss": 1.6246888556725736e-10, "X_Y_test_COS": 0.8793671131134033, "X_Y_test_MSEloss": 0.0009847101755440235, "X_Y_val_COS": 0.8733229637145996, "X_Y_val_MSEloss": 0.0010714856907725334}}