{"train_samples": 10, "test_samples": 200, "source_model": "google-t5/t5-base", "source_dim": 768, "target_dim": 512, "test_results": {"bleu": 0.19, "bleu1": 14.23, "bleu2": 0.89, "bleu3": 0.03, "bleu4": 0.02, "rougeL": 0.1112, "rouge1": 0.1253, "rouge2": 0.0078, "exact_match": 0.0}, "loss": {"X_Y_COS": 1.0, "X_Y_MSEloss": 1.489684903210886e-10, "X_Y_test_COS": 0.8824946284294128, "X_Y_test_MSEloss": 0.0008050152682699263, "X_Y_val_COS": 0.887978732585907, "X_Y_val_MSEloss": 0.0007904893136583269}}