{"epoch": 3, "dev_acc": 55.00000000000001, "test_acc": 51.5, "test_f1": 51.25999999999999, "test_roc": 49.04}