{"train_samples": 30, "test_samples": 200, "source_model": "google-t5/t5-base", "source_dim": 768, "target_dim": 512, "test_results": {"bleu": 0.23, "bleu1": 12.43, "bleu2": 0.55, "bleu3": 0.04, "bleu4": 0.02, "rougeL": 0.0581, "rouge1": 0.0643, "rouge2": 0.0054, "exact_match": 0.0}, "loss": {"X_Y_COS": 1.0, "X_Y_MSEloss": 5.439022171017938e-15, "X_Y_test_COS": 0.9143810868263245, "X_Y_test_MSEloss": 0.0005807066918350756, "X_Y_val_COS": 0.9107670783996582, "X_Y_val_MSEloss": 0.00062848738161847}}