{"train_samples": 20, "test_samples": 200, "source_model": "sentence-transformers/all-MiniLM-L6-v2", "source_dim": 384, "target_dim": 512, "test_results": {"bleu": 0.12, "bleu1": 12.28, "bleu2": 0.47, "bleu3": 0.01, "bleu4": 0.01, "rougeL": 0.053, "rouge1": 0.0619, "rouge2": 0.0063, "exact_match": 0.0}, "loss": {"X_Y_COS": 1.0, "X_Y_MSEloss": 4.50767852880926e-16, "X_Y_test_COS": 0.788922131061554, "X_Y_test_MSEloss": 0.0008496989030390978, "X_Y_val_COS": 0.7603604197502136, "X_Y_val_MSEloss": 0.0008999783894978464}}