{"train_samples": 1000, "test_samples": 200, "source_model": "sentence-transformers/all-MiniLM-L6-v2", "source_dim": 384, "target_dim": 512, "test_results": {"bleu": 0.22, "bleu1": 18.18, "bleu2": 1.26, "bleu3": 0.02, "bleu4": 0.01, "rougeL": 0.1334, "rouge1": 0.1694, "rouge2": 0.013, "exact_match": 0.0}, "loss": {"X_Y_COS": 0.9683534502983093, "X_Y_MSEloss": 0.0001325855846516788, "X_Y_test_COS": 0.9149380326271057, "X_Y_test_MSEloss": 0.0003413628728594631, "X_Y_val_COS": 0.9109671711921692, "X_Y_val_MSEloss": 0.00035704445326700807}}