{"train_samples": 20, "test_samples": 200, "source_model": "google-bert/bert-base-multilingual-cased", "source_dim": 768, "target_dim": 512, "test_results": {"bleu": 0.13, "bleu1": 9.09, "bleu2": 0.12, "bleu3": 0.02, "bleu4": 0.01, "rougeL": 0.0032, "rouge1": 0.0032, "rouge2": 0.0, "exact_match": 0.0}, "loss": {"X_Y_COS": 1.0, "X_Y_MSEloss": 4.850958959474799e-15, "X_Y_test_COS": 0.8400007486343384, "X_Y_test_MSEloss": 0.0005754773737862706, "X_Y_val_COS": 0.8419544696807861, "X_Y_val_MSEloss": 0.0005686794174835086}}