{"train_samples": 1000, "test_samples": 200, "source_model": "google/mt5-base", "source_dim": 768, "target_dim": 512, "test_results": {"bleu": 0.4, "bleu1": 22.15, "bleu2": 1.49, "bleu3": 0.06, "bleu4": 0.02, "rougeL": 0.1603, "rouge1": 0.2123, "rouge2": 0.0188, "exact_match": 0.0}, "loss": {"X_Y_COS": 0.9753255844116211, "X_Y_MSEloss": 0.00016714587400201708, "X_Y_test_COS": 0.9408206939697266, "X_Y_test_MSEloss": 0.0004018920590169728, "X_Y_val_COS": 0.9424440264701843, "X_Y_val_MSEloss": 0.0003878667193930596}}