{"train_samples": 100, "test_samples": 200, "source_model": "google-t5/t5-base", "source_dim": 768, "target_dim": 512, "test_results": {"bleu": 18.65, "bleu1": 36.7, "bleu2": 18.18, "bleu3": 15.24, "bleu4": 13.8, "rougeL": 0.295, "rouge1": 0.3432, "rouge2": 0.1783, "exact_match": 0.0}, "loss": {"X_Y_COS": 0.9999760389328003, "X_Y_MSEloss": 1.0069380351751533e-07, "X_Y_test_COS": 0.9240545630455017, "X_Y_test_MSEloss": 0.0002872894983738661, "X_Y_val_COS": 0.9205190539360046, "X_Y_val_MSEloss": 0.0003001584846060723}}