{"train_samples": 3, "test_samples": 200, "source_model": "text-embedding-ada-002", "source_dim": 1536, "target_dim": 512, "test_results": {"bleu": 0.08, "bleu1": 6.64, "bleu2": 0.05, "bleu3": 0.03, "bleu4": 0.02, "rougeL": 0.0646, "rouge1": 0.0698, "rouge2": 0.0009, "exact_match": 0.0}, "loss": {"X_Y_COS": 1.0, "X_Y_MSEloss": 1.9659233962965317e-10, "X_Y_test_COS": 0.8484487533569336, "X_Y_test_MSEloss": 0.0010139079531654716, "X_Y_val_COS": 0.8515729904174805, "X_Y_val_MSEloss": 0.0010147782741114497}}