{"train_samples": 50, "test_samples": 200, "source_model": "text-embedding-3-large", "source_dim": 3072, "target_dim": 512, "test_results": {"bleu": 0.17, "bleu1": 13.71, "bleu2": 0.6, "bleu3": 0.02, "bleu4": 0.01, "rougeL": 0.1149, "rouge1": 0.1487, "rouge2": 0.0076, "exact_match": 0.0}, "loss": {"X_Y_COS": 1.0, "X_Y_MSEloss": 1.9854674629789454e-15, "X_Y_test_COS": 0.8753719925880432, "X_Y_test_MSEloss": 0.0004855563456658274, "X_Y_val_COS": 0.8757023215293884, "X_Y_val_MSEloss": 0.00048041384434327483}}