{"train_samples": 5, "test_samples": 200, "source_model": "google-bert/bert-base-multilingual-cased", "source_dim": 768, "target_dim": 512, "test_results": {"bleu": 0.09, "bleu1": 8.04, "bleu2": 0.06, "bleu3": 0.02, "bleu4": 0.01, "rougeL": 0.0458, "rouge1": 0.0497, "rouge2": 0.0005, "exact_match": 0.0}, "loss": {"X_Y_COS": 1.0, "X_Y_MSEloss": 3.5544332086229864e-16, "X_Y_test_COS": 0.8839558362960815, "X_Y_test_MSEloss": 0.00045061655691824853, "X_Y_val_COS": 0.8865734934806824, "X_Y_val_MSEloss": 0.0004414618306327611}}