{"train_samples": 100, "test_samples": 200, "source_model": "google/flan-t5-base", "source_dim": 768, "target_dim": 512, "test_results": {"bleu": 0.18, "bleu1": 22.01, "bleu2": 0.85, "bleu3": 0.02, "bleu4": 0.01, "rougeL": 0.1037, "rouge1": 0.13, "rouge2": 0.0046, "exact_match": 0.0}, "loss": {"X_Y_COS": 1.0, "X_Y_MSEloss": 1.0159049990132729e-10, "X_Y_test_COS": 0.84341961145401, "X_Y_test_MSEloss": 0.0005800899234600365, "X_Y_val_COS": 0.8480929136276245, "X_Y_val_MSEloss": 0.000563276931643486}}