{"train_samples": 50, "test_samples": 200, "source_model": "google/mt5-base", "source_dim": 768, "target_dim": 512, "test_results": {"bleu": 1.18, "bleu1": 22.04, "bleu2": 2.28, "bleu3": 0.39, "bleu4": 0.12, "rougeL": 0.1414, "rouge1": 0.1893, "rouge2": 0.0231, "exact_match": 0.0}, "loss": {"X_Y_COS": 1.0, "X_Y_MSEloss": 1.1992697633578242e-11, "X_Y_test_COS": 0.8916075229644775, "X_Y_test_MSEloss": 0.0004077577905263752, "X_Y_val_COS": 0.8876829147338867, "X_Y_val_MSEloss": 0.00042317353654652834}}