{"train_samples": 5, "test_samples": 200, "source_model": "sentence-transformers/all-MiniLM-L6-v2", "source_dim": 384, "target_dim": 512, "test_results": {"bleu": 0.03, "bleu1": 6.62, "bleu2": 0.03, "bleu3": 0.02, "bleu4": 0.01, "rougeL": 0.0105, "rouge1": 0.0105, "rouge2": 0.0, "exact_match": 0.0}, "loss": {"X_Y_COS": 1.0, "X_Y_MSEloss": 2.405654038332202e-16, "X_Y_test_COS": 0.8611846566200256, "X_Y_test_MSEloss": 0.0006775109213776886, "X_Y_val_COS": 0.8591547012329102, "X_Y_val_MSEloss": 0.000701063487213105}}