{"train_samples": 1, "test_samples": 200, "source_model": "text-embedding-3-large", "source_dim": 3072, "target_dim": 512, "test_results": {"bleu": 0.04, "bleu1": 13.82, "bleu2": 0.02, "bleu3": 0.01, "bleu4": 0.01, "rougeL": 0.0004, "rouge1": 0.0004, "rouge2": 0.0, "exact_match": 0.0}, "loss": {"X_Y_COS": 1.0000001192092896, "X_Y_MSEloss": 8.649367753046431e-17, "X_Y_test_COS": 0.8527429103851318, "X_Y_test_MSEloss": 0.0016542101511731744, "X_Y_val_COS": 0.834743857383728, "X_Y_val_MSEloss": 0.0016496493481099606}}