{"train_samples": 1, "test_samples": 200, "source_model": "text-embedding-3-large", "source_dim": 3072, "target_dim": 512, "test_results": {"bleu": 0.22, "bleu1": 13.49, "bleu2": 0.32, "bleu3": 0.1, "bleu4": 0.06, "rougeL": 0.0051, "rouge1": 0.0051, "rouge2": 0.0, "exact_match": 0.0}, "loss": {"X_Y_COS": 0.9999998807907104, "X_Y_MSEloss": 2.5460277264829738e-14, "X_Y_test_COS": 0.8249543905258179, "X_Y_test_MSEloss": 0.0028006508946418762, "X_Y_val_COS": 0.8242325782775879, "X_Y_val_MSEloss": 0.0027914997190237045}}