{"train_samples": 10, "test_samples": 200, "source_model": "text-embedding-ada-002", "source_dim": 1536, "target_dim": 512, "test_results": {"bleu": 10.09, "bleu1": 24.39, "bleu2": 8.72, "bleu3": 7.3, "bleu4": 6.69, "rougeL": 0.1839, "rouge1": 0.2168, "rouge2": 0.0878, "exact_match": 0.0}, "loss": {"X_Y_COS": 0.9999992251396179, "X_Y_MSEloss": 3.816100768716524e-09, "X_Y_test_COS": 0.9082998633384705, "X_Y_test_MSEloss": 0.0003409752680454403, "X_Y_val_COS": 0.9110247492790222, "X_Y_val_MSEloss": 0.0003318237140774727, "reg_lambda": 0.001}}