{"train_samples": 40, "test_samples": 200, "source_model": "text-embedding-3-large", "source_dim": 3072, "target_dim": 512, "test_results": {"bleu": 0.12, "bleu1": 12.15, "bleu2": 0.15, "bleu3": 0.02, "bleu4": 0.01, "rougeL": 0.0566, "rouge1": 0.0647, "rouge2": 0.0072, "exact_match": 0.0}, "loss": {"X_Y_COS": 1.0, "X_Y_MSEloss": 2.1330686715104012e-15, "X_Y_test_COS": 0.8946337103843689, "X_Y_test_MSEloss": 0.00040407225606031716, "X_Y_val_COS": 0.8942521214485168, "X_Y_val_MSEloss": 0.0004078190540894866}}