{"train_samples": 5, "test_samples": 200, "source_model": "google/flan-t5-base", "source_dim": 768, "target_dim": 512, "test_results": {"bleu": 0.19, "bleu1": 15.61, "bleu2": 0.46, "bleu3": 0.03, "bleu4": 0.02, "rougeL": 0.0437, "rouge1": 0.049, "rouge2": 0.0017, "exact_match": 0.0}, "loss": {"X_Y_COS": 1.0, "X_Y_MSEloss": 3.7732734349689954e-16, "X_Y_test_COS": 0.8656532168388367, "X_Y_test_MSEloss": 0.000527052441611886, "X_Y_val_COS": 0.860753059387207, "X_Y_val_MSEloss": 0.0005375327891670167}}