{"train_samples": 50, "test_samples": 200, "source_model": "text-embedding-ada-002", "source_dim": 1536, "target_dim": 512, "test_results": {"bleu": 0.21, "bleu1": 12.12, "bleu2": 0.94, "bleu3": 0.02, "bleu4": 0.01, "rougeL": 0.1021, "rouge1": 0.1074, "rouge2": 0.0086, "exact_match": 0.0}, "loss": {"X_Y_COS": 1.0, "X_Y_MSEloss": 3.662284364658319e-10, "X_Y_test_COS": 0.8511826992034912, "X_Y_test_MSEloss": 0.001041351817548275, "X_Y_val_COS": 0.8596104979515076, "X_Y_val_MSEloss": 0.0009908742504194379}}