{"train_samples": 3, "test_samples": 200, "source_model": "google-bert/bert-base-multilingual-cased", "source_dim": 768, "target_dim": 512, "test_results": {"bleu": 0.1, "bleu1": 8.93, "bleu2": 0.09, "bleu3": 0.02, "bleu4": 0.01, "rougeL": 0.1896, "rouge1": 0.2522, "rouge2": 0.0117, "exact_match": 0.0}, "loss": {"X_Y_COS": 1.0, "X_Y_MSEloss": 3.393212663211747e-16, "X_Y_test_COS": 0.8587892055511475, "X_Y_test_MSEloss": 0.000564687536098063, "X_Y_val_COS": 0.8591644167900085, "X_Y_val_MSEloss": 0.0005651385872624815}}