{"train_samples": 1000, "test_samples": 200, "source_model": "google/mt5-base", "source_dim": 768, "target_dim": 512, "test_results": {"bleu": 1.7, "bleu1": 9.4, "bleu2": 1.4, "bleu3": 0.98, "bleu4": 0.68, "rougeL": 0.0431, "rouge1": 0.0495, "rouge2": 0.0035, "exact_match": 0.0}, "loss": {"X_Y_COS": 0.8931822180747986, "X_Y_MSEloss": 0.0004701094003394246, "X_Y_test_COS": 0.043223969638347626, "X_Y_test_MSEloss": 0.0077341771684587, "X_Y_val_COS": -0.06600567698478699, "X_Y_val_MSEloss": 0.008421294391155243}}