{"train_samples": 50, "test_samples": 200, "source_model": "sentence-transformers/all-MiniLM-L6-v2", "source_dim": 384, "target_dim": 512, "test_results": {"bleu": 0.04, "bleu1": 9.9, "bleu2": 0.02, "bleu3": 0.01, "bleu4": 0.01, "rougeL": 0.006, "rouge1": 0.0066, "rouge2": 0.0, "exact_match": 0.0}, "loss": {"X_Y_COS": 1.0, "X_Y_MSEloss": 1.6936967575501873e-14, "X_Y_test_COS": 0.7895428538322449, "X_Y_test_MSEloss": 0.0007554386393167078, "X_Y_val_COS": 0.7838757038116455, "X_Y_val_MSEloss": 0.0007737957057543099}}