{"train_samples": 1000, "test_samples": 200, "source_model": "sentence-transformers/gtr-t5-base", "source_dim": 768, "target_dim": 512, "test_results": {"bleu": 0.36, "bleu1": 13.14, "bleu2": 0.67, "bleu3": 0.12, "bleu4": 0.02, "rougeL": 0.0918, "rouge1": 0.1049, "rouge2": 0.0049, "exact_match": 0.0}, "loss": {"X_Y_COS": 0.9783266186714172, "X_Y_MSEloss": 0.00010171206668019295, "X_Y_test_COS": 0.6504544019699097, "X_Y_test_MSEloss": 0.0017909167800098658, "X_Y_val_COS": 0.6195897459983826, "X_Y_val_MSEloss": 0.0018763866974040866}}