{"epoch": 3, "dev_acc": 60.0, "test_acc": 57.99999999999999, "test_f1": 57.79, "test_roc": 60.440000000000005}