{"train_samples": 1, "test_samples": 200, "source_model": "sentence-transformers/all-MiniLM-L6-v2", "source_dim": 384, "target_dim": 512, "test_results": {"bleu": 0.09, "bleu1": 10.21, "bleu2": 0.29, "bleu3": 0.02, "bleu4": 0.01, "rougeL": 0.0742, "rouge1": 0.0871, "rouge2": 0.0026, "exact_match": 0.0}, "loss": {"X_Y_COS": 1.0, "X_Y_MSEloss": 1.6117296598240524e-17, "X_Y_test_COS": 0.30937227606773376, "X_Y_test_MSEloss": 0.003853969508782029, "X_Y_val_COS": 0.343851774930954, "X_Y_val_MSEloss": 0.003803672967478633}}