{"train_samples": 500, "test_samples": 200, "source_model": "google-bert/bert-base-multilingual-cased", "source_dim": 768, "target_dim": 512, "test_results": {"bleu": 0.61, "bleu1": 17.58, "bleu2": 1.27, "bleu3": 0.15, "bleu4": 0.09, "rougeL": 0.0627, "rouge1": 0.0715, "rouge2": 0.005, "exact_match": 0.0}, "loss": {"X_Y_COS": 0.9801098108291626, "X_Y_MSEloss": 7.788994116708636e-05, "X_Y_test_COS": 0.8748058676719666, "X_Y_test_MSEloss": 0.000491121259983629, "X_Y_val_COS": 0.8713581562042236, "X_Y_val_MSEloss": 0.0005053926142863929}}