{"train_samples": 40, "test_samples": 200, "source_model": "google-t5/t5-base", "source_dim": 768, "target_dim": 512, "test_results": {"bleu": 0.14, "bleu1": 12.72, "bleu2": 0.22, "bleu3": 0.02, "bleu4": 0.01, "rougeL": 0.0614, "rouge1": 0.0689, "rouge2": 0.0068, "exact_match": 0.0}, "loss": {"X_Y_COS": 1.0, "X_Y_MSEloss": 2.063131837679727e-13, "X_Y_test_COS": 0.9072331190109253, "X_Y_test_MSEloss": 0.0003466302005108446, "X_Y_val_COS": 0.9051231741905212, "X_Y_val_MSEloss": 0.0003538826131261885}}