{"train_samples": 500, "test_samples": 200, "source_model": "google/mt5-base", "source_dim": 768, "target_dim": 512, "test_results": {"bleu": 0.14, "bleu1": 10.01, "bleu2": 0.24, "bleu3": 0.02, "bleu4": 0.01, "rougeL": 0.0954, "rouge1": 0.1128, "rouge2": 0.0032, "exact_match": 0.0}, "loss": {"X_Y_COS": 0.9788839817047119, "X_Y_MSEloss": 8.239822636824101e-05, "X_Y_test_COS": 0.9147694110870361, "X_Y_test_MSEloss": 0.00032916732016019523, "X_Y_val_COS": 0.9114277362823486, "X_Y_val_MSEloss": 0.00034177940688095987}}