{"train_samples": 30, "test_samples": 200, "source_model": "google-t5/t5-base", "source_dim": 768, "target_dim": 512, "test_results": {"bleu": 0.29, "bleu1": 14.32, "bleu2": 0.97, "bleu3": 0.08, "bleu4": 0.01, "rougeL": 0.0744, "rouge1": 0.088, "rouge2": 0.0119, "exact_match": 0.0}, "loss": {"X_Y_COS": 1.0, "X_Y_MSEloss": 1.2306183395721041e-14, "X_Y_test_COS": 0.8906531929969788, "X_Y_test_MSEloss": 0.00040431407978758216, "X_Y_val_COS": 0.8867864608764648, "X_Y_val_MSEloss": 0.00041834672447293997}}