{"train_samples": 1000, "test_samples": 200, "source_model": "text-embedding-ada-002", "source_dim": 1536, "target_dim": 512, "test_results": {"bleu": 11.89, "bleu1": 28.31, "bleu2": 11.16, "bleu3": 9.48, "bleu4": 8.71, "rougeL": 0.2155, "rouge1": 0.2528, "rouge2": 0.1071, "exact_match": 0.0}, "loss": {"X_Y_COS": 0.9250755906105042, "X_Y_MSEloss": 0.00028227950679138303, "X_Y_test_COS": 0.9223682880401611, "X_Y_test_MSEloss": 0.00029190804343670607, "X_Y_val_COS": 0.9244025945663452, "X_Y_val_MSEloss": 0.0002852995239663869, "reg_lambda": 10}}