{"train_samples": 1000, "test_samples": 200, "source_model": "google-bert/bert-base-multilingual-cased", "source_dim": 768, "target_dim": 512, "test_results": {"bleu": 9.53, "bleu1": 40.16, "bleu2": 14.42, "bleu3": 5.73, "bleu4": 2.49, "rougeL": 0.3029, "rouge1": 0.3877, "rouge2": 0.1337, "exact_match": 0.0}, "loss": {"X_Y_COS": 0.982958197593689, "X_Y_MSEloss": 6.6584070737008e-05, "X_Y_test_COS": 0.9408025741577148, "X_Y_test_MSEloss": 0.0002297729515703395, "X_Y_val_COS": 0.9441853165626526, "X_Y_val_MSEloss": 0.0002176575653720647}}