{"train_samples": 1000, "test_samples": 200, "source_model": "intfloat/multilingual-e5-base", "source_dim": 768, "target_dim": 512, "test_results": {"bleu": 0.3, "bleu1": 16.59, "bleu2": 0.75, "bleu3": 0.06, "bleu4": 0.02, "rougeL": 0.0736, "rouge1": 0.0831, "rouge2": 0.004, "exact_match": 0.0}, "loss": {"X_Y_COS": 0.9511653184890747, "X_Y_MSEloss": 0.00018665764946490526, "X_Y_test_COS": 0.8800317049026489, "X_Y_test_MSEloss": 0.0004542445531114936, "X_Y_val_COS": 0.8795058727264404, "X_Y_val_MSEloss": 0.0004557590000331402}}