{"train_samples": 30, "test_samples": 200, "source_model": "sentence-transformers/all-MiniLM-L6-v2", "source_dim": 384, "target_dim": 512, "test_results": {"bleu": 0.07, "bleu1": 8.46, "bleu2": 0.03, "bleu3": 0.02, "bleu4": 0.01, "rougeL": 0.0033, "rouge1": 0.0033, "rouge2": 0.0, "exact_match": 0.0}, "loss": {"X_Y_COS": 1.0, "X_Y_MSEloss": 2.7599091360821365e-14, "X_Y_test_COS": 0.8696815967559814, "X_Y_test_MSEloss": 0.0004916048492304981, "X_Y_val_COS": 0.8599441051483154, "X_Y_val_MSEloss": 0.0005104716983623803}}