{"train_samples": 500, "test_samples": 200, "source_model": "text-embedding-ada-002", "source_dim": 1536, "target_dim": 512, "test_results": {"bleu": 0.09, "bleu1": 5.96, "bleu2": 0.09, "bleu3": 0.02, "bleu4": 0.01, "rougeL": 0.0259, "rouge1": 0.0278, "rouge2": 0.0003, "exact_match": 0.0}, "loss": {"X_Y_COS": 0.967239260673523, "X_Y_MSEloss": 0.0002502329589333385, "X_Y_test_COS": 0.772191047668457, "X_Y_test_MSEloss": 0.0017589236376807094, "X_Y_val_COS": 0.7718405723571777, "X_Y_val_MSEloss": 0.0017890335293486714}}