{"train_samples": 100, "test_samples": 200, "source_model": "sentence-transformers/gtr-t5-base", "source_dim": 768, "target_dim": 512, "test_results": {"bleu": 1.07, "bleu1": 20.27, "bleu2": 1.91, "bleu3": 0.35, "bleu4": 0.12, "rougeL": 0.1338, "rouge1": 0.1795, "rouge2": 0.0209, "exact_match": 0.0}, "loss": {"X_Y_COS": 1.0, "X_Y_MSEloss": 3.1261904176460575e-10, "X_Y_test_COS": 0.8547705411911011, "X_Y_test_MSEloss": 0.001144319656305015, "X_Y_val_COS": 0.8607666492462158, "X_Y_val_MSEloss": 0.0010687431786209345}}