{"train_samples": 10, "test_samples": 200, "source_model": "sentence-transformers/gtr-t5-base", "source_dim": 768, "target_dim": 512, "test_results": {"bleu": 0.19, "bleu1": 18.63, "bleu2": 0.65, "bleu3": 0.03, "bleu4": 0.02, "rougeL": 0.1007, "rouge1": 0.1132, "rouge2": 0.0041, "exact_match": 0.0}, "loss": {"X_Y_COS": 1.0, "X_Y_MSEloss": 1.928952969576514e-10, "X_Y_test_COS": 0.9038481116294861, "X_Y_test_MSEloss": 0.0009559944155625999, "X_Y_val_COS": 0.9091503620147705, "X_Y_val_MSEloss": 0.0009276987402699888}}