{"train_samples": 10, "test_samples": 200, "source_model": "sentence-transformers/gtr-t5-base", "source_dim": 768, "target_dim": 512, "test_results": {"bleu": 0.21, "bleu1": 19.04, "bleu2": 0.93, "bleu3": 0.03, "bleu4": 0.02, "rougeL": 0.0955, "rouge1": 0.1053, "rouge2": 0.0045, "exact_match": 0.0}, "loss": {"X_Y_COS": 1.0, "X_Y_MSEloss": 4.180542228481032e-16, "X_Y_test_COS": 0.8965258598327637, "X_Y_test_MSEloss": 0.0004084893153049052, "X_Y_val_COS": 0.9019909501075745, "X_Y_val_MSEloss": 0.0003869561478495598}}