{"train_samples": 50, "test_samples": 200, "source_model": "google/mt5-base", "source_dim": 768, "target_dim": 512, "test_results": {"bleu": 0.49, "bleu1": 16.11, "bleu2": 1.0, "bleu3": 0.16, "bleu4": 0.1, "rougeL": 0.0601, "rouge1": 0.0676, "rouge2": 0.0046, "exact_match": 0.0}, "loss": {"X_Y_COS": 0.9999992251396179, "X_Y_MSEloss": 4.7211369036403994e-08, "X_Y_test_COS": 0.9127167463302612, "X_Y_test_MSEloss": 0.0008906464208848774, "X_Y_val_COS": 0.9113957285881042, "X_Y_val_MSEloss": 0.0009156591258943081}}