{"train_samples": 5, "test_samples": 200, "source_model": "intfloat/multilingual-e5-base", "source_dim": 768, "target_dim": 512, "test_results": {"bleu": 0.09, "bleu1": 7.84, "bleu2": 0.07, "bleu3": 0.02, "bleu4": 0.01, "rougeL": 0.0584, "rouge1": 0.0683, "rouge2": 0.0003, "exact_match": 0.0}, "loss": {"X_Y_COS": 1.0, "X_Y_MSEloss": 4.323397246711226e-16, "X_Y_test_COS": 0.8924686908721924, "X_Y_test_MSEloss": 0.00039852401823736727, "X_Y_val_COS": 0.8912978172302246, "X_Y_val_MSEloss": 0.00040247105062007904}}