{"train_samples": 1, "test_samples": 200, "source_model": "google-t5/t5-base", "source_dim": 768, "target_dim": 512, "test_results": {"bleu": 0.11, "bleu1": 12.11, "bleu2": 0.2, "bleu3": 0.01, "bleu4": 0.01, "rougeL": 0.0838, "rouge1": 0.0881, "rouge2": 0.0017, "exact_match": 0.0}, "loss": {"X_Y_COS": 1.0, "X_Y_MSEloss": 6.217207274467784e-17, "X_Y_test_COS": 0.7651034593582153, "X_Y_test_MSEloss": 0.0021601258777081966, "X_Y_val_COS": 0.7698035836219788, "X_Y_val_MSEloss": 0.0021118721924722195}}