{"train_samples": 5, "test_samples": 200, "source_model": "sentence-transformers/gtr-t5-base", "source_dim": 768, "target_dim": 512, "test_results": {"bleu": 0.15, "bleu1": 10.06, "bleu2": 0.14, "bleu3": 0.03, "bleu4": 0.02, "rougeL": 0.0069, "rouge1": 0.0069, "rouge2": 0.0, "exact_match": 0.0}, "loss": {"X_Y_COS": 1.0, "X_Y_MSEloss": 3.743583341980956e-16, "X_Y_test_COS": 0.8897757530212402, "X_Y_test_MSEloss": 0.0004570542077999562, "X_Y_val_COS": 0.8904024362564087, "X_Y_val_MSEloss": 0.0004669279733207077}}