{"train_samples": 1000, "test_samples": 200, "source_model": "google-bert/bert-base-multilingual-cased", "source_dim": 768, "target_dim": 512, "test_results": {"bleu": 0.11, "bleu1": 10.12, "bleu2": 0.1, "bleu3": 0.02, "bleu4": 0.01, "rougeL": 0.1923, "rouge1": 0.2623, "rouge2": 0.0189, "exact_match": 0.0}, "loss": {"X_Y_COS": 0.952293336391449, "X_Y_MSEloss": 0.00018284533871337771, "X_Y_test_COS": 0.8891258239746094, "X_Y_test_MSEloss": 0.00041950694867409766, "X_Y_val_COS": 0.8852841854095459, "X_Y_val_MSEloss": 0.00043491224641911685}}