{"train_samples": 1, "test_samples": 200, "source_model": "sentence-transformers/all-MiniLM-L6-v2", "source_dim": 384, "target_dim": 512, "test_results": {"bleu": 0.1, "bleu1": 10.15, "bleu2": 0.33, "bleu3": 0.01, "bleu4": 0.01, "rougeL": 0.0654, "rouge1": 0.0738, "rouge2": 0.003, "exact_match": 0.0}, "loss": {"X_Y_COS": 0.9999999403953552, "X_Y_MSEloss": 3.077626054166026e-17, "X_Y_test_COS": -0.016607215628027916, "X_Y_test_MSEloss": 0.0037002942990511656, "X_Y_val_COS": 0.01926274225115776, "X_Y_val_MSEloss": 0.0036884124856442213}}