{"train_samples": 1000, "test_samples": 200, "source_model": "google/flan-t5-base", "source_dim": 768, "target_dim": 512, "test_results": {"bleu": 32.02, "bleu1": 53.02, "bleu2": 33.08, "bleu3": 27.44, "bleu4": 24.78, "rougeL": 0.4536, "rouge1": 0.5213, "rouge2": 0.3316, "exact_match": 0.0}, "loss": {"X_Y_COS": 0.982219934463501, "X_Y_MSEloss": 0.00015038630226626992, "X_Y_test_COS": 0.9310760498046875, "X_Y_test_MSEloss": 0.0005723933572880924, "X_Y_val_COS": 0.9295982122421265, "X_Y_val_MSEloss": 0.0005704390350729227}}