{"train_samples": 10, "test_samples": 200, "source_model": "sentence-transformers/gtr-t5-base", "source_dim": 768, "target_dim": 512, "test_results": {"bleu": 0.07, "bleu1": 11.63, "bleu2": 0.03, "bleu3": 0.02, "bleu4": 0.01, "rougeL": 0.0354, "rouge1": 0.0371, "rouge2": 0.0, "exact_match": 0.0}, "loss": {"X_Y_COS": 1.0, "X_Y_MSEloss": 4.050493819017731e-16, "X_Y_test_COS": 0.8865626454353333, "X_Y_test_MSEloss": 0.0004407420055940747, "X_Y_val_COS": 0.8867155313491821, "X_Y_val_MSEloss": 0.0004457478935364634}}