{"train_samples": 30, "test_samples": 200, "source_model": "sentence-transformers/all-MiniLM-L6-v2", "source_dim": 384, "target_dim": 512, "test_results": {"bleu": 0.15, "bleu1": 15.38, "bleu2": 0.7, "bleu3": 0.01, "bleu4": 0.01, "rougeL": 0.0711, "rouge1": 0.0889, "rouge2": 0.0065, "exact_match": 0.0}, "loss": {"X_Y_COS": 1.0, "X_Y_MSEloss": 7.810887853325929e-16, "X_Y_test_COS": 0.5430122017860413, "X_Y_test_MSEloss": 0.001285189762711525, "X_Y_val_COS": 0.5827173590660095, "X_Y_val_MSEloss": 0.0012064032489433885}}