{"train_samples": 1000, "test_samples": 200, "source_model": "google-t5/t5-base", "source_dim": 768, "target_dim": 512, "test_results": {"bleu": 0.8, "bleu1": 16.42, "bleu2": 1.63, "bleu3": 0.21, "bleu4": 0.08, "rougeL": 0.118, "rouge1": 0.1344, "rouge2": 0.012, "exact_match": 0.0}, "loss": {"X_Y_COS": 0.9256280660629272, "X_Y_MSEloss": 0.00039382974500767887, "X_Y_test_COS": 0.0509718656539917, "X_Y_test_MSEloss": 0.00779756298288703, "X_Y_val_COS": 0.06722156703472137, "X_Y_val_MSEloss": 0.00851287879049778}}