{"train_samples": 5, "test_samples": 200, "source_model": "google/flan-t5-base", "source_dim": 768, "target_dim": 512, "test_results": {"bleu": 0.08, "bleu1": 9.62, "bleu2": 0.03, "bleu3": 0.02, "bleu4": 0.01, "rougeL": 0.0023, "rouge1": 0.0023, "rouge2": 0.0, "exact_match": 0.0}, "loss": {"X_Y_COS": 1.0, "X_Y_MSEloss": 3.4098452139222693e-16, "X_Y_test_COS": 0.7891761660575867, "X_Y_test_MSEloss": 0.0007596550858579576, "X_Y_val_COS": 0.791784405708313, "X_Y_val_MSEloss": 0.0007494465098716319}}