{"train_samples": 20, "test_samples": 200, "source_model": "google/mt5-base", "source_dim": 768, "target_dim": 512, "test_results": {"bleu": 1.49, "bleu1": 21.05, "bleu2": 1.98, "bleu3": 0.52, "bleu4": 0.25, "rougeL": 0.14, "rouge1": 0.1779, "rouge2": 0.0248, "exact_match": 0.0}, "loss": {"X_Y_COS": 1.0, "X_Y_MSEloss": 8.232414180691858e-14, "X_Y_test_COS": 0.8299238681793213, "X_Y_test_MSEloss": 0.0006111047114245594, "X_Y_val_COS": 0.8257787823677063, "X_Y_val_MSEloss": 0.0006248056888580322}}