{"train_samples": 500, "test_samples": 200, "source_model": "google-bert/bert-base-multilingual-cased", "source_dim": 768, "target_dim": 512, "test_results": {"bleu": 1.4, "bleu1": 18.32, "bleu2": 1.88, "bleu3": 0.61, "bleu4": 0.41, "rougeL": 0.0794, "rouge1": 0.0954, "rouge2": 0.012, "exact_match": 0.0}, "loss": {"X_Y_COS": 0.9815211892127991, "X_Y_MSEloss": 7.237301906570792e-05, "X_Y_test_COS": 0.9066727757453918, "X_Y_test_MSEloss": 0.0003636213077697903, "X_Y_val_COS": 0.905013382434845, "X_Y_val_MSEloss": 0.0003709525626618415}}