{"train_samples": 10, "test_samples": 200, "source_model": "text-embedding-ada-002", "source_dim": 1536, "target_dim": 512, "test_results": {"bleu": 0.2, "bleu1": 18.85, "bleu2": 0.72, "bleu3": 0.03, "bleu4": 0.01, "rougeL": 0.0952, "rouge1": 0.1062, "rouge2": 0.0023, "exact_match": 0.0}, "loss": {"X_Y_COS": 1.0, "X_Y_MSEloss": 2.3116181345939242e-15, "X_Y_test_COS": 0.8974452614784241, "X_Y_test_MSEloss": 0.0003797484969254583, "X_Y_val_COS": 0.9028376340866089, "X_Y_val_MSEloss": 0.00036131657543592155}}