{"train_samples": 10, "test_samples": 200, "source_model": "text-embedding-ada-002", "source_dim": 1536, "target_dim": 512, "test_results": {"bleu": 0.2, "bleu1": 19.82, "bleu2": 0.8, "bleu3": 0.03, "bleu4": 0.02, "rougeL": 0.0978, "rouge1": 0.1106, "rouge2": 0.0045, "exact_match": 0.0}, "loss": {"X_Y_COS": 1.0, "X_Y_MSEloss": 2.49538362195878e-10, "X_Y_test_COS": 0.8993707299232483, "X_Y_test_MSEloss": 0.0009184457012452185, "X_Y_val_COS": 0.9044375419616699, "X_Y_val_MSEloss": 0.0008922768756747246}}