{"train_samples": 40, "test_samples": 200, "source_model": "google/flan-t5-base", "source_dim": 768, "target_dim": 512, "test_results": {"bleu": 0.17, "bleu1": 14.7, "bleu2": 0.62, "bleu3": 0.02, "bleu4": 0.01, "rougeL": 0.1086, "rouge1": 0.1366, "rouge2": 0.007, "exact_match": 0.0}, "loss": {"X_Y_COS": 1.0, "X_Y_MSEloss": 2.5344627113156604e-13, "X_Y_test_COS": 0.877305269241333, "X_Y_test_MSEloss": 0.0004525357508100569, "X_Y_val_COS": 0.8790566921234131, "X_Y_val_MSEloss": 0.00044670430361293256}}