{"train_samples": 500, "test_samples": 200, "source_model": "intfloat/multilingual-e5-base", "source_dim": 768, "target_dim": 512, "test_results": {"bleu": 0.23, "bleu1": 20.06, "bleu2": 0.79, "bleu3": 0.02, "bleu4": 0.01, "rougeL": 0.1146, "rouge1": 0.1255, "rouge2": 0.0038, "exact_match": 0.0}, "loss": {"X_Y_COS": 0.9753382802009583, "X_Y_MSEloss": 9.600198973203078e-05, "X_Y_test_COS": 0.8851945400238037, "X_Y_test_MSEloss": 0.0004440240445546806, "X_Y_val_COS": 0.8909071087837219, "X_Y_val_MSEloss": 0.00042091376963071525}}