{"train_samples": 2000, "test_samples": 200, "source_model": "google/mt5-base", "source_dim": 768, "target_dim": 512, "test_results": {"bleu": 2.9, "bleu1": 32.42, "bleu2": 5.68, "bleu3": 1.3, "bleu4": 0.37, "rougeL": 0.2107, "rouge1": 0.2939, "rouge2": 0.0598, "exact_match": 0.0}, "loss": {"X_Y_COS": 0.9529113173484802, "X_Y_MSEloss": 0.00018077627464663237, "X_Y_test_COS": 0.9277714490890503, "X_Y_test_MSEloss": 0.0002740032214205712, "X_Y_val_COS": 0.9295518398284912, "X_Y_val_MSEloss": 0.00026846546097658575}}