{"train_samples": 6000, "test_samples": 200, "source_model": "sentence-transformers/all-MiniLM-L6-v2", "source_dim": 384, "target_dim": 512, "test_results": {"bleu": 1.96, "bleu1": 26.08, "bleu2": 3.88, "bleu3": 0.9, "bleu4": 0.19, "rougeL": 0.1866, "rouge1": 0.2522, "rouge2": 0.0449, "exact_match": 0.0}, "loss": {"X_Y_COS": 0.9104561805725098, "X_Y_MSEloss": 0.000470878672786057, "X_Y_test_COS": 0.8812991976737976, "X_Y_test_MSEloss": 0.0005800407379865646, "X_Y_val_COS": 0.8883041143417358, "X_Y_val_MSEloss": 0.0005457006045617163}}