{"train_samples": 10, "test_samples": 200, "source_model": "text-embedding-ada-002", "source_dim": 1536, "target_dim": 512, "test_results": {"bleu": 0.28, "bleu1": 19.46, "bleu2": 0.84, "bleu3": 0.03, "bleu4": 0.01, "rougeL": 0.1271, "rouge1": 0.1669, "rouge2": 0.0084, "exact_match": 0.0}, "loss": {"X_Y_COS": 1.0, "X_Y_MSEloss": 1.637389496992464e-13, "X_Y_test_COS": 0.870702862739563, "X_Y_test_MSEloss": 0.00047228028415702283, "X_Y_val_COS": 0.8743709921836853, "X_Y_val_MSEloss": 0.000459772942122072}}