{"train_samples": 40, "test_samples": 200, "source_model": "text-embedding-3-large", "source_dim": 3072, "target_dim": 512, "test_results": {"bleu": 0.97, "bleu1": 19.24, "bleu2": 1.61, "bleu3": 0.34, "bleu4": 0.13, "rougeL": 0.1233, "rouge1": 0.1558, "rouge2": 0.0162, "exact_match": 0.0}, "loss": {"X_Y_COS": 1.0, "X_Y_MSEloss": 1.6253942864967344e-15, "X_Y_test_COS": 0.8911773562431335, "X_Y_test_MSEloss": 0.0005280349287204444, "X_Y_val_COS": 0.8937106132507324, "X_Y_val_MSEloss": 0.0005511731142178178}}