{"train_samples": 5, "test_samples": 200, "source_model": "text-embedding-ada-002", "source_dim": 1536, "target_dim": 512, "test_results": {"bleu": 1.16, "bleu1": 19.23, "bleu2": 1.43, "bleu3": 0.41, "bleu4": 0.25, "rougeL": 0.1158, "rouge1": 0.1608, "rouge2": 0.0161, "exact_match": 0.0}, "loss": {"X_Y_COS": 1.0, "X_Y_MSEloss": 1.4190255085683016e-15, "X_Y_test_COS": 0.8457238078117371, "X_Y_test_MSEloss": 0.0005553024238906801, "X_Y_val_COS": 0.8446463346481323, "X_Y_val_MSEloss": 0.0005591837107203901}}