{"train_samples": 3, "test_samples": 200, "source_model": "text-embedding-3-large", "source_dim": 3072, "target_dim": 512, "test_results": {"bleu": 0.09, "bleu1": 8.38, "bleu2": 0.08, "bleu3": 0.01, "bleu4": 0.01, "rougeL": 0.081, "rouge1": 0.0963, "rouge2": 0.0, "exact_match": 0.0}, "loss": {"X_Y_COS": 1.0, "X_Y_MSEloss": 9.703654442370588e-17, "X_Y_test_COS": 0.8747513890266418, "X_Y_test_MSEloss": 0.0007661632844246924, "X_Y_val_COS": 0.8721480369567871, "X_Y_val_MSEloss": 0.0007726904004812241}}