{"train_samples": 1000, "test_samples": 200, "source_model": "sentence-transformers/gtr-t5-base", "source_dim": 768, "target_dim": 512, "test_results": {"bleu": 0.27, "bleu1": 13.6, "bleu2": 0.49, "bleu3": 0.06, "bleu4": 0.02, "rougeL": 0.0425, "rouge1": 0.0452, "rouge2": 0.0041, "exact_match": 0.0}, "loss": {"X_Y_COS": 0.9658662676811218, "X_Y_MSEloss": 0.00013190606841817498, "X_Y_test_COS": 0.8778436183929443, "X_Y_test_MSEloss": 0.00047666527098044753, "X_Y_val_COS": 0.875030517578125, "X_Y_val_MSEloss": 0.00048551862710155547}}