{"train_samples": 8000, "test_samples": 200, "source_model": "google-bert/bert-base-multilingual-cased", "source_dim": 768, "target_dim": 512, "test_results": {"bleu": 0.22, "bleu1": 14.33, "bleu2": 0.31, "bleu3": 0.03, "bleu4": 0.02, "rougeL": 0.0706, "rouge1": 0.0821, "rouge2": 0.009, "exact_match": 0.0}, "loss": {"X_Y_COS": 0.9308604001998901, "X_Y_MSEloss": 0.00026176488609053195, "X_Y_test_COS": 0.9235935211181641, "X_Y_test_MSEloss": 0.0002890542382374406, "X_Y_val_COS": 0.9227199554443359, "X_Y_val_MSEloss": 0.0002906116424128413}}