{"train_samples": 1000, "test_samples": 200, "source_model": "random", "source_dim": 768, "target_dim": 512, "test_results": {"bleu": 0.32, "bleu1": 15.46, "bleu2": 1.11, "bleu3": 0.05, "bleu4": 0.01, "rougeL": 0.1344, "rouge1": 0.1536, "rouge2": 0.0095, "exact_match": 0.0}, "loss": {"X_Y_COS": 0.890944242477417, "X_Y_MSEloss": 0.0004790123493876308, "X_Y_test_COS": -0.09594883024692535, "X_Y_test_MSEloss": 0.009697025641798973, "X_Y_val_COS": -0.017248079180717468, "X_Y_val_MSEloss": 0.008787469938397408}}