{"train_samples": 500, "test_samples": 200, "source_model": "google/flan-t5-base", "source_dim": 768, "target_dim": 512, "test_results": {"bleu": 0.13, "bleu1": 14.84, "bleu2": 0.2, "bleu3": 0.01, "bleu4": 0.01, "rougeL": 0.022, "rouge1": 0.0244, "rouge2": 0.0003, "exact_match": 0.0}, "loss": {"X_Y_COS": 0.9789111614227295, "X_Y_MSEloss": 8.201754098990932e-05, "X_Y_test_COS": 0.8756911754608154, "X_Y_test_MSEloss": 0.00048355082981288433, "X_Y_val_COS": 0.8707085847854614, "X_Y_val_MSEloss": 0.0005004357662983239}}