{"train_samples": 500, "test_samples": 200, "source_model": "sentence-transformers/gtr-t5-base", "source_dim": 768, "target_dim": 512, "test_results": {"bleu": 19.71, "bleu1": 33.72, "bleu2": 18.96, "bleu3": 16.92, "bleu4": 15.84, "rougeL": 0.2902, "rouge1": 0.3262, "rouge2": 0.1883, "exact_match": 0.0}, "loss": {"X_Y_COS": 0.9948744773864746, "X_Y_MSEloss": 2.090010093525052e-05, "X_Y_test_COS": 0.8222231864929199, "X_Y_test_MSEloss": 0.0008160201250575483, "X_Y_val_COS": 0.8251781463623047, "X_Y_val_MSEloss": 0.0008225705823861063}}