{"train_samples": 5, "test_samples": 200, "source_model": "google-bert/bert-base-multilingual-cased", "source_dim": 768, "target_dim": 512, "test_results": {"bleu": 0.01, "bleu1": 10.62, "bleu2": 0.11, "bleu3": 0.06, "bleu4": 0.03, "rougeL": 0.0015, "rouge1": 0.0015, "rouge2": 0.0, "exact_match": 0.0}, "loss": {"X_Y_COS": 1.0, "X_Y_MSEloss": 4.4000783453327697e-16, "X_Y_test_COS": 0.795214831829071, "X_Y_test_MSEloss": 0.0007281721918843687, "X_Y_val_COS": 0.7956773042678833, "X_Y_val_MSEloss": 0.0007242398569360375}}