{"train_samples": 40, "test_samples": 200, "source_model": "google-bert/bert-base-multilingual-cased", "source_dim": 768, "target_dim": 512, "test_results": {"bleu": 0.53, "bleu1": 18.83, "bleu2": 1.33, "bleu3": 0.14, "bleu4": 0.02, "rougeL": 0.1299, "rouge1": 0.172, "rouge2": 0.0188, "exact_match": 0.0}, "loss": {"X_Y_COS": 1.0, "X_Y_MSEloss": 5.758893253764164e-13, "X_Y_test_COS": 0.9101459980010986, "X_Y_test_MSEloss": 0.0003403521259315312, "X_Y_val_COS": 0.9087478518486023, "X_Y_val_MSEloss": 0.0003440841974224895}}