{"train_samples": 30, "test_samples": 200, "source_model": "text-embedding-3-large", "source_dim": 3072, "target_dim": 512, "test_results": {"bleu": 0.13, "bleu1": 12.09, "bleu2": 0.25, "bleu3": 0.02, "bleu4": 0.01, "rougeL": 0.0521, "rouge1": 0.0607, "rouge2": 0.0057, "exact_match": 0.0}, "loss": {"X_Y_COS": 1.0, "X_Y_MSEloss": 4.964167877490652e-16, "X_Y_test_COS": 0.9167129993438721, "X_Y_test_MSEloss": 0.0003358488029334694, "X_Y_val_COS": 0.9172582626342773, "X_Y_val_MSEloss": 0.00033455700031481683}}