{"epoch": 1, "dev_acc": 39.0, "test_acc": 30.0, "test_f1": 29.959999999999997, "test_roc": 44.269999999999996}