{"train_samples": 30, "test_samples": 200, "source_model": "intfloat/multilingual-e5-base", "source_dim": 768, "target_dim": 512, "test_results": {"bleu": 0.11, "bleu1": 13.35, "bleu2": 0.36, "bleu3": 0.02, "bleu4": 0.01, "rougeL": 0.0513, "rouge1": 0.0536, "rouge2": 0.0019, "exact_match": 0.0}, "loss": {"X_Y_COS": 1.0, "X_Y_MSEloss": 1.692017914667332e-10, "X_Y_test_COS": 0.9164982438087463, "X_Y_test_MSEloss": 0.0008620654116384685, "X_Y_val_COS": 0.9192794561386108, "X_Y_val_MSEloss": 0.00082426454173401}}