{"train_samples": 1000, "test_samples": 200, "source_model": "google-t5/t5-base", "source_dim": 768, "target_dim": 512, "test_results": {"bleu": 14.57, "bleu1": 48.5, "bleu2": 20.82, "bleu3": 9.21, "bleu4": 4.85, "rougeL": 0.4026, "rouge1": 0.5069, "rouge2": 0.2227, "exact_match": 0.0}, "loss": {"X_Y_COS": 0.9927023649215698, "X_Y_MSEloss": 2.88238388748141e-05, "X_Y_test_COS": 0.9536930918693542, "X_Y_test_MSEloss": 0.00018039188580587506, "X_Y_val_COS": 0.9534233808517456, "X_Y_val_MSEloss": 0.0001813951530493796}}