{"train_samples": 20, "test_samples": 200, "source_model": "intfloat/multilingual-e5-base", "source_dim": 768, "target_dim": 512, "test_results": {"bleu": 0.11, "bleu1": 12.4, "bleu2": 0.12, "bleu3": 0.02, "bleu4": 0.01, "rougeL": 0.0188, "rouge1": 0.0205, "rouge2": 0.0, "exact_match": 0.0}, "loss": {"X_Y_COS": 1.0, "X_Y_MSEloss": 3.85487506444817e-14, "X_Y_test_COS": 0.8829455971717834, "X_Y_test_MSEloss": 0.00043062001350335777, "X_Y_val_COS": 0.8799148201942444, "X_Y_val_MSEloss": 0.00044129908201284707}}