{"train_samples": 10, "test_samples": 200, "source_model": "intfloat/multilingual-e5-base", "source_dim": 768, "target_dim": 512, "test_results": {"bleu": 0.19, "bleu1": 16.92, "bleu2": 0.79, "bleu3": 0.02, "bleu4": 0.01, "rougeL": 0.1215, "rouge1": 0.1528, "rouge2": 0.0089, "exact_match": 0.0}, "loss": {"X_Y_COS": 1.0, "X_Y_MSEloss": 1.0041293527728295e-14, "X_Y_test_COS": 0.9242178201675415, "X_Y_test_MSEloss": 0.0005144674796611071, "X_Y_val_COS": 0.9243422746658325, "X_Y_val_MSEloss": 0.0005061603733338416}}