{"train_samples": 1000, "test_samples": 200, "source_model": "google-bert/bert-base-multilingual-cased", "source_dim": 768, "target_dim": 512, "test_results": {"bleu": 6.19, "bleu1": 30.63, "bleu2": 7.21, "bleu3": 3.33, "bleu4": 2.43, "rougeL": 0.213, "rouge1": 0.2755, "rouge2": 0.069, "exact_match": 0.0}, "loss": {"X_Y_COS": 0.9482312202453613, "X_Y_MSEloss": 0.00019832856196444482, "X_Y_test_COS": 0.8657277226448059, "X_Y_test_MSEloss": 0.0005079606198705733, "X_Y_val_COS": 0.8610406517982483, "X_Y_val_MSEloss": 0.00052536407019943}}