{"train_samples": 40, "test_samples": 200, "source_model": "google/flan-t5-base", "source_dim": 768, "target_dim": 512, "test_results": {"bleu": 0.23, "bleu1": 15.95, "bleu2": 1.01, "bleu3": 0.02, "bleu4": 0.01, "rougeL": 0.1194, "rouge1": 0.1314, "rouge2": 0.0096, "exact_match": 0.0}, "loss": {"X_Y_COS": 1.0, "X_Y_MSEloss": 2.1111389025829652e-10, "X_Y_test_COS": 0.8882684707641602, "X_Y_test_MSEloss": 0.0007630584295839071, "X_Y_val_COS": 0.8945063352584839, "X_Y_val_MSEloss": 0.0007400009781122208}}