{"train_samples": 1000, "test_samples": 200, "source_model": "sentence-transformers/gtr-t5-base", "source_dim": 768, "target_dim": 512, "test_results": {"bleu": 0.21, "bleu1": 10.26, "bleu2": 0.33, "bleu3": 0.03, "bleu4": 0.02, "rougeL": 0.0641, "rouge1": 0.0729, "rouge2": 0.0025, "exact_match": 0.0}, "loss": {"X_Y_COS": 0.8855311274528503, "X_Y_MSEloss": 0.0004967948771081865, "X_Y_test_COS": 0.022983865812420845, "X_Y_test_MSEloss": 0.008792261593043804, "X_Y_val_COS": -0.02148527279496193, "X_Y_val_MSEloss": 0.008714139461517334}}