{"train_samples": 6000, "test_samples": 200, "source_model": "sentence-transformers/all-MiniLM-L6-v2", "source_dim": 384, "target_dim": 512, "test_results": {"bleu": 0.27, "bleu1": 16.09, "bleu2": 0.84, "bleu3": 0.03, "bleu4": 0.02, "rougeL": 0.121, "rouge1": 0.1552, "rouge2": 0.0093, "exact_match": 0.0}, "loss": {"X_Y_COS": 0.9353328347206116, "X_Y_MSEloss": 0.00025883212219923735, "X_Y_test_COS": 0.9254816770553589, "X_Y_test_MSEloss": 0.00029330741381272674, "X_Y_val_COS": 0.9257591962814331, "X_Y_val_MSEloss": 0.00029618197004310787}}