{"train_samples": 3, "test_samples": 200, "source_model": "sentence-transformers/gtr-t5-base", "source_dim": 768, "target_dim": 512, "test_results": {"bleu": 0.12, "bleu1": 10.04, "bleu2": 0.29, "bleu3": 0.03, "bleu4": 0.02, "rougeL": 0.0816, "rouge1": 0.0899, "rouge2": 0.0043, "exact_match": 0.0}, "loss": {"X_Y_COS": 1.0, "X_Y_MSEloss": 1.5270595898897454e-10, "X_Y_test_COS": 0.8913068771362305, "X_Y_test_MSEloss": 0.0010725497268140316, "X_Y_val_COS": 0.8891885280609131, "X_Y_val_MSEloss": 0.0010861936025321484}}