{"train_samples": 30, "test_samples": 200, "source_model": "google-t5/t5-base", "source_dim": 768, "target_dim": 512, "test_results": {"bleu": 0.3, "bleu1": 18.61, "bleu2": 0.99, "bleu3": 0.03, "bleu4": 0.02, "rougeL": 0.1351, "rouge1": 0.1779, "rouge2": 0.01, "exact_match": 0.0}, "loss": {"X_Y_COS": 1.0, "X_Y_MSEloss": 4.3822977473413627e-14, "X_Y_test_COS": 0.9317887425422668, "X_Y_test_MSEloss": 0.0002585186157375574, "X_Y_val_COS": 0.931788980960846, "X_Y_val_MSEloss": 0.00025859460583887994}}