{"train_samples": 100, "test_samples": 200, "source_model": "google-t5/t5-base", "source_dim": 768, "target_dim": 512, "test_results": {"bleu": 0.08, "bleu1": 11.11, "bleu2": 0.04, "bleu3": 0.02, "bleu4": 0.01, "rougeL": 0.015, "rouge1": 0.015, "rouge2": 0.0, "exact_match": 0.0}, "loss": {"X_Y_COS": 1.0, "X_Y_MSEloss": 6.956855924666883e-11, "X_Y_test_COS": 0.898728609085083, "X_Y_test_MSEloss": 0.00037896467256359756, "X_Y_val_COS": 0.8955956101417542, "X_Y_val_MSEloss": 0.00039002529229037464}}