{"train_samples": 5, "test_samples": 200, "source_model": "text-embedding-3-large", "source_dim": 3072, "target_dim": 512, "test_results": {"bleu": 0.47, "bleu1": 17.85, "bleu2": 0.76, "bleu3": 0.08, "bleu4": 0.04, "rougeL": 0.1155, "rouge1": 0.1443, "rouge2": 0.0132, "exact_match": 0.0}, "loss": {"X_Y_COS": 1.0, "X_Y_MSEloss": 1.3805017089733472e-16, "X_Y_test_COS": 0.8557876348495483, "X_Y_test_MSEloss": 0.0011133326916024089, "X_Y_val_COS": 0.8525187373161316, "X_Y_val_MSEloss": 0.0011130559723824263}}