{"train_samples": 40, "test_samples": 200, "source_model": "sentence-transformers/all-MiniLM-L6-v2", "source_dim": 384, "target_dim": 512, "test_results": {"bleu": 0.18, "bleu1": 14.2, "bleu2": 0.83, "bleu3": 0.02, "bleu4": 0.01, "rougeL": 0.1052, "rouge1": 0.1412, "rouge2": 0.0092, "exact_match": 0.0}, "loss": {"X_Y_COS": 1.0, "X_Y_MSEloss": 1.998030491057179e-10, "X_Y_test_COS": 0.8943272233009338, "X_Y_test_MSEloss": 0.0008236158173531294, "X_Y_val_COS": 0.8893662691116333, "X_Y_val_MSEloss": 0.0008184348116628826}}