{"train_samples": 40, "test_samples": 200, "source_model": "intfloat/multilingual-e5-base", "source_dim": 768, "target_dim": 512, "test_results": {"bleu": 0.14, "bleu1": 11.38, "bleu2": 0.24, "bleu3": 0.02, "bleu4": 0.01, "rougeL": 0.0678, "rouge1": 0.0769, "rouge2": 0.0107, "exact_match": 0.0}, "loss": {"X_Y_COS": 0.9999999403953552, "X_Y_MSEloss": 2.202764193270923e-09, "X_Y_test_COS": 0.8958173990249634, "X_Y_test_MSEloss": 0.0007916796603240073, "X_Y_val_COS": 0.8920525312423706, "X_Y_val_MSEloss": 0.0008509891922585666}}