{"train_samples": 1000, "test_samples": 200, "source_model": "google-bert/bert-base-multilingual-cased", "source_dim": 768, "target_dim": 512, "test_results": {"bleu": 5.21, "bleu1": 31.01, "bleu2": 5.74, "bleu3": 2.67, "bleu4": 1.73, "rougeL": 0.2071, "rouge1": 0.2672, "rouge2": 0.0612, "exact_match": 0.0}, "loss": {"X_Y_COS": 0.9650642275810242, "X_Y_MSEloss": 0.00013501483772415668, "X_Y_test_COS": 0.9184402227401733, "X_Y_test_MSEloss": 0.0003137680469080806, "X_Y_val_COS": 0.9166882038116455, "X_Y_val_MSEloss": 0.00032016425393521786}}