{"train_samples": 40, "test_samples": 200, "source_model": "google-t5/t5-base", "source_dim": 768, "target_dim": 512, "test_results": {"bleu": 0.8, "bleu1": 19.83, "bleu2": 1.81, "bleu3": 0.26, "bleu4": 0.04, "rougeL": 0.1413, "rouge1": 0.1835, "rouge2": 0.0255, "exact_match": 0.0}, "loss": {"X_Y_COS": 1.0, "X_Y_MSEloss": 4.5790536754063485e-14, "X_Y_test_COS": 0.9234272837638855, "X_Y_test_MSEloss": 0.000289629097096622, "X_Y_val_COS": 0.9206902384757996, "X_Y_val_MSEloss": 0.00029979008832015097}}