{"train_samples": 3, "test_samples": 200, "source_model": "google-bert/bert-base-multilingual-cased", "source_dim": 768, "target_dim": 512, "test_results": {"bleu": 0.07, "bleu1": 11.79, "bleu2": 0.04, "bleu3": 0.02, "bleu4": 0.01, "rougeL": 0.0606, "rouge1": 0.0701, "rouge2": 0.0029, "exact_match": 0.0}, "loss": {"X_Y_COS": 1.0, "X_Y_MSEloss": 3.4717747043717874e-16, "X_Y_test_COS": 0.8706023693084717, "X_Y_test_MSEloss": 0.0005403014365583658, "X_Y_val_COS": 0.8722622990608215, "X_Y_val_MSEloss": 0.0005329040577635169}}