{"train_samples": 10, "test_samples": 200, "source_model": "google-bert/bert-base-multilingual-cased", "source_dim": 768, "target_dim": 512, "test_results": {"bleu": 0.1, "bleu1": 8.09, "bleu2": 0.12, "bleu3": 0.02, "bleu4": 0.01, "rougeL": 0.0445, "rouge1": 0.0504, "rouge2": 0.0006, "exact_match": 0.0}, "loss": {"X_Y_COS": 1.0, "X_Y_MSEloss": 4.807492193237024e-16, "X_Y_test_COS": 0.8872340321540833, "X_Y_test_MSEloss": 0.0004225474549457431, "X_Y_val_COS": 0.8911663889884949, "X_Y_val_MSEloss": 0.00040942890336737037}}