{"train_samples": 5, "test_samples": 200, "source_model": "sentence-transformers/all-MiniLM-L6-v2", "source_dim": 384, "target_dim": 512, "test_results": {"bleu": 0.16, "bleu1": 14.09, "bleu2": 0.56, "bleu3": 0.02, "bleu4": 0.01, "rougeL": 0.1048, "rouge1": 0.1341, "rouge2": 0.0083, "exact_match": 0.0}, "loss": {"X_Y_COS": 1.0, "X_Y_MSEloss": 5.949684888269518e-16, "X_Y_test_COS": 0.9118239879608154, "X_Y_test_MSEloss": 0.0009804925648495555, "X_Y_val_COS": 0.9096593260765076, "X_Y_val_MSEloss": 0.0009901789017021656}}