{"train_samples": 3, "test_samples": 200, "source_model": "google/mt5-base", "source_dim": 768, "target_dim": 512, "test_results": {"bleu": 0.25, "bleu1": 20.69, "bleu2": 0.54, "bleu3": 0.03, "bleu4": 0.01, "rougeL": 0.1267, "rouge1": 0.1731, "rouge2": 0.0052, "exact_match": 0.0}, "loss": {"X_Y_COS": 1.0, "X_Y_MSEloss": 3.4963113959691724e-16, "X_Y_test_COS": 0.8866369724273682, "X_Y_test_MSEloss": 0.0004241862043272704, "X_Y_val_COS": 0.887948751449585, "X_Y_val_MSEloss": 0.0004220109258312732}}