{"train_samples": 1000, "test_samples": 200, "source_model": "text-embedding-ada-002", "source_dim": 1536, "target_dim": 512, "test_results": {"bleu": 1.55, "bleu1": 10.19, "bleu2": 1.55, "bleu3": 0.9, "bleu4": 0.4, "rougeL": 0.053, "rouge1": 0.0585, "rouge2": 0.002, "exact_match": 0.0}, "loss": {"X_Y_COS": 0.9999978542327881, "X_Y_MSEloss": 2.3018865036306124e-08, "X_Y_test_COS": 0.12354638427495956, "X_Y_test_MSEloss": 0.004189934115856886, "X_Y_val_COS": 0.06729084998369217, "X_Y_val_MSEloss": 0.004592270590364933}}