{"train_samples": 5, "test_samples": 200, "source_model": "sentence-transformers/all-MiniLM-L6-v2", "source_dim": 384, "target_dim": 512, "test_results": {"bleu": 0.29, "bleu1": 14.21, "bleu2": 0.66, "bleu3": 0.05, "bleu4": 0.03, "rougeL": 0.0961, "rouge1": 0.1134, "rouge2": 0.0072, "exact_match": 0.0}, "loss": {"X_Y_COS": 1.0, "X_Y_MSEloss": 1.952920883725189e-16, "X_Y_test_COS": 0.24019701778888702, "X_Y_test_MSEloss": 0.0017973690992221236, "X_Y_val_COS": 0.1942053735256195, "X_Y_val_MSEloss": 0.0018313085893169045}}