{"train_samples": 5, "test_samples": 200, "source_model": "sentence-transformers/all-MiniLM-L6-v2", "source_dim": 384, "target_dim": 512, "test_results": {"bleu": 0.02, "bleu1": 9.34, "bleu2": 0.08, "bleu3": 0.04, "bleu4": 0.02, "rougeL": 0.0022, "rouge1": 0.0022, "rouge2": 0.0, "exact_match": 0.0}, "loss": {"X_Y_COS": 1.0, "X_Y_MSEloss": 1.9841247834086493e-16, "X_Y_test_COS": 0.7889555096626282, "X_Y_test_MSEloss": 0.0008670420502312481, "X_Y_val_COS": 0.7862762808799744, "X_Y_val_MSEloss": 0.0008791167056187987}}