{"train_samples": 1000, "test_samples": 200, "source_model": "text-embedding-ada-002", "source_dim": 1536, "target_dim": 512, "test_results": {"bleu": 0.94, "bleu1": 9.28, "bleu2": 0.74, "bleu3": 0.44, "bleu4": 0.27, "rougeL": 0.0511, "rouge1": 0.0577, "rouge2": 0.0033, "exact_match": 0.0}, "loss": {"X_Y_COS": 1.0, "X_Y_MSEloss": 3.5904050999652215e-12, "X_Y_test_COS": 0.05923778563737869, "X_Y_test_MSEloss": 0.00509242620319128, "X_Y_val_COS": -0.016310034319758415, "X_Y_val_MSEloss": 0.00552784651517868}}