{"train_samples": 30, "test_samples": 200, "source_model": "text-embedding-3-large", "source_dim": 3072, "target_dim": 512, "test_results": {"bleu": 0.2, "bleu1": 18.04, "bleu2": 0.63, "bleu3": 0.02, "bleu4": 0.01, "rougeL": 0.0962, "rouge1": 0.109, "rouge2": 0.0052, "exact_match": 0.0}, "loss": {"X_Y_COS": 1.0, "X_Y_MSEloss": 1.2164639955070111e-12, "X_Y_test_COS": 0.8913344144821167, "X_Y_test_MSEloss": 0.001087864045985043, "X_Y_val_COS": 0.8968350291252136, "X_Y_val_MSEloss": 0.0010624005226418376}}