{"train_samples": 30, "test_samples": 200, "source_model": "text-embedding-ada-002", "source_dim": 1536, "target_dim": 512, "test_results": {"bleu": 10.73, "bleu1": 26.34, "bleu2": 9.67, "bleu3": 8.19, "bleu4": 7.54, "rougeL": 0.1981, "rouge1": 0.2342, "rouge2": 0.0925, "exact_match": 0.0}, "loss": {"X_Y_COS": 0.9999986290931702, "X_Y_MSEloss": 6.6835599277226265e-09, "X_Y_test_COS": 0.9089748859405518, "X_Y_test_MSEloss": 0.0003389723424334079, "X_Y_val_COS": 0.909726083278656, "X_Y_val_MSEloss": 0.0003367900790181011, "reg_lambda": 0.001}}