{"train_samples": 1000, "test_samples": 200, "source_model": "text-embedding-ada-002", "source_dim": 1536, "target_dim": 512, "test_results": {"bleu": 0.04, "bleu1": 6.25, "bleu2": 0.02, "bleu3": 0.01, "bleu4": 0.01, "rougeL": 0.0094, "rouge1": 0.0097, "rouge2": 0.0, "exact_match": 0.0}, "loss": {"X_Y_COS": 0.9473708271980286, "X_Y_MSEloss": 0.00044602909474633634, "X_Y_test_COS": 0.8070869445800781, "X_Y_test_MSEloss": 0.0015933236572891474, "X_Y_val_COS": 0.8094537854194641, "X_Y_val_MSEloss": 0.0015909236390143633}}