{"train_samples": 5, "test_samples": 200, "source_model": "intfloat/multilingual-e5-base", "source_dim": 768, "target_dim": 512, "test_results": {"bleu": 0.41, "bleu1": 16.22, "bleu2": 0.62, "bleu3": 0.1, "bleu4": 0.03, "rougeL": 0.0998, "rouge1": 0.1244, "rouge2": 0.0057, "exact_match": 0.0}, "loss": {"X_Y_COS": 1.0, "X_Y_MSEloss": 4.458957723078784e-16, "X_Y_test_COS": 0.8028796911239624, "X_Y_test_MSEloss": 0.000695792434271425, "X_Y_val_COS": 0.7993344068527222, "X_Y_val_MSEloss": 0.0007072907756082714}}