{"train_samples": 40, "test_samples": 200, "source_model": "intfloat/multilingual-e5-base", "source_dim": 768, "target_dim": 512, "test_results": {"bleu": 0.34, "bleu1": 21.59, "bleu2": 1.06, "bleu3": 0.06, "bleu4": 0.02, "rougeL": 0.1343, "rouge1": 0.1662, "rouge2": 0.0097, "exact_match": 0.0}, "loss": {"X_Y_COS": 1.0, "X_Y_MSEloss": 1.4002387574083008e-12, "X_Y_test_COS": 0.880712628364563, "X_Y_test_MSEloss": 0.0004382721963338554, "X_Y_val_COS": 0.8840013146400452, "X_Y_val_MSEloss": 0.0004268756019882858}}