{"train_samples": 1000, "test_samples": 200, "source_model": "text-embedding-3-large", "source_dim": 3072, "target_dim": 512, "test_results": {"bleu": 0.21, "bleu1": 22.85, "bleu2": 1.11, "bleu3": 0.01, "bleu4": 0.01, "rougeL": 0.1422, "rouge1": 0.1753, "rouge2": 0.013, "exact_match": 0.0}, "loss": {"X_Y_COS": 0.9951217770576477, "X_Y_MSEloss": 1.9269449694547802e-05, "X_Y_test_COS": 0.8634494543075562, "X_Y_test_MSEloss": 0.0005281862686388195, "X_Y_val_COS": 0.865373969078064, "X_Y_val_MSEloss": 0.0005226846551522613}}