{"train_samples": 50, "test_samples": 200, "source_model": "intfloat/multilingual-e5-base", "source_dim": 768, "target_dim": 512, "test_results": {"bleu": 0.17, "bleu1": 11.86, "bleu2": 0.08, "bleu3": 0.05, "bleu4": 0.03, "rougeL": 0.0026, "rouge1": 0.0026, "rouge2": 0.0, "exact_match": 0.0}, "loss": {"X_Y_COS": 1.0, "X_Y_MSEloss": 6.864369316017527e-12, "X_Y_test_COS": 0.898438036441803, "X_Y_test_MSEloss": 0.0003768659371417016, "X_Y_val_COS": 0.8974688649177551, "X_Y_val_MSEloss": 0.0003804867737926543}}