{"train_samples": 7000, "test_samples": 200, "source_model": "google-bert/bert-base-multilingual-cased", "source_dim": 768, "target_dim": 512, "test_results": {"bleu": 2.45, "bleu1": 29.93, "bleu2": 4.89, "bleu3": 1.01, "bleu4": 0.29, "rougeL": 0.1966, "rouge1": 0.2765, "rouge2": 0.0535, "exact_match": 0.0}, "loss": {"X_Y_COS": 0.9412553906440735, "X_Y_MSEloss": 0.00022388738580048084, "X_Y_test_COS": 0.9321455955505371, "X_Y_test_MSEloss": 0.0002577262348495424, "X_Y_val_COS": 0.9290930032730103, "X_Y_val_MSEloss": 0.00026964308926835656}}