{"train_samples": 40, "test_samples": 200, "source_model": "sentence-transformers/all-MiniLM-L6-v2", "source_dim": 384, "target_dim": 512, "test_results": {"bleu": 0.92, "bleu1": 16.4, "bleu2": 1.43, "bleu3": 0.41, "bleu4": 0.17, "rougeL": 0.1014, "rouge1": 0.1255, "rouge2": 0.0122, "exact_match": 0.0}, "loss": {"X_Y_COS": 1.0, "X_Y_MSEloss": 2.1188927001869473e-10, "X_Y_test_COS": 0.5552476048469543, "X_Y_test_MSEloss": 0.0025303568691015244, "X_Y_val_COS": 0.5157440304756165, "X_Y_val_MSEloss": 0.0025504939258098602}}