{"train_samples": 50, "test_samples": 200, "source_model": "google-t5/t5-base", "source_dim": 768, "target_dim": 512, "test_results": {"bleu": 0.34, "bleu1": 22.2, "bleu2": 1.18, "bleu3": 0.05, "bleu4": 0.01, "rougeL": 0.1272, "rouge1": 0.1673, "rouge2": 0.0129, "exact_match": 0.0}, "loss": {"X_Y_COS": 1.0, "X_Y_MSEloss": 4.165721045022719e-13, "X_Y_test_COS": 0.893278956413269, "X_Y_test_MSEloss": 0.000396480318158865, "X_Y_val_COS": 0.8906659483909607, "X_Y_val_MSEloss": 0.00040728747262619436}}