{"train_samples": 1000, "test_samples": 200, "source_model": "google/mt5-base", "source_dim": 768, "target_dim": 512, "test_results": {"bleu": 1.22, "bleu1": 16.74, "bleu2": 2.03, "bleu3": 0.37, "bleu4": 0.19, "rougeL": 0.1183, "rouge1": 0.1364, "rouge2": 0.0126, "exact_match": 0.0}, "loss": {"X_Y_COS": 0.9072274565696716, "X_Y_MSEloss": 0.00045175018021836877, "X_Y_test_COS": 0.046770237386226654, "X_Y_test_MSEloss": 0.006716243922710419, "X_Y_val_COS": 0.06347480416297913, "X_Y_val_MSEloss": 0.007820508442819118}}