{"train_samples": 3, "test_samples": 200, "source_model": "google/flan-t5-base", "source_dim": 768, "target_dim": 512, "test_results": {"bleu": 0.18, "bleu1": 15.94, "bleu2": 0.5, "bleu3": 0.02, "bleu4": 0.01, "rougeL": 0.1014, "rouge1": 0.1188, "rouge2": 0.0045, "exact_match": 0.0}, "loss": {"X_Y_COS": 1.0, "X_Y_MSEloss": 4.811805179125324e-16, "X_Y_test_COS": 0.8979343771934509, "X_Y_test_MSEloss": 0.0008168061031028628, "X_Y_val_COS": 0.8988116383552551, "X_Y_val_MSEloss": 0.0008401786326430738}}