{"train_samples": 1000, "test_samples": 200, "source_model": "text-embedding-ada-002", "source_dim": 1536, "target_dim": 512, "test_results": {"bleu": 0.15, "bleu1": 10.33, "bleu2": 0.36, "bleu3": 0.02, "bleu4": 0.01, "rougeL": 0.0629, "rouge1": 0.0752, "rouge2": 0.0028, "exact_match": 0.0}, "loss": {"X_Y_COS": 1.0, "X_Y_MSEloss": 4.2406364877956015e-12, "X_Y_test_COS": 0.07969784736633301, "X_Y_test_MSEloss": 0.004937381483614445, "X_Y_val_COS": 0.04726945608854294, "X_Y_val_MSEloss": 0.00479944096878171}}