{"train_samples": 300, "test_samples": 200, "source_model": "text-embedding-3-large", "source_dim": 3072, "target_dim": 512, "test_results": {"bleu": 19.8, "bleu1": 36.92, "bleu2": 19.2, "bleu3": 16.32, "bleu4": 14.97, "rougeL": 0.3063, "rouge1": 0.3556, "rouge2": 0.1953, "exact_match": 0.0}, "loss": {"X_Y_COS": 0.9769490957260132, "X_Y_MSEloss": 0.00011635731061687693, "X_Y_test_COS": 0.9280485510826111, "X_Y_test_MSEloss": 0.00030616475851275027, "X_Y_val_COS": 0.92701655626297, "X_Y_val_MSEloss": 0.0003129781107418239, "reg_lambda": 1}}