{"train_samples": 3, "test_samples": 200, "source_model": "google-t5/t5-base", "source_dim": 768, "target_dim": 512, "test_results": {"bleu": 0.1, "bleu1": 9.71, "bleu2": 0.18, "bleu3": 0.02, "bleu4": 0.01, "rougeL": 0.0431, "rouge1": 0.05, "rouge2": 0.0016, "exact_match": 0.0}, "loss": {"X_Y_COS": 1.0, "X_Y_MSEloss": 3.3554191118964443e-16, "X_Y_test_COS": 0.8958198428153992, "X_Y_test_MSEloss": 0.0004027399409096688, "X_Y_val_COS": 0.8956794738769531, "X_Y_val_MSEloss": 0.0004067595291417092}}