{"train_samples": 500, "test_samples": 200, "source_model": "sentence-transformers/gtr-t5-base", "source_dim": 768, "target_dim": 512, "test_results": {"bleu": 0.18, "bleu1": 10.94, "bleu2": 0.16, "bleu3": 0.03, "bleu4": 0.02, "rougeL": 0.0171, "rouge1": 0.018, "rouge2": 0.0016, "exact_match": 0.0}, "loss": {"X_Y_COS": 0.9405350685119629, "X_Y_MSEloss": 0.0002209683443652466, "X_Y_test_COS": 0.7978230714797974, "X_Y_test_MSEloss": 0.0008004436967894435, "X_Y_val_COS": 0.7892962694168091, "X_Y_val_MSEloss": 0.000841112167108804}}