{"train_samples": 1000, "test_samples": 200, "source_model": "intfloat/multilingual-e5-base", "source_dim": 768, "target_dim": 512, "test_results": {"bleu": 0.36, "bleu1": 20.11, "bleu2": 0.79, "bleu3": 0.07, "bleu4": 0.04, "rougeL": 0.1109, "rouge1": 0.1505, "rouge2": 0.0069, "exact_match": 0.0}, "loss": {"X_Y_COS": 0.953902006149292, "X_Y_MSEloss": 0.00017643430328462273, "X_Y_test_COS": 0.8891276121139526, "X_Y_test_MSEloss": 0.0004196315130684525, "X_Y_val_COS": 0.88909512758255, "X_Y_val_MSEloss": 0.00042006646981462836}}