{"train_samples": 10, "test_samples": 200, "source_model": "intfloat/multilingual-e5-base", "source_dim": 768, "target_dim": 512, "test_results": {"bleu": 0.47, "bleu1": 18.63, "bleu2": 1.36, "bleu3": 0.17, "bleu4": 0.02, "rougeL": 0.1126, "rouge1": 0.1447, "rouge2": 0.0137, "exact_match": 0.0}, "loss": {"X_Y_COS": 1.0, "X_Y_MSEloss": 1.8429453796375839e-10, "X_Y_test_COS": 0.8693000674247742, "X_Y_test_MSEloss": 0.0009736977517604828, "X_Y_val_COS": 0.8704355955123901, "X_Y_val_MSEloss": 0.0009510727250017226}}