{"train_samples": 10, "test_samples": 200, "source_model": "intfloat/multilingual-e5-base", "source_dim": 768, "target_dim": 512, "test_results": {"bleu": 0.37, "bleu1": 17.8, "bleu2": 0.87, "bleu3": 0.1, "bleu4": 0.02, "rougeL": 0.109, "rouge1": 0.1368, "rouge2": 0.0093, "exact_match": 0.0}, "loss": {"X_Y_COS": 1.0, "X_Y_MSEloss": 1.5706337123358623e-15, "X_Y_test_COS": 0.8770354986190796, "X_Y_test_MSEloss": 0.00045114970998838544, "X_Y_val_COS": 0.8754453659057617, "X_Y_val_MSEloss": 0.0004566364223137498}}