{"train_samples": 500, "test_samples": 200, "source_model": "text-embedding-3-large", "source_dim": 3072, "target_dim": 512, "test_results": {"bleu": 0.09, "bleu1": 9.4, "bleu2": 0.08, "bleu3": 0.02, "bleu4": 0.01, "rougeL": 0.0746, "rouge1": 0.0878, "rouge2": 0.0042, "exact_match": 0.0}, "loss": {"X_Y_COS": 0.9999997019767761, "X_Y_MSEloss": 1.608773225747484e-09, "X_Y_test_COS": 0.7853870391845703, "X_Y_test_MSEloss": 0.0008026736904866993, "X_Y_val_COS": 0.7867199778556824, "X_Y_val_MSEloss": 0.0007971751620061696}}