{"train_samples": 5, "test_samples": 200, "source_model": "text-embedding-3-large", "source_dim": 3072, "target_dim": 512, "test_results": {"bleu": 0.03, "bleu1": 7.01, "bleu2": 0.03, "bleu3": 0.02, "bleu4": 0.01, "rougeL": 0.0063, "rouge1": 0.0069, "rouge2": 0.0, "exact_match": 0.0}, "loss": {"X_Y_COS": 1.0, "X_Y_MSEloss": 1.3729730419101345e-16, "X_Y_test_COS": 0.8685358762741089, "X_Y_test_MSEloss": 0.0007167166913859546, "X_Y_val_COS": 0.8673994541168213, "X_Y_val_MSEloss": 0.0007151642348617315}}