{"train_samples": 1000, "test_samples": 200, "source_model": "random", "source_dim": 768, "target_dim": 512, "test_results": {"bleu": 0.21, "bleu1": 10.21, "bleu2": 0.35, "bleu3": 0.03, "bleu4": 0.02, "rougeL": 0.0668, "rouge1": 0.0774, "rouge2": 0.0043, "exact_match": 0.0}, "loss": {"X_Y_COS": 0.894423246383667, "X_Y_MSEloss": 0.0004656003729905933, "X_Y_test_COS": 0.0034744511358439922, "X_Y_test_MSEloss": 0.00873481947928667, "X_Y_val_COS": -0.013023910112679005, "X_Y_val_MSEloss": 0.008030378259718418}}