{"epoch": 3, "dev_acc": 48.0, "test_acc": 56.49999999999999, "test_f1": 55.379999999999995, "test_roc": 56.269999999999996}