{"train_samples": 7000, "test_samples": 200, "source_model": "sentence-transformers/gtr-t5-base", "source_dim": 768, "target_dim": 512, "test_results": {"bleu": 0.22, "bleu1": 13.25, "bleu2": 0.35, "bleu3": 0.03, "bleu4": 0.02, "rougeL": 0.0751, "rouge1": 0.0871, "rouge2": 0.0089, "exact_match": 0.0}, "loss": {"X_Y_COS": 0.9372600317001343, "X_Y_MSEloss": 0.0002383737883064896, "X_Y_test_COS": 0.9263196587562561, "X_Y_test_MSEloss": 0.00027844641590490937, "X_Y_val_COS": 0.9265636205673218, "X_Y_val_MSEloss": 0.0002782359952107072}}