{"train_samples": 4000, "test_samples": 200, "source_model": "sentence-transformers/gtr-t5-base", "source_dim": 768, "target_dim": 512, "test_results": {"bleu": 0.22, "bleu1": 13.09, "bleu2": 0.38, "bleu3": 0.03, "bleu4": 0.02, "rougeL": 0.0703, "rouge1": 0.0798, "rouge2": 0.0086, "exact_match": 0.0}, "loss": {"X_Y_COS": 0.940970242023468, "X_Y_MSEloss": 0.00022483966313302517, "X_Y_test_COS": 0.9218984842300415, "X_Y_test_MSEloss": 0.0002949956397060305, "X_Y_val_COS": 0.9209266304969788, "X_Y_val_MSEloss": 0.00029926554998382926}}