{"train_samples": 20, "test_samples": 200, "source_model": "text-embedding-3-large", "source_dim": 3072, "target_dim": 512, "test_results": {"bleu": 0.13, "bleu1": 11.28, "bleu2": 0.23, "bleu3": 0.02, "bleu4": 0.01, "rougeL": 0.0562, "rouge1": 0.0651, "rouge2": 0.0083, "exact_match": 0.0}, "loss": {"X_Y_COS": 1.0, "X_Y_MSEloss": 4.406916283497276e-16, "X_Y_test_COS": 0.8930982947349548, "X_Y_test_MSEloss": 0.00043597407056950033, "X_Y_val_COS": 0.8910014033317566, "X_Y_val_MSEloss": 0.0004401281476020813}}