{"train_samples": 1000, "test_samples": 200, "source_model": "sentence-transformers/gtr-t5-base", "source_dim": 768, "target_dim": 512, "test_results": {"bleu": 1.59, "bleu1": 9.57, "bleu2": 1.64, "bleu3": 0.99, "bleu4": 0.49, "rougeL": 0.0482, "rouge1": 0.0537, "rouge2": 0.0032, "exact_match": 0.0}, "loss": {"X_Y_COS": 0.9067638516426086, "X_Y_MSEloss": 0.00044862242066301405, "X_Y_test_COS": -0.01786581426858902, "X_Y_test_MSEloss": 0.007755634840577841, "X_Y_val_COS": -0.02727261185646057, "X_Y_val_MSEloss": 0.008596849627792835}}