{"train_samples": 1000, "test_samples": 200, "source_model": "text-embedding-ada-002", "source_dim": 1536, "target_dim": 512, "test_results": {"bleu": 0.15, "bleu1": 11.91, "bleu2": 0.47, "bleu3": 0.02, "bleu4": 0.01, "rougeL": 0.0915, "rouge1": 0.1143, "rouge2": 0.0062, "exact_match": 0.0}, "loss": {"X_Y_COS": 0.9709236025810242, "X_Y_MSEloss": 0.00019686228188220412, "X_Y_test_COS": 0.8905767798423767, "X_Y_test_MSEloss": 0.0007344359764829278, "X_Y_val_COS": 0.8944144248962402, "X_Y_val_MSEloss": 0.0007014645379967988}}