{"train_samples": 1, "test_samples": 200, "source_model": "google/flan-t5-base", "source_dim": 768, "target_dim": 512, "test_results": {"bleu": 0.04, "bleu1": 13.9, "bleu2": 0.02, "bleu3": 0.01, "bleu4": 0.01, "rougeL": 0.0004, "rouge1": 0.0004, "rouge2": 0.0, "exact_match": 0.0}, "loss": {"X_Y_COS": 1.0, "X_Y_MSEloss": 3.1534946629026956e-16, "X_Y_test_COS": 0.8610787987709045, "X_Y_test_MSEloss": 0.0008855415508151054, "X_Y_val_COS": 0.8603432774543762, "X_Y_val_MSEloss": 0.0009022111189551651}}