{"train_samples": 40, "test_samples": 200, "source_model": "text-embedding-3-large", "source_dim": 3072, "target_dim": 512, "test_results": {"bleu": 1.01, "bleu1": 20.2, "bleu2": 1.79, "bleu3": 0.34, "bleu4": 0.1, "rougeL": 0.1295, "rouge1": 0.173, "rouge2": 0.0186, "exact_match": 0.0}, "loss": {"X_Y_COS": 1.0, "X_Y_MSEloss": 1.67396887316469e-15, "X_Y_test_COS": 0.8445768356323242, "X_Y_test_MSEloss": 0.0006657754420302808, "X_Y_val_COS": 0.8440214395523071, "X_Y_val_MSEloss": 0.0006908011273480952}}