{"train_samples": 5, "test_samples": 200, "source_model": "sentence-transformers/all-MiniLM-L6-v2", "source_dim": 384, "target_dim": 512, "test_results": {"bleu": 7.33, "bleu1": 20.89, "bleu2": 8.84, "bleu3": 7.94, "bleu4": 7.47, "rougeL": 0.147, "rouge1": 0.1625, "rouge2": 0.0642, "exact_match": 0.0}, "loss": {"X_Y_COS": 1.0, "X_Y_MSEloss": 3.0021735965279905e-12, "X_Y_test_COS": 0.6183655261993408, "X_Y_test_MSEloss": 0.0027825739234685898, "X_Y_val_COS": 0.5783182978630066, "X_Y_val_MSEloss": 0.0027661786880344152}}