{"train_samples": 30, "test_samples": 200, "source_model": "google/mt5-base", "source_dim": 768, "target_dim": 512, "test_results": {"bleu": 9.94, "bleu1": 24.7, "bleu2": 8.58, "bleu3": 7.49, "bleu4": 6.89, "rougeL": 0.1882, "rouge1": 0.2196, "rouge2": 0.0858, "exact_match": 0.0}, "loss": {"X_Y_COS": 0.9445043206214905, "X_Y_MSEloss": 0.00022628705482929945, "X_Y_test_COS": 0.9072256088256836, "X_Y_test_MSEloss": 0.0003627304395195097, "X_Y_val_COS": 0.9115264415740967, "X_Y_val_MSEloss": 0.0003507769724819809, "reg_lambda": 1}}