{"train_samples": 30, "test_samples": 200, "source_model": "sentence-transformers/gtr-t5-base", "source_dim": 768, "target_dim": 512, "test_results": {"bleu": 0.7, "bleu1": 16.61, "bleu2": 1.07, "bleu3": 0.16, "bleu4": 0.08, "rougeL": 0.1133, "rouge1": 0.1526, "rouge2": 0.0119, "exact_match": 0.0}, "loss": {"X_Y_COS": 1.0, "X_Y_MSEloss": 4.919672177980199e-16, "X_Y_test_COS": 0.9135205149650574, "X_Y_test_MSEloss": 0.00036621271283365786, "X_Y_val_COS": 0.9104661345481873, "X_Y_val_MSEloss": 0.000375675706891343}}