{"epoch": 5, "dev_acc": 55.00000000000001, "test_acc": 55.50000000000001, "test_f1": 55.31, "test_roc": 56.379999999999995}