{"epoch": 0, "dev_acc": 50.0, "test_acc": 56.99999999999999, "test_f1": 62.61, "test_roc": 56.120000000000005}