{"train_samples": 1, "test_samples": 200, "source_model": "random", "source_dim": 768, "target_dim": 512, "test_results": {"bleu": 0.32, "bleu1": 13.75, "bleu2": 0.99, "bleu3": 0.05, "bleu4": 0.03, "rougeL": 0.0994, "rouge1": 0.129, "rouge2": 0.0087, "exact_match": 0.0}, "loss": {"X_Y_COS": 1.0, "X_Y_MSEloss": 1.926537596119715e-09, "X_Y_test_COS": -0.04676295071840286, "X_Y_test_MSEloss": 0.0019621779210865498, "X_Y_val_COS": 0.0229597520083189, "X_Y_val_MSEloss": 0.0019508699188008904, "reg_lambda": 0.001}}