{"train_samples": 100, "test_samples": 200, "source_model": "sentence-transformers/gtr-t5-base", "source_dim": 768, "target_dim": 512, "test_results": {"bleu": 0.12, "bleu1": 12.1, "bleu2": 0.21, "bleu3": 0.02, "bleu4": 0.01, "rougeL": 0.0337, "rouge1": 0.0377, "rouge2": 0.0012, "exact_match": 0.0}, "loss": {"X_Y_COS": 1.0, "X_Y_MSEloss": 2.220969935740058e-12, "X_Y_test_COS": 0.8763020038604736, "X_Y_test_MSEloss": 0.00046418263809755445, "X_Y_val_COS": 0.8782801628112793, "X_Y_val_MSEloss": 0.0004588566371239722}}