{"train_samples": 100, "test_samples": 200, "source_model": "google-bert/bert-base-multilingual-cased", "source_dim": 768, "target_dim": 512, "test_results": {"bleu": 0.67, "bleu1": 21.16, "bleu2": 2.02, "bleu3": 0.23, "bleu4": 0.02, "rougeL": 0.1399, "rouge1": 0.1862, "rouge2": 0.022, "exact_match": 0.0}, "loss": {"X_Y_COS": 1.0, "X_Y_MSEloss": 4.002884135267948e-11, "X_Y_test_COS": 0.8731281161308289, "X_Y_test_MSEloss": 0.0004814949643332511, "X_Y_val_COS": 0.871841311454773, "X_Y_val_MSEloss": 0.00048823622637428343}}