{"train_samples": 40, "test_samples": 200, "source_model": "google-t5/t5-base", "source_dim": 768, "target_dim": 512, "test_results": {"bleu": 0.17, "bleu1": 16.53, "bleu2": 0.57, "bleu3": 0.02, "bleu4": 0.01, "rougeL": 0.1047, "rouge1": 0.1247, "rouge2": 0.0024, "exact_match": 0.0}, "loss": {"X_Y_COS": 1.0, "X_Y_MSEloss": 2.339537526381552e-13, "X_Y_test_COS": 0.9174509048461914, "X_Y_test_MSEloss": 0.0004413611604832113, "X_Y_val_COS": 0.9188336730003357, "X_Y_val_MSEloss": 0.000422453013015911}}