{"train_samples": 20, "test_samples": 200, "source_model": "text-embedding-3-large", "source_dim": 3072, "target_dim": 512, "test_results": {"bleu": 0.11, "bleu1": 14.02, "bleu2": 0.04, "bleu3": 0.02, "bleu4": 0.02, "rougeL": 0.0, "rouge1": 0.0, "rouge2": 0.0, "exact_match": 0.0}, "loss": {"X_Y_COS": 1.0, "X_Y_MSEloss": 2.1641687831880433e-16, "X_Y_test_COS": 0.8859441876411438, "X_Y_test_MSEloss": 0.0006230973522178829, "X_Y_val_COS": 0.8849949240684509, "X_Y_val_MSEloss": 0.0006211436702869833}}