{"train_samples": 10, "test_samples": 200, "source_model": "google/flan-t5-base", "source_dim": 768, "target_dim": 512, "test_results": {"bleu": 0.04, "bleu1": 7.26, "bleu2": 0.02, "bleu3": 0.01, "bleu4": 0.01, "rougeL": 0.0144, "rouge1": 0.0144, "rouge2": 0.0, "exact_match": 0.0}, "loss": {"X_Y_COS": 1.0, "X_Y_MSEloss": 1.6793816337568046e-10, "X_Y_test_COS": 0.8683502674102783, "X_Y_test_MSEloss": 0.0010738838464021683, "X_Y_val_COS": 0.8620713353157043, "X_Y_val_MSEloss": 0.001143053756095469}}