{"train_samples": 1000, "test_samples": 200, "source_model": "random", "source_dim": 768, "target_dim": 512, "test_results": {"bleu": 0.5, "bleu1": 16.61, "bleu2": 1.68, "bleu3": 0.19, "bleu4": 0.01, "rougeL": 0.1223, "rouge1": 0.1386, "rouge2": 0.0125, "exact_match": 0.0}, "loss": {"X_Y_COS": 0.735280454158783, "X_Y_MSEloss": 0.0008641028543934226, "X_Y_test_COS": -0.0063087535090744495, "X_Y_test_MSEloss": 0.004613448400050402, "X_Y_val_COS": -0.08798346668481827, "X_Y_val_MSEloss": 0.004134971182793379}}