{"train_samples": 40, "test_samples": 200, "source_model": "google-t5/t5-base", "source_dim": 768, "target_dim": 512, "test_results": {"bleu": 0.19, "bleu1": 14.96, "bleu2": 0.78, "bleu3": 0.02, "bleu4": 0.01, "rougeL": 0.1175, "rouge1": 0.1419, "rouge2": 0.0083, "exact_match": 0.0}, "loss": {"X_Y_COS": 1.0, "X_Y_MSEloss": 7.308306995061457e-15, "X_Y_test_COS": 0.8896803259849548, "X_Y_test_MSEloss": 0.0006824492011219263, "X_Y_val_COS": 0.8910195827484131, "X_Y_val_MSEloss": 0.0006659453501924872}}