{"train_samples": 1000, "test_samples": 200, "source_model": "sentence-transformers/all-MiniLM-L6-v2", "source_dim": 384, "target_dim": 512, "test_results": {"bleu": 0.28, "bleu1": 16.01, "bleu2": 0.49, "bleu3": 0.08, "bleu4": 0.02, "rougeL": 0.0771, "rouge1": 0.0926, "rouge2": 0.0081, "exact_match": 0.0}, "loss": {"X_Y_COS": 0.9603469967842102, "X_Y_MSEloss": 0.00016430023242719471, "X_Y_test_COS": 0.8949629664421082, "X_Y_test_MSEloss": 0.0004150037420913577, "X_Y_val_COS": 0.8888508677482605, "X_Y_val_MSEloss": 0.000440033822087571}}