{"train_samples": 500, "test_samples": 200, "source_model": "text-embedding-ada-002", "source_dim": 1536, "target_dim": 512, "test_results": {"bleu": 0.26, "bleu1": 19.9, "bleu2": 1.42, "bleu3": 0.02, "bleu4": 0.01, "rougeL": 0.1353, "rouge1": 0.158, "rouge2": 0.0142, "exact_match": 0.0}, "loss": {"X_Y_COS": 0.9831936359405518, "X_Y_MSEloss": 6.542987102875486e-05, "X_Y_test_COS": 0.9298856854438782, "X_Y_test_MSEloss": 0.00026803789660334587, "X_Y_val_COS": 0.9322301745414734, "X_Y_val_MSEloss": 0.00025961734354496}}