{"train_samples": 3, "test_samples": 200, "source_model": "text-embedding-3-large", "source_dim": 3072, "target_dim": 512, "test_results": {"bleu": 1.1, "bleu1": 20.4, "bleu2": 1.89, "bleu3": 0.38, "bleu4": 0.26, "rougeL": 0.1127, "rouge1": 0.1471, "rouge2": 0.0175, "exact_match": 0.0}, "loss": {"X_Y_COS": 1.0, "X_Y_MSEloss": 7.426371952963919e-17, "X_Y_test_COS": 0.8053556680679321, "X_Y_test_MSEloss": 0.0013230044860392809, "X_Y_val_COS": 0.7988249063491821, "X_Y_val_MSEloss": 0.0013161462265998125}}