{"train_samples": 5, "test_samples": 200, "source_model": "sentence-transformers/gtr-t5-base", "source_dim": 768, "target_dim": 512, "test_results": {"bleu": 0.38, "bleu1": 12.54, "bleu2": 0.67, "bleu3": 0.15, "bleu4": 0.06, "rougeL": 0.0706, "rouge1": 0.0827, "rouge2": 0.0041, "exact_match": 0.0}, "loss": {"X_Y_COS": 1.0, "X_Y_MSEloss": 6.943368884846691e-16, "X_Y_test_COS": 0.8819988965988159, "X_Y_test_MSEloss": 0.0016433396376669407, "X_Y_val_COS": 0.882087767124176, "X_Y_val_MSEloss": 0.0016071187565103173}}