{"train_samples": 500, "test_samples": 200, "source_model": "google/flan-t5-base", "source_dim": 768, "target_dim": 512, "test_results": {"bleu": 0.13, "bleu1": 9.25, "bleu2": 0.21, "bleu3": 0.02, "bleu4": 0.01, "rougeL": 0.0867, "rouge1": 0.1003, "rouge2": 0.0034, "exact_match": 0.0}, "loss": {"X_Y_COS": 0.9577335715293884, "X_Y_MSEloss": 0.0001618758833501488, "X_Y_test_COS": 0.9117333292961121, "X_Y_test_MSEloss": 0.00033494344097562134, "X_Y_val_COS": 0.911347508430481, "X_Y_val_MSEloss": 0.0003360603586770594}}