{"train_samples": 30, "test_samples": 200, "source_model": "random", "source_dim": 768, "target_dim": 512, "test_results": {"bleu": 0.17, "bleu1": 9.02, "bleu2": 0.18, "bleu3": 0.03, "bleu4": 0.02, "rougeL": 0.0543, "rouge1": 0.0631, "rouge2": 0.0015, "exact_match": 0.0}, "loss": {"X_Y_COS": 1.0, "X_Y_MSEloss": 9.384596718776798e-16, "X_Y_test_COS": 0.042383383959531784, "X_Y_test_MSEloss": 0.0019736660178750753, "X_Y_val_COS": 0.03208380937576294, "X_Y_val_MSEloss": 0.0019821766763925552}}