{"train_samples": 40, "test_samples": 200, "source_model": "text-embedding-3-large", "source_dim": 3072, "target_dim": 512, "test_results": {"bleu": 0.13, "bleu1": 14.33, "bleu2": 0.31, "bleu3": 0.02, "bleu4": 0.01, "rougeL": 0.0851, "rouge1": 0.0987, "rouge2": 0.0025, "exact_match": 0.0}, "loss": {"X_Y_COS": 1.0, "X_Y_MSEloss": 1.6294344218969006e-15, "X_Y_test_COS": 0.9098203778266907, "X_Y_test_MSEloss": 0.000379869103198871, "X_Y_val_COS": 0.9102087020874023, "X_Y_val_MSEloss": 0.00037404641625471413}}