{"train_samples": 50, "test_samples": 200, "source_model": "google/flan-t5-base", "source_dim": 768, "target_dim": 512, "test_results": {"bleu": 0.17, "bleu1": 16.7, "bleu2": 0.61, "bleu3": 0.02, "bleu4": 0.01, "rougeL": 0.1045, "rouge1": 0.1256, "rouge2": 0.0033, "exact_match": 0.0}, "loss": {"X_Y_COS": 1.0, "X_Y_MSEloss": 4.730110075325256e-13, "X_Y_test_COS": 0.9109492301940918, "X_Y_test_MSEloss": 0.0004793326952494681, "X_Y_val_COS": 0.9144145250320435, "X_Y_val_MSEloss": 0.0004470869025681168}}