{"train_samples": 1000, "test_samples": 200, "source_model": "sentence-transformers/all-MiniLM-L6-v2", "source_dim": 384, "target_dim": 512, "test_results": {"bleu": 0.22, "bleu1": 16.07, "bleu2": 0.5, "bleu3": 0.03, "bleu4": 0.02, "rougeL": 0.0746, "rouge1": 0.0829, "rouge2": 0.0034, "exact_match": 0.0}, "loss": {"X_Y_COS": 0.9477221965789795, "X_Y_MSEloss": 0.00020722890621982515, "X_Y_test_COS": 0.8576990962028503, "X_Y_test_MSEloss": 0.0005463578272610903, "X_Y_val_COS": 0.854651153087616, "X_Y_val_MSEloss": 0.0005620545125566423}}