{"train_samples": 10, "test_samples": 200, "source_model": "google/flan-t5-base", "source_dim": 768, "target_dim": 512, "test_results": {"bleu": 0.13, "bleu1": 14.91, "bleu2": 0.59, "bleu3": 0.02, "bleu4": 0.01, "rougeL": 0.0605, "rouge1": 0.0657, "rouge2": 0.0043, "exact_match": 0.0}, "loss": {"X_Y_COS": 1.0, "X_Y_MSEloss": 8.849266072760568e-16, "X_Y_test_COS": 0.881767988204956, "X_Y_test_MSEloss": 0.000822404632344842, "X_Y_val_COS": 0.8855677843093872, "X_Y_val_MSEloss": 0.0007948839338496327}}