{"train_samples": 50, "test_samples": 200, "source_model": "google-t5/t5-base", "source_dim": 768, "target_dim": 512, "test_results": {"bleu": 1.68, "bleu1": 23.37, "bleu2": 2.71, "bleu3": 0.72, "bleu4": 0.37, "rougeL": 0.1638, "rouge1": 0.2023, "rouge2": 0.0242, "exact_match": 0.0}, "loss": {"X_Y_COS": 1.0, "X_Y_MSEloss": 3.862540062099518e-12, "X_Y_test_COS": 0.9233955144882202, "X_Y_test_MSEloss": 0.00046000300790183246, "X_Y_val_COS": 0.9247252941131592, "X_Y_val_MSEloss": 0.0004680889251176268}}