{"train_samples": 50, "test_samples": 200, "source_model": "google-t5/t5-base", "source_dim": 768, "target_dim": 512, "test_results": {"bleu": 1.35, "bleu1": 21.77, "bleu2": 2.56, "bleu3": 0.56, "bleu4": 0.21, "rougeL": 0.1684, "rouge1": 0.2007, "rouge2": 0.0295, "exact_match": 0.0}, "loss": {"X_Y_COS": 1.0, "X_Y_MSEloss": 1.4585759267049525e-09, "X_Y_test_COS": 0.9459643363952637, "X_Y_test_MSEloss": 0.0004667207249440253, "X_Y_val_COS": 0.9463845491409302, "X_Y_val_MSEloss": 0.0004887813702225685}}