{"train_samples": 50, "test_samples": 200, "source_model": "sentence-transformers/all-MiniLM-L6-v2", "source_dim": 384, "target_dim": 512, "test_results": {"bleu": 0.55, "bleu1": 13.25, "bleu2": 1.08, "bleu3": 0.26, "bleu4": 0.14, "rougeL": 0.0548, "rouge1": 0.061, "rouge2": 0.0093, "exact_match": 0.0}, "loss": {"X_Y_COS": 1.0, "X_Y_MSEloss": 1.9476707352900904e-15, "X_Y_test_COS": 0.8068438768386841, "X_Y_test_MSEloss": 0.0013548048445954919, "X_Y_val_COS": 0.766684353351593, "X_Y_val_MSEloss": 0.0014789021806791425}}