{"train_samples": 50, "test_samples": 200, "source_model": "google-t5/t5-base", "source_dim": 768, "target_dim": 512, "test_results": {"bleu": 0.25, "bleu1": 20.41, "bleu2": 1.21, "bleu3": 0.02, "bleu4": 0.01, "rougeL": 0.1206, "rouge1": 0.1298, "rouge2": 0.0073, "exact_match": 0.0}, "loss": {"X_Y_COS": 1.0, "X_Y_MSEloss": 3.041170613948818e-12, "X_Y_test_COS": 0.9092990159988403, "X_Y_test_MSEloss": 0.0003397807013243437, "X_Y_val_COS": 0.9139235615730286, "X_Y_val_MSEloss": 0.0003235769981984049}}