{"train_samples": 30, "test_samples": 200, "source_model": "text-embedding-3-large", "source_dim": 3072, "target_dim": 512, "test_results": {"bleu": 0.2, "bleu1": 14.21, "bleu2": 0.74, "bleu3": 0.02, "bleu4": 0.01, "rougeL": 0.1173, "rouge1": 0.1343, "rouge2": 0.0074, "exact_match": 0.0}, "loss": {"X_Y_COS": 1.0, "X_Y_MSEloss": 4.606342514692217e-16, "X_Y_test_COS": 0.8829883933067322, "X_Y_test_MSEloss": 0.00046660107909701765, "X_Y_val_COS": 0.8864878416061401, "X_Y_val_MSEloss": 0.0004500172508414835}}