{"train_samples": 30, "test_samples": 200, "source_model": "text-embedding-3-large", "source_dim": 3072, "target_dim": 512, "test_results": {"bleu": 0.2, "bleu1": 13.63, "bleu2": 0.8, "bleu3": 0.02, "bleu4": 0.01, "rougeL": 0.1067, "rouge1": 0.1155, "rouge2": 0.0074, "exact_match": 0.0}, "loss": {"X_Y_COS": 1.0, "X_Y_MSEloss": 1.0307087214972421e-12, "X_Y_test_COS": 0.8652905225753784, "X_Y_test_MSEloss": 0.0009959889575839043, "X_Y_val_COS": 0.8716899752616882, "X_Y_val_MSEloss": 0.0009732729522511363}}