{"train_samples": 5, "test_samples": 200, "source_model": "google-bert/bert-base-multilingual-cased", "source_dim": 768, "target_dim": 512, "test_results": {"bleu": 0.14, "bleu1": 15.72, "bleu2": 0.47, "bleu3": 0.01, "bleu4": 0.01, "rougeL": 0.0609, "rouge1": 0.0704, "rouge2": 0.0036, "exact_match": 0.0}, "loss": {"X_Y_COS": 1.0, "X_Y_MSEloss": 2.0663247501939708e-10, "X_Y_test_COS": 0.8419479131698608, "X_Y_test_MSEloss": 0.0014359218766912818, "X_Y_val_COS": 0.8469634652137756, "X_Y_val_MSEloss": 0.0013944599777460098}}