{"train_samples": 1000, "test_samples": 200, "source_model": "text-embedding-3-large", "source_dim": 3072, "target_dim": 512, "test_results": {"bleu": 1.48, "bleu1": 25.53, "bleu2": 3.19, "bleu3": 0.61, "bleu4": 0.12, "rougeL": 0.1727, "rouge1": 0.2353, "rouge2": 0.0371, "exact_match": 0.0}, "loss": {"X_Y_COS": 1.0, "X_Y_MSEloss": 3.8618089281960977e-10, "X_Y_test_COS": 0.8715566992759705, "X_Y_test_MSEloss": 0.0005166411865502596, "X_Y_val_COS": 0.8695439100265503, "X_Y_val_MSEloss": 0.0005248498637229204}}