{"train_samples": 1000, "test_samples": 200, "source_model": "sentence-transformers/gtr-t5-base", "source_dim": 768, "target_dim": 512, "test_results": {"bleu": 0.25, "bleu1": 19.49, "bleu2": 1.16, "bleu3": 0.02, "bleu4": 0.01, "rougeL": 0.1216, "rouge1": 0.1376, "rouge2": 0.0073, "exact_match": 0.0}, "loss": {"X_Y_COS": 0.9723359942436218, "X_Y_MSEloss": 0.0001075311956810765, "X_Y_test_COS": 0.8999509811401367, "X_Y_test_MSEloss": 0.00038766919169574976, "X_Y_val_COS": 0.9027218222618103, "X_Y_val_MSEloss": 0.0003764939319808036}}