{"train_samples": 1000, "test_samples": 200, "source_model": "sentence-transformers/gtr-t5-base", "source_dim": 768, "target_dim": 512, "test_results": {"bleu": 0.35, "bleu1": 19.52, "bleu2": 1.27, "bleu3": 0.05, "bleu4": 0.03, "rougeL": 0.1175, "rouge1": 0.1313, "rouge2": 0.0086, "exact_match": 0.0}, "loss": {"X_Y_COS": 0.9758397340774536, "X_Y_MSEloss": 0.0002328560221940279, "X_Y_test_COS": 0.9041414260864258, "X_Y_test_MSEloss": 0.0008860703092068434, "X_Y_val_COS": 0.9082801342010498, "X_Y_val_MSEloss": 0.0008537572575733066}}