{"train_samples": 30, "test_samples": 200, "source_model": "sentence-transformers/all-MiniLM-L6-v2", "source_dim": 384, "target_dim": 512, "test_results": {"bleu": 0.21, "bleu1": 13.41, "bleu2": 0.55, "bleu3": 0.06, "bleu4": 0.01, "rougeL": 0.0631, "rouge1": 0.0737, "rouge2": 0.0095, "exact_match": 0.0}, "loss": {"X_Y_COS": 1.0, "X_Y_MSEloss": 4.881900861279762e-16, "X_Y_test_COS": 0.8043909072875977, "X_Y_test_MSEloss": 0.0007694882806390524, "X_Y_val_COS": 0.7588770389556885, "X_Y_val_MSEloss": 0.0008538251277059317}}