{"train_samples": 5, "test_samples": 200, "source_model": "sentence-transformers/all-MiniLM-L6-v2", "source_dim": 384, "target_dim": 512, "test_results": {"bleu": 0.07, "bleu1": 9.76, "bleu2": 0.05, "bleu3": 0.03, "bleu4": 0.01, "rougeL": 0.0435, "rouge1": 0.0478, "rouge2": 0.0052, "exact_match": 0.0}, "loss": {"X_Y_COS": 1.0, "X_Y_MSEloss": 2.25658656282949e-16, "X_Y_test_COS": 0.8998212814331055, "X_Y_test_MSEloss": 0.0005775978788733482, "X_Y_val_COS": 0.8971280455589294, "X_Y_val_MSEloss": 0.0006056751008145511}}