{"train_samples": 3, "test_samples": 200, "source_model": "intfloat/multilingual-e5-base", "source_dim": 768, "target_dim": 512, "test_results": {"bleu": 0.11, "bleu1": 12.81, "bleu2": 0.1, "bleu3": 0.01, "bleu4": 0.01, "rougeL": 0.0762, "rouge1": 0.09, "rouge2": 0.0023, "exact_match": 0.0}, "loss": {"X_Y_COS": 1.0000001192092896, "X_Y_MSEloss": 3.6388868933267724e-16, "X_Y_test_COS": 0.8500209450721741, "X_Y_test_MSEloss": 0.0005424048868007958, "X_Y_val_COS": 0.8520835638046265, "X_Y_val_MSEloss": 0.0005355878383852541}}