{"train_samples": 5, "test_samples": 200, "source_model": "google-t5/t5-base", "source_dim": 768, "target_dim": 512, "test_results": {"bleu": 0.12, "bleu1": 11.19, "bleu2": 0.22, "bleu3": 0.01, "bleu4": 0.01, "rougeL": 0.0472, "rouge1": 0.0503, "rouge2": 0.0024, "exact_match": 0.0}, "loss": {"X_Y_COS": 1.0, "X_Y_MSEloss": 4.460875193913131e-16, "X_Y_test_COS": 0.8734681606292725, "X_Y_test_MSEloss": 0.00047125539276748896, "X_Y_val_COS": 0.8746566772460938, "X_Y_val_MSEloss": 0.0004666971799451858}}