{"epoch": 5, "dev_acc": 57.49999999999999, "test_acc": 53.5, "test_f1": 53.06999999999999, "test_roc": 71.95}