{"train_samples": 30, "test_samples": 200, "source_model": "google-t5/t5-base", "source_dim": 768, "target_dim": 512, "test_results": {"bleu": 0.11, "bleu1": 9.24, "bleu2": 0.12, "bleu3": 0.02, "bleu4": 0.01, "rougeL": 0.0613, "rouge1": 0.0666, "rouge2": 0.0008, "exact_match": 0.0}, "loss": {"X_Y_COS": 1.0, "X_Y_MSEloss": 5.743624673093528e-11, "X_Y_test_COS": 0.8767932653427124, "X_Y_test_MSEloss": 0.0009176129824481905, "X_Y_val_COS": 0.8723977208137512, "X_Y_val_MSEloss": 0.000982154393568635}}