{"train_samples": 10, "test_samples": 200, "source_model": "text-embedding-ada-002", "source_dim": 1536, "target_dim": 512, "test_results": {"bleu": 10.04, "bleu1": 24.09, "bleu2": 8.63, "bleu3": 7.3, "bleu4": 6.69, "rougeL": 0.1827, "rouge1": 0.2136, "rouge2": 0.0867, "exact_match": 0.0}, "loss": {"X_Y_COS": 0.9956907629966736, "X_Y_MSEloss": 2.024939749389887e-05, "X_Y_test_COS": 0.9084478616714478, "X_Y_test_MSEloss": 0.0003414001257624477, "X_Y_val_COS": 0.9111369848251343, "X_Y_val_MSEloss": 0.0003324934805277735, "reg_lambda": 0.1}}