{"train_samples": 40, "test_samples": 200, "source_model": "sentence-transformers/all-MiniLM-L6-v2", "source_dim": 384, "target_dim": 512, "test_results": {"bleu": 10.29, "bleu1": 24.54, "bleu2": 9.33, "bleu3": 8.03, "bleu4": 7.53, "rougeL": 0.1853, "rouge1": 0.2185, "rouge2": 0.0881, "exact_match": 0.0}, "loss": {"X_Y_COS": 1.0, "X_Y_MSEloss": 6.631266889936635e-16, "X_Y_test_COS": 0.8205883502960205, "X_Y_test_MSEloss": 0.000692824658472091, "X_Y_val_COS": 0.7801536917686462, "X_Y_val_MSEloss": 0.0007709956262260675}}