{"train_samples": 1000, "test_samples": 200, "source_model": "google/mt5-base", "source_dim": 768, "target_dim": 512, "test_results": {"bleu": 1.09, "bleu1": 8.7, "bleu2": 0.99, "bleu3": 0.58, "bleu4": 0.31, "rougeL": 0.0435, "rouge1": 0.0487, "rouge2": 0.0017, "exact_match": 0.0}, "loss": {"X_Y_COS": 0.9026966094970703, "X_Y_MSEloss": 0.0004538476059678942, "X_Y_test_COS": 0.0028424523770809174, "X_Y_test_MSEloss": 0.008035441860556602, "X_Y_val_COS": 0.0739721804857254, "X_Y_val_MSEloss": 0.007686178665608168}}