{"train_samples": 100, "test_samples": 200, "source_model": "intfloat/multilingual-e5-base", "source_dim": 768, "target_dim": 512, "test_results": {"bleu": 0.1, "bleu1": 9.2, "bleu2": 0.04, "bleu3": 0.02, "bleu4": 0.01, "rougeL": 0.0071, "rouge1": 0.0071, "rouge2": 0.0, "exact_match": 0.0}, "loss": {"X_Y_COS": 0.9999997615814209, "X_Y_MSEloss": 1.0984927412138745e-09, "X_Y_test_COS": 0.8536669611930847, "X_Y_test_MSEloss": 0.0005372310988605022, "X_Y_val_COS": 0.8528565764427185, "X_Y_val_MSEloss": 0.0005395574262365699}}