{"train_samples": 30, "test_samples": 200, "source_model": "google/flan-t5-base", "source_dim": 768, "target_dim": 512, "test_results": {"bleu": 0.14, "bleu1": 15.54, "bleu2": 0.33, "bleu3": 0.02, "bleu4": 0.01, "rougeL": 0.0977, "rouge1": 0.1172, "rouge2": 0.0012, "exact_match": 0.0}, "loss": {"X_Y_COS": 1.0, "X_Y_MSEloss": 5.588174847447232e-14, "X_Y_test_COS": 0.910654604434967, "X_Y_test_MSEloss": 0.0004861344350501895, "X_Y_val_COS": 0.9131593108177185, "X_Y_val_MSEloss": 0.0004611216427292675}}