{"train_samples": 20, "test_samples": 200, "source_model": "intfloat/multilingual-e5-base", "source_dim": 768, "target_dim": 512, "test_results": {"bleu": 0.69, "bleu1": 19.33, "bleu2": 1.05, "bleu3": 0.22, "bleu4": 0.08, "rougeL": 0.1158, "rouge1": 0.1497, "rouge2": 0.0109, "exact_match": 0.0}, "loss": {"X_Y_COS": 1.0, "X_Y_MSEloss": 2.7330404606118464e-10, "X_Y_test_COS": 0.8819679617881775, "X_Y_test_MSEloss": 0.0009132903651334345, "X_Y_val_COS": 0.8880263566970825, "X_Y_val_MSEloss": 0.0008448081789538264}}