{"train_samples": 1000, "test_samples": 200, "source_model": "google-t5/t5-base", "source_dim": 768, "target_dim": 512, "test_results": {"bleu": 0.7, "bleu1": 20.58, "bleu2": 1.73, "bleu3": 0.4, "bleu4": 0.11, "rougeL": 0.0659, "rouge1": 0.0749, "rouge2": 0.0067, "exact_match": 0.0}, "loss": {"X_Y_COS": 0.9857376217842102, "X_Y_MSEloss": 0.00015112692199181765, "X_Y_test_COS": 0.9404473900794983, "X_Y_test_MSEloss": 0.0006227731355465949, "X_Y_val_COS": 0.9429439306259155, "X_Y_val_MSEloss": 0.0006016733823344111}}