{"train_samples": 1000, "test_samples": 200, "source_model": "google-t5/t5-base", "source_dim": 768, "target_dim": 512, "test_results": {"bleu": 0.8, "bleu1": 20.23, "bleu2": 1.81, "bleu3": 0.45, "bleu4": 0.19, "rougeL": 0.0656, "rouge1": 0.0717, "rouge2": 0.0056, "exact_match": 0.0}, "loss": {"X_Y_COS": 0.978110134601593, "X_Y_MSEloss": 0.00015063204045873135, "X_Y_test_COS": 0.9157221913337708, "X_Y_test_MSEloss": 0.0005793138989247382, "X_Y_val_COS": 0.9177752733230591, "X_Y_val_MSEloss": 0.0005613846005871892}}