{"train_samples": 20, "test_samples": 200, "source_model": "google/mt5-base", "source_dim": 768, "target_dim": 512, "test_results": {"bleu": 0.26, "bleu1": 15.94, "bleu2": 0.82, "bleu3": 0.03, "bleu4": 0.02, "rougeL": 0.1111, "rouge1": 0.15, "rouge2": 0.0084, "exact_match": 0.0}, "loss": {"X_Y_COS": 1.0, "X_Y_MSEloss": 5.266737046483172e-10, "X_Y_test_COS": 0.9063841104507446, "X_Y_test_MSEloss": 0.000645740597974509, "X_Y_val_COS": 0.9079832434654236, "X_Y_val_MSEloss": 0.0006196720059961081}}