{"train_samples": 40, "test_samples": 200, "source_model": "sentence-transformers/gtr-t5-base", "source_dim": 768, "target_dim": 512, "test_results": {"bleu": 0.13, "bleu1": 9.68, "bleu2": 0.08, "bleu3": 0.03, "bleu4": 0.01, "rougeL": 0.0026, "rouge1": 0.0026, "rouge2": 0.0, "exact_match": 0.0}, "loss": {"X_Y_COS": 0.9889675378799438, "X_Y_MSEloss": 4.1878789488691837e-05, "X_Y_test_COS": 0.859842836856842, "X_Y_test_MSEloss": 0.000527366588357836, "X_Y_val_COS": 0.8610845804214478, "X_Y_val_MSEloss": 0.0005190842202864587}}