{"train_samples": 100, "test_samples": 200, "source_model": "google/flan-t5-base", "source_dim": 768, "target_dim": 512, "test_results": {"bleu": 1.14, "bleu1": 18.55, "bleu2": 1.77, "bleu3": 0.49, "bleu4": 0.27, "rougeL": 0.0807, "rouge1": 0.0958, "rouge2": 0.0112, "exact_match": 0.0}, "loss": {"X_Y_COS": 0.9999370574951172, "X_Y_MSEloss": 2.4571940571149753e-07, "X_Y_test_COS": 0.9153080582618713, "X_Y_test_MSEloss": 0.0003216716868337244, "X_Y_val_COS": 0.9118083119392395, "X_Y_val_MSEloss": 0.00033342791721224785}}