{"train_samples": 500, "test_samples": 200, "source_model": "sentence-transformers/gtr-t5-base", "source_dim": 768, "target_dim": 512, "test_results": {"bleu": 0.88, "bleu1": 15.56, "bleu2": 1.12, "bleu3": 0.45, "bleu4": 0.18, "rougeL": 0.0608, "rouge1": 0.0714, "rouge2": 0.0054, "exact_match": 0.0}, "loss": {"X_Y_COS": 0.9957095980644226, "X_Y_MSEloss": 1.7127707906183787e-05, "X_Y_test_COS": 0.8321609497070312, "X_Y_test_MSEloss": 0.000744478078559041, "X_Y_val_COS": 0.8259924650192261, "X_Y_val_MSEloss": 0.0007727109477855265}}