{"train_samples": 3, "test_samples": 200, "source_model": "google-t5/t5-base", "source_dim": 768, "target_dim": 512, "test_results": {"bleu": 0.04, "bleu1": 6.91, "bleu2": 0.02, "bleu3": 0.01, "bleu4": 0.01, "rougeL": 0.0136, "rouge1": 0.0143, "rouge2": 0.0, "exact_match": 0.0}, "loss": {"X_Y_COS": 1.0, "X_Y_MSEloss": 3.059330274854231e-16, "X_Y_test_COS": 0.8477439880371094, "X_Y_test_MSEloss": 0.0005552481743507087, "X_Y_val_COS": 0.8498804569244385, "X_Y_val_MSEloss": 0.0005507530295290053}}