{"train_samples": 3, "test_samples": 200, "source_model": "google-t5/t5-base", "source_dim": 768, "target_dim": 512, "test_results": {"bleu": 0.04, "bleu1": 7.76, "bleu2": 0.02, "bleu3": 0.01, "bleu4": 0.01, "rougeL": 0.0113, "rouge1": 0.012, "rouge2": 0.0, "exact_match": 0.0}, "loss": {"X_Y_COS": 0.9999999403953552, "X_Y_MSEloss": 2.2695384460647006e-10, "X_Y_test_COS": 0.8495786190032959, "X_Y_test_MSEloss": 0.001171129522845149, "X_Y_val_COS": 0.8486084342002869, "X_Y_val_MSEloss": 0.0012042338494211435}}