{"train_samples": 30, "test_samples": 200, "source_model": "google/flan-t5-base", "source_dim": 768, "target_dim": 512, "test_results": {"bleu": 0.48, "bleu1": 16.55, "bleu2": 0.74, "bleu3": 0.14, "bleu4": 0.09, "rougeL": 0.056, "rouge1": 0.0611, "rouge2": 0.0037, "exact_match": 0.0}, "loss": {"X_Y_COS": 1.0, "X_Y_MSEloss": 5.446034595513183e-11, "X_Y_test_COS": 0.8785133361816406, "X_Y_test_MSEloss": 0.0011280287289991975, "X_Y_val_COS": 0.8822663426399231, "X_Y_val_MSEloss": 0.0010881120106205344}}