{"train_samples": 3, "test_samples": 200, "source_model": "text-embedding-3-large", "source_dim": 3072, "target_dim": 512, "test_results": {"bleu": 0.17, "bleu1": 17.63, "bleu2": 0.67, "bleu3": 0.01, "bleu4": 0.01, "rougeL": 0.1209, "rouge1": 0.154, "rouge2": 0.0065, "exact_match": 0.0}, "loss": {"X_Y_COS": 1.0, "X_Y_MSEloss": 1.0520789773564771e-16, "X_Y_test_COS": 0.8010016679763794, "X_Y_test_MSEloss": 0.0011512462515383959, "X_Y_val_COS": 0.8024731278419495, "X_Y_val_MSEloss": 0.001131056109443307}}