{"train_samples": 500, "test_samples": 200, "source_model": "google-t5/t5-base", "source_dim": 768, "target_dim": 512, "test_results": {"bleu": 1.5, "bleu1": 21.76, "bleu2": 2.06, "bleu3": 0.56, "bleu4": 0.37, "rougeL": 0.1093, "rouge1": 0.1299, "rouge2": 0.0186, "exact_match": 0.0}, "loss": {"X_Y_COS": 0.9862664937973022, "X_Y_MSEloss": 5.3727926569990814e-05, "X_Y_test_COS": 0.9242783784866333, "X_Y_test_MSEloss": 0.0002947705506812781, "X_Y_val_COS": 0.9211426973342896, "X_Y_val_MSEloss": 0.00030854123178869486}}