{"train_samples": 10, "test_samples": 200, "source_model": "google-bert/bert-base-multilingual-cased", "source_dim": 768, "target_dim": 512, "test_results": {"bleu": 0.55, "bleu1": 15.36, "bleu2": 1.23, "bleu3": 0.4, "bleu4": 0.25, "rougeL": 0.054, "rouge1": 0.0619, "rouge2": 0.0056, "exact_match": 0.0}, "loss": {"X_Y_COS": 1.0, "X_Y_MSEloss": 4.844884992089157e-16, "X_Y_test_COS": 0.8411487936973572, "X_Y_test_MSEloss": 0.0005753451841883361, "X_Y_val_COS": 0.8346646428108215, "X_Y_val_MSEloss": 0.000595190969761461}}