{"train_samples": 3, "test_samples": 200, "source_model": "google-t5/t5-base", "source_dim": 768, "target_dim": 512, "test_results": {"bleu": 0.29, "bleu1": 16.39, "bleu2": 1.0, "bleu3": 0.04, "bleu4": 0.01, "rougeL": 0.1082, "rouge1": 0.142, "rouge2": 0.0098, "exact_match": 0.0}, "loss": {"X_Y_COS": 1.0, "X_Y_MSEloss": 3.2461614437608553e-15, "X_Y_test_COS": 0.84908127784729, "X_Y_test_MSEloss": 0.0011213934049010277, "X_Y_val_COS": 0.8534077405929565, "X_Y_val_MSEloss": 0.001116377767175436}}