{"train_samples": 30, "test_samples": 200, "source_model": "sentence-transformers/all-MiniLM-L6-v2", "source_dim": 384, "target_dim": 512, "test_results": {"bleu": 0.11, "bleu1": 11.03, "bleu2": 0.14, "bleu3": 0.02, "bleu4": 0.01, "rougeL": 0.0467, "rouge1": 0.0536, "rouge2": 0.0036, "exact_match": 0.0}, "loss": {"X_Y_COS": 1.0, "X_Y_MSEloss": 7.090048521531534e-16, "X_Y_test_COS": 0.9026176333427429, "X_Y_test_MSEloss": 0.0004133734619244933, "X_Y_val_COS": 0.8978285193443298, "X_Y_val_MSEloss": 0.0004381519102025777}}