{"train_samples": 30, "test_samples": 200, "source_model": "sentence-transformers/all-MiniLM-L6-v2", "source_dim": 384, "target_dim": 512, "test_results": {"bleu": 0.09, "bleu1": 9.59, "bleu2": 0.07, "bleu3": 0.02, "bleu4": 0.01, "rougeL": 0.0449, "rouge1": 0.0496, "rouge2": 0.0034, "exact_match": 0.0}, "loss": {"X_Y_COS": 1.0, "X_Y_MSEloss": 2.5639022392524077e-15, "X_Y_test_COS": 0.8882462978363037, "X_Y_test_MSEloss": 0.0008936102967709303, "X_Y_val_COS": 0.8759050965309143, "X_Y_val_MSEloss": 0.0009891699301078916}}