{"train_samples": 3, "test_samples": 200, "source_model": "google-bert/bert-base-multilingual-cased", "source_dim": 768, "target_dim": 512, "test_results": {"bleu": 0.13, "bleu1": 10.0, "bleu2": 0.25, "bleu3": 0.02, "bleu4": 0.01, "rougeL": 0.0645, "rouge1": 0.0738, "rouge2": 0.0106, "exact_match": 0.0}, "loss": {"X_Y_COS": 1.0, "X_Y_MSEloss": 1.9418361363321424e-10, "X_Y_test_COS": 0.8666526675224304, "X_Y_test_MSEloss": 0.0009738239459693432, "X_Y_val_COS": 0.8670579195022583, "X_Y_val_MSEloss": 0.001006122911348939}}