{"train_samples": 3, "test_samples": 200, "source_model": "google/mt5-base", "source_dim": 768, "target_dim": 512, "test_results": {"bleu": 0.04, "bleu1": 7.56, "bleu2": 0.01, "bleu3": 0.01, "bleu4": 0.0, "rougeL": 0.0068, "rouge1": 0.0068, "rouge2": 0.0, "exact_match": 0.0}, "loss": {"X_Y_COS": 1.0000001192092896, "X_Y_MSEloss": 5.683569370857082e-16, "X_Y_test_COS": 0.7508175373077393, "X_Y_test_MSEloss": 0.0008569738129153848, "X_Y_val_COS": 0.7472097873687744, "X_Y_val_MSEloss": 0.0008612478850409389}}