{"train_samples": 3, "test_samples": 200, "source_model": "google/mt5-base", "source_dim": 768, "target_dim": 512, "test_results": {"bleu": 0.21, "bleu1": 15.71, "bleu2": 0.19, "bleu3": 0.05, "bleu4": 0.01, "rougeL": 0.0894, "rouge1": 0.114, "rouge2": 0.0021, "exact_match": 0.0}, "loss": {"X_Y_COS": 1.0, "X_Y_MSEloss": 3.798065559939537e-16, "X_Y_test_COS": 0.8514249920845032, "X_Y_test_MSEloss": 0.0005426592542789876, "X_Y_val_COS": 0.8511697053909302, "X_Y_val_MSEloss": 0.0005408418946899474}}