{"train_samples": 3, "test_samples": 200, "source_model": "google/mt5-base", "source_dim": 768, "target_dim": 512, "test_results": {"bleu": 0.23, "bleu1": 16.03, "bleu2": 0.25, "bleu3": 0.05, "bleu4": 0.01, "rougeL": 0.0923, "rouge1": 0.112, "rouge2": 0.0021, "exact_match": 0.0}, "loss": {"X_Y_COS": 1.0, "X_Y_MSEloss": 2.0962453994854968e-10, "X_Y_test_COS": 0.8288657069206238, "X_Y_test_MSEloss": 0.001239933306351304, "X_Y_val_COS": 0.8305429816246033, "X_Y_val_MSEloss": 0.0011990487109869719}}