{"train_samples": 1, "test_samples": 200, "source_model": "google/flan-t5-base", "source_dim": 768, "target_dim": 512, "test_results": {"bleu": 0.04, "bleu1": 9.81, "bleu2": 0.02, "bleu3": 0.01, "bleu4": 0.01, "rougeL": 0.0233, "rouge1": 0.0245, "rouge2": 0.0, "exact_match": 0.0}, "loss": {"X_Y_COS": 0.9999999403953552, "X_Y_MSEloss": 2.3129855898779275e-17, "X_Y_test_COS": 0.8470953106880188, "X_Y_test_MSEloss": 0.0017932995688170195, "X_Y_val_COS": 0.8453208208084106, "X_Y_val_MSEloss": 0.0018063673051074147}}