{"train_samples": 3000, "test_samples": 200, "source_model": "sentence-transformers/gtr-t5-base", "source_dim": 768, "target_dim": 512, "test_results": {"bleu": 2.81, "bleu1": 28.87, "bleu2": 4.87, "bleu3": 1.29, "bleu4": 0.41, "rougeL": 0.2032, "rouge1": 0.2799, "rouge2": 0.0599, "exact_match": 0.0}, "loss": {"X_Y_COS": 0.9538533687591553, "X_Y_MSEloss": 0.00017785155796445906, "X_Y_test_COS": 0.9164841771125793, "X_Y_test_MSEloss": 0.00031907885568216443, "X_Y_val_COS": 0.9215432405471802, "X_Y_val_MSEloss": 0.00030024515581317246}}