{"epoch": 4, "dev_acc": 56.00000000000001, "test_acc": 56.49999999999999, "test_f1": 56.410000000000004, "test_roc": 55.169999999999995}