{"epoch": 5, "dev_acc": 56.00000000000001, "test_acc": 56.99999999999999, "test_f1": 56.57, "test_roc": 57.599999999999994}