{"train_samples": 1000, "test_samples": 200, "source_model": "text-embedding-ada-002", "source_dim": 1536, "target_dim": 512, "test_results": {"bleu": 2.4, "bleu1": 27.62, "bleu2": 4.63, "bleu3": 0.96, "bleu4": 0.34, "rougeL": 0.1907, "rouge1": 0.264, "rouge2": 0.0517, "exact_match": 0.0}, "loss": {"X_Y_COS": 0.9628137946128845, "X_Y_MSEloss": 0.00014363632362801582, "X_Y_test_COS": 0.908936619758606, "X_Y_test_MSEloss": 0.0003457826969679445, "X_Y_val_COS": 0.9033336639404297, "X_Y_val_MSEloss": 0.0003675490152090788}}