{"train_samples": 3, "test_samples": 200, "source_model": "text-embedding-3-large", "source_dim": 3072, "target_dim": 512, "test_results": {"bleu": 0.2, "bleu1": 11.77, "bleu2": 0.88, "bleu3": 0.02, "bleu4": 0.01, "rougeL": 0.0946, "rouge1": 0.1071, "rouge2": 0.009, "exact_match": 0.0}, "loss": {"X_Y_COS": 0.9999999403953552, "X_Y_MSEloss": 1.8553034109025646e-10, "X_Y_test_COS": 0.8845929503440857, "X_Y_test_MSEloss": 0.0022499393671751022, "X_Y_val_COS": 0.8895338773727417, "X_Y_val_MSEloss": 0.0022825610358268023}}