{"train_samples": 3, "test_samples": 200, "source_model": "text-embedding-3-large", "source_dim": 3072, "target_dim": 512, "test_results": {"bleu": 0.22, "bleu1": 17.96, "bleu2": 0.84, "bleu3": 0.02, "bleu4": 0.01, "rougeL": 0.0842, "rouge1": 0.0914, "rouge2": 0.0051, "exact_match": 0.0}, "loss": {"X_Y_COS": 1.0, "X_Y_MSEloss": 1.573395860307079e-16, "X_Y_test_COS": 0.8757039308547974, "X_Y_test_MSEloss": 0.0009611821151338518, "X_Y_val_COS": 0.8787700533866882, "X_Y_val_MSEloss": 0.0009506287751719356}}