{"train_samples": 100, "test_samples": 200, "source_model": "intfloat/multilingual-e5-base", "source_dim": 768, "target_dim": 512, "test_results": {"bleu": 0.66, "bleu1": 15.68, "bleu2": 1.01, "bleu3": 0.34, "bleu4": 0.16, "rougeL": 0.0691, "rouge1": 0.0811, "rouge2": 0.0121, "exact_match": 0.0}, "loss": {"X_Y_COS": 0.9999393820762634, "X_Y_MSEloss": 6.487872497018543e-07, "X_Y_test_COS": 0.904341459274292, "X_Y_test_MSEloss": 0.0006974649149924517, "X_Y_val_COS": 0.9015814065933228, "X_Y_val_MSEloss": 0.0007191768963821232}}