{"train_samples": 300, "test_samples": 200, "source_model": "random", "source_dim": 768, "target_dim": 512, "test_results": {"bleu": 0.12, "bleu1": 11.94, "bleu2": 0.42, "bleu3": 0.01, "bleu4": 0.01, "rougeL": 0.0729, "rouge1": 0.0888, "rouge2": 0.0028, "exact_match": 0.0}, "loss": {"X_Y_COS": 0.9736120104789734, "X_Y_MSEloss": 0.0006314323982223868, "X_Y_test_COS": 0.024400539696216583, "X_Y_test_MSEloss": 0.0020431384909898043, "X_Y_val_COS": -0.027462195605039597, "X_Y_val_MSEloss": 0.002203275915235281, "reg_lambda": 1}}