{"train_samples": 1000, "test_samples": 200, "source_model": "text-embedding-ada-002", "source_dim": 1536, "target_dim": 512, "test_results": {"bleu": 0.18, "bleu1": 9.38, "bleu2": 0.25, "bleu3": 0.03, "bleu4": 0.02, "rougeL": 0.0125, "rouge1": 0.0129, "rouge2": 0.0004, "exact_match": 0.0}, "loss": {"X_Y_COS": 0.9654907584190369, "X_Y_MSEloss": 0.00013305005268193781, "X_Y_test_COS": 0.9293301105499268, "X_Y_test_MSEloss": 0.00026883860118687153, "X_Y_val_COS": 0.9274480938911438, "X_Y_val_MSEloss": 0.0002751865249592811}}