{"train_samples": 1000, "test_samples": 200, "source_model": "text-embedding-ada-002", "source_dim": 1536, "target_dim": 512, "test_results": {"bleu": 0.73, "bleu1": 17.2, "bleu2": 1.83, "bleu3": 0.19, "bleu4": 0.06, "rougeL": 0.1243, "rouge1": 0.1438, "rouge2": 0.0153, "exact_match": 0.0}, "loss": {"X_Y_COS": 1.0, "X_Y_MSEloss": 5.019717714410676e-12, "X_Y_test_COS": 0.0016316949622705579, "X_Y_test_MSEloss": 0.005971951875835657, "X_Y_val_COS": -0.029063791036605835, "X_Y_val_MSEloss": 0.005988400895148516}}