{"train_samples": 1000, "test_samples": 200, "source_model": "google-t5/t5-base", "source_dim": 768, "target_dim": 512, "test_results": {"bleu": 0.44, "bleu1": 23.12, "bleu2": 1.35, "bleu3": 0.07, "bleu4": 0.04, "rougeL": 0.1234, "rouge1": 0.1686, "rouge2": 0.0139, "exact_match": 0.0}, "loss": {"X_Y_COS": 0.9628897905349731, "X_Y_MSEloss": 0.0001428819668944925, "X_Y_test_COS": 0.8989591598510742, "X_Y_test_MSEloss": 0.0003854758106172085, "X_Y_val_COS": 0.9021710157394409, "X_Y_val_MSEloss": 0.0003737816587090492}}