{"train_samples": 3, "test_samples": 200, "source_model": "google/flan-t5-base", "source_dim": 768, "target_dim": 512, "test_results": {"bleu": 0.14, "bleu1": 18.82, "bleu2": 0.3, "bleu3": 0.01, "bleu4": 0.01, "rougeL": 0.1134, "rouge1": 0.1358, "rouge2": 0.0018, "exact_match": 0.0}, "loss": {"X_Y_COS": 1.0, "X_Y_MSEloss": 4.217243107294377e-16, "X_Y_test_COS": 0.850881040096283, "X_Y_test_MSEloss": 0.0006675534532405436, "X_Y_val_COS": 0.8517484068870544, "X_Y_val_MSEloss": 0.0006604862865060568}}