{"train_samples": 500, "test_samples": 200, "source_model": "text-embedding-3-large", "source_dim": 3072, "target_dim": 512, "test_results": {"bleu": 0.07, "bleu1": 6.75, "bleu2": 0.03, "bleu3": 0.02, "bleu4": 0.01, "rougeL": 0.0298, "rouge1": 0.0339, "rouge2": 0.0036, "exact_match": 0.0}, "loss": {"X_Y_COS": 0.9999998807907104, "X_Y_MSEloss": 6.2335541173297315e-09, "X_Y_test_COS": 0.8060534596443176, "X_Y_test_MSEloss": 0.0015352232148870826, "X_Y_val_COS": 0.8013216853141785, "X_Y_val_MSEloss": 0.0016064506489783525}}