{"train_samples": 20, "test_samples": 200, "source_model": "google-t5/t5-base", "source_dim": 768, "target_dim": 512, "test_results": {"bleu": 0.93, "bleu1": 20.34, "bleu2": 1.54, "bleu3": 0.23, "bleu4": 0.12, "rougeL": 0.1279, "rouge1": 0.1666, "rouge2": 0.0133, "exact_match": 0.0}, "loss": {"X_Y_COS": 1.0, "X_Y_MSEloss": 9.536738659180247e-16, "X_Y_test_COS": 0.8931947350502014, "X_Y_test_MSEloss": 0.0003967299126088619, "X_Y_val_COS": 0.900624692440033, "X_Y_val_MSEloss": 0.00037212169263511896}}