{"train_samples": 1000, "test_samples": 200, "source_model": "google-t5/t5-base", "source_dim": 768, "target_dim": 512, "test_results": {"bleu": 0.34, "bleu1": 23.19, "bleu2": 1.56, "bleu3": 0.03, "bleu4": 0.02, "rougeL": 0.1591, "rouge1": 0.2121, "rouge2": 0.0174, "exact_match": 0.0}, "loss": {"X_Y_COS": 0.9826491475105286, "X_Y_MSEloss": 0.00011691163672367111, "X_Y_test_COS": 0.9488077759742737, "X_Y_test_MSEloss": 0.000345991225913167, "X_Y_val_COS": 0.9491342306137085, "X_Y_val_MSEloss": 0.0003430075303185731}}