{"train_samples": 1000, "test_samples": 200, "source_model": "google-bert/bert-base-multilingual-cased", "source_dim": 768, "target_dim": 512, "test_results": {"bleu": 0.59, "bleu1": 17.96, "bleu2": 1.19, "bleu3": 0.29, "bleu4": 0.1, "rougeL": 0.0502, "rouge1": 0.0573, "rouge2": 0.0034, "exact_match": 0.0}, "loss": {"X_Y_COS": 0.9720451831817627, "X_Y_MSEloss": 0.00029614692903123796, "X_Y_test_COS": 0.9227650761604309, "X_Y_test_MSEloss": 0.0007567723514512181, "X_Y_val_COS": 0.9225303530693054, "X_Y_val_MSEloss": 0.0007848276291042566}}