{"train_samples": 20, "test_samples": 200, "source_model": "text-embedding-ada-002", "source_dim": 1536, "target_dim": 512, "test_results": {"bleu": 0.04, "bleu1": 11.3, "bleu2": 0.02, "bleu3": 0.01, "bleu4": 0.01, "rougeL": 0.0097, "rouge1": 0.0097, "rouge2": 0.0003, "exact_match": 0.0}, "loss": {"X_Y_COS": 1.0, "X_Y_MSEloss": 9.167511279999704e-15, "X_Y_test_COS": 0.8942747116088867, "X_Y_test_MSEloss": 0.0003910063242074102, "X_Y_val_COS": 0.8909435868263245, "X_Y_val_MSEloss": 0.00040284512215293944}}