{"train_samples": 50, "test_samples": 200, "source_model": "google-t5/t5-base", "source_dim": 768, "target_dim": 512, "test_results": {"bleu": 0.07, "bleu1": 10.24, "bleu2": 0.02, "bleu3": 0.01, "bleu4": 0.01, "rougeL": 0.0057, "rouge1": 0.0057, "rouge2": 0.0, "exact_match": 0.0}, "loss": {"X_Y_COS": 0.9886142015457153, "X_Y_MSEloss": 4.321427331888117e-05, "X_Y_test_COS": 0.8681431412696838, "X_Y_test_MSEloss": 0.0004935417673550546, "X_Y_val_COS": 0.8732672929763794, "X_Y_val_MSEloss": 0.0004732116940431297}}