{"train_samples": 1000, "test_samples": 200, "source_model": "google-bert/bert-base-multilingual-cased", "source_dim": 768, "target_dim": 512, "test_results": {"bleu": 0.23, "bleu1": 12.65, "bleu2": 0.45, "bleu3": 0.03, "bleu4": 0.02, "rougeL": 0.0595, "rouge1": 0.0659, "rouge2": 0.0054, "exact_match": 0.0}, "loss": {"X_Y_COS": 0.955024242401123, "X_Y_MSEloss": 0.0001730235671857372, "X_Y_test_COS": 0.8942237496376038, "X_Y_test_MSEloss": 0.00040354218799620867, "X_Y_val_COS": 0.8908807039260864, "X_Y_val_MSEloss": 0.00041567094740457833}}