{"train_samples": 40, "test_samples": 200, "source_model": "sentence-transformers/gtr-t5-base", "source_dim": 768, "target_dim": 512, "test_results": {"bleu": 2.2, "bleu1": 20.64, "bleu2": 2.56, "bleu3": 0.95, "bleu4": 0.46, "rougeL": 0.1459, "rouge1": 0.201, "rouge2": 0.03, "exact_match": 0.0}, "loss": {"X_Y_COS": 1.0, "X_Y_MSEloss": 8.593186836981911e-16, "X_Y_test_COS": 0.861929178237915, "X_Y_test_MSEloss": 0.0005152056110091507, "X_Y_val_COS": 0.8654858469963074, "X_Y_val_MSEloss": 0.0005043269484303892}}