{"train_samples": 40, "test_samples": 200, "source_model": "google/mt5-base", "source_dim": 768, "target_dim": 512, "test_results": {"bleu": 0.32, "bleu1": 14.44, "bleu2": 0.91, "bleu3": 0.13, "bleu4": 0.03, "rougeL": 0.0684, "rouge1": 0.0774, "rouge2": 0.0093, "exact_match": 0.0}, "loss": {"X_Y_COS": 1.0, "X_Y_MSEloss": 1.4550755565723161e-11, "X_Y_test_COS": 0.8900068998336792, "X_Y_test_MSEloss": 0.0008082374697551131, "X_Y_val_COS": 0.8902409076690674, "X_Y_val_MSEloss": 0.000816922343801707}}