{"train_samples": 30, "test_samples": 200, "source_model": "google-t5/t5-base", "source_dim": 768, "target_dim": 512, "test_results": {"bleu": 0.25, "bleu1": 19.01, "bleu2": 1.24, "bleu3": 0.02, "bleu4": 0.01, "rougeL": 0.1485, "rouge1": 0.173, "rouge2": 0.0132, "exact_match": 0.0}, "loss": {"X_Y_COS": 1.0, "X_Y_MSEloss": 1.368048334121283e-13, "X_Y_test_COS": 0.9338500499725342, "X_Y_test_MSEloss": 0.0002505534212104976, "X_Y_val_COS": 0.9369935393333435, "X_Y_val_MSEloss": 0.00023947197769302875}}