{"train_samples": 5, "test_samples": 200, "source_model": "google-t5/t5-base", "source_dim": 768, "target_dim": 512, "test_results": {"bleu": 0.17, "bleu1": 15.34, "bleu2": 0.65, "bleu3": 0.01, "bleu4": 0.01, "rougeL": 0.1137, "rouge1": 0.1426, "rouge2": 0.0091, "exact_match": 0.0}, "loss": {"X_Y_COS": 1.0, "X_Y_MSEloss": 1.5708051306285629e-15, "X_Y_test_COS": 0.851722240447998, "X_Y_test_MSEloss": 0.0008948150207288563, "X_Y_val_COS": 0.8530219793319702, "X_Y_val_MSEloss": 0.000872826378326863}}