{"train_samples": 20, "test_samples": 200, "source_model": "text-embedding-ada-002", "source_dim": 1536, "target_dim": 512, "test_results": {"bleu": 0.28, "bleu1": 21.01, "bleu2": 1.04, "bleu3": 0.03, "bleu4": 0.01, "rougeL": 0.117, "rouge1": 0.1559, "rouge2": 0.0113, "exact_match": 0.0}, "loss": {"X_Y_COS": 1.0, "X_Y_MSEloss": 6.1198795359986794e-15, "X_Y_test_COS": 0.8503808975219727, "X_Y_test_MSEloss": 0.0005408754223026335, "X_Y_val_COS": 0.8483132719993591, "X_Y_val_MSEloss": 0.0005479301325976849}}