{"train_samples": 30, "test_samples": 200, "source_model": "google-bert/bert-base-multilingual-cased", "source_dim": 768, "target_dim": 512, "test_results": {"bleu": 0.18, "bleu1": 14.56, "bleu2": 0.74, "bleu3": 0.02, "bleu4": 0.01, "rougeL": 0.1048, "rouge1": 0.13, "rouge2": 0.0091, "exact_match": 0.0}, "loss": {"X_Y_COS": 1.0, "X_Y_MSEloss": 1.0150476921662321e-14, "X_Y_test_COS": 0.8934316635131836, "X_Y_test_MSEloss": 0.0003987753589171916, "X_Y_val_COS": 0.8937896490097046, "X_Y_val_MSEloss": 0.00039790297159925103}}