{"train_samples": 1000, "test_samples": 200, "source_model": "text-embedding-3-large", "source_dim": 3072, "target_dim": 512, "test_results": {"bleu": 0.13, "bleu1": 10.25, "bleu2": 0.2, "bleu3": 0.02, "bleu4": 0.01, "rougeL": 0.066, "rouge1": 0.0767, "rouge2": 0.0019, "exact_match": 0.0}, "loss": {"X_Y_COS": 1.0, "X_Y_MSEloss": 7.292399377498843e-14, "X_Y_test_COS": 0.08110617101192474, "X_Y_test_MSEloss": 0.0026813377626240253, "X_Y_val_COS": -0.053060296922922134, "X_Y_val_MSEloss": 0.0029852341394871473}}