{"train_samples": 1, "test_samples": 200, "source_model": "intfloat/multilingual-e5-base", "source_dim": 768, "target_dim": 512, "test_results": {"bleu": 0.03, "bleu1": 4.38, "bleu2": 0.02, "bleu3": 0.01, "bleu4": 0.01, "rougeL": 0.006, "rouge1": 0.0063, "rouge2": 0.0, "exact_match": 0.0}, "loss": {"X_Y_COS": 0.9999999403953552, "X_Y_MSEloss": 1.1208190891579526e-15, "X_Y_test_COS": 0.8420464992523193, "X_Y_test_MSEloss": 0.0010279538109898567, "X_Y_val_COS": 0.8409865498542786, "X_Y_val_MSEloss": 0.0010188906453549862}}