{"train_samples": 3, "test_samples": 200, "source_model": "text-embedding-ada-002", "source_dim": 1536, "target_dim": 512, "test_results": {"bleu": 0.85, "bleu1": 18.81, "bleu2": 0.86, "bleu3": 0.28, "bleu4": 0.11, "rougeL": 0.1038, "rouge1": 0.1292, "rouge2": 0.0062, "exact_match": 0.0}, "loss": {"X_Y_COS": 1.0, "X_Y_MSEloss": 1.3011852261550993e-15, "X_Y_test_COS": 0.8029870390892029, "X_Y_test_MSEloss": 0.0006906141061335802, "X_Y_val_COS": 0.8007802367210388, "X_Y_val_MSEloss": 0.000697669165674597}}