{"train_samples": 1000, "test_samples": 200, "source_model": "google/mt5-base", "source_dim": 768, "target_dim": 512, "test_results": {"bleu": 1.42, "bleu1": 26.0, "bleu2": 3.76, "bleu3": 0.64, "bleu4": 0.07, "rougeL": 0.1897, "rouge1": 0.2398, "rouge2": 0.0411, "exact_match": 0.0}, "loss": {"X_Y_COS": 0.9717645049095154, "X_Y_MSEloss": 0.00011013440962415189, "X_Y_test_COS": 0.9119485020637512, "X_Y_test_MSEloss": 0.0003399073611944914, "X_Y_val_COS": 0.9105080366134644, "X_Y_val_MSEloss": 0.0003465748450253159}}