{"train_samples": 1000, "test_samples": 200, "source_model": "text-embedding-3-large", "source_dim": 3072, "target_dim": 512, "test_results": {"bleu": 5.22, "bleu1": 32.15, "bleu2": 8.68, "bleu3": 2.59, "bleu4": 1.03, "rougeL": 0.2659, "rouge1": 0.3314, "rouge2": 0.0932, "exact_match": 0.0}, "loss": {"X_Y_COS": 1.0, "X_Y_MSEloss": 1.4990409629746237e-13, "X_Y_test_COS": 0.9140315055847168, "X_Y_test_MSEloss": 0.00035530669265426695, "X_Y_val_COS": 0.9202389121055603, "X_Y_val_MSEloss": 0.0003385261516086757}}