{"train_samples": 40, "test_samples": 200, "source_model": "sentence-transformers/all-MiniLM-L6-v2", "source_dim": 384, "target_dim": 512, "test_results": {"bleu": 0.18, "bleu1": 12.38, "bleu2": 0.52, "bleu3": 0.02, "bleu4": 0.01, "rougeL": 0.0969, "rouge1": 0.111, "rouge2": 0.0055, "exact_match": 0.0}, "loss": {"X_Y_COS": 1.0, "X_Y_MSEloss": 6.402989710706589e-15, "X_Y_test_COS": 0.8864086866378784, "X_Y_test_MSEloss": 0.00043834137613885105, "X_Y_val_COS": 0.886391282081604, "X_Y_val_MSEloss": 0.0004388977831695229}}