{"train_samples": 50, "test_samples": 200, "source_model": "google/mt5-base", "source_dim": 768, "target_dim": 512, "test_results": {"bleu": 0.11, "bleu1": 13.7, "bleu2": 0.12, "bleu3": 0.02, "bleu4": 0.01, "rougeL": 0.0228, "rouge1": 0.0254, "rouge2": 0.0, "exact_match": 0.0}, "loss": {"X_Y_COS": 1.0, "X_Y_MSEloss": 1.2006623993643384e-11, "X_Y_test_COS": 0.8889799118041992, "X_Y_test_MSEloss": 0.00041535921627655625, "X_Y_val_COS": 0.8833101987838745, "X_Y_val_MSEloss": 0.00043443834874778986}}