{"train_samples": 5, "test_samples": 200, "source_model": "google/mt5-base", "source_dim": 768, "target_dim": 512, "test_results": {"bleu": 0.16, "bleu1": 13.18, "bleu2": 0.42, "bleu3": 0.03, "bleu4": 0.01, "rougeL": 0.0835, "rouge1": 0.104, "rouge2": 0.0052, "exact_match": 0.0}, "loss": {"X_Y_COS": 1.0, "X_Y_MSEloss": 8.04963361863021e-16, "X_Y_test_COS": 0.8985658288002014, "X_Y_test_MSEloss": 0.0006662410451099277, "X_Y_val_COS": 0.8984071016311646, "X_Y_val_MSEloss": 0.0006828348850831389}}