{"train_samples": 40, "test_samples": 200, "source_model": "sentence-transformers/gtr-t5-base", "source_dim": 768, "target_dim": 512, "test_results": {"bleu": 0.07, "bleu1": 10.15, "bleu2": 0.04, "bleu3": 0.02, "bleu4": 0.01, "rougeL": 0.0112, "rouge1": 0.0115, "rouge2": 0.0, "exact_match": 0.0}, "loss": {"X_Y_COS": 1.0, "X_Y_MSEloss": 2.7579674655164865e-10, "X_Y_test_COS": 0.9132981896400452, "X_Y_test_MSEloss": 0.0008207499049603939, "X_Y_val_COS": 0.9098547697067261, "X_Y_val_MSEloss": 0.0008797342889010906}}