{"train_samples": 10, "test_samples": 200, "source_model": "google-bert/bert-base-multilingual-cased", "source_dim": 768, "target_dim": 512, "test_results": {"bleu": 0.27, "bleu1": 15.41, "bleu2": 0.72, "bleu3": 0.03, "bleu4": 0.02, "rougeL": 0.1118, "rouge1": 0.1381, "rouge2": 0.009, "exact_match": 0.0}, "loss": {"X_Y_COS": 1.0, "X_Y_MSEloss": 9.581502232860269e-16, "X_Y_test_COS": 0.864967942237854, "X_Y_test_MSEloss": 0.0008400741498917341, "X_Y_val_COS": 0.8671051859855652, "X_Y_val_MSEloss": 0.0008156207040883601}}