{"train_samples": 3000, "test_samples": 200, "source_model": "sentence-transformers/all-MiniLM-L6-v2", "source_dim": 384, "target_dim": 512, "test_results": {"bleu": 0.14, "bleu1": 12.78, "bleu2": 0.22, "bleu3": 0.02, "bleu4": 0.01, "rougeL": 0.0688, "rouge1": 0.0803, "rouge2": 0.0078, "exact_match": 0.0}, "loss": {"X_Y_COS": 0.9277820587158203, "X_Y_MSEloss": 0.0002886902366299182, "X_Y_test_COS": 0.9083178639411926, "X_Y_test_MSEloss": 0.00036031065974384546, "X_Y_val_COS": 0.9029784798622131, "X_Y_val_MSEloss": 0.0003778213285841048}}