{"train_samples": 1, "test_samples": 200, "source_model": "sentence-transformers/all-MiniLM-L6-v2", "source_dim": 384, "target_dim": 512, "test_results": {"bleu": 0.03, "bleu1": 9.19, "bleu2": 0.01, "bleu3": 0.01, "bleu4": 0.0, "rougeL": 0.036, "rouge1": 0.039, "rouge2": 0.0, "exact_match": 0.0}, "loss": {"X_Y_COS": 1.0000001192092896, "X_Y_MSEloss": 2.0497093533744677e-16, "X_Y_test_COS": 0.7599163055419922, "X_Y_test_MSEloss": 0.0014562304131686687, "X_Y_val_COS": 0.7573237419128418, "X_Y_val_MSEloss": 0.001458558370359242}}