{"train_samples": 20, "test_samples": 200, "source_model": "sentence-transformers/all-MiniLM-L6-v2", "source_dim": 384, "target_dim": 512, "test_results": {"bleu": 0.1, "bleu1": 13.71, "bleu2": 0.04, "bleu3": 0.02, "bleu4": 0.01, "rougeL": 0.0, "rouge1": 0.0, "rouge2": 0.0, "exact_match": 0.0}, "loss": {"X_Y_COS": 1.0, "X_Y_MSEloss": 1.91024119638387e-15, "X_Y_test_COS": 0.8678419589996338, "X_Y_test_MSEloss": 0.0005021236720494926, "X_Y_val_COS": 0.8593494892120361, "X_Y_val_MSEloss": 0.0005128206685185432}}