{"train_samples": 100, "test_samples": 200, "source_model": "intfloat/multilingual-e5-base", "source_dim": 768, "target_dim": 512, "test_results": {"bleu": 0.12, "bleu1": 14.68, "bleu2": 0.18, "bleu3": 0.02, "bleu4": 0.01, "rougeL": 0.0881, "rouge1": 0.0998, "rouge2": 0.0007, "exact_match": 0.0}, "loss": {"X_Y_COS": 0.9999998211860657, "X_Y_MSEloss": 6.099979410478795e-10, "X_Y_test_COS": 0.9060758948326111, "X_Y_test_MSEloss": 0.0005127980839461088, "X_Y_val_COS": 0.9069111943244934, "X_Y_val_MSEloss": 0.0004964174586348236}}