{"train_samples": 5, "test_samples": 200, "source_model": "text-embedding-3-large", "source_dim": 3072, "target_dim": 512, "test_results": {"bleu": 0.23, "bleu1": 14.13, "bleu2": 0.33, "bleu3": 0.06, "bleu4": 0.03, "rougeL": 0.0508, "rouge1": 0.0551, "rouge2": 0.0022, "exact_match": 0.0}, "loss": {"X_Y_COS": 1.0, "X_Y_MSEloss": 1.7742054021840041e-16, "X_Y_test_COS": 0.8199853301048279, "X_Y_test_MSEloss": 0.0014015315100550652, "X_Y_val_COS": 0.8117364048957825, "X_Y_val_MSEloss": 0.0013874736614525318}}