{"train_samples": 50, "test_samples": 200, "source_model": "intfloat/multilingual-e5-base", "source_dim": 768, "target_dim": 512, "test_results": {"bleu": 0.19, "bleu1": 14.89, "bleu2": 1.04, "bleu3": 0.02, "bleu4": 0.01, "rougeL": 0.1137, "rouge1": 0.1484, "rouge2": 0.008, "exact_match": 0.0}, "loss": {"X_Y_COS": 1.0, "X_Y_MSEloss": 2.2546131628331523e-10, "X_Y_test_COS": 0.9085909724235535, "X_Y_test_MSEloss": 0.0006253320025280118, "X_Y_val_COS": 0.9106068015098572, "X_Y_val_MSEloss": 0.0005924970027990639}}