{"train_samples": 1000, "test_samples": 200, "source_model": "google-t5/t5-base", "source_dim": 768, "target_dim": 512, "test_results": {"bleu": 0.28, "bleu1": 10.96, "bleu2": 0.58, "bleu3": 0.06, "bleu4": 0.02, "rougeL": 0.077, "rouge1": 0.0867, "rouge2": 0.0063, "exact_match": 0.0}, "loss": {"X_Y_COS": 0.8968715667724609, "X_Y_MSEloss": 0.00046392102376557887, "X_Y_test_COS": 0.025786373764276505, "X_Y_test_MSEloss": 0.00822913646697998, "X_Y_val_COS": 0.027593571692705154, "X_Y_val_MSEloss": 0.007772696670144796}}