{"train_samples": 10, "test_samples": 200, "source_model": "sentence-transformers/gtr-t5-base", "source_dim": 768, "target_dim": 512, "test_results": {"bleu": 0.19, "bleu1": 13.77, "bleu2": 0.84, "bleu3": 0.03, "bleu4": 0.02, "rougeL": 0.1103, "rouge1": 0.124, "rouge2": 0.0074, "exact_match": 0.0}, "loss": {"X_Y_COS": 1.0, "X_Y_MSEloss": 4.0610330264639427e-16, "X_Y_test_COS": 0.8751782178878784, "X_Y_test_MSEloss": 0.0004767592763528228, "X_Y_val_COS": 0.8803521394729614, "X_Y_val_MSEloss": 0.00045784065150655806}}