{"train_samples": 1, "test_samples": 200, "source_model": "google/mt5-base", "source_dim": 768, "target_dim": 512, "test_results": {"bleu": 0.03, "bleu1": 4.16, "bleu2": 0.02, "bleu3": 0.01, "bleu4": 0.01, "rougeL": 0.0067, "rouge1": 0.007, "rouge2": 0.0, "exact_match": 0.0}, "loss": {"X_Y_COS": 1.0, "X_Y_MSEloss": 6.055092315203803e-16, "X_Y_test_COS": 0.8420464992523193, "X_Y_test_MSEloss": 0.0011742205824702978, "X_Y_val_COS": 0.8409866094589233, "X_Y_val_MSEloss": 0.0011718927416950464}}