{"train_samples": 40, "test_samples": 200, "source_model": "sentence-transformers/all-MiniLM-L6-v2", "source_dim": 384, "target_dim": 512, "test_results": {"bleu": 0.4, "bleu1": 11.27, "bleu2": 0.52, "bleu3": 0.23, "bleu4": 0.11, "rougeL": 0.028, "rouge1": 0.0314, "rouge2": 0.0014, "exact_match": 0.0}, "loss": {"X_Y_COS": 1.0, "X_Y_MSEloss": 8.124458921003879e-16, "X_Y_test_COS": 0.5871227383613586, "X_Y_test_MSEloss": 0.0012434262316673994, "X_Y_val_COS": 0.530448317527771, "X_Y_val_MSEloss": 0.001276733004488051}}