{"train_samples": 1000, "test_samples": 200, "source_model": "google/mt5-base", "source_dim": 768, "target_dim": 512, "test_results": {"bleu": 1.25, "bleu1": 9.7, "bleu2": 1.32, "bleu3": 0.72, "bleu4": 0.32, "rougeL": 0.0449, "rouge1": 0.05, "rouge2": 0.0025, "exact_match": 0.0}, "loss": {"X_Y_COS": 0.9133874773979187, "X_Y_MSEloss": 0.0004231410857755691, "X_Y_test_COS": 0.06824018806219101, "X_Y_test_MSEloss": 0.007574205752462149, "X_Y_val_COS": 0.06696029752492905, "X_Y_val_MSEloss": 0.00822190847247839}}