{"train_samples": 30, "test_samples": 200, "source_model": "google-bert/bert-base-multilingual-cased", "source_dim": 768, "target_dim": 512, "test_results": {"bleu": 0.36, "bleu1": 18.64, "bleu2": 0.82, "bleu3": 0.1, "bleu4": 0.03, "rougeL": 0.1118, "rouge1": 0.1324, "rouge2": 0.0096, "exact_match": 0.0}, "loss": {"X_Y_COS": 1.0, "X_Y_MSEloss": 3.3543771872559386e-14, "X_Y_test_COS": 0.9097920060157776, "X_Y_test_MSEloss": 0.000552693207282573, "X_Y_val_COS": 0.912341296672821, "X_Y_val_MSEloss": 0.0005564895109273493}}