{"train_samples": 1000, "test_samples": 200, "source_model": "sentence-transformers/gtr-t5-base", "source_dim": 768, "target_dim": 512, "test_results": {"bleu": 1.6, "bleu1": 9.78, "bleu2": 1.54, "bleu3": 0.94, "bleu4": 0.47, "rougeL": 0.0471, "rouge1": 0.0513, "rouge2": 0.0027, "exact_match": 0.0}, "loss": {"X_Y_COS": 0.9266794323921204, "X_Y_MSEloss": 0.00038852079887874424, "X_Y_test_COS": 0.009151792153716087, "X_Y_test_MSEloss": 0.0077679953537881374, "X_Y_val_COS": -0.04312216490507126, "X_Y_val_MSEloss": 0.008687085472047329}}