{"train_samples": 10, "test_samples": 200, "source_model": "google-bert/bert-base-multilingual-cased", "source_dim": 768, "target_dim": 512, "test_results": {"bleu": 0.09, "bleu1": 8.05, "bleu2": 0.07, "bleu3": 0.02, "bleu4": 0.01, "rougeL": 0.0991, "rouge1": 0.1104, "rouge2": 0.0021, "exact_match": 0.0}, "loss": {"X_Y_COS": 1.0, "X_Y_MSEloss": 5.113945537180077e-16, "X_Y_test_COS": 0.7939864993095398, "X_Y_test_MSEloss": 0.0007252921932376921, "X_Y_val_COS": 0.7940327525138855, "X_Y_val_MSEloss": 0.00072569859912619}}