{"train_samples": 1000, "test_samples": 200, "source_model": "google/flan-t5-base", "source_dim": 768, "target_dim": 512, "test_results": {"bleu": 31.19, "bleu1": 51.44, "bleu2": 32.57, "bleu3": 27.22, "bleu4": 24.54, "rougeL": 0.4414, "rouge1": 0.4975, "rouge2": 0.3217, "exact_match": 0.0}, "loss": {"X_Y_COS": 0.9843708872795105, "X_Y_MSEloss": 6.19777783867903e-05, "X_Y_test_COS": 0.94150310754776, "X_Y_test_MSEloss": 0.00023061948013491929, "X_Y_val_COS": 0.9418942332267761, "X_Y_val_MSEloss": 0.0002273964782943949}}