{"train_samples": 100, "test_samples": 200, "source_model": "google-t5/t5-base", "source_dim": 768, "target_dim": 512, "test_results": {"bleu": 0.26, "bleu1": 18.09, "bleu2": 0.65, "bleu3": 0.03, "bleu4": 0.02, "rougeL": 0.106, "rouge1": 0.1284, "rouge2": 0.0019, "exact_match": 0.0}, "loss": {"X_Y_COS": 1.0, "X_Y_MSEloss": 5.114939374828431e-11, "X_Y_test_COS": 0.9171619415283203, "X_Y_test_MSEloss": 0.00031349348137155175, "X_Y_val_COS": 0.9181882739067078, "X_Y_val_MSEloss": 0.0003101042821072042}}