{"train_samples": 3, "test_samples": 200, "source_model": "sentence-transformers/gtr-t5-base", "source_dim": 768, "target_dim": 512, "test_results": {"bleu": 0.2, "bleu1": 16.79, "bleu2": 0.23, "bleu3": 0.03, "bleu4": 0.01, "rougeL": 0.0861, "rouge1": 0.1114, "rouge2": 0.0033, "exact_match": 0.0}, "loss": {"X_Y_COS": 1.0, "X_Y_MSEloss": 3.2228454854591414e-16, "X_Y_test_COS": 0.8536813855171204, "X_Y_test_MSEloss": 0.0006687904824502766, "X_Y_val_COS": 0.8539559841156006, "X_Y_val_MSEloss": 0.0006698477081954479}}