{"train_samples": 500, "test_samples": 200, "source_model": "sentence-transformers/all-MiniLM-L6-v2", "source_dim": 384, "target_dim": 512, "test_results": {"bleu": 3.07, "bleu1": 20.27, "bleu2": 3.15, "bleu3": 1.62, "bleu4": 1.34, "rougeL": 0.1476, "rouge1": 0.1823, "rouge2": 0.0333, "exact_match": 0.0}, "loss": {"X_Y_COS": 0.9768075346946716, "X_Y_MSEloss": 0.00019722437718883157, "X_Y_test_COS": 0.7329534888267517, "X_Y_test_MSEloss": 0.0022508634719997644, "X_Y_val_COS": 0.7429369688034058, "X_Y_val_MSEloss": 0.0020892908796668053}}