{"train_samples": 3, "test_samples": 200, "source_model": "google/mt5-base", "source_dim": 768, "target_dim": 512, "test_results": {"bleu": 0.28, "bleu1": 20.03, "bleu2": 1.02, "bleu3": 0.02, "bleu4": 0.01, "rougeL": 0.1032, "rouge1": 0.1279, "rouge2": 0.0084, "exact_match": 0.0}, "loss": {"X_Y_COS": 1.0, "X_Y_MSEloss": 4.310497729017931e-16, "X_Y_test_COS": 0.8103267550468445, "X_Y_test_MSEloss": 0.0006768247112631798, "X_Y_val_COS": 0.8108049035072327, "X_Y_val_MSEloss": 0.0006731424364261329}}