{"train_samples": 30, "test_samples": 200, "source_model": "text-embedding-3-large", "source_dim": 3072, "target_dim": 512, "test_results": {"bleu": 0.26, "bleu1": 14.62, "bleu2": 0.65, "bleu3": 0.05, "bleu4": 0.01, "rougeL": 0.0924, "rouge1": 0.1143, "rouge2": 0.0067, "exact_match": 0.0}, "loss": {"X_Y_COS": 1.0, "X_Y_MSEloss": 4.243142516085216e-15, "X_Y_test_COS": 0.8722550272941589, "X_Y_test_MSEloss": 0.0012143079657107592, "X_Y_val_COS": 0.8759586215019226, "X_Y_val_MSEloss": 0.0012207248946651816}}