{"train_samples": 3, "test_samples": 200, "source_model": "text-embedding-3-large", "source_dim": 3072, "target_dim": 512, "test_results": {"bleu": 0.22, "bleu1": 7.43, "bleu2": 0.18, "bleu3": 0.08, "bleu4": 0.02, "rougeL": 0.0014, "rouge1": 0.0014, "rouge2": 0.0, "exact_match": 0.0}, "loss": {"X_Y_COS": 1.0, "X_Y_MSEloss": 8.31568441743152e-17, "X_Y_test_COS": 0.8576815724372864, "X_Y_test_MSEloss": 0.0013544615358114243, "X_Y_val_COS": 0.860268771648407, "X_Y_val_MSEloss": 0.001336833811365068}}