{"train_samples": 100, "test_samples": 200, "source_model": "text-embedding-ada-002", "source_dim": 1536, "target_dim": 512, "test_results": {"bleu": 0.74, "bleu1": 21.07, "bleu2": 2.55, "bleu3": 0.49, "bleu4": 0.02, "rougeL": 0.1505, "rouge1": 0.1935, "rouge2": 0.03, "exact_match": 0.0}, "loss": {"X_Y_COS": 1.0, "X_Y_MSEloss": 5.770812300243122e-11, "X_Y_test_COS": 0.8852128982543945, "X_Y_test_MSEloss": 0.0004264962626621127, "X_Y_val_COS": 0.8884463906288147, "X_Y_val_MSEloss": 0.0004149054584559053}}