{"train_samples": 100, "test_samples": 200, "source_model": "google/mt5-base", "source_dim": 768, "target_dim": 512, "test_results": {"bleu": 1.44, "bleu1": 21.21, "bleu2": 2.07, "bleu3": 0.5, "bleu4": 0.2, "rougeL": 0.1457, "rouge1": 0.194, "rouge2": 0.0306, "exact_match": 0.0}, "loss": {"X_Y_COS": 0.9998868107795715, "X_Y_MSEloss": 4.5318577690522943e-07, "X_Y_test_COS": 0.9153203964233398, "X_Y_test_MSEloss": 0.00032638481934554875, "X_Y_val_COS": 0.9138374328613281, "X_Y_val_MSEloss": 0.0003326728183310479}}