{"train_samples": 40, "test_samples": 200, "source_model": "google/mt5-base", "source_dim": 768, "target_dim": 512, "test_results": {"bleu": 0.35, "bleu1": 16.17, "bleu2": 1.32, "bleu3": 0.04, "bleu4": 0.02, "rougeL": 0.1411, "rouge1": 0.1662, "rouge2": 0.0136, "exact_match": 0.0}, "loss": {"X_Y_COS": 1.0, "X_Y_MSEloss": 1.547107372225874e-14, "X_Y_test_COS": 0.928631067276001, "X_Y_test_MSEloss": 0.0005430154269561172, "X_Y_val_COS": 0.929462194442749, "X_Y_val_MSEloss": 0.000538732623681426}}