{"train_samples": 40, "test_samples": 200, "source_model": "google/mt5-base", "source_dim": 768, "target_dim": 512, "test_results": {"bleu": 0.24, "bleu1": 19.05, "bleu2": 1.12, "bleu3": 0.02, "bleu4": 0.01, "rougeL": 0.1413, "rouge1": 0.1673, "rouge2": 0.0125, "exact_match": 0.0}, "loss": {"X_Y_COS": 1.0, "X_Y_MSEloss": 5.502804700623087e-13, "X_Y_test_COS": 0.9281595945358276, "X_Y_test_MSEloss": 0.00027298281202092767, "X_Y_val_COS": 0.9285377264022827, "X_Y_val_MSEloss": 0.0002701737394090742}}