{"train_samples": 500, "test_samples": 200, "source_model": "sentence-transformers/all-MiniLM-L6-v2", "source_dim": 384, "target_dim": 512, "test_results": {"bleu": 0.18, "bleu1": 11.47, "bleu2": 0.29, "bleu3": 0.07, "bleu4": 0.04, "rougeL": 0.0281, "rouge1": 0.0294, "rouge2": 0.0014, "exact_match": 0.0}, "loss": {"X_Y_COS": 0.9778353571891785, "X_Y_MSEloss": 0.00026784386136569083, "X_Y_test_COS": 0.5180004835128784, "X_Y_test_MSEloss": 0.006037722807377577, "X_Y_val_COS": 0.5665566325187683, "X_Y_val_MSEloss": 0.005517328158020973}}