{"train_samples": 500, "test_samples": 200, "source_model": "sentence-transformers/all-MiniLM-L6-v2", "source_dim": 384, "target_dim": 512, "test_results": {"bleu": 0.13, "bleu1": 11.59, "bleu2": 0.32, "bleu3": 0.03, "bleu4": 0.02, "rougeL": 0.0271, "rouge1": 0.0298, "rouge2": 0.001, "exact_match": 0.0}, "loss": {"X_Y_COS": 0.9774395227432251, "X_Y_MSEloss": 0.00011684143828460947, "X_Y_test_COS": 0.5105428099632263, "X_Y_test_MSEloss": 0.0024286636617034674, "X_Y_val_COS": 0.5544680953025818, "X_Y_val_MSEloss": 0.0023044757544994354}}