{"epoch": 0, "dev_acc": 35.5, "test_acc": 31.5, "test_f1": 30.930000000000003, "test_roc": 50.36000000000001}