{"train_samples": 5, "test_samples": 200, "source_model": "google-t5/t5-base", "source_dim": 768, "target_dim": 512, "test_results": {"bleu": 0.16, "bleu1": 20.06, "bleu2": 0.58, "bleu3": 0.02, "bleu4": 0.01, "rougeL": 0.1052, "rouge1": 0.1358, "rouge2": 0.0042, "exact_match": 0.0}, "loss": {"X_Y_COS": 1.0, "X_Y_MSEloss": 4.315335610635733e-16, "X_Y_test_COS": 0.8239054679870605, "X_Y_test_MSEloss": 0.0006257612258195877, "X_Y_val_COS": 0.8257807493209839, "X_Y_val_MSEloss": 0.0006202838267199695}}