{"train_samples": 1000, "test_samples": 200, "source_model": "google/mt5-base", "source_dim": 768, "target_dim": 512, "test_results": {"bleu": 30.03, "bleu1": 49.61, "bleu2": 31.0, "bleu3": 26.06, "bleu4": 23.42, "rougeL": 0.4335, "rouge1": 0.4847, "rouge2": 0.3125, "exact_match": 0.0}, "loss": {"X_Y_COS": 0.9687291979789734, "X_Y_MSEloss": 0.0001217186072608456, "X_Y_test_COS": 0.9369881749153137, "X_Y_test_MSEloss": 0.00024187506642192602, "X_Y_val_COS": 0.9346499443054199, "X_Y_val_MSEloss": 0.00025089349946938455}}