{"train_samples": 3000, "test_samples": 200, "source_model": "sentence-transformers/gtr-t5-base", "source_dim": 768, "target_dim": 512, "test_results": {"bleu": 29.7, "bleu1": 48.54, "bleu2": 29.9, "bleu3": 25.41, "bleu4": 23.01, "rougeL": 0.4306, "rouge1": 0.492, "rouge2": 0.3128, "exact_match": 0.0}, "loss": {"X_Y_COS": 0.9609740376472473, "X_Y_MSEloss": 0.00015094740956556052, "X_Y_test_COS": 0.9370632767677307, "X_Y_test_MSEloss": 0.00024283271341118962, "X_Y_val_COS": 0.9324622750282288, "X_Y_val_MSEloss": 0.00025878753513097763}}