{"train_samples": 20, "test_samples": 200, "source_model": "intfloat/multilingual-e5-base", "source_dim": 768, "target_dim": 512, "test_results": {"bleu": 0.17, "bleu1": 16.26, "bleu2": 0.54, "bleu3": 0.02, "bleu4": 0.01, "rougeL": 0.0952, "rouge1": 0.1145, "rouge2": 0.0025, "exact_match": 0.0}, "loss": {"X_Y_COS": 1.0, "X_Y_MSEloss": 2.9748362925579794e-14, "X_Y_test_COS": 0.9124140739440918, "X_Y_test_MSEloss": 0.00032748861121945083, "X_Y_val_COS": 0.9132782816886902, "X_Y_val_MSEloss": 0.00032450223807245493}}