{"train_samples": 1000, "test_samples": 200, "source_model": "intfloat/multilingual-e5-base", "source_dim": 768, "target_dim": 512, "test_results": {"bleu": 0.11, "bleu1": 10.2, "bleu2": 0.04, "bleu3": 0.02, "bleu4": 0.01, "rougeL": 0.0097, "rouge1": 0.0097, "rouge2": 0.0, "exact_match": 0.0}, "loss": {"X_Y_COS": 0.9599689245223999, "X_Y_MSEloss": 0.00015385709411930293, "X_Y_test_COS": 0.9102128148078918, "X_Y_test_MSEloss": 0.00034097651951014996, "X_Y_val_COS": 0.9094791412353516, "X_Y_val_MSEloss": 0.00034380776924081147}}