{"train_samples": 1, "test_samples": 200, "source_model": "text-embedding-3-large", "source_dim": 3072, "target_dim": 512, "test_results": {"bleu": 0.15, "bleu1": 16.11, "bleu2": 0.91, "bleu3": 0.01, "bleu4": 0.01, "rougeL": 0.0637, "rouge1": 0.067, "rouge2": 0.0099, "exact_match": 0.0}, "loss": {"X_Y_COS": 1.0, "X_Y_MSEloss": 1.1097477597324081e-16, "X_Y_test_COS": 0.6951373219490051, "X_Y_test_MSEloss": 0.0017527666641399264, "X_Y_val_COS": 0.7136449813842773, "X_Y_val_MSEloss": 0.0017543823923915625}}