{"train_samples": 1, "test_samples": 200, "source_model": "sentence-transformers/all-MiniLM-L6-v2", "source_dim": 384, "target_dim": 512, "test_results": {"bleu": 0.21, "bleu1": 13.45, "bleu2": 0.21, "bleu3": 0.04, "bleu4": 0.02, "rougeL": 0.0577, "rouge1": 0.0633, "rouge2": 0.0, "exact_match": 0.0}, "loss": {"X_Y_COS": 0.9999999403953552, "X_Y_MSEloss": 1.5863225624640248e-15, "X_Y_test_COS": 0.8993568420410156, "X_Y_test_MSEloss": 0.0021041235886514187, "X_Y_val_COS": 0.9101601243019104, "X_Y_val_MSEloss": 0.0021012432407587767}}