{"train_samples": 5, "test_samples": 200, "source_model": "google/flan-t5-base", "source_dim": 768, "target_dim": 512, "test_results": {"bleu": 0.1, "bleu1": 14.47, "bleu2": 0.19, "bleu3": 0.01, "bleu4": 0.01, "rougeL": 0.0424, "rouge1": 0.046, "rouge2": 0.0006, "exact_match": 0.0}, "loss": {"X_Y_COS": 1.0, "X_Y_MSEloss": 2.6792948415454987e-10, "X_Y_test_COS": 0.8934596180915833, "X_Y_test_MSEloss": 0.0010426442604511976, "X_Y_val_COS": 0.8972703218460083, "X_Y_val_MSEloss": 0.0010357078863307834}}