{"train_samples": 5, "test_samples": 200, "source_model": "google/flan-t5-base", "source_dim": 768, "target_dim": 512, "test_results": {"bleu": 0.1, "bleu1": 15.2, "bleu2": 0.22, "bleu3": 0.01, "bleu4": 0.01, "rougeL": 0.0591, "rouge1": 0.0641, "rouge2": 0.0017, "exact_match": 0.0}, "loss": {"X_Y_COS": 1.0, "X_Y_MSEloss": 6.637724457368265e-16, "X_Y_test_COS": 0.8643903732299805, "X_Y_test_MSEloss": 0.000922774663195014, "X_Y_val_COS": 0.8680160045623779, "X_Y_val_MSEloss": 0.000895484525244683}}