{"train_samples": 1000, "test_samples": 200, "source_model": "intfloat/multilingual-e5-base", "source_dim": 768, "target_dim": 512, "test_results": {"bleu": 0.11, "bleu1": 10.29, "bleu2": 0.15, "bleu3": 0.01, "bleu4": 0.01, "rougeL": 0.0151, "rouge1": 0.0151, "rouge2": 0.0, "exact_match": 0.0}, "loss": {"X_Y_COS": 0.9619941115379333, "X_Y_MSEloss": 0.00014611691585741937, "X_Y_test_COS": 0.9149818420410156, "X_Y_test_MSEloss": 0.00032349355751648545, "X_Y_val_COS": 0.9133574366569519, "X_Y_val_MSEloss": 0.00032917651697061956}}