{"train_samples": 1, "test_samples": 200, "source_model": "sentence-transformers/gtr-t5-base", "source_dim": 768, "target_dim": 512, "test_results": {"bleu": 0.13, "bleu1": 12.74, "bleu2": 0.06, "bleu3": 0.03, "bleu4": 0.02, "rougeL": 0.0223, "rouge1": 0.0223, "rouge2": 0.0, "exact_match": 0.0}, "loss": {"X_Y_COS": 0.9999999403953552, "X_Y_MSEloss": 3.636835220709845e-16, "X_Y_test_COS": 0.7963550686836243, "X_Y_test_MSEloss": 0.0013945263344794512, "X_Y_val_COS": 0.7957112193107605, "X_Y_val_MSEloss": 0.0013977002818137407}}