{"train_samples": 20, "test_samples": 200, "source_model": "google/flan-t5-base", "source_dim": 768, "target_dim": 512, "test_results": {"bleu": 0.99, "bleu1": 17.06, "bleu2": 1.29, "bleu3": 0.34, "bleu4": 0.13, "rougeL": 0.1134, "rouge1": 0.1491, "rouge2": 0.0117, "exact_match": 0.0}, "loss": {"X_Y_COS": 1.0, "X_Y_MSEloss": 1.30749985677688e-15, "X_Y_test_COS": 0.9129890203475952, "X_Y_test_MSEloss": 0.00033136672573164105, "X_Y_val_COS": 0.913439154624939, "X_Y_val_MSEloss": 0.0003312023764010519}}