{"train_samples": 1000, "test_samples": 200, "source_model": "google/mt5-base", "source_dim": 768, "target_dim": 512, "test_results": {"bleu": 0.18, "bleu1": 9.74, "bleu2": 0.23, "bleu3": 0.03, "bleu4": 0.02, "rougeL": 0.0625, "rouge1": 0.072, "rouge2": 0.0021, "exact_match": 0.0}, "loss": {"X_Y_COS": 0.8934464454650879, "X_Y_MSEloss": 0.00046138797188177705, "X_Y_test_COS": -0.02020876109600067, "X_Y_test_MSEloss": 0.008389138616621494, "X_Y_val_COS": 0.018302161246538162, "X_Y_val_MSEloss": 0.008395799435675144}}