{"train_samples": 30, "test_samples": 200, "source_model": "text-embedding-ada-002", "source_dim": 1536, "target_dim": 512, "test_results": {"bleu": 0.49, "bleu1": 20.18, "bleu2": 1.34, "bleu3": 0.12, "bleu4": 0.03, "rougeL": 0.1262, "rouge1": 0.162, "rouge2": 0.0137, "exact_match": 0.0}, "loss": {"X_Y_COS": 1.0, "X_Y_MSEloss": 1.4781222984960526e-14, "X_Y_test_COS": 0.8959385752677917, "X_Y_test_MSEloss": 0.00038612596108578146, "X_Y_val_COS": 0.8985652923583984, "X_Y_val_MSEloss": 0.00037733829231001437}}