{"train_samples": 5, "test_samples": 200, "source_model": "google/mt5-base", "source_dim": 768, "target_dim": 512, "test_results": {"bleu": 0.29, "bleu1": 15.64, "bleu2": 0.73, "bleu3": 0.06, "bleu4": 0.01, "rougeL": 0.1246, "rouge1": 0.1547, "rouge2": 0.0151, "exact_match": 0.0}, "loss": {"X_Y_COS": 1.0, "X_Y_MSEloss": 4.266197641178735e-16, "X_Y_test_COS": 0.9046121835708618, "X_Y_test_MSEloss": 0.0003693634062074125, "X_Y_val_COS": 0.9031566381454468, "X_Y_val_MSEloss": 0.0003744729037862271}}