{"train_samples": 100, "test_samples": 200, "source_model": "sentence-transformers/gtr-t5-base", "source_dim": 768, "target_dim": 512, "test_results": {"bleu": 1.25, "bleu1": 20.15, "bleu2": 2.22, "bleu3": 0.5, "bleu4": 0.18, "rougeL": 0.1431, "rouge1": 0.1833, "rouge2": 0.03, "exact_match": 0.0}, "loss": {"X_Y_COS": 1.0, "X_Y_MSEloss": 2.2833132953814506e-12, "X_Y_test_COS": 0.8708047866821289, "X_Y_test_MSEloss": 0.0004837990563828498, "X_Y_val_COS": 0.8731460571289062, "X_Y_val_MSEloss": 0.00047375247231684625}}