{"cosine_similarities": {"X_Y_COS": 0.7242046594619751, "X_Y_test_COS": 0.47808459401130676, "X_Y_COS_LOSS": 0.2757953107357025, "X_Y_MSE_LOSS": 0.046340569853782654, "X_Y_test_COS_LOSS": 0.5219153761863708, "X_Y_test_MSE_LOSS": 0.08584880828857422}, "rouge_results": {"X_vs_gold": {"rouge1_f": 0.033818951218380695, "rouge2_f": 0.0029572952665602977, "rougeL_f": 0.029203943923183394}, "Y_vs_gold": {"rouge1_f": 0.0016609147248746803, "rouge2_f": 0.0, "rougeL_f": 0.0016609147248746803}, "X_vs_Y": {"rouge1_f": 0.5079524611011429, "rouge2_f": 0.401888720651903, "rougeL_f": 0.5071905563392382}}}