{"train_samples": 50, "test_samples": 200, "source_model": "google-bert/bert-base-multilingual-cased", "source_dim": 768, "target_dim": 512, "test_results": {"bleu": 0.12, "bleu1": 12.34, "bleu2": 0.2, "bleu3": 0.02, "bleu4": 0.01, "rougeL": 0.0129, "rouge1": 0.0143, "rouge2": 0.0, "exact_match": 0.0}, "loss": {"X_Y_COS": 1.0, "X_Y_MSEloss": 9.277572200067086e-13, "X_Y_test_COS": 0.8819717168807983, "X_Y_test_MSEloss": 0.0006751591572538018, "X_Y_val_COS": 0.885015606880188, "X_Y_val_MSEloss": 0.0006847393233329058}}