{"train_samples": 500, "test_samples": 200, "source_model": "google/flan-t5-base", "source_dim": 768, "target_dim": 512, "test_results": {"bleu": 1.14, "bleu1": 22.68, "bleu2": 2.35, "bleu3": 0.4, "bleu4": 0.13, "rougeL": 0.1366, "rouge1": 0.178, "rouge2": 0.0232, "exact_match": 0.0}, "loss": {"X_Y_COS": 0.9938105344772339, "X_Y_MSEloss": 4.712177178589627e-05, "X_Y_test_COS": 0.8876718282699585, "X_Y_test_MSEloss": 0.00087314925622195, "X_Y_val_COS": 0.8954386115074158, "X_Y_val_MSEloss": 0.0008257633307948709}}