{"train_samples": 1000, "test_samples": 200, "source_model": "sentence-transformers/gtr-t5-base", "source_dim": 768, "target_dim": 512, "test_results": {"bleu": 0.25, "bleu1": 10.13, "bleu2": 0.41, "bleu3": 0.06, "bleu4": 0.02, "rougeL": 0.0643, "rouge1": 0.0719, "rouge2": 0.0023, "exact_match": 0.0}, "loss": {"X_Y_COS": 0.9091626405715942, "X_Y_MSEloss": 0.0004223268770147115, "X_Y_test_COS": 0.05391615629196167, "X_Y_test_MSEloss": 0.007615098264068365, "X_Y_val_COS": -0.056590184569358826, "X_Y_val_MSEloss": 0.009279968217015266}}