{"train_samples": 100, "test_samples": 200, "source_model": "google-bert/bert-base-multilingual-cased", "source_dim": 768, "target_dim": 512, "test_results": {"bleu": 0.29, "bleu1": 20.68, "bleu2": 1.13, "bleu3": 0.03, "bleu4": 0.02, "rougeL": 0.1286, "rouge1": 0.1572, "rouge2": 0.0104, "exact_match": 0.0}, "loss": {"X_Y_COS": 1.0, "X_Y_MSEloss": 7.993140871409565e-11, "X_Y_test_COS": 0.8612974286079407, "X_Y_test_MSEloss": 0.0005266772350296378, "X_Y_val_COS": 0.862868070602417, "X_Y_val_MSEloss": 0.0005210007075220346}}