{"train_samples": 1, "test_samples": 200, "source_model": "intfloat/multilingual-e5-base", "source_dim": 768, "target_dim": 512, "test_results": {"bleu": 0.11, "bleu1": 6.13, "bleu2": 0.57, "bleu3": 0.01, "bleu4": 0.0, "rougeL": 0.0749, "rouge1": 0.0749, "rouge2": 0.0067, "exact_match": 0.0}, "loss": {"X_Y_COS": 1.0, "X_Y_MSEloss": 8.96680327619733e-18, "X_Y_test_COS": 0.8369579911231995, "X_Y_test_MSEloss": 0.0014873527688905597, "X_Y_val_COS": 0.8399034142494202, "X_Y_val_MSEloss": 0.0014557940885424614}}