{"train_samples": 1000, "test_samples": 200, "source_model": "text-embedding-ada-002", "source_dim": 1536, "target_dim": 512, "test_results": {"bleu": 0.38, "bleu1": 14.83, "bleu2": 1.47, "bleu3": 0.08, "bleu4": 0.01, "rougeL": 0.0999, "rouge1": 0.1141, "rouge2": 0.0114, "exact_match": 0.0}, "loss": {"X_Y_COS": 1.0, "X_Y_MSEloss": 4.234198928976252e-12, "X_Y_test_COS": -0.0441579669713974, "X_Y_test_MSEloss": 0.005409117788076401, "X_Y_val_COS": -0.10060065239667892, "X_Y_val_MSEloss": 0.0061704134568572044}}