{"train_samples": 20, "test_samples": 200, "source_model": "sentence-transformers/all-MiniLM-L6-v2", "source_dim": 384, "target_dim": 512, "test_results": {"bleu": 0.27, "bleu1": 17.62, "bleu2": 0.61, "bleu3": 0.05, "bleu4": 0.01, "rougeL": 0.0863, "rouge1": 0.109, "rouge2": 0.0069, "exact_match": 0.0}, "loss": {"X_Y_COS": 1.0, "X_Y_MSEloss": 5.199599096993208e-16, "X_Y_test_COS": 0.4336138963699341, "X_Y_test_MSEloss": 0.001498835044912994, "X_Y_val_COS": 0.46434691548347473, "X_Y_val_MSEloss": 0.0014566919999197125}}