{"train_samples": 50, "test_samples": 200, "source_model": "google-t5/t5-base", "source_dim": 768, "target_dim": 512, "test_results": {"bleu": 0.04, "bleu1": 11.79, "bleu2": 0.02, "bleu3": 0.01, "bleu4": 0.0, "rougeL": 0.0078, "rouge1": 0.0081, "rouge2": 0.0, "exact_match": 0.0}, "loss": {"X_Y_COS": 1.0, "X_Y_MSEloss": 1.821967706913674e-12, "X_Y_test_COS": 0.835582971572876, "X_Y_test_MSEloss": 0.0005937932874076068, "X_Y_val_COS": 0.8313227891921997, "X_Y_val_MSEloss": 0.0006089666858315468}}