{"train_samples": 30, "test_samples": 200, "source_model": "sentence-transformers/gtr-t5-base", "source_dim": 768, "target_dim": 512, "test_results": {"bleu": 0.2, "bleu1": 18.67, "bleu2": 0.69, "bleu3": 0.03, "bleu4": 0.01, "rougeL": 0.0892, "rouge1": 0.0997, "rouge2": 0.0039, "exact_match": 0.0}, "loss": {"X_Y_COS": 1.0, "X_Y_MSEloss": 2.9523754775439897e-15, "X_Y_test_COS": 0.8987357020378113, "X_Y_test_MSEloss": 0.00038118381053209305, "X_Y_val_COS": 0.9046854376792908, "X_Y_val_MSEloss": 0.00036036400706507266}}