{"train_samples": 3, "test_samples": 200, "source_model": "text-embedding-3-large", "source_dim": 3072, "target_dim": 512, "test_results": {"bleu": 0.07, "bleu1": 8.62, "bleu2": 0.03, "bleu3": 0.01, "bleu4": 0.01, "rougeL": 0.109, "rouge1": 0.1125, "rouge2": 0.004, "exact_match": 0.0}, "loss": {"X_Y_COS": 1.0, "X_Y_MSEloss": 9.41168152370754e-17, "X_Y_test_COS": 0.7736669182777405, "X_Y_test_MSEloss": 0.0009855633834376931, "X_Y_val_COS": 0.7743577361106873, "X_Y_val_MSEloss": 0.0009848669869825244}}