{"train_samples": 30, "test_samples": 200, "source_model": "text-embedding-ada-002", "source_dim": 1536, "target_dim": 512, "test_results": {"bleu": 0.81, "bleu1": 19.99, "bleu2": 1.44, "bleu3": 0.22, "bleu4": 0.07, "rougeL": 0.127, "rouge1": 0.166, "rouge2": 0.0144, "exact_match": 0.0}, "loss": {"X_Y_COS": 1.0, "X_Y_MSEloss": 2.4692272491554264e-14, "X_Y_test_COS": 0.8487886786460876, "X_Y_test_MSEloss": 0.0005462745320983231, "X_Y_val_COS": 0.8494936227798462, "X_Y_val_MSEloss": 0.000544284819625318}}