{"train_samples": 50, "test_samples": 200, "source_model": "text-embedding-3-large", "source_dim": 3072, "target_dim": 512, "test_results": {"bleu": 0.04, "bleu1": 9.27, "bleu2": 0.02, "bleu3": 0.01, "bleu4": 0.01, "rougeL": 0.0118, "rouge1": 0.0121, "rouge2": 0.0, "exact_match": 0.0}, "loss": {"X_Y_COS": 1.0, "X_Y_MSEloss": 3.2739324777277716e-15, "X_Y_test_COS": 0.8809016346931458, "X_Y_test_MSEloss": 0.00044882181100547314, "X_Y_val_COS": 0.8796704411506653, "X_Y_val_MSEloss": 0.000455751403933391}}