{"train_samples": 5, "test_samples": 200, "source_model": "google/mt5-base", "source_dim": 768, "target_dim": 512, "test_results": {"bleu": 0.19, "bleu1": 15.33, "bleu2": 0.41, "bleu3": 0.03, "bleu4": 0.01, "rougeL": 0.0547, "rouge1": 0.0639, "rouge2": 0.0027, "exact_match": 0.0}, "loss": {"X_Y_COS": 1.0, "X_Y_MSEloss": 2.1705737207611264e-10, "X_Y_test_COS": 0.8426311016082764, "X_Y_test_MSEloss": 0.001425994443707168, "X_Y_val_COS": 0.8487958312034607, "X_Y_val_MSEloss": 0.0013857318554073572}}