{"train_samples": 50, "test_samples": 200, "source_model": "sentence-transformers/gtr-t5-base", "source_dim": 768, "target_dim": 512, "test_results": {"bleu": 0.08, "bleu1": 9.48, "bleu2": 0.03, "bleu3": 0.02, "bleu4": 0.01, "rougeL": 0.0455, "rouge1": 0.0516, "rouge2": 0.0005, "exact_match": 0.0}, "loss": {"X_Y_COS": 1.0, "X_Y_MSEloss": 5.116847090892544e-14, "X_Y_test_COS": 0.8445159792900085, "X_Y_test_MSEloss": 0.0005687437951564789, "X_Y_val_COS": 0.8408706188201904, "X_Y_val_MSEloss": 0.000579178100451827}}