{"train_samples": 6000, "test_samples": 200, "source_model": "google-bert/bert-base-multilingual-cased", "source_dim": 768, "target_dim": 512, "test_results": {"bleu": 2.6, "bleu1": 30.3, "bleu2": 5.08, "bleu3": 1.17, "bleu4": 0.32, "rougeL": 0.1993, "rouge1": 0.2808, "rouge2": 0.0543, "exact_match": 0.0}, "loss": {"X_Y_COS": 0.9417493343353271, "X_Y_MSEloss": 0.00022206606809049845, "X_Y_test_COS": 0.9306835532188416, "X_Y_test_MSEloss": 0.000263042253209278, "X_Y_val_COS": 0.9274389147758484, "X_Y_val_MSEloss": 0.00027543047326616943}}