{"train_samples": 100, "test_samples": 200, "source_model": "sentence-transformers/all-MiniLM-L6-v2", "source_dim": 384, "target_dim": 512, "test_results": {"bleu": 0.14, "bleu1": 11.83, "bleu2": 0.34, "bleu3": 0.02, "bleu4": 0.01, "rougeL": 0.092, "rouge1": 0.115, "rouge2": 0.0046, "exact_match": 0.0}, "loss": {"X_Y_COS": 1.0, "X_Y_MSEloss": 1.4473960224803406e-12, "X_Y_test_COS": 0.8586152195930481, "X_Y_test_MSEloss": 0.0005587327177636325, "X_Y_val_COS": 0.8629670739173889, "X_Y_val_MSEloss": 0.0005472006741911173}}