{"train_samples": 500, "test_samples": 200, "source_model": "sentence-transformers/gtr-t5-base", "source_dim": 768, "target_dim": 512, "test_results": {"bleu": 0.12, "bleu1": 9.48, "bleu2": 0.18, "bleu3": 0.02, "bleu4": 0.01, "rougeL": 0.0932, "rouge1": 0.1094, "rouge2": 0.001, "exact_match": 0.0}, "loss": {"X_Y_COS": 0.9712839126586914, "X_Y_MSEloss": 0.00011077620729338378, "X_Y_test_COS": 0.8713561296463013, "X_Y_test_MSEloss": 0.0005059774848632514, "X_Y_val_COS": 0.8739933371543884, "X_Y_val_MSEloss": 0.000497097906190902}}