{"train_samples": 1000, "test_samples": 200, "source_model": "random", "source_dim": 768, "target_dim": 512, "test_results": {"bleu": 0.28, "bleu1": 15.8, "bleu2": 1.29, "bleu3": 0.03, "bleu4": 0.01, "rougeL": 0.1148, "rouge1": 0.1283, "rouge2": 0.0081, "exact_match": 0.0}, "loss": {"X_Y_COS": 0.8950002789497375, "X_Y_MSEloss": 0.00047645525773987174, "X_Y_test_COS": -0.10289078205823898, "X_Y_test_MSEloss": 0.009835466742515564, "X_Y_val_COS": -0.015199040062725544, "X_Y_val_MSEloss": 0.00884364265948534}}