{"train_samples": 7000, "test_samples": 200, "source_model": "sentence-transformers/gtr-t5-base", "source_dim": 768, "target_dim": 512, "test_results": {"bleu": 3.46, "bleu1": 30.2, "bleu2": 5.56, "bleu3": 1.6, "bleu4": 0.62, "rougeL": 0.2126, "rouge1": 0.2972, "rouge2": 0.0663, "exact_match": 0.0}, "loss": {"X_Y_COS": 0.9463299512863159, "X_Y_MSEloss": 0.00020575724192894995, "X_Y_test_COS": 0.9289230108261108, "X_Y_test_MSEloss": 0.0002704952494241297, "X_Y_val_COS": 0.9325081706047058, "X_Y_val_MSEloss": 0.00025714965886436403}}