{"train_samples": 500, "test_samples": 200, "source_model": "google/flan-t5-base", "source_dim": 768, "target_dim": 512, "test_results": {"bleu": 0.14, "bleu1": 13.07, "bleu2": 0.22, "bleu3": 0.02, "bleu4": 0.01, "rougeL": 0.0541, "rouge1": 0.0599, "rouge2": 0.0012, "exact_match": 0.0}, "loss": {"X_Y_COS": 0.9856234788894653, "X_Y_MSEloss": 0.000110152832348831, "X_Y_test_COS": 0.8665687441825867, "X_Y_test_MSEloss": 0.0010124525288119912, "X_Y_val_COS": 0.8610769510269165, "X_Y_val_MSEloss": 0.0010764289181679487}}