{"train_samples": 50, "test_samples": 200, "source_model": "intfloat/multilingual-e5-base", "source_dim": 768, "target_dim": 512, "test_results": {"bleu": 0.11, "bleu1": 9.04, "bleu2": 0.11, "bleu3": 0.02, "bleu4": 0.01, "rougeL": 0.0834, "rouge1": 0.0966, "rouge2": 0.0005, "exact_match": 0.0}, "loss": {"X_Y_COS": 1.0, "X_Y_MSEloss": 9.909093511006883e-12, "X_Y_test_COS": 0.8109828233718872, "X_Y_test_MSEloss": 0.0006726791034452617, "X_Y_val_COS": 0.8080706596374512, "X_Y_val_MSEloss": 0.0006821880815550685}}