{"train_samples": 20, "test_samples": 200, "source_model": "sentence-transformers/all-MiniLM-L6-v2", "source_dim": 384, "target_dim": 512, "test_results": {"bleu": 0.15, "bleu1": 16.2, "bleu2": 0.38, "bleu3": 0.02, "bleu4": 0.01, "rougeL": 0.0926, "rouge1": 0.1128, "rouge2": 0.0018, "exact_match": 0.0}, "loss": {"X_Y_COS": 1.0, "X_Y_MSEloss": 3.822389434508924e-16, "X_Y_test_COS": 0.9007658958435059, "X_Y_test_MSEloss": 0.00041970761958509684, "X_Y_val_COS": 0.9051182866096497, "X_Y_val_MSEloss": 0.0003987689851783216}}