{"train_samples": 40, "test_samples": 200, "source_model": "google-bert/bert-base-multilingual-cased", "source_dim": 768, "target_dim": 512, "test_results": {"bleu": 0.67, "bleu1": 17.38, "bleu2": 1.14, "bleu3": 0.15, "bleu4": 0.07, "rougeL": 0.1144, "rouge1": 0.1454, "rouge2": 0.0117, "exact_match": 0.0}, "loss": {"X_Y_COS": 1.0, "X_Y_MSEloss": 7.886226563544752e-15, "X_Y_test_COS": 0.8882983326911926, "X_Y_test_MSEloss": 0.000828361080493778, "X_Y_val_COS": 0.8859835863113403, "X_Y_val_MSEloss": 0.0008685619104653597}}