{"train_samples": 5, "test_samples": 200, "source_model": "google/flan-t5-base", "source_dim": 768, "target_dim": 512, "test_results": {"bleu": 0.08, "bleu1": 8.18, "bleu2": 0.03, "bleu3": 0.02, "bleu4": 0.01, "rougeL": 0.068, "rouge1": 0.0786, "rouge2": 0.0008, "exact_match": 0.0}, "loss": {"X_Y_COS": 1.0, "X_Y_MSEloss": 8.969208585069737e-16, "X_Y_test_COS": 0.8880301713943481, "X_Y_test_MSEloss": 0.00041445091483183205, "X_Y_val_COS": 0.8873174786567688, "X_Y_val_MSEloss": 0.0004167360602878034}}