{"train_samples": 3, "test_samples": 200, "source_model": "random", "source_dim": 768, "target_dim": 512, "test_results": {"bleu": 0.19, "bleu1": 15.18, "bleu2": 1.23, "bleu3": 0.01, "bleu4": 0.01, "rougeL": 0.1375, "rouge1": 0.153, "rouge2": 0.0085, "exact_match": 0.0}, "loss": {"X_Y_COS": 1.0, "X_Y_MSEloss": 3.5335829632307297e-16, "X_Y_test_COS": 0.026894690468907356, "X_Y_test_MSEloss": 0.0019626684952527285, "X_Y_val_COS": 0.00433970196172595, "X_Y_val_MSEloss": 0.001964968629181385}}