{"train_samples": 10, "test_samples": 200, "source_model": "google-bert/bert-base-multilingual-cased", "source_dim": 768, "target_dim": 512, "test_results": {"bleu": 0.5, "bleu1": 17.6, "bleu2": 1.09, "bleu3": 0.12, "bleu4": 0.06, "rougeL": 0.075, "rouge1": 0.0814, "rouge2": 0.0042, "exact_match": 0.0}, "loss": {"X_Y_COS": 1.0, "X_Y_MSEloss": 4.049898248976693e-16, "X_Y_test_COS": 0.8812054395675659, "X_Y_test_MSEloss": 0.00044376522419042885, "X_Y_val_COS": 0.8765453100204468, "X_Y_val_MSEloss": 0.00046043007750995457}}