{"train_samples": 3, "test_samples": 200, "source_model": "text-embedding-ada-002", "source_dim": 1536, "target_dim": 512, "test_results": {"bleu": 0.03, "bleu1": 9.07, "bleu2": 0.1, "bleu3": 0.05, "bleu4": 0.03, "rougeL": 0.0005, "rouge1": 0.0005, "rouge2": 0.0, "exact_match": 0.0}, "loss": {"X_Y_COS": 1.0, "X_Y_MSEloss": 6.383773921265178e-16, "X_Y_test_COS": 0.816324770450592, "X_Y_test_MSEloss": 0.0006509307422675192, "X_Y_val_COS": 0.8184954524040222, "X_Y_val_MSEloss": 0.0006439224234782159}}