{"train_samples": 30, "test_samples": 200, "source_model": "text-embedding-ada-002", "source_dim": 1536, "target_dim": 512, "test_results": {"bleu": 10.55, "bleu1": 26.67, "bleu2": 9.46, "bleu3": 8.2, "bleu4": 7.59, "rougeL": 0.1948, "rouge1": 0.2316, "rouge2": 0.0898, "exact_match": 0.0}, "loss": {"X_Y_COS": 0.9933327436447144, "X_Y_MSEloss": 2.922778730862774e-05, "X_Y_test_COS": 0.9108713865280151, "X_Y_test_MSEloss": 0.00033235244336538017, "X_Y_val_COS": 0.9122306704521179, "X_Y_val_MSEloss": 0.00032807968091219664, "reg_lambda": 0.1}}