{"train_samples": 3, "test_samples": 200, "source_model": "random", "source_dim": 768, "target_dim": 512, "test_results": {"bleu": 0.18, "bleu1": 14.24, "bleu2": 1.16, "bleu3": 0.01, "bleu4": 0.01, "rougeL": 0.136, "rouge1": 0.1526, "rouge2": 0.0088, "exact_match": 0.0}, "loss": {"X_Y_COS": 1.0, "X_Y_MSEloss": 4.1827646311763905e-16, "X_Y_test_COS": -0.06673774123191833, "X_Y_test_MSEloss": 0.0019762562587857246, "X_Y_val_COS": 0.004111072979867458, "X_Y_val_MSEloss": 0.0019485889934003353}}