{"train_samples": 1000, "test_samples": 200, "source_model": "random", "source_dim": 768, "target_dim": 512, "test_results": {"bleu": 0.25, "bleu1": 9.63, "bleu2": 0.39, "bleu3": 0.06, "bleu4": 0.02, "rougeL": 0.0608, "rouge1": 0.0662, "rouge2": 0.0027, "exact_match": 0.0}, "loss": {"X_Y_COS": 0.9017137289047241, "X_Y_MSEloss": 0.0004490577557589859, "X_Y_test_COS": -0.005170715972781181, "X_Y_test_MSEloss": 0.008009888231754303, "X_Y_val_COS": -0.026905812323093414, "X_Y_val_MSEloss": 0.009050345979630947}}