{"train_samples": 40, "test_samples": 200, "source_model": "google/flan-t5-base", "source_dim": 768, "target_dim": 512, "test_results": {"bleu": 0.2, "bleu1": 18.17, "bleu2": 0.84, "bleu3": 0.02, "bleu4": 0.01, "rougeL": 0.1309, "rouge1": 0.1671, "rouge2": 0.0082, "exact_match": 0.0}, "loss": {"X_Y_COS": 1.0, "X_Y_MSEloss": 1.4888266943076378e-13, "X_Y_test_COS": 0.9275361895561218, "X_Y_test_MSEloss": 0.0002769100829027593, "X_Y_val_COS": 0.9290294647216797, "X_Y_val_MSEloss": 0.0002708392858039588}}