{"train_samples": 1000, "test_samples": 200, "source_model": "google/flan-t5-base", "source_dim": 768, "target_dim": 512, "test_results": {"bleu": 1.07, "bleu1": 25.96, "bleu2": 2.5, "bleu3": 0.38, "bleu4": 0.08, "rougeL": 0.1444, "rouge1": 0.1894, "rouge2": 0.022, "exact_match": 0.0}, "loss": {"X_Y_COS": 0.973008394241333, "X_Y_MSEloss": 0.00010479979391675442, "X_Y_test_COS": 0.8898861408233643, "X_Y_test_MSEloss": 0.0004272747319191694, "X_Y_val_COS": 0.8945196270942688, "X_Y_val_MSEloss": 0.000411713175708428}}