{"train_samples": 1000, "test_samples": 200, "source_model": "text-embedding-ada-002", "source_dim": 1536, "target_dim": 512, "test_results": {"bleu": 0.38, "bleu1": 18.34, "bleu2": 0.99, "bleu3": 0.08, "bleu4": 0.04, "rougeL": 0.0982, "rouge1": 0.1184, "rouge2": 0.004, "exact_match": 0.0}, "loss": {"X_Y_COS": 0.963857114315033, "X_Y_MSEloss": 0.00013905923697166145, "X_Y_test_COS": 0.9249013066291809, "X_Y_test_MSEloss": 0.00028458001906983554, "X_Y_val_COS": 0.9233853816986084, "X_Y_val_MSEloss": 0.00029030817677266896}}