{"train_samples": 1000, "test_samples": 200, "source_model": "text-embedding-ada-002", "source_dim": 1536, "target_dim": 512, "test_results": {"bleu": 0.12, "bleu1": 12.12, "bleu2": 0.28, "bleu3": 0.02, "bleu4": 0.01, "rougeL": 0.0725, "rouge1": 0.0831, "rouge2": 0.0013, "exact_match": 0.0}, "loss": {"X_Y_COS": 0.9722822308540344, "X_Y_MSEloss": 0.00021863884467165917, "X_Y_test_COS": 0.8922372460365295, "X_Y_test_MSEloss": 0.000848667579703033, "X_Y_val_COS": 0.8965539932250977, "X_Y_val_MSEloss": 0.0008004753035493195}}