{"train_samples": 40, "test_samples": 200, "source_model": "intfloat/multilingual-e5-base", "source_dim": 768, "target_dim": 512, "test_results": {"bleu": 0.19, "bleu1": 11.13, "bleu2": 0.29, "bleu3": 0.04, "bleu4": 0.02, "rougeL": 0.0497, "rouge1": 0.0578, "rouge2": 0.003, "exact_match": 0.0}, "loss": {"X_Y_COS": 1.0, "X_Y_MSEloss": 4.718121577565633e-14, "X_Y_test_COS": 0.9066618084907532, "X_Y_test_MSEloss": 0.0006328007439151406, "X_Y_val_COS": 0.9016360640525818, "X_Y_val_MSEloss": 0.0006935097044333816}}