{"train_samples": 40, "test_samples": 200, "source_model": "intfloat/multilingual-e5-base", "source_dim": 768, "target_dim": 512, "test_results": {"bleu": 0.2, "bleu1": 11.9, "bleu2": 0.37, "bleu3": 0.04, "bleu4": 0.02, "rougeL": 0.046, "rouge1": 0.0536, "rouge2": 0.0036, "exact_match": 0.0}, "loss": {"X_Y_COS": 1.0, "X_Y_MSEloss": 9.58112820852175e-13, "X_Y_test_COS": 0.9167449474334717, "X_Y_test_MSEloss": 0.0003121441986877471, "X_Y_val_COS": 0.9162185192108154, "X_Y_val_MSEloss": 0.00031425050110556185}}