{"train_samples": 3, "test_samples": 200, "source_model": "sentence-transformers/all-MiniLM-L6-v2", "source_dim": 384, "target_dim": 512, "test_results": {"bleu": 0.04, "bleu1": 9.87, "bleu2": 0.02, "bleu3": 0.01, "bleu4": 0.01, "rougeL": 0.008, "rouge1": 0.0084, "rouge2": 0.0, "exact_match": 0.0}, "loss": {"X_Y_COS": 1.0, "X_Y_MSEloss": 2.878256865346127e-16, "X_Y_test_COS": 0.8582297563552856, "X_Y_test_MSEloss": 0.0009715177002362907, "X_Y_val_COS": 0.8529484272003174, "X_Y_val_MSEloss": 0.0010533429449424148}}