{"train_samples": 500, "test_samples": 200, "source_model": "google/flan-t5-base", "source_dim": 768, "target_dim": 512, "test_results": {"bleu": 0.89, "bleu1": 19.07, "bleu2": 1.67, "bleu3": 0.49, "bleu4": 0.24, "rougeL": 0.0733, "rouge1": 0.0837, "rouge2": 0.0087, "exact_match": 0.0}, "loss": {"X_Y_COS": 0.9917021989822388, "X_Y_MSEloss": 6.018481508363038e-05, "X_Y_test_COS": 0.9143510460853577, "X_Y_test_MSEloss": 0.000629264279268682, "X_Y_val_COS": 0.9140546917915344, "X_Y_val_MSEloss": 0.000633815536275506}}