{"train_samples": 50, "test_samples": 200, "source_model": "google-bert/bert-base-multilingual-cased", "source_dim": 768, "target_dim": 512, "test_results": {"bleu": 1.11, "bleu1": 16.07, "bleu2": 1.69, "bleu3": 0.57, "bleu4": 0.27, "rougeL": 0.0776, "rouge1": 0.089, "rouge2": 0.0105, "exact_match": 0.0}, "loss": {"X_Y_COS": 1.0, "X_Y_MSEloss": 2.2616982071899105e-12, "X_Y_test_COS": 0.8478579521179199, "X_Y_test_MSEloss": 0.0005537107936106622, "X_Y_val_COS": 0.8393182158470154, "X_Y_val_MSEloss": 0.0005837255157530308}}