{"train_samples": 1000, "test_samples": 200, "source_model": "random", "source_dim": 768, "target_dim": 512, "test_results": {"bleu": 0.26, "bleu1": 7.72, "bleu2": 0.28, "bleu3": 0.08, "bleu4": 0.03, "rougeL": 0.0496, "rouge1": 0.0558, "rouge2": 0.0037, "exact_match": 0.0}, "loss": {"X_Y_COS": 0.8968761563301086, "X_Y_MSEloss": 0.00044832887942902744, "X_Y_test_COS": 0.022626733407378197, "X_Y_test_MSEloss": 0.008484658785164356, "X_Y_val_COS": -0.00393239501863718, "X_Y_val_MSEloss": 0.008724816143512726}}