{"train_samples": 20, "test_samples": 200, "source_model": "sentence-transformers/all-MiniLM-L6-v2", "source_dim": 384, "target_dim": 512, "test_results": {"bleu": 0.21, "bleu1": 17.66, "bleu2": 0.63, "bleu3": 0.02, "bleu4": 0.01, "rougeL": 0.1018, "rouge1": 0.1147, "rouge2": 0.005, "exact_match": 0.0}, "loss": {"X_Y_COS": 1.0, "X_Y_MSEloss": 2.396195186715744e-10, "X_Y_test_COS": 0.9000610113143921, "X_Y_test_MSEloss": 0.0010371298994868994, "X_Y_val_COS": 0.904335618019104, "X_Y_val_MSEloss": 0.0010058078914880753}}