{"train_samples": 1000, "test_samples": 200, "source_model": "google-t5/t5-base", "source_dim": 768, "target_dim": 512, "test_results": {"bleu": 0.23, "bleu1": 10.53, "bleu2": 0.26, "bleu3": 0.06, "bleu4": 0.02, "rougeL": 0.0677, "rouge1": 0.0764, "rouge2": 0.0009, "exact_match": 0.0}, "loss": {"X_Y_COS": 0.9059577584266663, "X_Y_MSEloss": 0.0004452779539860785, "X_Y_test_COS": -0.08221305906772614, "X_Y_test_MSEloss": 0.01070045493543148, "X_Y_val_COS": -0.07309948652982712, "X_Y_val_MSEloss": 0.010157487355172634}}