{"train_samples": 40, "test_samples": 200, "source_model": "google-t5/t5-base", "source_dim": 768, "target_dim": 512, "test_results": {"bleu": 0.46, "bleu1": 15.02, "bleu2": 0.78, "bleu3": 0.19, "bleu4": 0.1, "rougeL": 0.0567, "rouge1": 0.0623, "rouge2": 0.0027, "exact_match": 0.0}, "loss": {"X_Y_COS": 1.0, "X_Y_MSEloss": 2.7699101345923793e-10, "X_Y_test_COS": 0.923887312412262, "X_Y_test_MSEloss": 0.0007645408040843904, "X_Y_val_COS": 0.9258210062980652, "X_Y_val_MSEloss": 0.0007527272100560367}}