{"train_samples": 40, "test_samples": 200, "source_model": "google-t5/t5-base", "source_dim": 768, "target_dim": 512, "test_results": {"bleu": 0.47, "bleu1": 16.83, "bleu2": 0.94, "bleu3": 0.16, "bleu4": 0.1, "rougeL": 0.0603, "rouge1": 0.0646, "rouge2": 0.004, "exact_match": 0.0}, "loss": {"X_Y_COS": 1.0, "X_Y_MSEloss": 4.8595503299555046e-14, "X_Y_test_COS": 0.8953565955162048, "X_Y_test_MSEloss": 0.0007103651878423989, "X_Y_val_COS": 0.8983719348907471, "X_Y_val_MSEloss": 0.0006824630545452237}}