{"train_samples": 100, "test_samples": 200, "source_model": "intfloat/multilingual-e5-base", "source_dim": 768, "target_dim": 512, "test_results": {"bleu": 1.25, "bleu1": 19.37, "bleu2": 2.22, "bleu3": 0.57, "bleu4": 0.21, "rougeL": 0.1407, "rouge1": 0.171, "rouge2": 0.0196, "exact_match": 0.0}, "loss": {"X_Y_COS": 1.0, "X_Y_MSEloss": 4.972353639942639e-09, "X_Y_test_COS": 0.9377505779266357, "X_Y_test_MSEloss": 0.0005401521921157837, "X_Y_val_COS": 0.9379739761352539, "X_Y_val_MSEloss": 0.0005730473203584552}}