{"train_samples": 1000, "test_samples": 200, "source_model": "text-embedding-ada-002", "source_dim": 1536, "target_dim": 512, "test_results": {"bleu": 0.14, "bleu1": 12.88, "bleu2": 0.34, "bleu3": 0.02, "bleu4": 0.01, "rougeL": 0.0844, "rouge1": 0.1047, "rouge2": 0.0041, "exact_match": 0.0}, "loss": {"X_Y_COS": 0.9540560841560364, "X_Y_MSEloss": 0.00034633674658834934, "X_Y_test_COS": 0.8134123086929321, "X_Y_test_MSEloss": 0.0014250295935198665, "X_Y_val_COS": 0.8192894458770752, "X_Y_val_MSEloss": 0.001361302682198584}}