{"train_samples": 10, "test_samples": 200, "source_model": "sentence-transformers/gtr-t5-base", "source_dim": 768, "target_dim": 512, "test_results": {"bleu": 9.87, "bleu1": 23.66, "bleu2": 8.52, "bleu3": 7.16, "bleu4": 6.56, "rougeL": 0.1777, "rouge1": 0.2077, "rouge2": 0.0811, "exact_match": 0.0}, "loss": {"X_Y_COS": 0.9996640086174011, "X_Y_MSEloss": 6.514785582112381e-06, "X_Y_test_COS": 0.9035806059837341, "X_Y_test_MSEloss": 0.0005446912255138159, "X_Y_val_COS": 0.9095160961151123, "X_Y_val_MSEloss": 0.0005226146895438433, "reg_lambda": 0.1}}