{"train_samples": 40, "test_samples": 200, "source_model": "google/flan-t5-base", "source_dim": 768, "target_dim": 512, "test_results": {"bleu": 0.21, "bleu1": 22.22, "bleu2": 1.09, "bleu3": 0.01, "bleu4": 0.01, "rougeL": 0.1375, "rouge1": 0.1715, "rouge2": 0.0094, "exact_match": 0.0}, "loss": {"X_Y_COS": 1.0, "X_Y_MSEloss": 2.4101589322401973e-13, "X_Y_test_COS": 0.8798325061798096, "X_Y_test_MSEloss": 0.00044290072401054204, "X_Y_val_COS": 0.885063886642456, "X_Y_val_MSEloss": 0.0004253632796462625}}