{"train_samples": 50, "test_samples": 200, "source_model": "google-t5/t5-base", "source_dim": 768, "target_dim": 512, "test_results": {"bleu": 0.2, "bleu1": 16.58, "bleu2": 1.03, "bleu3": 0.02, "bleu4": 0.01, "rougeL": 0.1279, "rouge1": 0.1716, "rouge2": 0.0101, "exact_match": 0.0}, "loss": {"X_Y_COS": 1.0, "X_Y_MSEloss": 4.3279338446389204e-10, "X_Y_test_COS": 0.9199672341346741, "X_Y_test_MSEloss": 0.0005394956097006798, "X_Y_val_COS": 0.9215684533119202, "X_Y_val_MSEloss": 0.0005146334297023714}}