{"train_samples": 500, "test_samples": 200, "source_model": "google/mt5-base", "source_dim": 768, "target_dim": 512, "test_results": {"bleu": 1.07, "bleu1": 20.04, "bleu2": 1.9, "bleu3": 0.46, "bleu4": 0.15, "rougeL": 0.0865, "rouge1": 0.0978, "rouge2": 0.0096, "exact_match": 0.0}, "loss": {"X_Y_COS": 0.9768872261047363, "X_Y_MSEloss": 9.006248728837818e-05, "X_Y_test_COS": 0.9139091372489929, "X_Y_test_MSEloss": 0.0003294431371614337, "X_Y_val_COS": 0.9148727059364319, "X_Y_val_MSEloss": 0.00032667978666722775}}