{"train_samples": 5, "test_samples": 200, "source_model": "sentence-transformers/all-MiniLM-L6-v2", "source_dim": 384, "target_dim": 512, "test_results": {"bleu": 0.07, "bleu1": 9.39, "bleu2": 0.04, "bleu3": 0.02, "bleu4": 0.01, "rougeL": 0.0051, "rouge1": 0.0051, "rouge2": 0.0, "exact_match": 0.0}, "loss": {"X_Y_COS": 1.0, "X_Y_MSEloss": 3.623020286558365e-12, "X_Y_test_COS": 0.9047567844390869, "X_Y_test_MSEloss": 0.0011641749879345298, "X_Y_val_COS": 0.8997092843055725, "X_Y_val_MSEloss": 0.0012849002378061414}}