{"train_samples": 1, "test_samples": 200, "source_model": "google/mt5-base", "source_dim": 768, "target_dim": 512, "test_results": {"bleu": 0.04, "bleu1": 3.93, "bleu2": 0.02, "bleu3": 0.01, "bleu4": 0.01, "rougeL": 0.0078, "rouge1": 0.0078, "rouge2": 0.0, "exact_match": 0.0}, "loss": {"X_Y_COS": 0.9999999403953552, "X_Y_MSEloss": 8.120880736197321e-17, "X_Y_test_COS": 0.7450699210166931, "X_Y_test_MSEloss": 0.0019683840218931437, "X_Y_val_COS": 0.7473512291908264, "X_Y_val_MSEloss": 0.0020178474951535463}}