{"train_samples": 1000, "test_samples": 200, "source_model": "sentence-transformers/gtr-t5-base", "source_dim": 768, "target_dim": 512, "test_results": {"bleu": 0.48, "bleu1": 15.46, "bleu2": 1.11, "bleu3": 0.14, "bleu4": 0.03, "rougeL": 0.1133, "rouge1": 0.1288, "rouge2": 0.008, "exact_match": 0.0}, "loss": {"X_Y_COS": 0.9168002009391785, "X_Y_MSEloss": 0.00042430139728821814, "X_Y_test_COS": -0.03137972578406334, "X_Y_test_MSEloss": 0.00908811017870903, "X_Y_val_COS": -0.02781563624739647, "X_Y_val_MSEloss": 0.008712183684110641}}