{"train_samples": 1000, "test_samples": 200, "source_model": "text-embedding-3-large", "source_dim": 3072, "target_dim": 512, "test_results": {"bleu": 8.4, "bleu1": 28.81, "bleu2": 9.62, "bleu3": 5.73, "bleu4": 3.14, "rougeL": 0.1683, "rouge1": 0.2033, "rouge2": 0.0422, "exact_match": 0.0}, "loss": {"X_Y_COS": 0.9629940390586853, "X_Y_MSEloss": 0.0002500908449292183, "X_Y_test_COS": 0.887126624584198, "X_Y_test_MSEloss": 0.0005903422716073692, "X_Y_val_COS": 0.9218671917915344, "X_Y_val_MSEloss": 0.0004743019526358694}}