{"epoch": 5, "dev_acc": 71.0, "test_acc": 78.5, "test_f1": 77.49000000000001, "test_roc": 82.50999999999999}