{"train_samples": 3, "test_samples": 200, "source_model": "sentence-transformers/gtr-t5-base", "source_dim": 768, "target_dim": 512, "test_results": {"bleu": 0.2, "bleu1": 16.91, "bleu2": 0.54, "bleu3": 0.02, "bleu4": 0.01, "rougeL": 0.0753, "rouge1": 0.0816, "rouge2": 0.002, "exact_match": 0.0}, "loss": {"X_Y_COS": 1.0, "X_Y_MSEloss": 3.481502348375411e-16, "X_Y_test_COS": 0.875492513179779, "X_Y_test_MSEloss": 0.0005967589095234871, "X_Y_val_COS": 0.8790855407714844, "X_Y_val_MSEloss": 0.0005777061451226473}}