{"train_samples": 3, "test_samples": 200, "source_model": "sentence-transformers/gtr-t5-base", "source_dim": 768, "target_dim": 512, "test_results": {"bleu": 0.15, "bleu1": 12.74, "bleu2": 0.27, "bleu3": 0.02, "bleu4": 0.01, "rougeL": 0.0527, "rouge1": 0.0571, "rouge2": 0.0025, "exact_match": 0.0}, "loss": {"X_Y_COS": 0.9999999403953552, "X_Y_MSEloss": 1.897205031964333e-10, "X_Y_test_COS": 0.8853422403335571, "X_Y_test_MSEloss": 0.0014273292617872357, "X_Y_val_COS": 0.8890640735626221, "X_Y_val_MSEloss": 0.001411924953572452}}