{"train_samples": 1, "test_samples": 200, "source_model": "sentence-transformers/all-MiniLM-L6-v2", "source_dim": 384, "target_dim": 512, "test_results": {"bleu": 0.04, "bleu1": 6.45, "bleu2": 0.01, "bleu3": 0.01, "bleu4": 0.0, "rougeL": 0.0297, "rouge1": 0.0306, "rouge2": 0.0, "exact_match": 0.0}, "loss": {"X_Y_COS": 0.9999998807907104, "X_Y_MSEloss": 1.7303619180429375e-17, "X_Y_test_COS": 0.7568356990814209, "X_Y_test_MSEloss": 0.0020926035940647125, "X_Y_val_COS": 0.7580468654632568, "X_Y_val_MSEloss": 0.002164739416912198}}