{"train_samples": 40, "test_samples": 200, "source_model": "sentence-transformers/all-MiniLM-L6-v2", "source_dim": 384, "target_dim": 512, "test_results": {"bleu": 0.23, "bleu1": 14.29, "bleu2": 0.73, "bleu3": 0.06, "bleu4": 0.02, "rougeL": 0.0641, "rouge1": 0.0795, "rouge2": 0.0046, "exact_match": 0.0}, "loss": {"X_Y_COS": 1.0, "X_Y_MSEloss": 2.5281775659107735e-15, "X_Y_test_COS": 0.610572874546051, "X_Y_test_MSEloss": 0.0023161883000284433, "X_Y_val_COS": 0.5470116138458252, "X_Y_val_MSEloss": 0.0024069403298199177}}