{"epoch": 0, "dev_acc": 33.0, "test_acc": 35.5, "test_f1": 34.599999999999994, "test_roc": 51.949999999999996}