{"train_samples": 5, "test_samples": 200, "source_model": "google-bert/bert-base-multilingual-cased", "source_dim": 768, "target_dim": 512, "test_results": {"bleu": 0.33, "bleu1": 17.66, "bleu2": 0.77, "bleu3": 0.06, "bleu4": 0.02, "rougeL": 0.1021, "rouge1": 0.1246, "rouge2": 0.0063, "exact_match": 0.0}, "loss": {"X_Y_COS": 1.0, "X_Y_MSEloss": 4.445548132732565e-16, "X_Y_test_COS": 0.8607544302940369, "X_Y_test_MSEloss": 0.0005394513136707246, "X_Y_val_COS": 0.8612255454063416, "X_Y_val_MSEloss": 0.000535382074303925}}