{"train_samples": 50, "test_samples": 200, "source_model": "text-embedding-3-large", "source_dim": 3072, "target_dim": 512, "test_results": {"bleu": 0.22, "bleu1": 13.98, "bleu2": 0.98, "bleu3": 0.02, "bleu4": 0.01, "rougeL": 0.1267, "rouge1": 0.1398, "rouge2": 0.0102, "exact_match": 0.0}, "loss": {"X_Y_COS": 1.0, "X_Y_MSEloss": 1.9245153956109996e-15, "X_Y_test_COS": 0.8853654265403748, "X_Y_test_MSEloss": 0.00044035777682438493, "X_Y_val_COS": 0.8884198069572449, "X_Y_val_MSEloss": 0.00042798390495590866}}