{"train_samples": 3, "test_samples": 200, "source_model": "sentence-transformers/all-MiniLM-L6-v2", "source_dim": 384, "target_dim": 512, "test_results": {"bleu": 0.75, "bleu1": 17.23, "bleu2": 1.17, "bleu3": 0.23, "bleu4": 0.07, "rougeL": 0.0913, "rouge1": 0.1134, "rouge2": 0.0122, "exact_match": 0.0}, "loss": {"X_Y_COS": 1.0, "X_Y_MSEloss": 1.8449270946260219e-16, "X_Y_test_COS": 0.5122352838516235, "X_Y_test_MSEloss": 0.0014998781261965632, "X_Y_val_COS": 0.5246943831443787, "X_Y_val_MSEloss": 0.0014873993350192904}}