{"train_samples": 20, "test_samples": 200, "source_model": "google-bert/bert-base-multilingual-cased", "source_dim": 768, "target_dim": 512, "test_results": {"bleu": 0.09, "bleu1": 10.2, "bleu2": 0.06, "bleu3": 0.02, "bleu4": 0.01, "rougeL": 0.0073, "rouge1": 0.0073, "rouge2": 0.0, "exact_match": 0.0}, "loss": {"X_Y_COS": 1.0, "X_Y_MSEloss": 1.641744838763292e-14, "X_Y_test_COS": 0.8147733211517334, "X_Y_test_MSEloss": 0.0006593769649043679, "X_Y_val_COS": 0.8151112198829651, "X_Y_val_MSEloss": 0.000658337667118758}}