{"train_samples": 50, "test_samples": 200, "source_model": "intfloat/multilingual-e5-base", "source_dim": 768, "target_dim": 512, "test_results": {"bleu": 1.05, "bleu1": 22.47, "bleu2": 2.78, "bleu3": 0.52, "bleu4": 0.05, "rougeL": 0.1461, "rouge1": 0.1879, "rouge2": 0.0289, "exact_match": 0.0}, "loss": {"X_Y_COS": 1.0, "X_Y_MSEloss": 3.293686712257937e-10, "X_Y_test_COS": 0.8412514925003052, "X_Y_test_MSEloss": 0.001169269671663642, "X_Y_val_COS": 0.8445537090301514, "X_Y_val_MSEloss": 0.0011171556543558836}}