{"train_samples": 1, "test_samples": 200, "source_model": "intfloat/multilingual-e5-base", "source_dim": 768, "target_dim": 512, "test_results": {"bleu": 0.04, "bleu1": 12.89, "bleu2": 0.02, "bleu3": 0.01, "bleu4": 0.01, "rougeL": 0.024, "rouge1": 0.024, "rouge2": 0.0, "exact_match": 0.0}, "loss": {"X_Y_COS": 0.9999999403953552, "X_Y_MSEloss": 3.4000815710183874e-17, "X_Y_test_COS": 0.8470950126647949, "X_Y_test_MSEloss": 0.0011470537865534425, "X_Y_val_COS": 0.8453204035758972, "X_Y_val_MSEloss": 0.0011261265026405454}}