{"train_samples": 20, "test_samples": 200, "source_model": "sentence-transformers/all-MiniLM-L6-v2", "source_dim": 384, "target_dim": 512, "test_results": {"bleu": 0.13, "bleu1": 15.44, "bleu2": 0.28, "bleu3": 0.02, "bleu4": 0.01, "rougeL": 0.0871, "rouge1": 0.102, "rouge2": 0.001, "exact_match": 0.0}, "loss": {"X_Y_COS": 1.0, "X_Y_MSEloss": 5.721584209529855e-16, "X_Y_test_COS": 0.9020637273788452, "X_Y_test_MSEloss": 0.0006326950388029218, "X_Y_val_COS": 0.8989622592926025, "X_Y_val_MSEloss": 0.0006064937333576381}}