{"train_samples": 5, "test_samples": 200, "source_model": "sentence-transformers/all-MiniLM-L6-v2", "source_dim": 384, "target_dim": 512, "test_results": {"bleu": 0.05, "bleu1": 6.63, "bleu2": 0.07, "bleu3": 0.02, "bleu4": 0.01, "rougeL": 0.0244, "rouge1": 0.0255, "rouge2": 0.0005, "exact_match": 0.0}, "loss": {"X_Y_COS": 1.0, "X_Y_MSEloss": 3.5809105247003314e-12, "X_Y_test_COS": 0.24191081523895264, "X_Y_test_MSEloss": 0.004301535431295633, "X_Y_val_COS": 0.20109620690345764, "X_Y_val_MSEloss": 0.0043389927595853806}}