{"train_samples": 30, "test_samples": 200, "source_model": "text-embedding-3-large", "source_dim": 3072, "target_dim": 512, "test_results": {"bleu": 10.72, "bleu1": 26.25, "bleu2": 9.65, "bleu3": 8.22, "bleu4": 7.52, "rougeL": 0.1928, "rouge1": 0.2293, "rouge2": 0.0928, "exact_match": 0.0}, "loss": {"X_Y_COS": 0.9999933242797852, "X_Y_MSEloss": 8.055727107603161e-08, "X_Y_test_COS": 0.9064288139343262, "X_Y_test_MSEloss": 0.0004643285064958036, "X_Y_val_COS": 0.9033140540122986, "X_Y_val_MSEloss": 0.00047773434198461473, "reg_lambda": 0.01}}