{"train_samples": 50, "test_samples": 200, "source_model": "google/mt5-base", "source_dim": 768, "target_dim": 512, "test_results": {"bleu": 0.39, "bleu1": 17.45, "bleu2": 1.04, "bleu3": 0.11, "bleu4": 0.03, "rougeL": 0.0665, "rouge1": 0.0786, "rouge2": 0.0071, "exact_match": 0.0}, "loss": {"X_Y_COS": 1.0, "X_Y_MSEloss": 1.526821551134372e-11, "X_Y_test_COS": 0.8693393468856812, "X_Y_test_MSEloss": 0.0004826416843570769, "X_Y_val_COS": 0.8673335909843445, "X_Y_val_MSEloss": 0.0004909015260636806}}