{"train_samples": 4000, "test_samples": 200, "source_model": "sentence-transformers/gtr-t5-base", "source_dim": 768, "target_dim": 512, "test_results": {"bleu": 30.31, "bleu1": 49.84, "bleu2": 30.71, "bleu3": 26.13, "bleu4": 23.68, "rougeL": 0.439, "rouge1": 0.503, "rouge2": 0.3189, "exact_match": 0.0}, "loss": {"X_Y_COS": 0.9573774933815002, "X_Y_MSEloss": 0.000164219833095558, "X_Y_test_COS": 0.940008819103241, "X_Y_test_MSEloss": 0.0002307090617250651, "X_Y_val_COS": 0.9380757808685303, "X_Y_val_MSEloss": 0.00023657364363316447}}