{"train_samples": 40, "test_samples": 200, "source_model": "google-bert/bert-base-multilingual-cased", "source_dim": 768, "target_dim": 512, "test_results": {"bleu": 1.08, "bleu1": 21.32, "bleu2": 1.87, "bleu3": 0.35, "bleu4": 0.12, "rougeL": 0.1358, "rouge1": 0.1773, "rouge2": 0.0184, "exact_match": 0.0}, "loss": {"X_Y_COS": 1.0, "X_Y_MSEloss": 2.3638691004634893e-10, "X_Y_test_COS": 0.8743826150894165, "X_Y_test_MSEloss": 0.0009517949656583369, "X_Y_val_COS": 0.8772226572036743, "X_Y_val_MSEloss": 0.0009281651582568884}}