{"train_samples": 50, "test_samples": 200, "source_model": "sentence-transformers/all-MiniLM-L6-v2", "source_dim": 384, "target_dim": 512, "test_results": {"bleu": 0.09, "bleu1": 9.04, "bleu2": 0.07, "bleu3": 0.02, "bleu4": 0.01, "rougeL": 0.0341, "rouge1": 0.0386, "rouge2": 0.0006, "exact_match": 0.0}, "loss": {"X_Y_COS": 1.0, "X_Y_MSEloss": 1.3446264331736912e-14, "X_Y_test_COS": 0.8212716579437256, "X_Y_test_MSEloss": 0.0006567027885466814, "X_Y_val_COS": 0.8178503513336182, "X_Y_val_MSEloss": 0.0006717981304973364}}