{"train_samples": 1000, "test_samples": 200, "source_model": "google/mt5-base", "source_dim": 768, "target_dim": 512, "test_results": {"bleu": 29.53, "bleu1": 50.12, "bleu2": 30.66, "bleu3": 25.03, "bleu4": 22.45, "rougeL": 0.4342, "rouge1": 0.4946, "rouge2": 0.3062, "exact_match": 0.0}, "loss": {"X_Y_COS": 0.9673966765403748, "X_Y_MSEloss": 0.0002730637788772583, "X_Y_test_COS": 0.9304295182228088, "X_Y_test_MSEloss": 0.000596078927628696, "X_Y_val_COS": 0.9259330630302429, "X_Y_val_MSEloss": 0.0006401463178917766}}