{"train_samples": 50, "test_samples": 200, "source_model": "sentence-transformers/gtr-t5-base", "source_dim": 768, "target_dim": 512, "test_results": {"bleu": 0.86, "bleu1": 19.82, "bleu2": 1.52, "bleu3": 0.21, "bleu4": 0.1, "rougeL": 0.1195, "rouge1": 0.1589, "rouge2": 0.0177, "exact_match": 0.0}, "loss": {"X_Y_COS": 1.0, "X_Y_MSEloss": 1.1359491092991642e-15, "X_Y_test_COS": 0.8896920680999756, "X_Y_test_MSEloss": 0.00042068056063726544, "X_Y_val_COS": 0.8884698152542114, "X_Y_val_MSEloss": 0.0004252529179211706}}