{"train_samples": 3, "test_samples": 200, "source_model": "sentence-transformers/all-MiniLM-L6-v2", "source_dim": 384, "target_dim": 512, "test_results": {"bleu": 0.1, "bleu1": 8.15, "bleu2": 0.17, "bleu3": 0.03, "bleu4": 0.02, "rougeL": 0.0652, "rouge1": 0.0714, "rouge2": 0.0022, "exact_match": 0.0}, "loss": {"X_Y_COS": 0.9999999403953552, "X_Y_MSEloss": 1.6885246456252445e-12, "X_Y_test_COS": 0.8881332874298096, "X_Y_test_MSEloss": 0.0012554168934002519, "X_Y_val_COS": 0.885767936706543, "X_Y_val_MSEloss": 0.0012750027235597372}}