{"train_samples": 1, "test_samples": 200, "source_model": "sentence-transformers/gtr-t5-base", "source_dim": 768, "target_dim": 512, "test_results": {"bleu": 0.19, "bleu1": 17.25, "bleu2": 1.0, "bleu3": 0.01, "bleu4": 0.01, "rougeL": 0.0901, "rouge1": 0.0915, "rouge2": 0.0085, "exact_match": 0.0}, "loss": {"X_Y_COS": 1.0000001192092896, "X_Y_MSEloss": 3.817423968553442e-16, "X_Y_test_COS": 0.7510969638824463, "X_Y_test_MSEloss": 0.0016325857723131776, "X_Y_val_COS": 0.7479774355888367, "X_Y_val_MSEloss": 0.0016303900629281998}}