{"train_samples": 20, "test_samples": 200, "source_model": "google/flan-t5-base", "source_dim": 768, "target_dim": 512, "test_results": {"bleu": 1.38, "bleu1": 20.05, "bleu2": 2.25, "bleu3": 0.53, "bleu4": 0.25, "rougeL": 0.1332, "rouge1": 0.1715, "rouge2": 0.023, "exact_match": 0.0}, "loss": {"X_Y_COS": 1.0, "X_Y_MSEloss": 1.809188048194064e-15, "X_Y_test_COS": 0.8838891983032227, "X_Y_test_MSEloss": 0.00043075322173535824, "X_Y_val_COS": 0.886370062828064, "X_Y_val_MSEloss": 0.00042181197204627097}}