{"train_samples": 40, "test_samples": 200, "source_model": "google/mt5-base", "source_dim": 768, "target_dim": 512, "test_results": {"bleu": 0.61, "bleu1": 17.02, "bleu2": 1.2, "bleu3": 0.18, "bleu4": 0.09, "rougeL": 0.0846, "rouge1": 0.0976, "rouge2": 0.0085, "exact_match": 0.0}, "loss": {"X_Y_COS": 1.0, "X_Y_MSEloss": 3.866148720610418e-12, "X_Y_test_COS": 0.8505461812019348, "X_Y_test_MSEloss": 0.0005414395127445459, "X_Y_val_COS": 0.8535118699073792, "X_Y_val_MSEloss": 0.000533527520019561}}