{"train_samples": 100, "test_samples": 200, "source_model": "sentence-transformers/gtr-t5-base", "source_dim": 768, "target_dim": 512, "test_results": {"bleu": 0.24, "bleu1": 16.62, "bleu2": 0.48, "bleu3": 0.03, "bleu4": 0.02, "rougeL": 0.1029, "rouge1": 0.1235, "rouge2": 0.0037, "exact_match": 0.0}, "loss": {"X_Y_COS": 1.0, "X_Y_MSEloss": 1.866034020012175e-12, "X_Y_test_COS": 0.9008002877235413, "X_Y_test_MSEloss": 0.0003758867096621543, "X_Y_val_COS": 0.8995254039764404, "X_Y_val_MSEloss": 0.00038094643969088793}}