{"train_samples": 10, "test_samples": 200, "source_model": "text-embedding-3-large", "source_dim": 3072, "target_dim": 512, "test_results": {"bleu": 1.8, "bleu1": 20.48, "bleu2": 2.12, "bleu3": 0.72, "bleu4": 0.33, "rougeL": 0.1283, "rouge1": 0.1791, "rouge2": 0.0243, "exact_match": 0.0}, "loss": {"X_Y_COS": 1.0, "X_Y_MSEloss": 1.3125099772505505e-16, "X_Y_test_COS": 0.8507293462753296, "X_Y_test_MSEloss": 0.000855052552651614, "X_Y_val_COS": 0.8465462327003479, "X_Y_val_MSEloss": 0.0008588465279899538}}