{"train_samples": 20, "test_samples": 200, "source_model": "sentence-transformers/all-MiniLM-L6-v2", "source_dim": 384, "target_dim": 512, "test_results": {"bleu": 0.52, "bleu1": 18.2, "bleu2": 1.17, "bleu3": 0.17, "bleu4": 0.04, "rougeL": 0.1158, "rouge1": 0.1504, "rouge2": 0.0138, "exact_match": 0.0}, "loss": {"X_Y_COS": 1.0, "X_Y_MSEloss": 4.553407190653559e-16, "X_Y_test_COS": 0.8752734065055847, "X_Y_test_MSEloss": 0.000502424722071737, "X_Y_val_COS": 0.8734613060951233, "X_Y_val_MSEloss": 0.0005010957829654217}}