{"train_samples": 500, "test_samples": 200, "source_model": "sentence-transformers/all-MiniLM-L6-v2", "source_dim": 384, "target_dim": 512, "test_results": {"bleu": 2.63, "bleu1": 20.68, "bleu2": 2.77, "bleu3": 1.26, "bleu4": 1.07, "rougeL": 0.1438, "rouge1": 0.1835, "rouge2": 0.0307, "exact_match": 0.0}, "loss": {"X_Y_COS": 0.9781038165092468, "X_Y_MSEloss": 8.942736894823611e-05, "X_Y_test_COS": 0.7606556415557861, "X_Y_test_MSEloss": 0.0010445963125675917, "X_Y_val_COS": 0.7662484645843506, "X_Y_val_MSEloss": 0.0010369212832301855}}