{"train_samples": 20, "test_samples": 200, "source_model": "google/flan-t5-base", "source_dim": 768, "target_dim": 512, "test_results": {"bleu": 0.24, "bleu1": 19.09, "bleu2": 1.06, "bleu3": 0.02, "bleu4": 0.01, "rougeL": 0.1105, "rouge1": 0.122, "rouge2": 0.0081, "exact_match": 0.0}, "loss": {"X_Y_COS": 1.0, "X_Y_MSEloss": 2.1550997097996571e-10, "X_Y_test_COS": 0.9084252715110779, "X_Y_test_MSEloss": 0.0008372220327146351, "X_Y_val_COS": 0.9136790037155151, "X_Y_val_MSEloss": 0.0008096102392300963}}