{"train_samples": 40, "test_samples": 200, "source_model": "text-embedding-ada-002", "source_dim": 1536, "target_dim": 512, "test_results": {"bleu": 0.49, "bleu1": 14.26, "bleu2": 0.73, "bleu3": 0.13, "bleu4": 0.04, "rougeL": 0.0908, "rouge1": 0.1139, "rouge2": 0.0084, "exact_match": 0.0}, "loss": {"X_Y_COS": 1.0, "X_Y_MSEloss": 6.928114223807291e-14, "X_Y_test_COS": 0.8766934275627136, "X_Y_test_MSEloss": 0.0009189750417135656, "X_Y_val_COS": 0.8769187927246094, "X_Y_val_MSEloss": 0.0009360755793750286}}