{"train_samples": 1000, "test_samples": 200, "source_model": "google/mt5-base", "source_dim": 768, "target_dim": 512, "test_results": {"bleu": 1.74, "bleu1": 10.03, "bleu2": 1.74, "bleu3": 1.02, "bleu4": 0.55, "rougeL": 0.045, "rouge1": 0.0496, "rouge2": 0.0022, "exact_match": 0.0}, "loss": {"X_Y_COS": 0.8606833815574646, "X_Y_MSEloss": 0.0005580727593041956, "X_Y_test_COS": -0.007649452891200781, "X_Y_test_MSEloss": 0.008267398923635483, "X_Y_val_COS": 0.003541456302627921, "X_Y_val_MSEloss": 0.0076170871034264565}}