{"train_samples": 3, "test_samples": 200, "source_model": "google-bert/bert-base-multilingual-cased", "source_dim": 768, "target_dim": 512, "test_results": {"bleu": 0.11, "bleu1": 8.69, "bleu2": 0.14, "bleu3": 0.01, "bleu4": 0.01, "rougeL": 0.0722, "rouge1": 0.0847, "rouge2": 0.0005, "exact_match": 0.0}, "loss": {"X_Y_COS": 1.0, "X_Y_MSEloss": 3.333686099354471e-16, "X_Y_test_COS": 0.8732292056083679, "X_Y_test_MSEloss": 0.0005166596965864301, "X_Y_val_COS": 0.8713641166687012, "X_Y_val_MSEloss": 0.0005223255720920861}}