{"train_samples": 1000, "test_samples": 200, "source_model": "random", "source_dim": 768, "target_dim": 512, "test_results": {"bleu": 0.87, "bleu1": 8.35, "bleu2": 0.77, "bleu3": 0.38, "bleu4": 0.23, "rougeL": 0.048, "rouge1": 0.0518, "rouge2": 0.0028, "exact_match": 0.0}, "loss": {"X_Y_COS": 0.9072877168655396, "X_Y_MSEloss": 0.000440665811765939, "X_Y_test_COS": -0.008748147636651993, "X_Y_test_MSEloss": 0.007490861229598522, "X_Y_val_COS": 0.01310996524989605, "X_Y_val_MSEloss": 0.007501896936446428}}