{"train_samples": 1000, "test_samples": 200, "source_model": "sentence-transformers/gtr-t5-base", "source_dim": 768, "target_dim": 512, "test_results": {"bleu": 0.57, "bleu1": 16.42, "bleu2": 1.11, "bleu3": 0.26, "bleu4": 0.14, "rougeL": 0.0582, "rouge1": 0.0671, "rouge2": 0.0047, "exact_match": 0.0}, "loss": {"X_Y_COS": 0.9791229367256165, "X_Y_MSEloss": 0.0001534988114144653, "X_Y_test_COS": 0.8810850977897644, "X_Y_test_MSEloss": 0.0009261174127459526, "X_Y_val_COS": 0.8707252144813538, "X_Y_val_MSEloss": 0.0009926001075655222}}