{"train_samples": 1000, "test_samples": 200, "source_model": "google-t5/t5-base", "source_dim": 768, "target_dim": 512, "test_results": {"bleu": 0.86, "bleu1": 17.29, "bleu2": 1.73, "bleu3": 0.28, "bleu4": 0.09, "rougeL": 0.1196, "rouge1": 0.1376, "rouge2": 0.0116, "exact_match": 0.0}, "loss": {"X_Y_COS": 0.9157800674438477, "X_Y_MSEloss": 0.0004292690136935562, "X_Y_test_COS": 0.01366235688328743, "X_Y_test_MSEloss": 0.008028713054955006, "X_Y_val_COS": 0.00947587937116623, "X_Y_val_MSEloss": 0.008647266775369644}}