{"train_samples": 40, "test_samples": 200, "source_model": "google-bert/bert-base-multilingual-cased", "source_dim": 768, "target_dim": 512, "test_results": {"bleu": 0.18, "bleu1": 14.01, "bleu2": 0.75, "bleu3": 0.02, "bleu4": 0.01, "rougeL": 0.1015, "rouge1": 0.1321, "rouge2": 0.0085, "exact_match": 0.0}, "loss": {"X_Y_COS": 1.0, "X_Y_MSEloss": 8.313084243335642e-14, "X_Y_test_COS": 0.8887003660202026, "X_Y_test_MSEloss": 0.00041664871969260275, "X_Y_val_COS": 0.8928577899932861, "X_Y_val_MSEloss": 0.00040192052256315947}}