{"train_samples": 1000, "test_samples": 200, "source_model": "google-bert/bert-base-multilingual-cased", "source_dim": 768, "target_dim": 512, "test_results": {"bleu": 0.31, "bleu1": 18.46, "bleu2": 1.33, "bleu3": 0.03, "bleu4": 0.02, "rougeL": 0.138, "rouge1": 0.177, "rouge2": 0.0146, "exact_match": 0.0}, "loss": {"X_Y_COS": 0.9679247140884399, "X_Y_MSEloss": 0.00021980474411975592, "X_Y_test_COS": 0.9119987487792969, "X_Y_test_MSEloss": 0.0006020462024025619, "X_Y_val_COS": 0.9135296940803528, "X_Y_val_MSEloss": 0.00057717360323295}}