{"train_samples": 1, "test_samples": 200, "source_model": "text-embedding-ada-002", "source_dim": 1536, "target_dim": 512, "test_results": {"bleu": 0.15, "bleu1": 16.35, "bleu2": 0.92, "bleu3": 0.01, "bleu4": 0.01, "rougeL": 0.0654, "rouge1": 0.0686, "rouge2": 0.0102, "exact_match": 0.0}, "loss": {"X_Y_COS": 1.0, "X_Y_MSEloss": 7.454630030875506e-16, "X_Y_test_COS": 0.7554585337638855, "X_Y_test_MSEloss": 0.0008435131167061627, "X_Y_val_COS": 0.7579639554023743, "X_Y_val_MSEloss": 0.0008373691234737635}}