{"train_samples": 500, "test_samples": 200, "source_model": "text-embedding-ada-002", "source_dim": 1536, "target_dim": 512, "test_results": {"bleu": 0.14, "bleu1": 11.37, "bleu2": 0.42, "bleu3": 0.02, "bleu4": 0.01, "rougeL": 0.0889, "rouge1": 0.1103, "rouge2": 0.0061, "exact_match": 0.0}, "loss": {"X_Y_COS": 0.9805007576942444, "X_Y_MSEloss": 0.00013660863623954356, "X_Y_test_COS": 0.8511432409286499, "X_Y_test_MSEloss": 0.0010613366030156612, "X_Y_val_COS": 0.8551318645477295, "X_Y_val_MSEloss": 0.0010171335889026523}}