{"train_samples": 40, "test_samples": 200, "source_model": "google/mt5-base", "source_dim": 768, "target_dim": 512, "test_results": {"bleu": 0.61, "bleu1": 19.17, "bleu2": 1.41, "bleu3": 0.19, "bleu4": 0.05, "rougeL": 0.1357, "rouge1": 0.1633, "rouge2": 0.0149, "exact_match": 0.0}, "loss": {"X_Y_COS": 1.0, "X_Y_MSEloss": 1.6127137403287861e-09, "X_Y_test_COS": 0.9369462132453918, "X_Y_test_MSEloss": 0.0005570899811573327, "X_Y_val_COS": 0.9372690320014954, "X_Y_val_MSEloss": 0.0005855271592736244}}