{"train_samples": 3, "test_samples": 200, "source_model": "intfloat/multilingual-e5-base", "source_dim": 768, "target_dim": 512, "test_results": {"bleu": 0.23, "bleu1": 17.91, "bleu2": 1.0, "bleu3": 0.02, "bleu4": 0.01, "rougeL": 0.1121, "rouge1": 0.1297, "rouge2": 0.011, "exact_match": 0.0}, "loss": {"X_Y_COS": 1.0, "X_Y_MSEloss": 3.459414376088979e-16, "X_Y_test_COS": 0.8576310276985168, "X_Y_test_MSEloss": 0.0005166818737052381, "X_Y_val_COS": 0.8599598407745361, "X_Y_val_MSEloss": 0.0005093062645755708}}