{"train_samples": 1000, "test_samples": 200, "source_model": "google-t5/t5-base", "source_dim": 768, "target_dim": 512, "test_results": {"bleu": 1.74, "bleu1": 24.45, "bleu2": 3.81, "bleu3": 0.65, "bleu4": 0.15, "rougeL": 0.1932, "rouge1": 0.2314, "rouge2": 0.0329, "exact_match": 0.0}, "loss": {"X_Y_COS": 0.9886258244514465, "X_Y_MSEloss": 4.983115286449902e-05, "X_Y_test_COS": 0.7918249368667603, "X_Y_test_MSEloss": 0.0009467783384025097, "X_Y_val_COS": 0.7895932793617249, "X_Y_val_MSEloss": 0.0009581971680745482}}