{"train_samples": 3, "test_samples": 200, "source_model": "text-embedding-ada-002", "source_dim": 1536, "target_dim": 512, "test_results": {"bleu": 0.08, "bleu1": 9.19, "bleu2": 0.03, "bleu3": 0.02, "bleu4": 0.01, "rougeL": 0.2059, "rouge1": 0.2825, "rouge2": 0.0138, "exact_match": 0.0}, "loss": {"X_Y_COS": 1.0, "X_Y_MSEloss": 1.003053451523227e-15, "X_Y_test_COS": 0.8623847961425781, "X_Y_test_MSEloss": 0.0005005612620152533, "X_Y_val_COS": 0.8626807928085327, "X_Y_val_MSEloss": 0.0004996530478820205}}