{"train_samples": 5, "test_samples": 200, "source_model": "text-embedding-ada-002", "source_dim": 1536, "target_dim": 512, "test_results": {"bleu": 0.22, "bleu1": 16.27, "bleu2": 0.63, "bleu3": 0.02, "bleu4": 0.01, "rougeL": 0.1072, "rouge1": 0.1411, "rouge2": 0.0063, "exact_match": 0.0}, "loss": {"X_Y_COS": 1.0, "X_Y_MSEloss": 8.787509429971849e-16, "X_Y_test_COS": 0.9019640684127808, "X_Y_test_MSEloss": 0.00036710992571897805, "X_Y_val_COS": 0.9009296298027039, "X_Y_val_MSEloss": 0.0003706215356942266}}