{"train_samples": 5, "test_samples": 200, "source_model": "google/flan-t5-base", "source_dim": 768, "target_dim": 512, "test_results": {"bleu": 0.3, "bleu1": 18.83, "bleu2": 1.07, "bleu3": 0.05, "bleu4": 0.01, "rougeL": 0.1168, "rouge1": 0.1487, "rouge2": 0.0098, "exact_match": 0.0}, "loss": {"X_Y_COS": 1.0, "X_Y_MSEloss": 3.3854861345460118e-16, "X_Y_test_COS": 0.8736150860786438, "X_Y_test_MSEloss": 0.0004980951198376715, "X_Y_val_COS": 0.8785073757171631, "X_Y_val_MSEloss": 0.00048097182298079133}}