{"train_samples": 20, "test_samples": 200, "source_model": "sentence-transformers/all-MiniLM-L6-v2", "source_dim": 384, "target_dim": 512, "test_results": {"bleu": 0.24, "bleu1": 14.76, "bleu2": 0.58, "bleu3": 0.06, "bleu4": 0.02, "rougeL": 0.0637, "rouge1": 0.08, "rouge2": 0.0051, "exact_match": 0.0}, "loss": {"X_Y_COS": 1.0, "X_Y_MSEloss": 5.060102299701082e-16, "X_Y_test_COS": 0.45100969076156616, "X_Y_test_MSEloss": 0.0014639139408245683, "X_Y_val_COS": 0.48500627279281616, "X_Y_val_MSEloss": 0.0014172326773405075}}