{"epoch": 0, "dev_acc": 35.0, "test_acc": 33.5, "test_f1": 33.339999999999996, "test_roc": 48.370000000000005}