{"train_samples": 1000, "test_samples": 200, "source_model": "random", "source_dim": 768, "target_dim": 512, "test_results": {"bleu": 0.2, "bleu1": 7.23, "bleu2": 0.15, "bleu3": 0.05, "bleu4": 0.03, "rougeL": 0.0499, "rouge1": 0.0563, "rouge2": 0.001, "exact_match": 0.0}, "loss": {"X_Y_COS": 0.7270079851150513, "X_Y_MSEloss": 0.0008685128414072096, "X_Y_test_COS": 0.014622213318943977, "X_Y_test_MSEloss": 0.004234997555613518, "X_Y_val_COS": 0.023335546255111694, "X_Y_val_MSEloss": 0.003862014738842845}}