{"train_samples": 1000, "test_samples": 200, "source_model": "text-embedding-ada-002", "source_dim": 1536, "target_dim": 512, "test_results": {"bleu": 0.1, "bleu1": 8.28, "bleu2": 0.09, "bleu3": 0.02, "bleu4": 0.01, "rougeL": 0.0452, "rouge1": 0.0489, "rouge2": 0.0065, "exact_match": 0.0}, "loss": {"X_Y_COS": 0.9554057121276855, "X_Y_MSEloss": 0.0003454268735367805, "X_Y_test_COS": 0.8451977372169495, "X_Y_test_MSEloss": 0.0011702857445925474, "X_Y_val_COS": 0.8438454270362854, "X_Y_val_MSEloss": 0.0012124554486945271}}