{"train_samples": 1000, "test_samples": 200, "source_model": "google/mt5-base", "source_dim": 768, "target_dim": 512, "test_results": {"bleu": 0.75, "bleu1": 16.85, "bleu2": 1.81, "bleu3": 0.22, "bleu4": 0.06, "rougeL": 0.123, "rouge1": 0.1382, "rouge2": 0.0152, "exact_match": 0.0}, "loss": {"X_Y_COS": 0.9155519008636475, "X_Y_MSEloss": 0.0004376689321361482, "X_Y_test_COS": 0.08267438411712646, "X_Y_test_MSEloss": 0.007658054586499929, "X_Y_val_COS": 0.013526501134037971, "X_Y_val_MSEloss": 0.009872810915112495}}