{"train_samples": 30, "test_samples": 200, "source_model": "google/flan-t5-base", "source_dim": 768, "target_dim": 512, "test_results": {"bleu": 0.19, "bleu1": 14.78, "bleu2": 0.91, "bleu3": 0.02, "bleu4": 0.01, "rougeL": 0.1072, "rouge1": 0.1394, "rouge2": 0.008, "exact_match": 0.0}, "loss": {"X_Y_COS": 1.0, "X_Y_MSEloss": 3.3314310647148196e-14, "X_Y_test_COS": 0.906688392162323, "X_Y_test_MSEloss": 0.00035147651215083897, "X_Y_val_COS": 0.9075179100036621, "X_Y_val_MSEloss": 0.00034851915552280843}}