{"train_samples": 1, "test_samples": 200, "source_model": "sentence-transformers/all-MiniLM-L6-v2", "source_dim": 384, "target_dim": 512, "test_results": {"bleu": 0.11, "bleu1": 7.76, "bleu2": 0.2, "bleu3": 0.01, "bleu4": 0.01, "rougeL": 0.0089, "rouge1": 0.0089, "rouge2": 0.0, "exact_match": 0.0}, "loss": {"X_Y_COS": 0.9999999403953552, "X_Y_MSEloss": 1.8519712323736254e-16, "X_Y_test_COS": 0.8556542992591858, "X_Y_test_MSEloss": 0.0011293574934825301, "X_Y_val_COS": 0.8572272062301636, "X_Y_val_MSEloss": 0.0011358679039403796}}