{"train_samples": 1000, "test_samples": 200, "source_model": "sentence-transformers/gtr-t5-base", "source_dim": 768, "target_dim": 512, "test_results": {"bleu": 0.05, "bleu1": 11.78, "bleu2": 0.02, "bleu3": 0.01, "bleu4": 0.01, "rougeL": 0.019, "rouge1": 0.0194, "rouge2": 0.0004, "exact_match": 0.0}, "loss": {"X_Y_COS": 0.9655504822731018, "X_Y_MSEloss": 0.00020342851348686963, "X_Y_test_COS": 0.8804947733879089, "X_Y_test_MSEloss": 0.0007117516943253577, "X_Y_val_COS": 0.8818700909614563, "X_Y_val_MSEloss": 0.0007213617791421711}}