{"train_samples": 50, "test_samples": 200, "source_model": "sentence-transformers/all-MiniLM-L6-v2", "source_dim": 384, "target_dim": 512, "test_results": {"bleu": 0.09, "bleu1": 8.0, "bleu2": 0.06, "bleu3": 0.02, "bleu4": 0.01, "rougeL": 0.0671, "rouge1": 0.0783, "rouge2": 0.0013, "exact_match": 0.0}, "loss": {"X_Y_COS": 1.0, "X_Y_MSEloss": 7.348404111769125e-13, "X_Y_test_COS": 0.874444842338562, "X_Y_test_MSEloss": 0.00047146796714514494, "X_Y_val_COS": 0.8750513195991516, "X_Y_val_MSEloss": 0.00046601309441030025}}