{"train_samples": 1000, "test_samples": 200, "source_model": "sentence-transformers/gtr-t5-base", "source_dim": 768, "target_dim": 512, "test_results": {"bleu": 1.15, "bleu1": 9.89, "bleu2": 1.15, "bleu3": 0.66, "bleu4": 0.28, "rougeL": 0.0519, "rouge1": 0.0562, "rouge2": 0.0014, "exact_match": 0.0}, "loss": {"X_Y_COS": 0.9113593101501465, "X_Y_MSEloss": 0.00042951793875545263, "X_Y_test_COS": -0.04092592000961304, "X_Y_test_MSEloss": 0.01020986307412386, "X_Y_val_COS": 0.11135818064212799, "X_Y_val_MSEloss": 0.008854863233864307}}