{"train_samples": 40, "test_samples": 200, "source_model": "text-embedding-ada-002", "source_dim": 1536, "target_dim": 512, "test_results": {"bleu": 0.07, "bleu1": 8.32, "bleu2": 0.03, "bleu3": 0.02, "bleu4": 0.01, "rougeL": 0.0746, "rouge1": 0.0876, "rouge2": 0.0023, "exact_match": 0.0}, "loss": {"X_Y_COS": 1.0, "X_Y_MSEloss": 5.629784290660245e-13, "X_Y_test_COS": 0.9002894163131714, "X_Y_test_MSEloss": 0.00037039126618765295, "X_Y_val_COS": 0.9018365144729614, "X_Y_val_MSEloss": 0.00036477716639637947}}