{"train_samples": 10, "test_samples": 200, "source_model": "text-embedding-3-large", "source_dim": 3072, "target_dim": 512, "test_results": {"bleu": 0.16, "bleu1": 16.23, "bleu2": 0.35, "bleu3": 0.01, "bleu4": 0.01, "rougeL": 0.0992, "rouge1": 0.1255, "rouge2": 0.0022, "exact_match": 0.0}, "loss": {"X_Y_COS": 1.0, "X_Y_MSEloss": 1.4435237395759253e-16, "X_Y_test_COS": 0.9012408256530762, "X_Y_test_MSEloss": 0.0006203576340340078, "X_Y_val_COS": 0.9000028967857361, "X_Y_val_MSEloss": 0.0006123755592852831}}