{"train_samples": 50, "test_samples": 200, "source_model": "text-embedding-3-large", "source_dim": 3072, "target_dim": 512, "test_results": {"bleu": 0.04, "bleu1": 6.58, "bleu2": 0.01, "bleu3": 0.01, "bleu4": 0.0, "rougeL": 0.04, "rouge1": 0.0441, "rouge2": 0.0, "exact_match": 0.0}, "loss": {"X_Y_COS": 1.0, "X_Y_MSEloss": 3.4330008454042105e-12, "X_Y_test_COS": 0.8216156363487244, "X_Y_test_MSEloss": 0.0013654130743816495, "X_Y_val_COS": 0.816457211971283, "X_Y_val_MSEloss": 0.0014331593411043286}}