{"train_samples": 10, "test_samples": 200, "source_model": "sentence-transformers/all-MiniLM-L6-v2", "source_dim": 384, "target_dim": 512, "test_results": {"bleu": 0.26, "bleu1": 15.36, "bleu2": 0.68, "bleu3": 0.03, "bleu4": 0.02, "rougeL": 0.1003, "rouge1": 0.1274, "rouge2": 0.0078, "exact_match": 0.0}, "loss": {"X_Y_COS": 1.0, "X_Y_MSEloss": 4.7398300562218054e-12, "X_Y_test_COS": 0.8635213971138, "X_Y_test_MSEloss": 0.0011530284537002444, "X_Y_val_COS": 0.8612317442893982, "X_Y_val_MSEloss": 0.0011135607492178679}}