{"train_samples": 10, "test_samples": 200, "source_model": "sentence-transformers/all-MiniLM-L6-v2", "source_dim": 384, "target_dim": 512, "test_results": {"bleu": 0.36, "bleu1": 17.89, "bleu2": 0.8, "bleu3": 0.1, "bleu4": 0.02, "rougeL": 0.1007, "rouge1": 0.1293, "rouge2": 0.0063, "exact_match": 0.0}, "loss": {"X_Y_COS": 1.0, "X_Y_MSEloss": 2.68871312636548e-16, "X_Y_test_COS": 0.8684346079826355, "X_Y_test_MSEloss": 0.0005536196404136717, "X_Y_val_COS": 0.86502605676651, "X_Y_val_MSEloss": 0.0005521186976693571}}