{"train_samples": 100, "test_samples": 200, "source_model": "text-embedding-3-large", "source_dim": 3072, "target_dim": 512, "test_results": {"bleu": 0.81, "bleu1": 21.46, "bleu2": 1.63, "bleu3": 0.28, "bleu4": 0.05, "rougeL": 0.1316, "rouge1": 0.176, "rouge2": 0.0228, "exact_match": 0.0}, "loss": {"X_Y_COS": 1.0, "X_Y_MSEloss": 6.566761836992313e-15, "X_Y_test_COS": 0.905096173286438, "X_Y_test_MSEloss": 0.0003875877009704709, "X_Y_val_COS": 0.8990412950515747, "X_Y_val_MSEloss": 0.0004156215291004628}}