{"train_samples": 20, "test_samples": 200, "source_model": "text-embedding-ada-002", "source_dim": 1536, "target_dim": 512, "test_results": {"bleu": 0.22, "bleu1": 14.61, "bleu2": 1.08, "bleu3": 0.02, "bleu4": 0.01, "rougeL": 0.1212, "rouge1": 0.1334, "rouge2": 0.0101, "exact_match": 0.0}, "loss": {"X_Y_COS": 1.0, "X_Y_MSEloss": 3.19125031955636e-10, "X_Y_test_COS": 0.8704009652137756, "X_Y_test_MSEloss": 0.0008943533175624907, "X_Y_val_COS": 0.8762407302856445, "X_Y_val_MSEloss": 0.0008678794256411493}}