{"train_samples": 20, "test_samples": 200, "source_model": "text-embedding-ada-002", "source_dim": 1536, "target_dim": 512, "test_results": {"bleu": 0.21, "bleu1": 13.87, "bleu2": 0.81, "bleu3": 0.02, "bleu4": 0.01, "rougeL": 0.1196, "rouge1": 0.1336, "rouge2": 0.008, "exact_match": 0.0}, "loss": {"X_Y_COS": 1.0, "X_Y_MSEloss": 1.450467858614326e-14, "X_Y_test_COS": 0.8816158175468445, "X_Y_test_MSEloss": 0.00043519193422980607, "X_Y_val_COS": 0.885691225528717, "X_Y_val_MSEloss": 0.0004214466316625476}}