{"train_samples": 20, "test_samples": 200, "source_model": "sentence-transformers/all-MiniLM-L6-v2", "source_dim": 384, "target_dim": 512, "test_results": {"bleu": 0.17, "bleu1": 20.04, "bleu2": 0.59, "bleu3": 0.01, "bleu4": 0.01, "rougeL": 0.1255, "rouge1": 0.1577, "rouge2": 0.0077, "exact_match": 0.0}, "loss": {"X_Y_COS": 1.0, "X_Y_MSEloss": 5.13055214750659e-16, "X_Y_test_COS": 0.8676363825798035, "X_Y_test_MSEloss": 0.0005184084293432534, "X_Y_val_COS": 0.8703233003616333, "X_Y_val_MSEloss": 0.0005099515547044575}}