{"train_samples": 1000, "test_samples": 200, "source_model": "intfloat/multilingual-e5-base", "source_dim": 768, "target_dim": 512, "test_results": {"bleu": 5.87, "bleu1": 30.35, "bleu2": 6.31, "bleu3": 3.09, "bleu4": 2.19, "rougeL": 0.2012, "rouge1": 0.263, "rouge2": 0.0618, "exact_match": 0.0}, "loss": {"X_Y_COS": 0.945551335811615, "X_Y_MSEloss": 0.00020766464876942337, "X_Y_test_COS": 0.8596636652946472, "X_Y_test_MSEloss": 0.0005274299182929099, "X_Y_val_COS": 0.861538827419281, "X_Y_val_MSEloss": 0.0005219443119131029}}