{"train_samples": 1000, "test_samples": 200, "source_model": "random", "source_dim": 768, "target_dim": 512, "test_results": {"bleu": 0.15, "bleu1": 11.08, "bleu2": 0.45, "bleu3": 0.01, "bleu4": 0.01, "rougeL": 0.0819, "rouge1": 0.0944, "rouge2": 0.0041, "exact_match": 0.0}, "loss": {"X_Y_COS": 0.8920052647590637, "X_Y_MSEloss": 0.00045778104686178267, "X_Y_test_COS": -0.018067844212055206, "X_Y_test_MSEloss": 0.009018532000482082, "X_Y_val_COS": -0.010678253136575222, "X_Y_val_MSEloss": 0.008541016839444637}}