{"train_samples": 100, "test_samples": 200, "source_model": "intfloat/multilingual-e5-base", "source_dim": 768, "target_dim": 512, "test_results": {"bleu": 0.24, "bleu1": 15.75, "bleu2": 1.16, "bleu3": 0.02, "bleu4": 0.01, "rougeL": 0.1428, "rouge1": 0.1655, "rouge2": 0.0115, "exact_match": 0.0}, "loss": {"X_Y_COS": 1.0, "X_Y_MSEloss": 1.0687661151052852e-13, "X_Y_test_COS": 0.927568256855011, "X_Y_test_MSEloss": 0.0005482882261276245, "X_Y_val_COS": 0.9294536113739014, "X_Y_val_MSEloss": 0.0005371790612116456}}