{"train_samples": 30, "test_samples": 200, "source_model": "google/flan-t5-base", "source_dim": 768, "target_dim": 512, "test_results": {"bleu": 0.74, "bleu1": 22.62, "bleu2": 1.8, "bleu3": 0.18, "bleu4": 0.05, "rougeL": 0.1278, "rouge1": 0.1659, "rouge2": 0.0153, "exact_match": 0.0}, "loss": {"X_Y_COS": 1.0, "X_Y_MSEloss": 4.684553407756061e-15, "X_Y_test_COS": 0.8506036996841431, "X_Y_test_MSEloss": 0.0005445072893053293, "X_Y_val_COS": 0.8510167002677917, "X_Y_val_MSEloss": 0.0005434180493466556}}