{"train_samples": 50, "test_samples": 200, "source_model": "text-embedding-ada-002", "source_dim": 1536, "target_dim": 512, "test_results": {"bleu": 0.21, "bleu1": 15.03, "bleu2": 0.81, "bleu3": 0.02, "bleu4": 0.01, "rougeL": 0.1135, "rouge1": 0.1242, "rouge2": 0.0093, "exact_match": 0.0}, "loss": {"X_Y_COS": 1.0, "X_Y_MSEloss": 1.6597896017669922e-12, "X_Y_test_COS": 0.9058234691619873, "X_Y_test_MSEloss": 0.00035169420880265534, "X_Y_val_COS": 0.9061008095741272, "X_Y_val_MSEloss": 0.0003512832336127758}}