{"train_samples": 30, "test_samples": 200, "source_model": "text-embedding-3-large", "source_dim": 3072, "target_dim": 512, "test_results": {"bleu": 0.1, "bleu1": 11.19, "bleu2": 0.33, "bleu3": 0.02, "bleu4": 0.01, "rougeL": 0.0439, "rouge1": 0.0469, "rouge2": 0.0027, "exact_match": 0.0}, "loss": {"X_Y_COS": 1.0, "X_Y_MSEloss": 1.928972172965393e-12, "X_Y_test_COS": 0.8909085392951965, "X_Y_test_MSEloss": 0.001369002740830183, "X_Y_val_COS": 0.894042432308197, "X_Y_val_MSEloss": 0.0013995300978422165}}