{"train_samples": 500, "test_samples": 200, "source_model": "text-embedding-ada-002", "source_dim": 1536, "target_dim": 512, "test_results": {"bleu": 0.08, "bleu1": 10.95, "bleu2": 0.04, "bleu3": 0.02, "bleu4": 0.01, "rougeL": 0.0149, "rouge1": 0.0158, "rouge2": 0.0, "exact_match": 0.0}, "loss": {"X_Y_COS": 0.9699798822402954, "X_Y_MSEloss": 0.00011624298349488527, "X_Y_test_COS": 0.8804943561553955, "X_Y_test_MSEloss": 0.00044880874338559806, "X_Y_val_COS": 0.8805641531944275, "X_Y_val_MSEloss": 0.00044828696991316974}}