{"train_samples": 500, "test_samples": 200, "source_model": "google/mt5-base", "source_dim": 768, "target_dim": 512, "test_results": {"bleu": 0.08, "bleu1": 10.54, "bleu2": 0.04, "bleu3": 0.02, "bleu4": 0.01, "rougeL": 0.0816, "rouge1": 0.0941, "rouge2": 0.0048, "exact_match": 0.0}, "loss": {"X_Y_COS": 0.9581254720687866, "X_Y_MSEloss": 0.0001610976760275662, "X_Y_test_COS": 0.8258038759231567, "X_Y_test_MSEloss": 0.0006577378371730447, "X_Y_val_COS": 0.8228057622909546, "X_Y_val_MSEloss": 0.0006674742326140404}}