{"train_samples": 1000, "test_samples": 200, "source_model": "sentence-transformers/all-MiniLM-L6-v2", "source_dim": 384, "target_dim": 512, "test_results": {"bleu": 0.69, "bleu1": 18.03, "bleu2": 1.41, "bleu3": 0.2, "bleu4": 0.08, "rougeL": 0.1067, "rouge1": 0.1387, "rouge2": 0.0157, "exact_match": 0.0}, "loss": {"X_Y_COS": 0.9531029462814331, "X_Y_MSEloss": 0.0002770087739918381, "X_Y_test_COS": 0.8084177374839783, "X_Y_test_MSEloss": 0.0007673745276406407, "X_Y_val_COS": 0.8085806369781494, "X_Y_val_MSEloss": 0.0007505824905820191}}