{"train_samples": 10, "test_samples": 200, "source_model": "text-embedding-ada-002", "source_dim": 1536, "target_dim": 512, "test_results": {"bleu": 0.13, "bleu1": 12.5, "bleu2": 0.2, "bleu3": 0.02, "bleu4": 0.01, "rougeL": 0.0582, "rouge1": 0.0651, "rouge2": 0.0089, "exact_match": 0.0}, "loss": {"X_Y_COS": 1.0, "X_Y_MSEloss": 1.5194717576514e-15, "X_Y_test_COS": 0.8894155621528625, "X_Y_test_MSEloss": 0.00040785575401969254, "X_Y_val_COS": 0.8875793814659119, "X_Y_val_MSEloss": 0.00041423997026868165}}