{"train_samples": 30, "test_samples": 200, "source_model": "google-t5/t5-base", "source_dim": 768, "target_dim": 512, "test_results": {"bleu": 0.18, "bleu1": 15.02, "bleu2": 0.71, "bleu3": 0.02, "bleu4": 0.01, "rougeL": 0.1219, "rouge1": 0.1519, "rouge2": 0.0084, "exact_match": 0.0}, "loss": {"X_Y_COS": 1.0, "X_Y_MSEloss": 6.934664160181819e-14, "X_Y_test_COS": 0.882832944393158, "X_Y_test_MSEloss": 0.0004312694654799998, "X_Y_val_COS": 0.8821980357170105, "X_Y_val_MSEloss": 0.00043327509774826467}}