{"train_samples": 100, "test_samples": 200, "source_model": "text-embedding-3-large", "source_dim": 3072, "target_dim": 512, "test_results": {"bleu": 0.1, "bleu1": 11.44, "bleu2": 0.03, "bleu3": 0.02, "bleu4": 0.01, "rougeL": 0.0015, "rouge1": 0.0015, "rouge2": 0.0, "exact_match": 0.0}, "loss": {"X_Y_COS": 1.0, "X_Y_MSEloss": 3.8038686885402944e-15, "X_Y_test_COS": 0.895128607749939, "X_Y_test_MSEloss": 0.0004141772515140474, "X_Y_val_COS": 0.8929328918457031, "X_Y_val_MSEloss": 0.0004209183098282665}}