{"train_samples": 20, "test_samples": 200, "source_model": "sentence-transformers/gtr-t5-base", "source_dim": 768, "target_dim": 512, "test_results": {"bleu": 0.04, "bleu1": 7.2, "bleu2": 0.02, "bleu3": 0.01, "bleu4": 0.01, "rougeL": 0.0139, "rouge1": 0.0139, "rouge2": 0.0, "exact_match": 0.0}, "loss": {"X_Y_COS": 1.0, "X_Y_MSEloss": 1.906214353031288e-10, "X_Y_test_COS": 0.8668850660324097, "X_Y_test_MSEloss": 0.0010981046361848712, "X_Y_val_COS": 0.8627200722694397, "X_Y_val_MSEloss": 0.0011687004007399082}}