{"train_samples": 20, "test_samples": 200, "source_model": "google-bert/bert-base-multilingual-cased", "source_dim": 768, "target_dim": 512, "test_results": {"bleu": 10.02, "bleu1": 24.89, "bleu2": 9.04, "bleu3": 7.44, "bleu4": 6.79, "rougeL": 0.1875, "rouge1": 0.2177, "rouge2": 0.0867, "exact_match": 0.0}, "loss": {"X_Y_COS": 1.0, "X_Y_MSEloss": 4.110000795238102e-15, "X_Y_test_COS": 0.9003655910491943, "X_Y_test_MSEloss": 0.0003739438543561846, "X_Y_val_COS": 0.9026329517364502, "X_Y_val_MSEloss": 0.0003650700964499265}}