{"train_samples": 10, "test_samples": 200, "source_model": "intfloat/multilingual-e5-base", "source_dim": 768, "target_dim": 512, "test_results": {"bleu": 0.25, "bleu1": 14.76, "bleu2": 0.74, "bleu3": 0.03, "bleu4": 0.02, "rougeL": 0.1003, "rouge1": 0.1266, "rouge2": 0.0062, "exact_match": 0.0}, "loss": {"X_Y_COS": 1.0, "X_Y_MSEloss": 1.4639557359806955e-15, "X_Y_test_COS": 0.8981759548187256, "X_Y_test_MSEloss": 0.00037796181277371943, "X_Y_val_COS": 0.8966658115386963, "X_Y_val_MSEloss": 0.0003834253002423793}}