{"train_samples": 20, "test_samples": 200, "source_model": "sentence-transformers/all-MiniLM-L6-v2", "source_dim": 384, "target_dim": 512, "test_results": {"bleu": 0.11, "bleu1": 12.25, "bleu2": 0.3, "bleu3": 0.02, "bleu4": 0.01, "rougeL": 0.0352, "rouge1": 0.0396, "rouge2": 0.0018, "exact_match": 0.0}, "loss": {"X_Y_COS": 1.0, "X_Y_MSEloss": 5.22476868102087e-16, "X_Y_test_COS": 0.4233461022377014, "X_Y_test_MSEloss": 0.0015050345100462437, "X_Y_val_COS": 0.4611537456512451, "X_Y_val_MSEloss": 0.001459411927498877}}