{"train_samples": 50, "test_samples": 200, "source_model": "intfloat/multilingual-e5-base", "source_dim": 768, "target_dim": 512, "test_results": {"bleu": 0.12, "bleu1": 8.13, "bleu2": 0.16, "bleu3": 0.02, "bleu4": 0.01, "rougeL": 0.0822, "rouge1": 0.1005, "rouge2": 0.0003, "exact_match": 0.0}, "loss": {"X_Y_COS": 1.0, "X_Y_MSEloss": 5.8593551018060186e-12, "X_Y_test_COS": 0.9024713635444641, "X_Y_test_MSEloss": 0.0003631639410741627, "X_Y_val_COS": 0.9007698893547058, "X_Y_val_MSEloss": 0.00036936200922355056}}