{"train_samples": 50, "test_samples": 200, "source_model": "sentence-transformers/all-MiniLM-L6-v2", "source_dim": 384, "target_dim": 512, "test_results": {"bleu": 0.71, "bleu1": 16.37, "bleu2": 1.39, "bleu3": 0.3, "bleu4": 0.09, "rougeL": 0.1075, "rouge1": 0.1384, "rouge2": 0.0123, "exact_match": 0.0}, "loss": {"X_Y_COS": 1.0, "X_Y_MSEloss": 2.3680610250487177e-10, "X_Y_test_COS": 0.596736490726471, "X_Y_test_MSEloss": 0.0023827909026294947, "X_Y_val_COS": 0.5278390645980835, "X_Y_val_MSEloss": 0.0024518859572708607}}