{"train_samples": 10, "test_samples": 200, "source_model": "google-bert/bert-base-multilingual-cased", "source_dim": 768, "target_dim": 512, "test_results": {"bleu": 0.2, "bleu1": 17.14, "bleu2": 0.81, "bleu3": 0.02, "bleu4": 0.01, "rougeL": 0.1261, "rouge1": 0.1578, "rouge2": 0.0094, "exact_match": 0.0}, "loss": {"X_Y_COS": 1.0, "X_Y_MSEloss": 9.719214967007241e-16, "X_Y_test_COS": 0.9214714765548706, "X_Y_test_MSEloss": 0.0005418125656433403, "X_Y_val_COS": 0.9225962162017822, "X_Y_val_MSEloss": 0.0005294036236591637}}