{"train_samples": 5, "test_samples": 200, "source_model": "google/mt5-base", "source_dim": 768, "target_dim": 512, "test_results": {"bleu": 0.04, "bleu1": 9.43, "bleu2": 0.02, "bleu3": 0.01, "bleu4": 0.01, "rougeL": 0.0787, "rouge1": 0.0872, "rouge2": 0.003, "exact_match": 0.0}, "loss": {"X_Y_COS": 1.0, "X_Y_MSEloss": 7.192738031496317e-16, "X_Y_test_COS": 0.7713324427604675, "X_Y_test_MSEloss": 0.0007936632609926164, "X_Y_val_COS": 0.774476170539856, "X_Y_val_MSEloss": 0.0007810333045199513}}