{"train_samples": 1000, "test_samples": 200, "source_model": "google-t5/t5-base", "source_dim": 768, "target_dim": 512, "test_results": {"bleu": 1.15, "bleu1": 28.38, "bleu2": 2.87, "bleu3": 0.41, "bleu4": 0.08, "rougeL": 0.1667, "rouge1": 0.2315, "rouge2": 0.0312, "exact_match": 0.0}, "loss": {"X_Y_COS": 0.9784479141235352, "X_Y_MSEloss": 8.392007293878123e-05, "X_Y_test_COS": 0.9189121723175049, "X_Y_test_MSEloss": 0.00031572458101436496, "X_Y_val_COS": 0.9161906838417053, "X_Y_val_MSEloss": 0.0003255714545957744}}