{"train_samples": 30, "test_samples": 200, "source_model": "google-t5/t5-base", "source_dim": 768, "target_dim": 512, "test_results": {"bleu": 0.24, "bleu1": 19.7, "bleu2": 1.03, "bleu3": 0.02, "bleu4": 0.01, "rougeL": 0.1132, "rouge1": 0.1292, "rouge2": 0.0063, "exact_match": 0.0}, "loss": {"X_Y_COS": 1.0, "X_Y_MSEloss": 5.405119754553489e-11, "X_Y_test_COS": 0.913848876953125, "X_Y_test_MSEloss": 0.0007798262522555888, "X_Y_val_COS": 0.9177407622337341, "X_Y_val_MSEloss": 0.0007642643759027123}}