{"train_samples": 1000, "test_samples": 200, "source_model": "google-bert/bert-base-multilingual-cased", "source_dim": 768, "target_dim": 512, "test_results": {"bleu": 0.67, "bleu1": 15.33, "bleu2": 1.5, "bleu3": 0.19, "bleu4": 0.06, "rougeL": 0.1114, "rouge1": 0.1261, "rouge2": 0.0105, "exact_match": 0.0}, "loss": {"X_Y_COS": 0.9127324223518372, "X_Y_MSEloss": 0.0004480780044104904, "X_Y_test_COS": -0.08035933971405029, "X_Y_test_MSEloss": 0.00912201777100563, "X_Y_val_COS": -0.058565232902765274, "X_Y_val_MSEloss": 0.009860267862677574}}