{"train_samples": 30, "test_samples": 200, "source_model": "text-embedding-3-large", "source_dim": 3072, "target_dim": 512, "test_results": {"bleu": 0.23, "bleu1": 16.56, "bleu2": 1.01, "bleu3": 0.02, "bleu4": 0.01, "rougeL": 0.1287, "rouge1": 0.1515, "rouge2": 0.0111, "exact_match": 0.0}, "loss": {"X_Y_COS": 1.0, "X_Y_MSEloss": 4.2810228353380535e-16, "X_Y_test_COS": 0.9328548908233643, "X_Y_test_MSEloss": 0.0002996669209096581, "X_Y_val_COS": 0.9359452724456787, "X_Y_val_MSEloss": 0.00028261603438295424}}