{"train_samples": 30, "test_samples": 200, "source_model": "text-embedding-3-large", "source_dim": 3072, "target_dim": 512, "test_results": {"bleu": 0.23, "bleu1": 14.35, "bleu2": 1.16, "bleu3": 0.02, "bleu4": 0.01, "rougeL": 0.1315, "rouge1": 0.1491, "rouge2": 0.0118, "exact_match": 0.0}, "loss": {"X_Y_COS": 1.0, "X_Y_MSEloss": 2.9728013806054956e-14, "X_Y_test_COS": 0.9222733974456787, "X_Y_test_MSEloss": 0.0006610607961192727, "X_Y_val_COS": 0.9238668084144592, "X_Y_val_MSEloss": 0.0006523993797600269}}