{"train_samples": 10, "test_samples": 200, "source_model": "google/flan-t5-base", "source_dim": 768, "target_dim": 512, "test_results": {"bleu": 0.42, "bleu1": 19.62, "bleu2": 1.3, "bleu3": 0.11, "bleu4": 0.01, "rougeL": 0.1241, "rouge1": 0.1644, "rouge2": 0.014, "exact_match": 0.0}, "loss": {"X_Y_COS": 1.0, "X_Y_MSEloss": 4.778681426327353e-16, "X_Y_test_COS": 0.8399400115013123, "X_Y_test_MSEloss": 0.0005819167126901448, "X_Y_val_COS": 0.843837559223175, "X_Y_val_MSEloss": 0.0005699607427231967}}