{"train_samples": 100, "test_samples": 200, "source_model": "intfloat/multilingual-e5-base", "source_dim": 768, "target_dim": 512, "test_results": {"bleu": 0.22, "bleu1": 15.48, "bleu2": 1.08, "bleu3": 0.02, "bleu4": 0.01, "rougeL": 0.1226, "rouge1": 0.1381, "rouge2": 0.0099, "exact_match": 0.0}, "loss": {"X_Y_COS": 0.9999998211860657, "X_Y_MSEloss": 4.16386036761196e-09, "X_Y_test_COS": 0.9110201597213745, "X_Y_test_MSEloss": 0.0006357124075293541, "X_Y_val_COS": 0.9101302623748779, "X_Y_val_MSEloss": 0.00065628468291834}}