{"train_samples": 20, "test_samples": 200, "source_model": "sentence-transformers/gtr-t5-base", "source_dim": 768, "target_dim": 512, "test_results": {"bleu": 0.56, "bleu1": 21.32, "bleu2": 1.41, "bleu3": 0.15, "bleu4": 0.03, "rougeL": 0.1206, "rouge1": 0.1583, "rouge2": 0.0125, "exact_match": 0.0}, "loss": {"X_Y_COS": 1.0, "X_Y_MSEloss": 5.138237383316147e-16, "X_Y_test_COS": 0.8413007855415344, "X_Y_test_MSEloss": 0.0006460683071054518, "X_Y_val_COS": 0.8369350433349609, "X_Y_val_MSEloss": 0.0006593601428903639}}