{"train_samples": 1, "test_samples": 200, "source_model": "google-t5/t5-base", "source_dim": 768, "target_dim": 512, "test_results": {"bleu": 0.14, "bleu1": 10.66, "bleu2": 0.64, "bleu3": 0.01, "bleu4": 0.01, "rougeL": 0.081, "rouge1": 0.0828, "rouge2": 0.0025, "exact_match": 0.0}, "loss": {"X_Y_COS": 1.0, "X_Y_MSEloss": 6.834840538548468e-17, "X_Y_test_COS": 0.8369582891464233, "X_Y_test_MSEloss": 0.0016199230449274182, "X_Y_val_COS": 0.8399035930633545, "X_Y_val_MSEloss": 0.0016295715468004346}}