{"train_samples": 50, "test_samples": 200, "source_model": "text-embedding-ada-002", "source_dim": 1536, "target_dim": 512, "test_results": {"bleu": 0.25, "bleu1": 19.71, "bleu2": 0.78, "bleu3": 0.03, "bleu4": 0.01, "rougeL": 0.1205, "rouge1": 0.1575, "rouge2": 0.0082, "exact_match": 0.0}, "loss": {"X_Y_COS": 1.0, "X_Y_MSEloss": 1.8953518225381383e-13, "X_Y_test_COS": 0.8887836337089539, "X_Y_test_MSEloss": 0.00041081622475758195, "X_Y_val_COS": 0.8872507810592651, "X_Y_val_MSEloss": 0.0004162633267696947}}