{"train_samples": 5, "test_samples": 200, "source_model": "google/flan-t5-base", "source_dim": 768, "target_dim": 512, "test_results": {"bleu": 0.11, "bleu1": 11.91, "bleu2": 0.15, "bleu3": 0.02, "bleu4": 0.01, "rougeL": 0.0345, "rouge1": 0.0361, "rouge2": 0.0, "exact_match": 0.0}, "loss": {"X_Y_COS": 1.0, "X_Y_MSEloss": 3.6504790686055395e-16, "X_Y_test_COS": 0.8679905533790588, "X_Y_test_MSEloss": 0.0004886758979409933, "X_Y_val_COS": 0.8684716820716858, "X_Y_val_MSEloss": 0.00048744853120297194}}