{"train_samples": 10, "test_samples": 200, "source_model": "google-bert/bert-base-multilingual-cased", "source_dim": 768, "target_dim": 512, "test_results": {"bleu": 0.08, "bleu1": 11.29, "bleu2": 0.08, "bleu3": 0.02, "bleu4": 0.01, "rougeL": 0.0043, "rouge1": 0.0043, "rouge2": 0.0003, "exact_match": 0.0}, "loss": {"X_Y_COS": 1.0, "X_Y_MSEloss": 6.596107611087294e-16, "X_Y_test_COS": 0.8166694641113281, "X_Y_test_MSEloss": 0.0006548993405885994, "X_Y_val_COS": 0.8181884288787842, "X_Y_val_MSEloss": 0.0006486896891146898}}