{"train_samples": 500, "test_samples": 200, "source_model": "text-embedding-ada-002", "source_dim": 1536, "target_dim": 512, "test_results": {"bleu": 0.16, "bleu1": 11.76, "bleu2": 0.14, "bleu3": 0.03, "bleu4": 0.02, "rougeL": 0.0169, "rouge1": 0.0176, "rouge2": 0.0, "exact_match": 0.0}, "loss": {"X_Y_COS": 0.97622150182724, "X_Y_MSEloss": 9.21988976188004e-05, "X_Y_test_COS": 0.9097113013267517, "X_Y_test_MSEloss": 0.00034187367418780923, "X_Y_val_COS": 0.9084233045578003, "X_Y_val_MSEloss": 0.00034671626053750515}}