{"train_samples": 40, "test_samples": 200, "source_model": "sentence-transformers/gtr-t5-base", "source_dim": 768, "target_dim": 512, "test_results": {"bleu": 0.16, "bleu1": 15.35, "bleu2": 0.77, "bleu3": 0.01, "bleu4": 0.01, "rougeL": 0.1062, "rouge1": 0.1381, "rouge2": 0.0096, "exact_match": 0.0}, "loss": {"X_Y_COS": 1.0, "X_Y_MSEloss": 3.067217051565675e-15, "X_Y_test_COS": 0.890825629234314, "X_Y_test_MSEloss": 0.0008525318116880953, "X_Y_val_COS": 0.892051100730896, "X_Y_val_MSEloss": 0.0008628013893030584}}