{"train_samples": 20, "test_samples": 200, "source_model": "google-bert/bert-base-multilingual-cased", "source_dim": 768, "target_dim": 512, "test_results": {"bleu": 0.13, "bleu1": 9.99, "bleu2": 0.21, "bleu3": 0.02, "bleu4": 0.01, "rougeL": 0.063, "rouge1": 0.0694, "rouge2": 0.0106, "exact_match": 0.0}, "loss": {"X_Y_COS": 1.0, "X_Y_MSEloss": 1.8202379881149255e-10, "X_Y_test_COS": 0.8855935335159302, "X_Y_test_MSEloss": 0.0008674365817569196, "X_Y_val_COS": 0.8838676810264587, "X_Y_val_MSEloss": 0.0009224755922332406}}