{"train_samples": 30, "test_samples": 200, "source_model": "google/flan-t5-base", "source_dim": 768, "target_dim": 512, "test_results": {"bleu": 1.08, "bleu1": 21.45, "bleu2": 2.0, "bleu3": 0.42, "bleu4": 0.1, "rougeL": 0.1345, "rouge1": 0.1762, "rouge2": 0.018, "exact_match": 0.0}, "loss": {"X_Y_COS": 1.0, "X_Y_MSEloss": 4.59820063969385e-11, "X_Y_test_COS": 0.8830724954605103, "X_Y_test_MSEloss": 0.0009062850149348378, "X_Y_val_COS": 0.8898871541023254, "X_Y_val_MSEloss": 0.0008536021341569722}}