{"train_samples": 20, "test_samples": 200, "source_model": "google-t5/t5-base", "source_dim": 768, "target_dim": 512, "test_results": {"bleu": 0.25, "bleu1": 18.23, "bleu2": 0.58, "bleu3": 0.03, "bleu4": 0.02, "rougeL": 0.1169, "rouge1": 0.1592, "rouge2": 0.0088, "exact_match": 0.0}, "loss": {"X_Y_COS": 1.0, "X_Y_MSEloss": 4.52630690090175e-15, "X_Y_test_COS": 0.8882468342781067, "X_Y_test_MSEloss": 0.0004130281158722937, "X_Y_val_COS": 0.8894477486610413, "X_Y_val_MSEloss": 0.0004085334367118776}}