{"train_samples": 1000, "test_samples": 200, "source_model": "google-bert/bert-base-multilingual-cased", "source_dim": 768, "target_dim": 512, "test_results": {"bleu": 1.29, "bleu1": 10.12, "bleu2": 1.35, "bleu3": 0.7, "bleu4": 0.31, "rougeL": 0.05, "rouge1": 0.0565, "rouge2": 0.0021, "exact_match": 0.0}, "loss": {"X_Y_COS": 0.9079606533050537, "X_Y_MSEloss": 0.0004347474023234099, "X_Y_test_COS": 0.11959373950958252, "X_Y_test_MSEloss": 0.007072899024933577, "X_Y_val_COS": -0.03130422160029411, "X_Y_val_MSEloss": 0.008098086342215538}}