{"train_samples": 3, "test_samples": 200, "source_model": "text-embedding-ada-002", "source_dim": 1536, "target_dim": 512, "test_results": {"bleu": 0.27, "bleu1": 14.5, "bleu2": 0.45, "bleu3": 0.08, "bleu4": 0.01, "rougeL": 0.0869, "rouge1": 0.0961, "rouge2": 0.0028, "exact_match": 0.0}, "loss": {"X_Y_COS": 1.0, "X_Y_MSEloss": 1.3294435158249236e-15, "X_Y_test_COS": 0.8380163311958313, "X_Y_test_MSEloss": 0.0005774697638116777, "X_Y_val_COS": 0.8393428325653076, "X_Y_val_MSEloss": 0.000573632016312331}}