{"train_samples": 500, "test_samples": 200, "source_model": "intfloat/multilingual-e5-base", "source_dim": 768, "target_dim": 512, "test_results": {"bleu": 0.35, "bleu1": 16.98, "bleu2": 1.0, "bleu3": 0.13, "bleu4": 0.03, "rougeL": 0.0617, "rouge1": 0.0713, "rouge2": 0.0059, "exact_match": 0.0}, "loss": {"X_Y_COS": 0.9796352982521057, "X_Y_MSEloss": 0.0001943100505741313, "X_Y_test_COS": 0.8514707684516907, "X_Y_test_MSEloss": 0.0014355331659317017, "X_Y_val_COS": 0.8626630902290344, "X_Y_val_MSEloss": 0.0013299378333613276}}