{"train_samples": 1000, "test_samples": 200, "source_model": "google-t5/t5-base", "source_dim": 768, "target_dim": 512, "test_results": {"bleu": 0.82, "bleu1": 21.22, "bleu2": 1.9, "bleu3": 0.24, "bleu4": 0.13, "rougeL": 0.0933, "rouge1": 0.1082, "rouge2": 0.0087, "exact_match": 0.0}, "loss": {"X_Y_COS": 0.9640417695045471, "X_Y_MSEloss": 0.00013886138913221657, "X_Y_test_COS": 0.8582661151885986, "X_Y_test_MSEloss": 0.0005460979882627726, "X_Y_val_COS": 0.8656736612319946, "X_Y_val_MSEloss": 0.000520456291269511}}