{"train_samples": 5, "test_samples": 200, "source_model": "google/mt5-base", "source_dim": 768, "target_dim": 512, "test_results": {"bleu": 0.16, "bleu1": 12.34, "bleu2": 0.57, "bleu3": 0.03, "bleu4": 0.02, "rougeL": 0.0888, "rouge1": 0.1046, "rouge2": 0.005, "exact_match": 0.0}, "loss": {"X_Y_COS": 1.0, "X_Y_MSEloss": 4.474923235343344e-16, "X_Y_test_COS": 0.8553985953330994, "X_Y_test_MSEloss": 0.000525467679835856, "X_Y_val_COS": 0.857122004032135, "X_Y_val_MSEloss": 0.0005183298490010202}}