{"epoch": 2, "dev_acc": 57.99999999999999, "test_acc": 51.5, "test_f1": 51.06, "test_roc": 53.580000000000005}