{"train_samples": 30, "test_samples": 200, "source_model": "intfloat/multilingual-e5-base", "source_dim": 768, "target_dim": 512, "test_results": {"bleu": 0.14, "bleu1": 16.14, "bleu2": 0.71, "bleu3": 0.01, "bleu4": 0.01, "rougeL": 0.065, "rouge1": 0.0776, "rouge2": 0.0066, "exact_match": 0.0}, "loss": {"X_Y_COS": 1.0, "X_Y_MSEloss": 1.352415629572029e-13, "X_Y_test_COS": 0.871025800704956, "X_Y_test_MSEloss": 0.00047306905617006123, "X_Y_val_COS": 0.874711811542511, "X_Y_val_MSEloss": 0.000459603063063696}}