{"train_samples": 40, "test_samples": 200, "source_model": "google/flan-t5-base", "source_dim": 768, "target_dim": 512, "test_results": {"bleu": 0.75, "bleu1": 16.11, "bleu2": 1.32, "bleu3": 0.35, "bleu4": 0.2, "rougeL": 0.0713, "rouge1": 0.0845, "rouge2": 0.0098, "exact_match": 0.0}, "loss": {"X_Y_COS": 1.0, "X_Y_MSEloss": 5.565092860821373e-14, "X_Y_test_COS": 0.8642734289169312, "X_Y_test_MSEloss": 0.0004953145398758352, "X_Y_val_COS": 0.8533629179000854, "X_Y_val_MSEloss": 0.0005328033585101366}}