{"train_samples": 100, "test_samples": 200, "source_model": "google/mt5-base", "source_dim": 768, "target_dim": 512, "test_results": {"bleu": 0.14, "bleu1": 13.02, "bleu2": 0.33, "bleu3": 0.02, "bleu4": 0.01, "rougeL": 0.0405, "rouge1": 0.0448, "rouge2": 0.0023, "exact_match": 0.0}, "loss": {"X_Y_COS": 0.9999998211860657, "X_Y_MSEloss": 5.807975211880034e-10, "X_Y_test_COS": 0.8905882835388184, "X_Y_test_MSEloss": 0.00041512720054015517, "X_Y_val_COS": 0.8913657665252686, "X_Y_val_MSEloss": 0.0004104807158000767}}