{"train_samples": 3, "test_samples": 200, "source_model": "google/mt5-base", "source_dim": 768, "target_dim": 512, "test_results": {"bleu": 0.14, "bleu1": 15.31, "bleu2": 0.43, "bleu3": 0.02, "bleu4": 0.01, "rougeL": 0.0957, "rouge1": 0.1261, "rouge2": 0.0079, "exact_match": 0.0}, "loss": {"X_Y_COS": 0.9999999403953552, "X_Y_MSEloss": 1.5015681753549615e-10, "X_Y_test_COS": 0.8736201524734497, "X_Y_test_MSEloss": 0.0008714803261682391, "X_Y_val_COS": 0.8755479454994202, "X_Y_val_MSEloss": 0.0008295009029097855}}