{"cosine_similarities": {"X_Y_COS": 0.5238515734672546, "X_Y_test_COS": 0.4969135522842407, "X_Y_COS_LOSS": 0.476148396730423, "X_Y_MSE_LOSS": 0.008452575653791428, "X_Y_test_COS_LOSS": 0.5030863881111145, "X_Y_test_MSE_LOSS": 0.00877829547971487}, "rouge_results": {"X_vs_gold": {"rouge1_f": 0.16111722460781272, "rouge2_f": 0.030576789591339, "rougeL_f": 0.1440797049198452}, "Y_vs_gold": {"rouge1_f": 0.7443278060761083, "rouge2_f": 0.6787489192369293, "rougeL_f": 0.7300121887720072}, "X_vs_Y": {"rouge1_f": 0.16444215291250067, "rouge2_f": 0.032382496332553995, "rougeL_f": 0.15382766178600144}}}