{"epoch": 0, "dev_acc": 28.499999999999996, "test_acc": 26.0, "test_f1": 25.759999999999998, "test_roc": 48.449999999999996}