{"train_samples": 1, "test_samples": 200, "source_model": "google-t5/t5-base", "source_dim": 768, "target_dim": 512, "test_results": {"bleu": 0.04, "bleu1": 10.99, "bleu2": 0.02, "bleu3": 0.01, "bleu4": 0.01, "rougeL": 0.0244, "rouge1": 0.0257, "rouge2": 0.0, "exact_match": 0.0}, "loss": {"X_Y_COS": 0.9999999403953552, "X_Y_MSEloss": 6.851603601816039e-18, "X_Y_test_COS": 0.8470945358276367, "X_Y_test_MSEloss": 0.001547152642160654, "X_Y_val_COS": 0.8453200459480286, "X_Y_val_MSEloss": 0.0015355402138084173}}