{"train_samples": 1000, "test_samples": 200, "source_model": "text-embedding-ada-002", "source_dim": 1536, "target_dim": 512, "test_results": {"bleu": 0.15, "bleu1": 12.96, "bleu2": 0.28, "bleu3": 0.02, "bleu4": 0.01, "rougeL": 0.0649, "rouge1": 0.0745, "rouge2": 0.0056, "exact_match": 0.0}, "loss": {"X_Y_COS": 0.9539694786071777, "X_Y_MSEloss": 0.00017650627705734223, "X_Y_test_COS": 0.904019296169281, "X_Y_test_MSEloss": 0.0003612193395383656, "X_Y_val_COS": 0.9062843918800354, "X_Y_val_MSEloss": 0.0003533469862304628}}