{"train_samples": 10, "test_samples": 200, "source_model": "google/mt5-base", "source_dim": 768, "target_dim": 512, "test_results": {"bleu": 0.29, "bleu1": 18.41, "bleu2": 1.04, "bleu3": 0.03, "bleu4": 0.02, "rougeL": 0.1235, "rouge1": 0.1568, "rouge2": 0.0108, "exact_match": 0.0}, "loss": {"X_Y_COS": 1.0, "X_Y_MSEloss": 1.9038471564232842e-15, "X_Y_test_COS": 0.9218412041664124, "X_Y_test_MSEloss": 0.0003015002585016191, "X_Y_val_COS": 0.9225562810897827, "X_Y_val_MSEloss": 0.0002975495590362698}}