{"train_samples": 10, "test_samples": 200, "source_model": "google/mt5-base", "source_dim": 768, "target_dim": 512, "test_results": {"bleu": 0.4, "bleu1": 16.78, "bleu2": 0.96, "bleu3": 0.06, "bleu4": 0.03, "rougeL": 0.1245, "rouge1": 0.1595, "rouge2": 0.0098, "exact_match": 0.0}, "loss": {"X_Y_COS": 1.0, "X_Y_MSEloss": 1.6603460210981753e-14, "X_Y_test_COS": 0.9209074974060059, "X_Y_test_MSEloss": 0.0005618082941509783, "X_Y_val_COS": 0.9235386848449707, "X_Y_val_MSEloss": 0.0005421681562438607}}