{"train_samples": 5, "test_samples": 200, "source_model": "text-embedding-3-large", "source_dim": 3072, "target_dim": 512, "test_results": {"bleu": 0.04, "bleu1": 6.33, "bleu2": 0.02, "bleu3": 0.01, "bleu4": 0.0, "rougeL": 0.0415, "rouge1": 0.0462, "rouge2": 0.0006, "exact_match": 0.0}, "loss": {"X_Y_COS": 1.0, "X_Y_MSEloss": 1.6898914212415406e-10, "X_Y_test_COS": 0.8471987843513489, "X_Y_test_MSEloss": 0.0015158599708229303, "X_Y_val_COS": 0.8412257432937622, "X_Y_val_MSEloss": 0.0015930531080812216}}