{"train_samples": 5, "test_samples": 200, "source_model": "text-embedding-3-large", "source_dim": 3072, "target_dim": 512, "test_results": {"bleu": 0.04, "bleu1": 9.01, "bleu2": 0.02, "bleu3": 0.01, "bleu4": 0.01, "rougeL": 0.0364, "rouge1": 0.0388, "rouge2": 0.0007, "exact_match": 0.0}, "loss": {"X_Y_COS": 1.0, "X_Y_MSEloss": 1.3880095972595725e-16, "X_Y_test_COS": 0.8370460867881775, "X_Y_test_MSEloss": 0.0007830184767954051, "X_Y_val_COS": 0.8339046835899353, "X_Y_val_MSEloss": 0.0007859726320020854}}