{"train_samples": 50, "test_samples": 200, "source_model": "google-t5/t5-base", "source_dim": 768, "target_dim": 512, "test_results": {"bleu": 0.08, "bleu1": 14.01, "bleu2": 0.03, "bleu3": 0.02, "bleu4": 0.01, "rougeL": 0.0206, "rouge1": 0.0218, "rouge2": 0.0, "exact_match": 0.0}, "loss": {"X_Y_COS": 1.0, "X_Y_MSEloss": 1.2251038941993309e-12, "X_Y_test_COS": 0.8921142220497131, "X_Y_test_MSEloss": 0.0004012711870018393, "X_Y_val_COS": 0.8881822824478149, "X_Y_val_MSEloss": 0.00041486803092993796}}