{"train_samples": 5, "test_samples": 200, "source_model": "sentence-transformers/gtr-t5-base", "source_dim": 768, "target_dim": 512, "test_results": {"bleu": 0.36, "bleu1": 15.78, "bleu2": 0.95, "bleu3": 0.1, "bleu4": 0.01, "rougeL": 0.1162, "rouge1": 0.1421, "rouge2": 0.0163, "exact_match": 0.0}, "loss": {"X_Y_COS": 1.0, "X_Y_MSEloss": 3.024001060019846e-16, "X_Y_test_COS": 0.9051389098167419, "X_Y_test_MSEloss": 0.000731753243599087, "X_Y_val_COS": 0.9050152897834778, "X_Y_val_MSEloss": 0.0007265770109370351}}