{"train_samples": 100, "test_samples": 200, "source_model": "google/flan-t5-base", "source_dim": 768, "target_dim": 512, "test_results": {"bleu": 0.64, "bleu1": 24.06, "bleu2": 1.97, "bleu3": 0.17, "bleu4": 0.03, "rougeL": 0.141, "rouge1": 0.191, "rouge2": 0.0226, "exact_match": 0.0}, "loss": {"X_Y_COS": 0.9999706745147705, "X_Y_MSEloss": 1.1534225308196255e-07, "X_Y_test_COS": 0.9024612307548523, "X_Y_test_MSEloss": 0.00036725273821502924, "X_Y_val_COS": 0.8995088934898376, "X_Y_val_MSEloss": 0.00037689961027354}}