{"train_samples": 30, "test_samples": 200, "source_model": "google/flan-t5-base", "source_dim": 768, "target_dim": 512, "test_results": {"bleu": 0.82, "bleu1": 15.69, "bleu2": 1.41, "bleu3": 0.48, "bleu4": 0.32, "rougeL": 0.0607, "rouge1": 0.0723, "rouge2": 0.0077, "exact_match": 0.0}, "loss": {"X_Y_COS": 1.0, "X_Y_MSEloss": 3.503379769446979e-14, "X_Y_test_COS": 0.8646575212478638, "X_Y_test_MSEloss": 0.000493661209475249, "X_Y_val_COS": 0.8532649278640747, "X_Y_val_MSEloss": 0.0005334442248567939}}