{"train_samples": 40, "test_samples": 200, "source_model": "google/mt5-base", "source_dim": 768, "target_dim": 512, "test_results": {"bleu": 0.7, "bleu1": 17.73, "bleu2": 1.43, "bleu3": 0.33, "bleu4": 0.14, "rougeL": 0.0636, "rouge1": 0.0743, "rouge2": 0.0084, "exact_match": 0.0}, "loss": {"X_Y_COS": 1.0, "X_Y_MSEloss": 2.9849200368359252e-12, "X_Y_test_COS": 0.908615231513977, "X_Y_test_MSEloss": 0.0003394282248336822, "X_Y_val_COS": 0.9071328639984131, "X_Y_val_MSEloss": 0.00034847247297875583}}