{"train_samples": 1, "test_samples": 200, "source_model": "google-t5/t5-base", "source_dim": 768, "target_dim": 512, "test_results": {"bleu": 0.23, "bleu1": 11.79, "bleu2": 0.92, "bleu3": 0.02, "bleu4": 0.01, "rougeL": 0.1018, "rouge1": 0.1222, "rouge2": 0.0093, "exact_match": 0.0}, "loss": {"X_Y_COS": 1.0, "X_Y_MSEloss": 9.283697095308682e-16, "X_Y_test_COS": 0.7923006415367126, "X_Y_test_MSEloss": 0.0016020431648939848, "X_Y_val_COS": 0.7931866645812988, "X_Y_val_MSEloss": 0.001627010409720242}}