{"train_samples": 3, "test_samples": 200, "source_model": "google/flan-t5-base", "source_dim": 768, "target_dim": 512, "test_results": {"bleu": 0.11, "bleu1": 8.97, "bleu2": 0.12, "bleu3": 0.02, "bleu4": 0.01, "rougeL": 0.1972, "rouge1": 0.2635, "rouge2": 0.0118, "exact_match": 0.0}, "loss": {"X_Y_COS": 1.0, "X_Y_MSEloss": 3.755106166437167e-16, "X_Y_test_COS": 0.8583930730819702, "X_Y_test_MSEloss": 0.000515653460752219, "X_Y_val_COS": 0.8595319986343384, "X_Y_val_MSEloss": 0.0005126123433001339}}