{"train_samples": 1000, "test_samples": 200, "source_model": "google/mt5-base", "source_dim": 768, "target_dim": 512, "test_results": {"bleu": 2.85, "bleu1": 13.1, "bleu2": 2.95, "bleu3": 1.84, "bleu4": 0.93, "rougeL": 0.0702, "rouge1": 0.0826, "rouge2": 0.0069, "exact_match": 0.0}, "loss": {"X_Y_COS": 0.9827787280082703, "X_Y_MSEloss": 7.129291770979762e-05, "X_Y_test_COS": 0.6951518058776855, "X_Y_test_MSEloss": 0.0014049917226657271, "X_Y_val_COS": 0.7051469087600708, "X_Y_val_MSEloss": 0.0013634538045153022}}