{"train_samples": 30, "test_samples": 200, "source_model": "google-t5/t5-base", "source_dim": 768, "target_dim": 512, "test_results": {"bleu": 0.1, "bleu1": 10.9, "bleu2": 0.07, "bleu3": 0.02, "bleu4": 0.01, "rougeL": 0.0501, "rouge1": 0.0592, "rouge2": 0.0003, "exact_match": 0.0}, "loss": {"X_Y_COS": 1.0, "X_Y_MSEloss": 7.624603666532906e-14, "X_Y_test_COS": 0.8667817711830139, "X_Y_test_MSEloss": 0.00048787787090986967, "X_Y_val_COS": 0.8635426163673401, "X_Y_val_MSEloss": 0.0004974359180778265}}