{"train_samples": 20, "test_samples": 200, "source_model": "google-bert/bert-base-multilingual-cased", "source_dim": 768, "target_dim": 512, "test_results": {"bleu": 0.18, "bleu1": 13.27, "bleu2": 0.39, "bleu3": 0.02, "bleu4": 0.01, "rougeL": 0.1025, "rouge1": 0.1094, "rouge2": 0.0057, "exact_match": 0.0}, "loss": {"X_Y_COS": 1.0, "X_Y_MSEloss": 1.4834881039861429e-15, "X_Y_test_COS": 0.9001263976097107, "X_Y_test_MSEloss": 0.0003786485467571765, "X_Y_val_COS": 0.9038093090057373, "X_Y_val_MSEloss": 0.00036623029154725373}}