{"train_samples": 30, "test_samples": 200, "source_model": "text-embedding-ada-002", "source_dim": 1536, "target_dim": 512, "test_results": {"bleu": 0.15, "bleu1": 9.99, "bleu2": 0.36, "bleu3": 0.02, "bleu4": 0.01, "rougeL": 0.058, "rouge1": 0.0649, "rouge2": 0.0103, "exact_match": 0.0}, "loss": {"X_Y_COS": 1.0, "X_Y_MSEloss": 5.243684306210916e-11, "X_Y_test_COS": 0.8716259598731995, "X_Y_test_MSEloss": 0.0009589106193743646, "X_Y_val_COS": 0.8673486113548279, "X_Y_val_MSEloss": 0.0010265191085636616}}