{"train_samples": 30, "test_samples": 200, "source_model": "sentence-transformers/all-MiniLM-L6-v2", "source_dim": 384, "target_dim": 512, "test_results": {"bleu": 0.56, "bleu1": 17.62, "bleu2": 1.32, "bleu3": 0.2, "bleu4": 0.04, "rougeL": 0.1123, "rouge1": 0.1444, "rouge2": 0.014, "exact_match": 0.0}, "loss": {"X_Y_COS": 1.0, "X_Y_MSEloss": 2.8632221593660745e-11, "X_Y_test_COS": 0.8643244504928589, "X_Y_test_MSEloss": 0.0010957890190184116, "X_Y_val_COS": 0.8608575463294983, "X_Y_val_MSEloss": 0.0010793068213388324}}