{"train_samples": 500, "test_samples": 200, "source_model": "google-t5/t5-base", "source_dim": 768, "target_dim": 512, "test_results": {"bleu": 0.32, "bleu1": 23.92, "bleu2": 1.3, "bleu3": 0.03, "bleu4": 0.02, "rougeL": 0.144, "rouge1": 0.1824, "rouge2": 0.0113, "exact_match": 0.0}, "loss": {"X_Y_COS": 0.967070996761322, "X_Y_MSEloss": 0.0001269877830054611, "X_Y_test_COS": 0.8925302028656006, "X_Y_test_MSEloss": 0.0004097672936040908, "X_Y_val_COS": 0.8937289118766785, "X_Y_val_MSEloss": 0.00040512322448194027}}