{"train_samples": 10, "test_samples": 200, "source_model": "google/mt5-base", "source_dim": 768, "target_dim": 512, "test_results": {"bleu": 0.41, "bleu1": 12.21, "bleu2": 0.52, "bleu3": 0.22, "bleu4": 0.1, "rougeL": 0.0596, "rouge1": 0.0642, "rouge2": 0.002, "exact_match": 0.0}, "loss": {"X_Y_COS": 1.0, "X_Y_MSEloss": 4.6162800111085225e-15, "X_Y_test_COS": 0.8858762979507446, "X_Y_test_MSEloss": 0.0008523913566023111, "X_Y_val_COS": 0.8888354301452637, "X_Y_val_MSEloss": 0.0008360333740711212}}