{"train_samples": 1000, "test_samples": 200, "source_model": "sentence-transformers/gtr-t5-base", "source_dim": 768, "target_dim": 512, "test_results": {"bleu": 1.42, "bleu1": 24.42, "bleu2": 3.42, "bleu3": 0.48, "bleu4": 0.1, "rougeL": 0.1939, "rouge1": 0.2293, "rouge2": 0.0336, "exact_match": 0.0}, "loss": {"X_Y_COS": 0.988396167755127, "X_Y_MSEloss": 5.697697270079516e-05, "X_Y_test_COS": 0.7700566053390503, "X_Y_test_MSEloss": 0.001048434991389513, "X_Y_val_COS": 0.7541415095329285, "X_Y_val_MSEloss": 0.0011284331558272243}}