{"train_samples": 50, "test_samples": 200, "source_model": "sentence-transformers/all-MiniLM-L6-v2", "source_dim": 384, "target_dim": 512, "test_results": {"bleu": 10.85, "bleu1": 24.94, "bleu2": 9.72, "bleu3": 8.21, "bleu4": 7.6, "rougeL": 0.1946, "rouge1": 0.2325, "rouge2": 0.0947, "exact_match": 0.0}, "loss": {"X_Y_COS": 1.0, "X_Y_MSEloss": 1.1663404396884116e-15, "X_Y_test_COS": 0.816706120967865, "X_Y_test_MSEloss": 0.0006913669058121741, "X_Y_val_COS": 0.7753514051437378, "X_Y_val_MSEloss": 0.0007638144306838512}}