{"train_samples": 500, "test_samples": 200, "source_model": "sentence-transformers/all-MiniLM-L6-v2", "source_dim": 384, "target_dim": 512, "test_results": {"bleu": 0.09, "bleu1": 8.93, "bleu2": 0.06, "bleu3": 0.02, "bleu4": 0.01, "rougeL": 0.064, "rouge1": 0.0769, "rouge2": 0.0026, "exact_match": 0.0}, "loss": {"X_Y_COS": 0.9742060899734497, "X_Y_MSEloss": 0.0001016059031826444, "X_Y_test_COS": 0.8399683237075806, "X_Y_test_MSEloss": 0.0006632283329963684, "X_Y_val_COS": 0.8416821956634521, "X_Y_val_MSEloss": 0.0006431433139368892}}