{"train_samples": 1000, "test_samples": 200, "source_model": "google/mt5-base", "source_dim": 768, "target_dim": 512, "test_results": {"bleu": 0.8, "bleu1": 16.27, "bleu2": 1.36, "bleu3": 0.28, "bleu4": 0.09, "rougeL": 0.1225, "rouge1": 0.1364, "rouge2": 0.0103, "exact_match": 0.0}, "loss": {"X_Y_COS": 0.9157534837722778, "X_Y_MSEloss": 0.00042457354720681906, "X_Y_test_COS": -0.04514884948730469, "X_Y_test_MSEloss": 0.009230873547494411, "X_Y_val_COS": -0.0054408591240644455, "X_Y_val_MSEloss": 0.008952835574746132}}