{"train_samples": 5, "test_samples": 200, "source_model": "google-bert/bert-base-multilingual-cased", "source_dim": 768, "target_dim": 512, "test_results": {"bleu": 0.43, "bleu1": 21.39, "bleu2": 1.21, "bleu3": 0.1, "bleu4": 0.01, "rougeL": 0.1385, "rouge1": 0.1889, "rouge2": 0.0135, "exact_match": 0.0}, "loss": {"X_Y_COS": 1.0, "X_Y_MSEloss": 3.4158202372717604e-16, "X_Y_test_COS": 0.895681619644165, "X_Y_test_MSEloss": 0.0004026092356070876, "X_Y_val_COS": 0.8955349326133728, "X_Y_val_MSEloss": 0.00040007426287047565}}