{"train_samples": 100, "test_samples": 200, "source_model": "google-t5/t5-base", "source_dim": 768, "target_dim": 512, "test_results": {"bleu": 0.54, "bleu1": 17.82, "bleu2": 1.04, "bleu3": 0.18, "bleu4": 0.1, "rougeL": 0.0594, "rouge1": 0.0692, "rouge2": 0.0051, "exact_match": 0.0}, "loss": {"X_Y_COS": 1.0, "X_Y_MSEloss": 7.759950668151383e-12, "X_Y_test_COS": 0.889076828956604, "X_Y_test_MSEloss": 0.0004125869309064001, "X_Y_val_COS": 0.8906222581863403, "X_Y_val_MSEloss": 0.0004082900704815984}}