{"train_samples": 3, "test_samples": 200, "source_model": "text-embedding-ada-002", "source_dim": 1536, "target_dim": 512, "test_results": {"bleu": 0.06, "bleu1": 6.53, "bleu2": 0.05, "bleu3": 0.03, "bleu4": 0.02, "rougeL": 0.0122, "rouge1": 0.0122, "rouge2": 0.0004, "exact_match": 0.0}, "loss": {"X_Y_COS": 1.0, "X_Y_MSEloss": 7.379595617242984e-16, "X_Y_test_COS": 0.845693826675415, "X_Y_test_MSEloss": 0.0005563016165979207, "X_Y_val_COS": 0.8484023809432983, "X_Y_val_MSEloss": 0.0005472055054269731}}