{"train_samples": 40, "test_samples": 200, "source_model": "sentence-transformers/gtr-t5-base", "source_dim": 768, "target_dim": 512, "test_results": {"bleu": 0.18, "bleu1": 13.05, "bleu2": 0.69, "bleu3": 0.01, "bleu4": 0.01, "rougeL": 0.1156, "rouge1": 0.1368, "rouge2": 0.0085, "exact_match": 0.0}, "loss": {"X_Y_COS": 1.0, "X_Y_MSEloss": 3.572533826249778e-15, "X_Y_test_COS": 0.872209906578064, "X_Y_test_MSEloss": 0.0008218665607273579, "X_Y_val_COS": 0.8752436637878418, "X_Y_val_MSEloss": 0.0007950543076731265}}