{"train_samples": 40, "test_samples": 200, "source_model": "sentence-transformers/gtr-t5-base", "source_dim": 768, "target_dim": 512, "test_results": {"bleu": 0.18, "bleu1": 13.57, "bleu2": 0.74, "bleu3": 0.02, "bleu4": 0.01, "rougeL": 0.11, "rouge1": 0.1423, "rouge2": 0.0082, "exact_match": 0.0}, "loss": {"X_Y_COS": 1.0, "X_Y_MSEloss": 1.2553295093687116e-14, "X_Y_test_COS": 0.8707061409950256, "X_Y_test_MSEloss": 0.00047769720549695194, "X_Y_val_COS": 0.8717225193977356, "X_Y_val_MSEloss": 0.0004731841036118567}}