{"train_samples": 1000, "test_samples": 200, "source_model": "google/mt5-base", "source_dim": 768, "target_dim": 512, "test_results": {"bleu": 0.33, "bleu1": 10.2, "bleu2": 0.56, "bleu3": 0.12, "bleu4": 0.02, "rougeL": 0.0604, "rouge1": 0.0679, "rouge2": 0.0031, "exact_match": 0.0}, "loss": {"X_Y_COS": 0.8997025489807129, "X_Y_MSEloss": 0.0004608923918567598, "X_Y_test_COS": -0.06543023139238358, "X_Y_test_MSEloss": 0.008647935464978218, "X_Y_val_COS": 0.006525417324155569, "X_Y_val_MSEloss": 0.0072867306880652905}}