{"train_samples": 20, "test_samples": 200, "source_model": "intfloat/multilingual-e5-base", "source_dim": 768, "target_dim": 512, "test_results": {"bleu": 0.04, "bleu1": 8.88, "bleu2": 0.02, "bleu3": 0.01, "bleu4": 0.01, "rougeL": 0.0118, "rouge1": 0.012, "rouge2": 0.0, "exact_match": 0.0}, "loss": {"X_Y_COS": 1.0, "X_Y_MSEloss": 3.8718926339848664e-14, "X_Y_test_COS": 0.8784664869308472, "X_Y_test_MSEloss": 0.00044627589522860944, "X_Y_val_COS": 0.8763468265533447, "X_Y_val_MSEloss": 0.0004537947825156152}}