{"train_samples": 1000, "test_samples": 200, "source_model": "google/mt5-base", "source_dim": 768, "target_dim": 512, "test_results": {"bleu": 0.23, "bleu1": 10.91, "bleu2": 0.53, "bleu3": 0.03, "bleu4": 0.02, "rougeL": 0.0678, "rouge1": 0.0762, "rouge2": 0.0049, "exact_match": 0.0}, "loss": {"X_Y_COS": 0.9054004549980164, "X_Y_MSEloss": 0.0004407659871503711, "X_Y_test_COS": 0.04711483046412468, "X_Y_test_MSEloss": 0.007791687268763781, "X_Y_val_COS": 0.022759398445487022, "X_Y_val_MSEloss": 0.008047888986766338}}