{"cosine_similarities": {"X_Y_COS": 0.8482945561408997, "X_Y_test_COS": 0.8349119424819946, "X_Y_COS_LOSS": 0.15170544385910034, "X_Y_MSE_LOSS": 0.026432812213897705, "X_Y_test_COS_LOSS": 0.1650879681110382, "X_Y_test_MSE_LOSS": 0.028110802173614502}, "rouge_results": {"X_vs_gold": {"rouge1_f": 0.0, "rouge2_f": 0.0, "rougeL_f": 0.0}, "Y_vs_gold": {"rouge1_f": 0.0016609147248746803, "rouge2_f": 0.0, "rougeL_f": 0.0016609147248746803}, "X_vs_Y": {"rouge1_f": 0.6682873297564373, "rouge2_f": 0.5623180258853633, "rougeL_f": 0.6672317742008818}}}