{"train_samples": 30, "test_samples": 200, "source_model": "text-embedding-3-large", "source_dim": 3072, "target_dim": 512, "test_results": {"bleu": 0.51, "bleu1": 14.51, "bleu2": 0.66, "bleu3": 0.11, "bleu4": 0.07, "rougeL": 0.0968, "rouge1": 0.1186, "rouge2": 0.0069, "exact_match": 0.0}, "loss": {"X_Y_COS": 1.0, "X_Y_MSEloss": 1.5043104565834464e-12, "X_Y_test_COS": 0.8541606068611145, "X_Y_test_MSEloss": 0.0013947845436632633, "X_Y_val_COS": 0.8523340225219727, "X_Y_val_MSEloss": 0.0013697888934984803}}