{"train_samples": 500, "test_samples": 200, "source_model": "text-embedding-3-large", "source_dim": 3072, "target_dim": 512, "test_results": {"bleu": 0.11, "bleu1": 11.1, "bleu2": 0.22, "bleu3": 0.02, "bleu4": 0.01, "rougeL": 0.0671, "rouge1": 0.0758, "rouge2": 0.0016, "exact_match": 0.0}, "loss": {"X_Y_COS": 0.9999998807907104, "X_Y_MSEloss": 4.70507544036991e-09, "X_Y_test_COS": 0.865223228931427, "X_Y_test_MSEloss": 0.0010649646865203977, "X_Y_val_COS": 0.8726398944854736, "X_Y_val_MSEloss": 0.000988967134617269}}