{"train_samples": 100, "test_samples": 200, "source_model": "google-t5/t5-base", "source_dim": 768, "target_dim": 512, "test_results": {"bleu": 1.34, "bleu1": 18.47, "bleu2": 1.81, "bleu3": 0.68, "bleu4": 0.41, "rougeL": 0.0776, "rouge1": 0.0891, "rouge2": 0.0114, "exact_match": 0.0}, "loss": {"X_Y_COS": 0.9999273419380188, "X_Y_MSEloss": 2.8631691861846775e-07, "X_Y_test_COS": 0.9193386435508728, "X_Y_test_MSEloss": 0.0003046937636099756, "X_Y_val_COS": 0.9158868193626404, "X_Y_val_MSEloss": 0.00031686335569247603}}