{"train_samples": 40, "test_samples": 200, "source_model": "sentence-transformers/all-MiniLM-L6-v2", "source_dim": 384, "target_dim": 512, "test_results": {"bleu": 0.07, "bleu1": 9.68, "bleu2": 0.03, "bleu3": 0.02, "bleu4": 0.01, "rougeL": 0.006, "rouge1": 0.006, "rouge2": 0.0, "exact_match": 0.0}, "loss": {"X_Y_COS": 1.0, "X_Y_MSEloss": 4.870406835943758e-15, "X_Y_test_COS": 0.7938810586929321, "X_Y_test_MSEloss": 0.0007392774568870664, "X_Y_val_COS": 0.7867323756217957, "X_Y_val_MSEloss": 0.0007626451551914215}}