{"train_samples": 3, "test_samples": 200, "source_model": "sentence-transformers/gtr-t5-base", "source_dim": 768, "target_dim": 512, "test_results": {"bleu": 0.11, "bleu1": 11.26, "bleu2": 0.17, "bleu3": 0.02, "bleu4": 0.01, "rougeL": 0.0955, "rouge1": 0.1175, "rouge2": 0.0055, "exact_match": 0.0}, "loss": {"X_Y_COS": 1.0, "X_Y_MSEloss": 3.2203070335953387e-16, "X_Y_test_COS": 0.8043212890625, "X_Y_test_MSEloss": 0.0007928198319859803, "X_Y_val_COS": 0.8069093227386475, "X_Y_val_MSEloss": 0.0007897104369476438}}