{"train_samples": 3, "test_samples": 200, "source_model": "google/flan-t5-base", "source_dim": 768, "target_dim": 512, "test_results": {"bleu": 0.22, "bleu1": 17.92, "bleu2": 0.75, "bleu3": 0.02, "bleu4": 0.01, "rougeL": 0.0898, "rouge1": 0.095, "rouge2": 0.0051, "exact_match": 0.0}, "loss": {"X_Y_COS": 1.0, "X_Y_MSEloss": 4.136582277309718e-16, "X_Y_test_COS": 0.8760802745819092, "X_Y_test_MSEloss": 0.0005103778094053268, "X_Y_val_COS": 0.8797937035560608, "X_Y_val_MSEloss": 0.000498661189340055}}