{"train_samples": 3, "test_samples": 200, "source_model": "google/flan-t5-base", "source_dim": 768, "target_dim": 512, "test_results": {"bleu": 0.17, "bleu1": 15.84, "bleu2": 0.36, "bleu3": 0.03, "bleu4": 0.01, "rougeL": 0.0708, "rouge1": 0.0745, "rouge2": 0.0039, "exact_match": 0.0}, "loss": {"X_Y_COS": 0.9999999403953552, "X_Y_MSEloss": 1.8806294022066794e-10, "X_Y_test_COS": 0.8870629072189331, "X_Y_test_MSEloss": 0.0012473160168156028, "X_Y_val_COS": 0.8908470869064331, "X_Y_val_MSEloss": 0.0012448073830455542}}