{"train_samples": 30, "test_samples": 200, "source_model": "google/flan-t5-base", "source_dim": 768, "target_dim": 512, "test_results": {"bleu": 0.76, "bleu1": 19.87, "bleu2": 1.68, "bleu3": 0.38, "bleu4": 0.05, "rougeL": 0.1415, "rouge1": 0.1685, "rouge2": 0.0151, "exact_match": 0.0}, "loss": {"X_Y_COS": 1.0, "X_Y_MSEloss": 1.4519850599636897e-11, "X_Y_test_COS": 0.9406042098999023, "X_Y_test_MSEloss": 0.000524917442817241, "X_Y_val_COS": 0.9427091479301453, "X_Y_val_MSEloss": 0.0005327778635546565}}