{"train_samples": 30, "test_samples": 200, "source_model": "google/flan-t5-base", "source_dim": 768, "target_dim": 512, "test_results": {"bleu": 0.62, "bleu1": 20.54, "bleu2": 1.65, "bleu3": 0.33, "bleu4": 0.03, "rougeL": 0.1327, "rouge1": 0.1584, "rouge2": 0.0151, "exact_match": 0.0}, "loss": {"X_Y_COS": 1.0, "X_Y_MSEloss": 1.4723275766972965e-14, "X_Y_test_COS": 0.9152214527130127, "X_Y_test_MSEloss": 0.0005132283549755812, "X_Y_val_COS": 0.9186680316925049, "X_Y_val_MSEloss": 0.0005121161811985075}}