{"train_samples": 500, "test_samples": 200, "source_model": "google-t5/t5-base", "source_dim": 768, "target_dim": 512, "test_results": {"bleu": 4.51, "bleu1": 31.31, "bleu2": 6.44, "bleu3": 2.27, "bleu4": 1.02, "rougeL": 0.2164, "rouge1": 0.3022, "rouge2": 0.0665, "exact_match": 0.0}, "loss": {"X_Y_COS": 0.9882134795188904, "X_Y_MSEloss": 4.627398448064923e-05, "X_Y_test_COS": 0.8925243020057678, "X_Y_test_MSEloss": 0.00042646421934477985, "X_Y_val_COS": 0.8882512450218201, "X_Y_val_MSEloss": 0.0004409838293213397}}