{"train_samples": 1000, "test_samples": 200, "source_model": "google/mt5-base", "source_dim": 768, "target_dim": 512, "test_results": {"bleu": 0.11, "bleu1": 11.54, "bleu2": 0.11, "bleu3": 0.02, "bleu4": 0.01, "rougeL": 0.022, "rouge1": 0.022, "rouge2": 0.0, "exact_match": 0.0}, "loss": {"X_Y_COS": 0.9545992612838745, "X_Y_MSEloss": 0.00040580620407126844, "X_Y_test_COS": 0.8930326700210571, "X_Y_test_MSEloss": 0.0009420710848644376, "X_Y_val_COS": 0.8903360366821289, "X_Y_val_MSEloss": 0.000987990410067141}}