{"train_samples": 10, "test_samples": 200, "source_model": "google/flan-t5-base", "source_dim": 768, "target_dim": 512, "test_results": {"bleu": 0.13, "bleu1": 16.03, "bleu2": 0.42, "bleu3": 0.01, "bleu4": 0.01, "rougeL": 0.0599, "rouge1": 0.0675, "rouge2": 0.0032, "exact_match": 0.0}, "loss": {"X_Y_COS": 1.0, "X_Y_MSEloss": 2.2942217570154355e-10, "X_Y_test_COS": 0.8698545694351196, "X_Y_test_MSEloss": 0.001216392614878714, "X_Y_val_COS": 0.8746565580368042, "X_Y_val_MSEloss": 0.0011609930079430342}}