{"train_samples": 3, "test_samples": 200, "source_model": "google-t5/t5-base", "source_dim": 768, "target_dim": 512, "test_results": {"bleu": 0.04, "bleu1": 7.05, "bleu2": 0.02, "bleu3": 0.01, "bleu4": 0.01, "rougeL": 0.0496, "rouge1": 0.0552, "rouge2": 0.0003, "exact_match": 0.0}, "loss": {"X_Y_COS": 1.0, "X_Y_MSEloss": 1.9151502606007398e-10, "X_Y_test_COS": 0.8367838859558105, "X_Y_test_MSEloss": 0.001170954667031765, "X_Y_val_COS": 0.8339872360229492, "X_Y_val_MSEloss": 0.0012286081910133362}}