{"train_samples": 5, "test_samples": 200, "source_model": "intfloat/multilingual-e5-base", "source_dim": 768, "target_dim": 512, "test_results": {"bleu": 0.16, "bleu1": 13.28, "bleu2": 0.5, "bleu3": 0.02, "bleu4": 0.01, "rougeL": 0.0903, "rouge1": 0.1079, "rouge2": 0.0047, "exact_match": 0.0}, "loss": {"X_Y_COS": 1.0, "X_Y_MSEloss": 7.973284715742668e-16, "X_Y_test_COS": 0.8413107395172119, "X_Y_test_MSEloss": 0.0005709633114747703, "X_Y_val_COS": 0.8421528339385986, "X_Y_val_MSEloss": 0.000568380462937057}}