{"train_samples": 100, "test_samples": 200, "source_model": "sentence-transformers/gtr-t5-base", "source_dim": 768, "target_dim": 512, "test_results": {"bleu": 0.16, "bleu1": 18.2, "bleu2": 0.47, "bleu3": 0.02, "bleu4": 0.01, "rougeL": 0.1045, "rouge1": 0.1421, "rouge2": 0.0093, "exact_match": 0.0}, "loss": {"X_Y_COS": 1.0, "X_Y_MSEloss": 2.4001822664793115e-12, "X_Y_test_COS": 0.8685252070426941, "X_Y_test_MSEloss": 0.0004918933263979852, "X_Y_val_COS": 0.8707177639007568, "X_Y_val_MSEloss": 0.00048372408491559327}}