{"train_samples": 40, "test_samples": 200, "source_model": "sentence-transformers/gtr-t5-base", "source_dim": 768, "target_dim": 512, "test_results": {"bleu": 0.94, "bleu1": 19.07, "bleu2": 1.31, "bleu3": 0.25, "bleu4": 0.14, "rougeL": 0.1229, "rouge1": 0.1611, "rouge2": 0.015, "exact_match": 0.0}, "loss": {"X_Y_COS": 1.0, "X_Y_MSEloss": 7.893947374738094e-16, "X_Y_test_COS": 0.8391029238700867, "X_Y_test_MSEloss": 0.0005908278399147093, "X_Y_val_COS": 0.8371725082397461, "X_Y_val_MSEloss": 0.0005988491466268897}}