{"train_samples": 500, "test_samples": 200, "source_model": "sentence-transformers/all-MiniLM-L6-v2", "source_dim": 384, "target_dim": 512, "test_results": {"bleu": 2.72, "bleu1": 20.71, "bleu2": 2.76, "bleu3": 1.57, "bleu4": 1.41, "rougeL": 0.1488, "rouge1": 0.1792, "rouge2": 0.0233, "exact_match": 0.0}, "loss": {"X_Y_COS": 0.9825825691223145, "X_Y_MSEloss": 0.00011559857375686988, "X_Y_test_COS": 0.8253215551376343, "X_Y_test_MSEloss": 0.0012002282310277224, "X_Y_val_COS": 0.8279270529747009, "X_Y_val_MSEloss": 0.0012416725512593985}}