{"train_samples": 1000, "test_samples": 200, "source_model": "google-bert/bert-base-multilingual-cased", "source_dim": 768, "target_dim": 512, "test_results": {"bleu": 10.04, "bleu1": 30.49, "bleu2": 11.03, "bleu3": 7.13, "bleu4": 4.24, "rougeL": 0.1683, "rouge1": 0.2071, "rouge2": 0.0453, "exact_match": 0.0}, "loss": {"X_Y_COS": 0.9562316536903381, "X_Y_MSEloss": 0.00016806129133328795, "X_Y_test_COS": 0.9151028990745544, "X_Y_test_MSEloss": 0.00032078655203804374, "X_Y_val_COS": 0.9289248585700989, "X_Y_val_MSEloss": 0.00027110634255222976}}