{"train_samples": 1, "test_samples": 200, "source_model": "sentence-transformers/gtr-t5-base", "source_dim": 768, "target_dim": 512, "test_results": {"bleu": 0.04, "bleu1": 7.34, "bleu2": 0.04, "bleu3": 0.02, "bleu4": 0.01, "rougeL": 0.0464, "rouge1": 0.0476, "rouge2": 0.0, "exact_match": 0.0}, "loss": {"X_Y_COS": 1.0, "X_Y_MSEloss": 7.940809803417183e-18, "X_Y_test_COS": 0.8830101490020752, "X_Y_test_MSEloss": 0.00179936527274549, "X_Y_val_COS": 0.8833302855491638, "X_Y_val_MSEloss": 0.001820779056288302}}