{"train_samples": 50, "test_samples": 200, "source_model": "text-embedding-ada-002", "source_dim": 1536, "target_dim": 512, "test_results": {"bleu": 2.13, "bleu1": 21.84, "bleu2": 2.7, "bleu3": 0.84, "bleu4": 0.42, "rougeL": 0.1578, "rouge1": 0.2161, "rouge2": 0.0339, "exact_match": 0.0}, "loss": {"X_Y_COS": 1.0, "X_Y_MSEloss": 1.6100034716873268e-12, "X_Y_test_COS": 0.8754900693893433, "X_Y_test_MSEloss": 0.00045501498971134424, "X_Y_val_COS": 0.8755596876144409, "X_Y_val_MSEloss": 0.00045528888585977256}}