{"train_samples": 50, "test_samples": 200, "source_model": "intfloat/multilingual-e5-base", "source_dim": 768, "target_dim": 512, "test_results": {"bleu": 0.31, "bleu1": 17.25, "bleu2": 0.83, "bleu3": 0.06, "bleu4": 0.01, "rougeL": 0.1162, "rouge1": 0.1524, "rouge2": 0.0098, "exact_match": 0.0}, "loss": {"X_Y_COS": 1.0, "X_Y_MSEloss": 2.164640862389877e-12, "X_Y_test_COS": 0.9173216223716736, "X_Y_test_MSEloss": 0.0003110526886302978, "X_Y_val_COS": 0.9160680174827576, "X_Y_val_MSEloss": 0.00031523226061835885}}