{"train_samples": 100, "test_samples": 200, "source_model": "google/flan-t5-base", "source_dim": 768, "target_dim": 512, "test_results": {"bleu": 0.08, "bleu1": 13.46, "bleu2": 0.04, "bleu3": 0.02, "bleu4": 0.01, "rougeL": 0.0137, "rouge1": 0.0147, "rouge2": 0.0, "exact_match": 0.0}, "loss": {"X_Y_COS": 1.0, "X_Y_MSEloss": 9.606626605318525e-11, "X_Y_test_COS": 0.9015172123908997, "X_Y_test_MSEloss": 0.0005676978616975248, "X_Y_val_COS": 0.8962364196777344, "X_Y_val_MSEloss": 0.0006135294679552317}}