{"train_samples": 5, "test_samples": 200, "source_model": "text-embedding-3-large", "source_dim": 3072, "target_dim": 512, "test_results": {"bleu": 0.13, "bleu1": 15.36, "bleu2": 0.46, "bleu3": 0.02, "bleu4": 0.01, "rougeL": 0.0406, "rouge1": 0.0453, "rouge2": 0.0027, "exact_match": 0.0}, "loss": {"X_Y_COS": 1.0, "X_Y_MSEloss": 2.052507341427265e-16, "X_Y_test_COS": 0.818073570728302, "X_Y_test_MSEloss": 0.0014022287214174867, "X_Y_val_COS": 0.8081967234611511, "X_Y_val_MSEloss": 0.0013995537301525474}}