{"train_samples": 100, "test_samples": 200, "source_model": "intfloat/multilingual-e5-base", "source_dim": 768, "target_dim": 512, "test_results": {"bleu": 0.19, "bleu1": 13.44, "bleu2": 0.85, "bleu3": 0.02, "bleu4": 0.01, "rougeL": 0.1066, "rouge1": 0.1271, "rouge2": 0.008, "exact_match": 0.0}, "loss": {"X_Y_COS": 1.0, "X_Y_MSEloss": 2.7005936210715807e-14, "X_Y_test_COS": 0.8735060095787048, "X_Y_test_MSEloss": 0.0007997355423867702, "X_Y_val_COS": 0.8785402774810791, "X_Y_val_MSEloss": 0.0007585962302982807}}