{"train_samples": 100, "test_samples": 200, "source_model": "intfloat/multilingual-e5-base", "source_dim": 768, "target_dim": 512, "test_results": {"bleu": 0.19, "bleu1": 13.94, "bleu2": 0.98, "bleu3": 0.02, "bleu4": 0.01, "rougeL": 0.1012, "rouge1": 0.1256, "rouge2": 0.0099, "exact_match": 0.0}, "loss": {"X_Y_COS": 0.9999998211860657, "X_Y_MSEloss": 6.402501306901343e-10, "X_Y_test_COS": 0.8684400916099548, "X_Y_test_MSEloss": 0.0004862042551394552, "X_Y_val_COS": 0.8716570734977722, "X_Y_val_MSEloss": 0.00047502072993665934}}