{"train_samples": 100, "test_samples": 200, "source_model": "sentence-transformers/gtr-t5-base", "source_dim": 768, "target_dim": 512, "test_results": {"bleu": 1.57, "bleu1": 20.33, "bleu2": 2.58, "bleu3": 0.67, "bleu4": 0.29, "rougeL": 0.1486, "rouge1": 0.19, "rouge2": 0.0317, "exact_match": 0.0}, "loss": {"X_Y_COS": 1.0, "X_Y_MSEloss": 1.2136970317655482e-09, "X_Y_test_COS": 0.861962080001831, "X_Y_test_MSEloss": 0.0010318319546058774, "X_Y_val_COS": 0.8654563426971436, "X_Y_val_MSEloss": 0.000996350310742855}}