{"train_samples": 50, "test_samples": 200, "source_model": "google-bert/bert-base-multilingual-cased", "source_dim": 768, "target_dim": 512, "test_results": {"bleu": 0.1, "bleu1": 9.15, "bleu2": 0.06, "bleu3": 0.02, "bleu4": 0.01, "rougeL": 0.1905, "rouge1": 0.2586, "rouge2": 0.0173, "exact_match": 0.0}, "loss": {"X_Y_COS": 1.0, "X_Y_MSEloss": 5.831145028639684e-13, "X_Y_test_COS": 0.8645327687263489, "X_Y_test_MSEloss": 0.000499993038829416, "X_Y_val_COS": 0.868193507194519, "X_Y_val_MSEloss": 0.0004883743822574615}}