{"train_samples": 30, "test_samples": 200, "source_model": "google/mt5-base", "source_dim": 768, "target_dim": 512, "test_results": {"bleu": 0.14, "bleu1": 11.21, "bleu2": 0.29, "bleu3": 0.02, "bleu4": 0.01, "rougeL": 0.0571, "rouge1": 0.0649, "rouge2": 0.0088, "exact_match": 0.0}, "loss": {"X_Y_COS": 1.0, "X_Y_MSEloss": 3.7838607030646343e-13, "X_Y_test_COS": 0.8894410729408264, "X_Y_test_MSEloss": 0.0004235020896885544, "X_Y_val_COS": 0.88620525598526, "X_Y_val_MSEloss": 0.00043272748007439077}}