{"train_samples": 30, "test_samples": 200, "source_model": "google-bert/bert-base-multilingual-cased", "source_dim": 768, "target_dim": 512, "test_results": {"bleu": 0.1, "bleu1": 12.41, "bleu2": 0.04, "bleu3": 0.02, "bleu4": 0.01, "rougeL": 0.0, "rouge1": 0.0, "rouge2": 0.0, "exact_match": 0.0}, "loss": {"X_Y_COS": 1.0, "X_Y_MSEloss": 3.660827608935324e-14, "X_Y_test_COS": 0.8888373970985413, "X_Y_test_MSEloss": 0.00041212228825315833, "X_Y_val_COS": 0.8870198726654053, "X_Y_val_MSEloss": 0.0004170218016952276}}