{"train_samples": 100, "test_samples": 200, "source_model": "sentence-transformers/gtr-t5-base", "source_dim": 768, "target_dim": 512, "test_results": {"bleu": 0.11, "bleu1": 8.97, "bleu2": 0.12, "bleu3": 0.02, "bleu4": 0.01, "rougeL": 0.0505, "rouge1": 0.0549, "rouge2": 0.001, "exact_match": 0.0}, "loss": {"X_Y_COS": 0.9999998807907104, "X_Y_MSEloss": 1.6274989134146267e-09, "X_Y_test_COS": 0.8396302461624146, "X_Y_test_MSEloss": 0.0012202427024021745, "X_Y_val_COS": 0.8320191502571106, "X_Y_val_MSEloss": 0.0013019393663853407}}