{"train_samples": 500, "test_samples": 200, "source_model": "sentence-transformers/all-MiniLM-L6-v2", "source_dim": 384, "target_dim": 512, "test_results": {"bleu": 2.68, "bleu1": 20.89, "bleu2": 2.75, "bleu3": 1.51, "bleu4": 1.35, "rougeL": 0.1542, "rouge1": 0.1845, "rouge2": 0.0278, "exact_match": 0.0}, "loss": {"X_Y_COS": 0.9877534508705139, "X_Y_MSEloss": 0.00020051508909091353, "X_Y_test_COS": 0.8847939372062683, "X_Y_test_MSEloss": 0.0012952060205861926, "X_Y_val_COS": 0.8896998167037964, "X_Y_val_MSEloss": 0.0013076349860057235}}