{"train_samples": 5000, "test_samples": 200, "source_model": "google-t5/t5-base", "source_dim": 768, "target_dim": 512, "test_results": {"bleu": 0.36, "bleu1": 18.82, "bleu2": 1.34, "bleu3": 0.05, "bleu4": 0.03, "rougeL": 0.1512, "rouge1": 0.1789, "rouge2": 0.0153, "exact_match": 0.0}, "loss": {"X_Y_COS": 0.9664847254753113, "X_Y_MSEloss": 0.00013052235590294003, "X_Y_test_COS": 0.9594218134880066, "X_Y_test_MSEloss": 0.00015670798893552274, "X_Y_val_COS": 0.9604225754737854, "X_Y_val_MSEloss": 0.00015343267295975238}}