{"train_samples": 100, "test_samples": 200, "source_model": "text-embedding-3-large", "source_dim": 3072, "target_dim": 512, "test_results": {"bleu": 12.6, "bleu1": 29.69, "bleu2": 11.84, "bleu3": 9.72, "bleu4": 8.74, "rougeL": 0.2331, "rouge1": 0.2764, "rouge2": 0.1198, "exact_match": 0.0}, "loss": {"X_Y_COS": 0.9809882640838623, "X_Y_MSEloss": 0.00012940785381942987, "X_Y_test_COS": 0.9208346605300903, "X_Y_test_MSEloss": 0.0003791213675867766, "X_Y_val_COS": 0.9208851456642151, "X_Y_val_MSEloss": 0.0003902735479641706, "reg_lambda": 1}}