{"train_samples": 500, "test_samples": 200, "source_model": "text-embedding-ada-002", "source_dim": 1536, "target_dim": 512, "test_results": {"bleu": 0.19, "bleu1": 17.73, "bleu2": 0.83, "bleu3": 0.02, "bleu4": 0.01, "rougeL": 0.1282, "rouge1": 0.1623, "rouge2": 0.0101, "exact_match": 0.0}, "loss": {"X_Y_COS": 0.9833899736404419, "X_Y_MSEloss": 6.458623829530552e-05, "X_Y_test_COS": 0.9253356456756592, "X_Y_test_MSEloss": 0.0002854861959349364, "X_Y_val_COS": 0.9268523454666138, "X_Y_val_MSEloss": 0.00027977355057373643}}