{"train_samples": 1000, "test_samples": 200, "source_model": "sentence-transformers/gtr-t5-base", "source_dim": 768, "target_dim": 512, "test_results": {"bleu": 8.7, "bleu1": 30.79, "bleu2": 9.86, "bleu3": 6.19, "bleu4": 4.76, "rougeL": 0.2398, "rouge1": 0.2945, "rouge2": 0.1034, "exact_match": 0.0}, "loss": {"X_Y_COS": 0.9662577509880066, "X_Y_MSEloss": 0.0001304991019424051, "X_Y_test_COS": 0.8803703188896179, "X_Y_test_MSEloss": 0.00046192979789339006, "X_Y_val_COS": 0.8799719214439392, "X_Y_val_MSEloss": 0.00046693559852428734}}