{"train_samples": 1, "test_samples": 200, "source_model": "intfloat/multilingual-e5-base", "source_dim": 768, "target_dim": 512, "test_results": {"bleu": 0.16, "bleu1": 14.79, "bleu2": 1.02, "bleu3": 0.01, "bleu4": 0.0, "rougeL": 0.0982, "rouge1": 0.1154, "rouge2": 0.0079, "exact_match": 0.0}, "loss": {"X_Y_COS": 1.0, "X_Y_MSEloss": 7.846118071184603e-16, "X_Y_test_COS": 0.7923006415367126, "X_Y_test_MSEloss": 0.0014130999334156513, "X_Y_val_COS": 0.7931866645812988, "X_Y_val_MSEloss": 0.0014226691564545035}}