{"train_samples": 20, "test_samples": 200, "source_model": "google/mt5-base", "source_dim": 768, "target_dim": 512, "test_results": {"bleu": 0.24, "bleu1": 8.73, "bleu2": 0.16, "bleu3": 0.07, "bleu4": 0.04, "rougeL": 0.0807, "rouge1": 0.0956, "rouge2": 0.0005, "exact_match": 0.0}, "loss": {"X_Y_COS": 1.0, "X_Y_MSEloss": 7.507286892832754e-14, "X_Y_test_COS": 0.8985404968261719, "X_Y_test_MSEloss": 0.0003785009612329304, "X_Y_val_COS": 0.8935392498970032, "X_Y_val_MSEloss": 0.00038888482959009707}}