{"train_samples": 50, "test_samples": 200, "source_model": "text-embedding-ada-002", "source_dim": 1536, "target_dim": 512, "test_results": {"bleu": 0.96, "bleu1": 18.83, "bleu2": 1.64, "bleu3": 0.33, "bleu4": 0.08, "rougeL": 0.1346, "rouge1": 0.1779, "rouge2": 0.0225, "exact_match": 0.0}, "loss": {"X_Y_COS": 1.0, "X_Y_MSEloss": 1.001909601290596e-12, "X_Y_test_COS": 0.9209574460983276, "X_Y_test_MSEloss": 0.0002966428583022207, "X_Y_val_COS": 0.9209417700767517, "X_Y_val_MSEloss": 0.0002971063368022442}}