{"train_samples": 40, "test_samples": 200, "source_model": "sentence-transformers/gtr-t5-base", "source_dim": 768, "target_dim": 512, "test_results": {"bleu": 10.8, "bleu1": 25.33, "bleu2": 9.54, "bleu3": 7.94, "bleu4": 7.24, "rougeL": 0.1952, "rouge1": 0.2313, "rouge2": 0.0916, "exact_match": 0.0}, "loss": {"X_Y_COS": 1.0, "X_Y_MSEloss": 1.9145277030396812e-10, "X_Y_test_COS": 0.8910858035087585, "X_Y_test_MSEloss": 0.0009572356939315796, "X_Y_val_COS": 0.8942553400993347, "X_Y_val_MSEloss": 0.000927454384509474}}