{"train_samples": 500, "test_samples": 200, "source_model": "sentence-transformers/gtr-t5-base", "source_dim": 768, "target_dim": 512, "test_results": {"bleu": 0.14, "bleu1": 11.93, "bleu2": 0.35, "bleu3": 0.02, "bleu4": 0.01, "rougeL": 0.0367, "rouge1": 0.04, "rouge2": 0.0017, "exact_match": 0.0}, "loss": {"X_Y_COS": 0.9861069917678833, "X_Y_MSEloss": 5.436483115772717e-05, "X_Y_test_COS": 0.8225114941596985, "X_Y_test_MSEloss": 0.0007251235656440258, "X_Y_val_COS": 0.8219060301780701, "X_Y_val_MSEloss": 0.0007381417672149837}}