{"train_samples": 40, "test_samples": 200, "source_model": "text-embedding-ada-002", "source_dim": 1536, "target_dim": 512, "test_results": {"bleu": 0.13, "bleu1": 14.21, "bleu2": 0.27, "bleu3": 0.02, "bleu4": 0.01, "rougeL": 0.0833, "rouge1": 0.096, "rouge2": 0.0018, "exact_match": 0.0}, "loss": {"X_Y_COS": 1.0, "X_Y_MSEloss": 3.1336852600663545e-13, "X_Y_test_COS": 0.9105459451675415, "X_Y_test_MSEloss": 0.0003338298120070249, "X_Y_val_COS": 0.9106699228286743, "X_Y_val_MSEloss": 0.000333544856403023}}