{"train_samples": 40, "test_samples": 200, "source_model": "text-embedding-ada-002", "source_dim": 1536, "target_dim": 512, "test_results": {"bleu": 0.12, "bleu1": 12.23, "bleu2": 0.21, "bleu3": 0.02, "bleu4": 0.01, "rougeL": 0.0741, "rouge1": 0.0855, "rouge2": 0.0013, "exact_match": 0.0}, "loss": {"X_Y_COS": 1.0, "X_Y_MSEloss": 2.2836750546151308e-10, "X_Y_test_COS": 0.9079708456993103, "X_Y_test_MSEloss": 0.0007021158235147595, "X_Y_val_COS": 0.9091705083847046, "X_Y_val_MSEloss": 0.0006805391167290509}}