{"train_samples": 1, "test_samples": 200, "source_model": "text-embedding-ada-002", "source_dim": 1536, "target_dim": 512, "test_results": {"bleu": 0.05, "bleu1": 9.18, "bleu2": 0.02, "bleu3": 0.01, "bleu4": 0.01, "rougeL": 0.0142, "rouge1": 0.0142, "rouge2": 0.0, "exact_match": 0.0}, "loss": {"X_Y_COS": 1.0, "X_Y_MSEloss": 1.4727324796219078e-16, "X_Y_test_COS": 0.8324608206748962, "X_Y_test_MSEloss": 0.0011090764310210943, "X_Y_val_COS": 0.8380563259124756, "X_Y_val_MSEloss": 0.0011019979137927294}}