{"train_samples": 1000, "test_samples": 200, "source_model": "sentence-transformers/all-MiniLM-L6-v2", "source_dim": 384, "target_dim": 512, "test_results": {"bleu": 0.1, "bleu1": 12.08, "bleu2": 0.12, "bleu3": 0.02, "bleu4": 0.01, "rougeL": 0.0148, "rouge1": 0.0163, "rouge2": 0.0004, "exact_match": 0.0}, "loss": {"X_Y_COS": 0.9515308141708374, "X_Y_MSEloss": 0.00030659817275591195, "X_Y_test_COS": 0.8693905472755432, "X_Y_test_MSEloss": 0.00080048170639202, "X_Y_val_COS": 0.8594783544540405, "X_Y_val_MSEloss": 0.0008737343596294522}}