{"train_samples": 1000, "test_samples": 200, "source_model": "sentence-transformers/all-MiniLM-L6-v2", "source_dim": 384, "target_dim": 512, "test_results": {"bleu": 0.1, "bleu1": 12.7, "bleu2": 0.12, "bleu3": 0.02, "bleu4": 0.01, "rougeL": 0.0191, "rouge1": 0.0201, "rouge2": 0.0, "exact_match": 0.0}, "loss": {"X_Y_COS": 0.9616886377334595, "X_Y_MSEloss": 0.0004145258280914277, "X_Y_test_COS": 0.9002768397331238, "X_Y_test_MSEloss": 0.0010495116002857685, "X_Y_val_COS": 0.8931882381439209, "X_Y_val_MSEloss": 0.001119288383051753}}