{"train_samples": 5, "test_samples": 200, "source_model": "intfloat/multilingual-e5-base", "source_dim": 768, "target_dim": 512, "test_results": {"bleu": 0.31, "bleu1": 12.34, "bleu2": 1.04, "bleu3": 0.04, "bleu4": 0.02, "rougeL": 0.1225, "rouge1": 0.1335, "rouge2": 0.0111, "exact_match": 0.0}, "loss": {"X_Y_COS": 1.0, "X_Y_MSEloss": 2.16048268109005e-15, "X_Y_test_COS": 0.9230226278305054, "X_Y_test_MSEloss": 0.0005742503562942147, "X_Y_val_COS": 0.923337459564209, "X_Y_val_MSEloss": 0.0005727352108806372}}