{"train_samples": 5, "test_samples": 200, "source_model": "google/mt5-base", "source_dim": 768, "target_dim": 512, "test_results": {"bleu": 0.48, "bleu1": 11.3, "bleu2": 0.57, "bleu3": 0.23, "bleu4": 0.12, "rougeL": 0.0595, "rouge1": 0.0665, "rouge2": 0.0022, "exact_match": 0.0}, "loss": {"X_Y_COS": 1.0, "X_Y_MSEloss": 1.1657141647030355e-15, "X_Y_test_COS": 0.8746604919433594, "X_Y_test_MSEloss": 0.000969510932918638, "X_Y_val_COS": 0.8726745247840881, "X_Y_val_MSEloss": 0.0009688506834208965}}