{"train_samples": 20, "test_samples": 200, "source_model": "google/mt5-base", "source_dim": 768, "target_dim": 512, "test_results": {"bleu": 0.15, "bleu1": 16.22, "bleu2": 0.46, "bleu3": 0.02, "bleu4": 0.01, "rougeL": 0.0936, "rouge1": 0.1094, "rouge2": 0.0022, "exact_match": 0.0}, "loss": {"X_Y_COS": 1.0, "X_Y_MSEloss": 6.820341817356801e-14, "X_Y_test_COS": 0.9072780609130859, "X_Y_test_MSEloss": 0.0005095337983220816, "X_Y_val_COS": 0.9084745645523071, "X_Y_val_MSEloss": 0.0004863573412876576}}