{"train_samples": 20, "test_samples": 200, "source_model": "intfloat/multilingual-e5-base", "source_dim": 768, "target_dim": 512, "test_results": {"bleu": 0.15, "bleu1": 9.64, "bleu2": 0.14, "bleu3": 0.04, "bleu4": 0.02, "rougeL": 0.043, "rouge1": 0.0492, "rouge2": 0.0022, "exact_match": 0.0}, "loss": {"X_Y_COS": 1.0, "X_Y_MSEloss": 5.245049084997861e-15, "X_Y_test_COS": 0.9047707915306091, "X_Y_test_MSEloss": 0.0006424253224395216, "X_Y_val_COS": 0.8996917009353638, "X_Y_val_MSEloss": 0.0007020370685495436}}