{"train_samples": 20, "test_samples": 200, "source_model": "intfloat/multilingual-e5-base", "source_dim": 768, "target_dim": 512, "test_results": {"bleu": 0.14, "bleu1": 11.42, "bleu2": 0.35, "bleu3": 0.02, "bleu4": 0.01, "rougeL": 0.0536, "rouge1": 0.0612, "rouge2": 0.0059, "exact_match": 0.0}, "loss": {"X_Y_COS": 1.0, "X_Y_MSEloss": 2.759201016538232e-14, "X_Y_test_COS": 0.9157896041870117, "X_Y_test_MSEloss": 0.00031553852022625506, "X_Y_val_COS": 0.9142165780067444, "X_Y_val_MSEloss": 0.000321251864079386}}