{"cosine_similarities": {"X_Y_COS": 0.854776918888092, "X_Y_test_COS": 0.841572642326355, "X_Y_COS_LOSS": 0.14522303640842438, "X_Y_MSE_LOSS": 0.002851551165804267, "X_Y_test_COS_LOSS": 0.15842732787132263, "X_Y_test_MSE_LOSS": 0.0031204617116600275}, "rouge_results": {"X_vs_gold": {"rouge1_f": 0.5351354381534261, "rouge2_f": 0.3832959974085059, "rougeL_f": 0.5024655832458934}, "Y_vs_gold": {"rouge1_f": 0.7443278060761083, "rouge2_f": 0.6787489192369293, "rougeL_f": 0.7300121887720072}, "X_vs_Y": {"rouge1_f": 0.5106328567465775, "rouge2_f": 0.336409829563482, "rougeL_f": 0.47913604716080616}}}