{"train_samples": 1000, "test_samples": 200, "source_model": "sentence-transformers/gtr-t5-base", "source_dim": 768, "target_dim": 512, "test_results": {"bleu": 1.38, "bleu1": 9.03, "bleu2": 1.35, "bleu3": 0.86, "bleu4": 0.38, "rougeL": 0.0473, "rouge1": 0.0514, "rouge2": 0.0009, "exact_match": 0.0}, "loss": {"X_Y_COS": 0.9169169664382935, "X_Y_MSEloss": 0.0004124334082007408, "X_Y_test_COS": 0.004167537670582533, "X_Y_test_MSEloss": 0.009008432738482952, "X_Y_val_COS": 0.029202589765191078, "X_Y_val_MSEloss": 0.009730521589517593}}