{"train_samples": 5, "test_samples": 200, "source_model": "sentence-transformers/gtr-t5-base", "source_dim": 768, "target_dim": 512, "test_results": {"bleu": 0.2, "bleu1": 15.95, "bleu2": 0.66, "bleu3": 0.02, "bleu4": 0.01, "rougeL": 0.1139, "rouge1": 0.1386, "rouge2": 0.009, "exact_match": 0.0}, "loss": {"X_Y_COS": 1.0, "X_Y_MSEloss": 1.5479072190682786e-10, "X_Y_test_COS": 0.9325048327445984, "X_Y_test_MSEloss": 0.0007934216409921646, "X_Y_val_COS": 0.9317172765731812, "X_Y_val_MSEloss": 0.0008426493150182068}}