{"train_samples": 20, "test_samples": 200, "source_model": "text-embedding-ada-002", "source_dim": 1536, "target_dim": 512, "test_results": {"bleu": 0.29, "bleu1": 15.83, "bleu2": 0.69, "bleu3": 0.06, "bleu4": 0.03, "rougeL": 0.0619, "rouge1": 0.0729, "rouge2": 0.0052, "exact_match": 0.0}, "loss": {"X_Y_COS": 1.0, "X_Y_MSEloss": 8.43970923149976e-15, "X_Y_test_COS": 0.8705567121505737, "X_Y_test_MSEloss": 0.0004732986562885344, "X_Y_val_COS": 0.8756742477416992, "X_Y_val_MSEloss": 0.00045558265992440283}}