{"train_samples": 1000, "test_samples": 200, "source_model": "google/mt5-base", "source_dim": 768, "target_dim": 512, "test_results": {"bleu": 2.44, "bleu1": 30.08, "bleu2": 4.82, "bleu3": 1.01, "bleu4": 0.29, "rougeL": 0.1933, "rouge1": 0.2694, "rouge2": 0.0462, "exact_match": 0.0}, "loss": {"X_Y_COS": 0.9617589712142944, "X_Y_MSEloss": 0.00014779539196752012, "X_Y_test_COS": 0.9187873601913452, "X_Y_test_MSEloss": 0.0003084455674979836, "X_Y_val_COS": 0.9195703864097595, "X_Y_val_MSEloss": 0.0003063765470869839}}