{"train_samples": 4000, "test_samples": 200, "source_model": "google/mt5-base", "source_dim": 768, "target_dim": 512, "test_results": {"bleu": 0.21, "bleu1": 18.16, "bleu2": 1.18, "bleu3": 0.02, "bleu4": 0.01, "rougeL": 0.1383, "rouge1": 0.1748, "rouge2": 0.013, "exact_match": 0.0}, "loss": {"X_Y_COS": 0.9522409439086914, "X_Y_MSEloss": 0.0001834302966017276, "X_Y_test_COS": 0.9398207068443298, "X_Y_test_MSEloss": 0.00023028966097626835, "X_Y_val_COS": 0.9396733045578003, "X_Y_val_MSEloss": 0.000230260964599438}}