{"train_samples": 40, "test_samples": 200, "source_model": "intfloat/multilingual-e5-base", "source_dim": 768, "target_dim": 512, "test_results": {"bleu": 0.07, "bleu1": 10.91, "bleu2": 0.03, "bleu3": 0.02, "bleu4": 0.01, "rougeL": 0.0086, "rouge1": 0.0086, "rouge2": 0.0, "exact_match": 0.0}, "loss": {"X_Y_COS": 1.0, "X_Y_MSEloss": 2.079749567007738e-12, "X_Y_test_COS": 0.8308730721473694, "X_Y_test_MSEloss": 0.0006062079919502139, "X_Y_val_COS": 0.8286292552947998, "X_Y_val_MSEloss": 0.0006136860465630889}}