{"train_samples": 300, "test_samples": 200, "source_model": "text-embedding-ada-002", "source_dim": 1536, "target_dim": 512, "test_results": {"bleu": 22.25, "bleu1": 39.25, "bleu2": 21.88, "bleu3": 18.84, "bleu4": 17.38, "rougeL": 0.3329, "rouge1": 0.3842, "rouge2": 0.2231, "exact_match": 0.0}, "loss": {"X_Y_COS": 0.9985077977180481, "X_Y_MSEloss": 6.053770903236e-06, "X_Y_test_COS": 0.9145615696907043, "X_Y_test_MSEloss": 0.0003255511983297765, "X_Y_val_COS": 0.914550244808197, "X_Y_val_MSEloss": 0.00032523638219572604, "reg_lambda": 0.01}}