{"train_samples": 1000, "test_samples": 200, "source_model": "text-embedding-ada-002", "source_dim": 1536, "target_dim": 512, "test_results": {"bleu": 1.26, "bleu1": 18.3, "bleu2": 1.48, "bleu3": 0.62, "bleu4": 0.36, "rougeL": 0.0864, "rouge1": 0.1016, "rouge2": 0.0134, "exact_match": 0.0}, "loss": {"X_Y_COS": 0.9709446430206299, "X_Y_MSEloss": 0.0001124136833823286, "X_Y_test_COS": 0.9336711764335632, "X_Y_test_MSEloss": 0.0002529208722990006, "X_Y_val_COS": 0.9323208332061768, "X_Y_val_MSEloss": 0.0002567776245996356}}