{"train_samples": 500, "test_samples": 200, "source_model": "sentence-transformers/all-MiniLM-L6-v2", "source_dim": 384, "target_dim": 512, "test_results": {"bleu": 0.17, "bleu1": 10.89, "bleu2": 0.42, "bleu3": 0.02, "bleu4": 0.01, "rougeL": 0.0558, "rouge1": 0.061, "rouge2": 0.0036, "exact_match": 0.0}, "loss": {"X_Y_COS": 0.9760345816612244, "X_Y_MSEloss": 9.693281754152849e-05, "X_Y_test_COS": 0.7678634524345398, "X_Y_test_MSEloss": 0.0010054042795673013, "X_Y_val_COS": 0.767759382724762, "X_Y_val_MSEloss": 0.0010043360525742173}}