{"train_samples": 20, "test_samples": 200, "source_model": "intfloat/multilingual-e5-base", "source_dim": 768, "target_dim": 512, "test_results": {"bleu": 0.25, "bleu1": 13.98, "bleu2": 0.76, "bleu3": 0.03, "bleu4": 0.02, "rougeL": 0.099, "rouge1": 0.1241, "rouge2": 0.0072, "exact_match": 0.0}, "loss": {"X_Y_COS": 1.0, "X_Y_MSEloss": 4.6049644132628575e-14, "X_Y_test_COS": 0.9070056080818176, "X_Y_test_MSEloss": 0.0003467705100774765, "X_Y_val_COS": 0.9051927924156189, "X_Y_val_MSEloss": 0.0003536057483870536}}