{"train_samples": 5, "test_samples": 200, "source_model": "text-embedding-3-large", "source_dim": 3072, "target_dim": 512, "test_results": {"bleu": 0.24, "bleu1": 17.21, "bleu2": 0.85, "bleu3": 0.02, "bleu4": 0.01, "rougeL": 0.0987, "rouge1": 0.1196, "rouge2": 0.0077, "exact_match": 0.0}, "loss": {"X_Y_COS": 1.0, "X_Y_MSEloss": 1.8393659262806034e-16, "X_Y_test_COS": 0.7651249766349792, "X_Y_test_MSEloss": 0.0014517424860969186, "X_Y_val_COS": 0.7625119686126709, "X_Y_val_MSEloss": 0.0014363285154104233}}