{"train_samples": 40, "test_samples": 200, "source_model": "text-embedding-ada-002", "source_dim": 1536, "target_dim": 512, "test_results": {"bleu": 0.13, "bleu1": 9.86, "bleu2": 0.21, "bleu3": 0.02, "bleu4": 0.01, "rougeL": 0.0554, "rouge1": 0.0633, "rouge2": 0.0086, "exact_match": 0.0}, "loss": {"X_Y_COS": 1.0, "X_Y_MSEloss": 5.001306035978814e-10, "X_Y_test_COS": 0.8659259676933289, "X_Y_test_MSEloss": 0.0010070387506857514, "X_Y_val_COS": 0.8613463640213013, "X_Y_val_MSEloss": 0.0010752261150628328}}