{"train_samples": 5, "test_samples": 200, "source_model": "intfloat/multilingual-e5-base", "source_dim": 768, "target_dim": 512, "test_results": {"bleu": 0.32, "bleu1": 18.52, "bleu2": 1.34, "bleu3": 0.05, "bleu4": 0.01, "rougeL": 0.1158, "rouge1": 0.1458, "rouge2": 0.0085, "exact_match": 0.0}, "loss": {"X_Y_COS": 1.0, "X_Y_MSEloss": 3.9042731683111814e-16, "X_Y_test_COS": 0.8754602670669556, "X_Y_test_MSEloss": 0.00045800706720910966, "X_Y_val_COS": 0.8797719478607178, "X_Y_val_MSEloss": 0.0004426262166816741}}