{"train_samples": 50, "test_samples": 200, "source_model": "text-embedding-3-large", "source_dim": 3072, "target_dim": 512, "test_results": {"bleu": 0.08, "bleu1": 7.95, "bleu2": 0.03, "bleu3": 0.02, "bleu4": 0.01, "rougeL": 0.0687, "rouge1": 0.0825, "rouge2": 0.0041, "exact_match": 0.0}, "loss": {"X_Y_COS": 1.0, "X_Y_MSEloss": 2.627779746661933e-15, "X_Y_test_COS": 0.8995780944824219, "X_Y_test_MSEloss": 0.0003844676830340177, "X_Y_val_COS": 0.9027358889579773, "X_Y_val_MSEloss": 0.00037677798536606133}}