{"train_samples": 100, "test_samples": 200, "source_model": "google-t5/t5-base", "source_dim": 768, "target_dim": 512, "test_results": {"bleu": 0.22, "bleu1": 11.94, "bleu2": 0.26, "bleu3": 0.06, "bleu4": 0.02, "rougeL": 0.0129, "rouge1": 0.0133, "rouge2": 0.0, "exact_match": 0.0}, "loss": {"X_Y_COS": 1.0, "X_Y_MSEloss": 8.588813688037433e-11, "X_Y_test_COS": 0.9076571464538574, "X_Y_test_MSEloss": 0.0003480136801954359, "X_Y_val_COS": 0.9052250385284424, "X_Y_val_MSEloss": 0.0003573250724002719}}