{"train_samples": 20, "test_samples": 200, "source_model": "sentence-transformers/gtr-t5-base", "source_dim": 768, "target_dim": 512, "test_results": {"bleu": 0.55, "bleu1": 14.7, "bleu2": 0.86, "bleu3": 0.25, "bleu4": 0.13, "rougeL": 0.0669, "rouge1": 0.0824, "rouge2": 0.0067, "exact_match": 0.0}, "loss": {"X_Y_COS": 1.0, "X_Y_MSEloss": 4.636900816451192e-16, "X_Y_test_COS": 0.853510856628418, "X_Y_test_MSEloss": 0.0005796482437290251, "X_Y_val_COS": 0.8450654149055481, "X_Y_val_MSEloss": 0.0006026719929650426}}