{"train_samples": 40, "test_samples": 200, "source_model": "google-bert/bert-base-multilingual-cased", "source_dim": 768, "target_dim": 512, "test_results": {"bleu": 0.2, "bleu1": 12.03, "bleu2": 0.32, "bleu3": 0.04, "bleu4": 0.02, "rougeL": 0.0576, "rouge1": 0.0655, "rouge2": 0.0055, "exact_match": 0.0}, "loss": {"X_Y_COS": 1.0, "X_Y_MSEloss": 2.571835973352865e-15, "X_Y_test_COS": 0.8973881006240845, "X_Y_test_MSEloss": 0.0006901687593199313, "X_Y_val_COS": 0.8983592391014099, "X_Y_val_MSEloss": 0.0007154641789384186}}