{"train_samples": 1000, "test_samples": 200, "source_model": "text-embedding-3-large", "source_dim": 3072, "target_dim": 512, "test_results": {"bleu": 6.45, "bleu1": 28.55, "bleu2": 7.41, "bleu3": 4.7, "bleu4": 3.86, "rougeL": 0.2155, "rouge1": 0.2514, "rouge2": 0.0728, "exact_match": 0.0}, "loss": {"X_Y_COS": 0.9957524538040161, "X_Y_MSEloss": 1.7016202036757022e-05, "X_Y_test_COS": 0.9071738719940186, "X_Y_test_MSEloss": 0.0003628954873420298, "X_Y_val_COS": 0.9085311889648438, "X_Y_val_MSEloss": 0.000358057877747342}}