{"train_samples": 20, "test_samples": 200, "source_model": "google-t5/t5-base", "source_dim": 768, "target_dim": 512, "test_results": {"bleu": 0.11, "bleu1": 7.92, "bleu2": 0.12, "bleu3": 0.02, "bleu4": 0.01, "rougeL": 0.0613, "rouge1": 0.0691, "rouge2": 0.003, "exact_match": 0.0}, "loss": {"X_Y_COS": 1.0, "X_Y_MSEloss": 2.019814177023349e-10, "X_Y_test_COS": 0.8703121542930603, "X_Y_test_MSEloss": 0.0009643691591918468, "X_Y_val_COS": 0.8632026314735413, "X_Y_val_MSEloss": 0.0010500765638425946}}