{"train_samples": 1000, "test_samples": 200, "source_model": "sentence-transformers/gtr-t5-base", "source_dim": 768, "target_dim": 512, "test_results": {"bleu": 0.81, "bleu1": 16.41, "bleu2": 1.95, "bleu3": 0.3, "bleu4": 0.06, "rougeL": 0.1156, "rouge1": 0.1315, "rouge2": 0.0159, "exact_match": 0.0}, "loss": {"X_Y_COS": 0.9003819823265076, "X_Y_MSEloss": 0.0004577833751682192, "X_Y_test_COS": -0.043441805988550186, "X_Y_test_MSEloss": 0.0074041495099663734, "X_Y_val_COS": 0.010227286256849766, "X_Y_val_MSEloss": 0.00789259746670723}}