{"train_samples": 20, "test_samples": 200, "source_model": "text-embedding-3-large", "source_dim": 3072, "target_dim": 512, "test_results": {"bleu": 1.68, "bleu1": 19.52, "bleu2": 2.04, "bleu3": 0.69, "bleu4": 0.35, "rougeL": 0.1267, "rouge1": 0.1631, "rouge2": 0.022, "exact_match": 0.0}, "loss": {"X_Y_COS": 1.0, "X_Y_MSEloss": 3.1829256167484343e-16, "X_Y_test_COS": 0.8283642530441284, "X_Y_test_MSEloss": 0.0006789228064008057, "X_Y_val_COS": 0.8261452913284302, "X_Y_val_MSEloss": 0.0006757061928510666}}