{"train_samples": 5, "test_samples": 200, "source_model": "google/flan-t5-base", "source_dim": 768, "target_dim": 512, "test_results": {"bleu": 0.22, "bleu1": 18.91, "bleu2": 0.88, "bleu3": 0.02, "bleu4": 0.01, "rougeL": 0.1031, "rouge1": 0.115, "rouge2": 0.0048, "exact_match": 0.0}, "loss": {"X_Y_COS": 1.0, "X_Y_MSEloss": 4.0882031964339005e-16, "X_Y_test_COS": 0.8864299058914185, "X_Y_test_MSEloss": 0.0004315768019296229, "X_Y_val_COS": 0.8906967043876648, "X_Y_val_MSEloss": 0.0004184460558462888}}