{"train_samples": 20, "test_samples": 200, "source_model": "text-embedding-3-large", "source_dim": 3072, "target_dim": 512, "test_results": {"bleu": 0.16, "bleu1": 13.0, "bleu2": 0.48, "bleu3": 0.02, "bleu4": 0.01, "rougeL": 0.1082, "rouge1": 0.1381, "rouge2": 0.0059, "exact_match": 0.0}, "loss": {"X_Y_COS": 1.0, "X_Y_MSEloss": 2.189497582940009e-16, "X_Y_test_COS": 0.8738882541656494, "X_Y_test_MSEloss": 0.0005449719028547406, "X_Y_val_COS": 0.8713343739509583, "X_Y_val_MSEloss": 0.0005436762585304677}}