{"train_samples": 20, "test_samples": 200, "source_model": "text-embedding-3-large", "source_dim": 3072, "target_dim": 512, "test_results": {"bleu": 0.16, "bleu1": 13.26, "bleu2": 0.46, "bleu3": 0.02, "bleu4": 0.01, "rougeL": 0.0981, "rouge1": 0.1244, "rouge2": 0.0066, "exact_match": 0.0}, "loss": {"X_Y_COS": 1.0, "X_Y_MSEloss": 1.4352966037911585e-10, "X_Y_test_COS": 0.8533270359039307, "X_Y_test_MSEloss": 0.0009908657521009445, "X_Y_val_COS": 0.8579023480415344, "X_Y_val_MSEloss": 0.0009487952338531613}}