{"train_samples": 1000, "test_samples": 200, "source_model": "google/mt5-base", "source_dim": 768, "target_dim": 512, "test_results": {"bleu": 0.49, "bleu1": 15.86, "bleu2": 1.42, "bleu3": 0.22, "bleu4": 0.01, "rougeL": 0.1206, "rouge1": 0.1359, "rouge2": 0.0113, "exact_match": 0.0}, "loss": {"X_Y_COS": 0.889453113079071, "X_Y_MSEloss": 0.0004897664184682071, "X_Y_test_COS": -0.024342132732272148, "X_Y_test_MSEloss": 0.008391852490603924, "X_Y_val_COS": 0.12726525962352753, "X_Y_val_MSEloss": 0.007101904135197401}}