{"train_samples": 10, "test_samples": 200, "source_model": "text-embedding-ada-002", "source_dim": 1536, "target_dim": 512, "test_results": {"bleu": 0.35, "bleu1": 17.87, "bleu2": 0.9, "bleu3": 0.04, "bleu4": 0.02, "rougeL": 0.1113, "rouge1": 0.1425, "rouge2": 0.0077, "exact_match": 0.0}, "loss": {"X_Y_COS": 1.0, "X_Y_MSEloss": 2.0522204768891328e-10, "X_Y_test_COS": 0.8084930777549744, "X_Y_test_MSEloss": 0.001346477190963924, "X_Y_val_COS": 0.8137044310569763, "X_Y_val_MSEloss": 0.0013049767585471272}}