{"train_samples": 100, "test_samples": 200, "source_model": "text-embedding-ada-002", "source_dim": 1536, "target_dim": 512, "test_results": {"bleu": 0.2, "bleu1": 14.06, "bleu2": 0.72, "bleu3": 0.02, "bleu4": 0.01, "rougeL": 0.1101, "rouge1": 0.1227, "rouge2": 0.0072, "exact_match": 0.0}, "loss": {"X_Y_COS": 1.0, "X_Y_MSEloss": 1.6516453482662286e-10, "X_Y_test_COS": 0.8803457617759705, "X_Y_test_MSEloss": 0.0004431077104527503, "X_Y_val_COS": 0.8815539479255676, "X_Y_val_MSEloss": 0.00044050152064301074}}