{"train_samples": 20, "test_samples": 200, "source_model": "text-embedding-ada-002", "source_dim": 1536, "target_dim": 512, "test_results": {"bleu": 0.13, "bleu1": 9.54, "bleu2": 0.24, "bleu3": 0.02, "bleu4": 0.01, "rougeL": 0.0587, "rouge1": 0.0664, "rouge2": 0.0098, "exact_match": 0.0}, "loss": {"X_Y_COS": 1.0, "X_Y_MSEloss": 1.9913275195460045e-10, "X_Y_test_COS": 0.8771313428878784, "X_Y_test_MSEloss": 0.0009155634324997663, "X_Y_val_COS": 0.8730728030204773, "X_Y_val_MSEloss": 0.0009841576684266329}}