{"train_samples": 30, "test_samples": 200, "source_model": "sentence-transformers/gtr-t5-base", "source_dim": 768, "target_dim": 512, "test_results": {"bleu": 0.24, "bleu1": 17.62, "bleu2": 1.13, "bleu3": 0.02, "bleu4": 0.01, "rougeL": 0.1386, "rouge1": 0.1569, "rouge2": 0.0122, "exact_match": 0.0}, "loss": {"X_Y_COS": 1.0, "X_Y_MSEloss": 2.176608706098114e-15, "X_Y_test_COS": 0.9313387870788574, "X_Y_test_MSEloss": 0.00026920982054434717, "X_Y_val_COS": 0.9338605999946594, "X_Y_val_MSEloss": 0.00025825024931691587}}