{"train_samples": 1000, "test_samples": 200, "source_model": "text-embedding-ada-002", "source_dim": 1536, "target_dim": 512, "test_results": {"bleu": 0.25, "bleu1": 10.1, "bleu2": 0.33, "bleu3": 0.08, "bleu4": 0.01, "rougeL": 0.0133, "rouge1": 0.0141, "rouge2": 0.0013, "exact_match": 0.0}, "loss": {"X_Y_COS": 0.9622789025306702, "X_Y_MSEloss": 0.00014496831863652915, "X_Y_test_COS": 0.9216873645782471, "X_Y_test_MSEloss": 0.0002965299063362181, "X_Y_val_COS": 0.9244328737258911, "X_Y_val_MSEloss": 0.00028578672208823264}}