{"train_samples": 100, "test_samples": 200, "source_model": "sentence-transformers/all-MiniLM-L6-v2", "source_dim": 384, "target_dim": 512, "test_results": {"bleu": 0.79, "bleu1": 15.02, "bleu2": 1.28, "bleu3": 0.4, "bleu4": 0.19, "rougeL": 0.0571, "rouge1": 0.0659, "rouge2": 0.0068, "exact_match": 0.0}, "loss": {"X_Y_COS": 1.0, "X_Y_MSEloss": 4.45055301748383e-14, "X_Y_test_COS": 0.7288023829460144, "X_Y_test_MSEloss": 0.0009275422198697925, "X_Y_val_COS": 0.7007725238800049, "X_Y_val_MSEloss": 0.0009775239741429687}}