{"train_samples": 50, "test_samples": 200, "source_model": "sentence-transformers/all-MiniLM-L6-v2", "source_dim": 384, "target_dim": 512, "test_results": {"bleu": 0.36, "bleu1": 11.62, "bleu2": 0.6, "bleu3": 0.18, "bleu4": 0.11, "rougeL": 0.0335, "rouge1": 0.0361, "rouge2": 0.0033, "exact_match": 0.0}, "loss": {"X_Y_COS": 1.0, "X_Y_MSEloss": 2.988033986905947e-10, "X_Y_test_COS": 0.6218209862709045, "X_Y_test_MSEloss": 0.002725028432905674, "X_Y_val_COS": 0.5580624938011169, "X_Y_val_MSEloss": 0.0029188748449087143}}