{"train_samples": 50, "test_samples": 200, "source_model": "sentence-transformers/all-MiniLM-L6-v2", "source_dim": 384, "target_dim": 512, "test_results": {"bleu": 0.23, "bleu1": 12.88, "bleu2": 0.51, "bleu3": 0.11, "bleu4": 0.04, "rougeL": 0.0389, "rouge1": 0.0416, "rouge2": 0.0021, "exact_match": 0.0}, "loss": {"X_Y_COS": 1.0, "X_Y_MSEloss": 2.4573761994321546e-15, "X_Y_test_COS": 0.5977843999862671, "X_Y_test_MSEloss": 0.0020517525263130665, "X_Y_val_COS": 0.5451050400733948, "X_Y_val_MSEloss": 0.0021441096905618906}}