{"epoch": 3, "dev_acc": 56.00000000000001, "test_acc": 52.5, "test_f1": 52.300000000000004, "test_roc": 50.24999999999999}