{"train_samples": 1000, "test_samples": 200, "source_model": "random", "source_dim": 768, "target_dim": 512, "test_results": {"bleu": 1.06, "bleu1": 9.22, "bleu2": 0.98, "bleu3": 0.53, "bleu4": 0.27, "rougeL": 0.0443, "rouge1": 0.0499, "rouge2": 0.0031, "exact_match": 0.0}, "loss": {"X_Y_COS": 0.9010093212127686, "X_Y_MSEloss": 0.0004459866031538695, "X_Y_test_COS": 0.03222443535923958, "X_Y_test_MSEloss": 0.008471186272799969, "X_Y_val_COS": -0.013392295688390732, "X_Y_val_MSEloss": 0.008763611316680908}}