{"train_samples": 10, "test_samples": 200, "source_model": "google-bert/bert-base-multilingual-cased", "source_dim": 768, "target_dim": 512, "test_results": {"bleu": 8.18, "bleu1": 22.69, "bleu2": 6.76, "bleu3": 5.7, "bleu4": 5.19, "rougeL": 0.1605, "rouge1": 0.1987, "rouge2": 0.0662, "exact_match": 0.0}, "loss": {"X_Y_COS": 0.9698759317398071, "X_Y_MSEloss": 0.00017691087850835174, "X_Y_test_COS": 0.9075086116790771, "X_Y_test_MSEloss": 0.00041335815330967307, "X_Y_val_COS": 0.9101678133010864, "X_Y_val_MSEloss": 0.0004061899962835014, "reg_lambda": 1}}