{"train_samples": 3, "test_samples": 200, "source_model": "text-embedding-ada-002", "source_dim": 1536, "target_dim": 512, "test_results": {"bleu": 8.31, "bleu1": 24.72, "bleu2": 7.74, "bleu3": 6.7, "bleu4": 6.12, "rougeL": 0.1533, "rouge1": 0.1696, "rouge2": 0.0679, "exact_match": 0.0}, "loss": {"X_Y_COS": 1.0000001192092896, "X_Y_MSEloss": 9.603663791133994e-16, "X_Y_test_COS": 0.8960269093513489, "X_Y_test_MSEloss": 0.0003914696571882814, "X_Y_val_COS": 0.8971984386444092, "X_Y_val_MSEloss": 0.0003881384036503732}}