{"train_samples": 5, "test_samples": 200, "source_model": "google/mt5-base", "source_dim": 768, "target_dim": 512, "test_results": {"bleu": 0.08, "bleu1": 9.8, "bleu2": 0.03, "bleu3": 0.02, "bleu4": 0.01, "rougeL": 0.1947, "rouge1": 0.2626, "rouge2": 0.0098, "exact_match": 0.0}, "loss": {"X_Y_COS": 1.0, "X_Y_MSEloss": 5.918140322522583e-16, "X_Y_test_COS": 0.8620821833610535, "X_Y_test_MSEloss": 0.0005049149040132761, "X_Y_val_COS": 0.860437273979187, "X_Y_val_MSEloss": 0.000502664886880666}}