{"train_samples": 50, "test_samples": 200, "source_model": "text-embedding-3-large", "source_dim": 3072, "target_dim": 512, "test_results": {"bleu": 0.22, "bleu1": 19.06, "bleu2": 0.83, "bleu3": 0.02, "bleu4": 0.01, "rougeL": 0.0991, "rouge1": 0.1126, "rouge2": 0.0053, "exact_match": 0.0}, "loss": {"X_Y_COS": 1.0, "X_Y_MSEloss": 1.8080564121765322e-15, "X_Y_test_COS": 0.9039039611816406, "X_Y_test_MSEloss": 0.0003759769315365702, "X_Y_val_COS": 0.907802402973175, "X_Y_val_MSEloss": 0.00036209000973030925}}