{"train_samples": 10, "test_samples": 200, "source_model": "google-bert/bert-base-multilingual-cased", "source_dim": 768, "target_dim": 512, "test_results": {"bleu": 0.41, "bleu1": 15.68, "bleu2": 1.09, "bleu3": 0.08, "bleu4": 0.02, "rougeL": 0.1098, "rouge1": 0.145, "rouge2": 0.0118, "exact_match": 0.0}, "loss": {"X_Y_COS": 1.0, "X_Y_MSEloss": 5.551794337670362e-16, "X_Y_test_COS": 0.911038339138031, "X_Y_test_MSEloss": 0.00034093993599526584, "X_Y_val_COS": 0.9108914732933044, "X_Y_val_MSEloss": 0.0003439333231654018}}