{"train_samples": 3, "test_samples": 200, "source_model": "intfloat/multilingual-e5-base", "source_dim": 768, "target_dim": 512, "test_results": {"bleu": 0.11, "bleu1": 8.48, "bleu2": 0.23, "bleu3": 0.02, "bleu4": 0.01, "rougeL": 0.0659, "rouge1": 0.0757, "rouge2": 0.0102, "exact_match": 0.0}, "loss": {"X_Y_COS": 1.0, "X_Y_MSEloss": 3.60060021001749e-16, "X_Y_test_COS": 0.8604755401611328, "X_Y_test_MSEloss": 0.0005072809872217476, "X_Y_val_COS": 0.8635058403015137, "X_Y_val_MSEloss": 0.0004969603032805026}}