{"train_samples": 500, "test_samples": 200, "source_model": "intfloat/multilingual-e5-base", "source_dim": 768, "target_dim": 512, "test_results": {"bleu": 0.15, "bleu1": 15.95, "bleu2": 0.44, "bleu3": 0.01, "bleu4": 0.01, "rougeL": 0.0684, "rouge1": 0.0741, "rouge2": 0.0021, "exact_match": 0.0}, "loss": {"X_Y_COS": 0.9707792401313782, "X_Y_MSEloss": 0.00011313769209664315, "X_Y_test_COS": 0.8571906685829163, "X_Y_test_MSEloss": 0.0005500604165717959, "X_Y_val_COS": 0.8545396327972412, "X_Y_val_MSEloss": 0.0005586188635788858}}