{"train_samples": 40, "test_samples": 200, "source_model": "text-embedding-ada-002", "source_dim": 1536, "target_dim": 512, "test_results": {"bleu": 0.4, "bleu1": 15.82, "bleu2": 0.92, "bleu3": 0.14, "bleu4": 0.03, "rougeL": 0.084, "rouge1": 0.0994, "rouge2": 0.0102, "exact_match": 0.0}, "loss": {"X_Y_COS": 1.0, "X_Y_MSEloss": 1.8270649750073975e-13, "X_Y_test_COS": 0.8681286573410034, "X_Y_test_MSEloss": 0.0004795531858690083, "X_Y_val_COS": 0.8561069369316101, "X_Y_val_MSEloss": 0.0005203341715969145}}