{"train_samples": 5, "test_samples": 200, "source_model": "text-embedding-3-large", "source_dim": 3072, "target_dim": 512, "test_results": {"bleu": 0.19, "bleu1": 13.61, "bleu2": 0.43, "bleu3": 0.03, "bleu4": 0.01, "rougeL": 0.0612, "rouge1": 0.0697, "rouge2": 0.003, "exact_match": 0.0}, "loss": {"X_Y_COS": 1.0, "X_Y_MSEloss": 1.9244640177687927e-16, "X_Y_test_COS": 0.7662689089775085, "X_Y_test_MSEloss": 0.0014536569360643625, "X_Y_val_COS": 0.7695455551147461, "X_Y_val_MSEloss": 0.0014392092125490308}}