{"train_samples": 20, "test_samples": 200, "source_model": "text-embedding-ada-002", "source_dim": 1536, "target_dim": 512, "test_results": {"bleu": 0.18, "bleu1": 15.12, "bleu2": 1.12, "bleu3": 0.01, "bleu4": 0.01, "rougeL": 0.0866, "rouge1": 0.0976, "rouge2": 0.0084, "exact_match": 0.0}, "loss": {"X_Y_COS": 1.0, "X_Y_MSEloss": 6.6079839659198645e-15, "X_Y_test_COS": 0.8419686555862427, "X_Y_test_MSEloss": 0.0005685102078132331, "X_Y_val_COS": 0.8511930704116821, "X_Y_val_MSEloss": 0.0005381495575420558}}