{"train_samples": 10, "test_samples": 200, "source_model": "google/mt5-base", "source_dim": 768, "target_dim": 512, "test_results": {"bleu": 2.02, "bleu1": 18.43, "bleu2": 2.4, "bleu3": 0.87, "bleu4": 0.43, "rougeL": 0.1355, "rouge1": 0.1782, "rouge2": 0.0283, "exact_match": 0.0}, "loss": {"X_Y_COS": 1.0, "X_Y_MSEloss": 1.3857637952790461e-15, "X_Y_test_COS": 0.8516252040863037, "X_Y_test_MSEloss": 0.0005363523378036916, "X_Y_val_COS": 0.8558661341667175, "X_Y_val_MSEloss": 0.0005248344386927783}}