{"train_samples": 1000, "test_samples": 200, "source_model": "sentence-transformers/all-MiniLM-L6-v2", "source_dim": 384, "target_dim": 512, "test_results": {"bleu": 1.21, "bleu1": 16.7, "bleu2": 1.29, "bleu3": 0.53, "bleu4": 0.41, "rougeL": 0.076, "rouge1": 0.0867, "rouge2": 0.011, "exact_match": 0.0}, "loss": {"X_Y_COS": 0.9632992148399353, "X_Y_MSEloss": 0.00018368188466411084, "X_Y_test_COS": 0.8732662796974182, "X_Y_test_MSEloss": 0.0005294776055961847, "X_Y_val_COS": 0.856761634349823, "X_Y_val_MSEloss": 0.0005461705150082707}}