{"train_samples": 1000, "test_samples": 200, "source_model": "random", "source_dim": 768, "target_dim": 512, "test_results": {"bleu": 1.83, "bleu1": 9.85, "bleu2": 1.86, "bleu3": 1.11, "bleu4": 0.58, "rougeL": 0.0492, "rouge1": 0.0535, "rouge2": 0.0036, "exact_match": 0.0}, "loss": {"X_Y_COS": 0.8998429179191589, "X_Y_MSEloss": 0.00045988490455783904, "X_Y_test_COS": 0.023986751213669777, "X_Y_test_MSEloss": 0.009060803800821304, "X_Y_val_COS": 0.004961695522069931, "X_Y_val_MSEloss": 0.00771549204364419}}