{"train_samples": 40, "test_samples": 200, "source_model": "intfloat/multilingual-e5-base", "source_dim": 768, "target_dim": 512, "test_results": {"bleu": 0.39, "bleu1": 18.42, "bleu2": 1.16, "bleu3": 0.1, "bleu4": 0.03, "rougeL": 0.1096, "rouge1": 0.1305, "rouge2": 0.009, "exact_match": 0.0}, "loss": {"X_Y_COS": 1.0, "X_Y_MSEloss": 1.8372946393452327e-12, "X_Y_test_COS": 0.9161097407341003, "X_Y_test_MSEloss": 0.0005094107473269105, "X_Y_val_COS": 0.9198500514030457, "X_Y_val_MSEloss": 0.0005039047100581229}}