{"train_samples": 5000, "test_samples": 200, "source_model": "google-bert/bert-base-multilingual-cased", "source_dim": 768, "target_dim": 512, "test_results": {"bleu": 0.21, "bleu1": 17.9, "bleu2": 1.06, "bleu3": 0.02, "bleu4": 0.01, "rougeL": 0.1339, "rouge1": 0.1727, "rouge2": 0.0106, "exact_match": 0.0}, "loss": {"X_Y_COS": 0.9438801407814026, "X_Y_MSEloss": 0.000214283776585944, "X_Y_test_COS": 0.9322341680526733, "X_Y_test_MSEloss": 0.0002567567571531981, "X_Y_val_COS": 0.9334962368011475, "X_Y_val_MSEloss": 0.0002527894976083189}}