{"train_samples": 1000, "test_samples": 200, "source_model": "google-t5/t5-base", "source_dim": 768, "target_dim": 512, "test_results": {"bleu": 0.21, "bleu1": 9.95, "bleu2": 0.39, "bleu3": 0.03, "bleu4": 0.02, "rougeL": 0.0624, "rouge1": 0.0713, "rouge2": 0.0028, "exact_match": 0.0}, "loss": {"X_Y_COS": 0.8852991461753845, "X_Y_MSEloss": 0.0004921619547531009, "X_Y_test_COS": 0.013947628438472748, "X_Y_test_MSEloss": 0.007156967185437679, "X_Y_val_COS": -0.006013371981680393, "X_Y_val_MSEloss": 0.006774433888494968}}