{"train_samples": 500, "test_samples": 200, "source_model": "text-embedding-ada-002", "source_dim": 1536, "target_dim": 512, "test_results": {"bleu": 0.98, "bleu1": 17.48, "bleu2": 1.52, "bleu3": 0.52, "bleu4": 0.26, "rougeL": 0.0753, "rouge1": 0.0892, "rouge2": 0.0087, "exact_match": 0.0}, "loss": {"X_Y_COS": 0.9760733842849731, "X_Y_MSEloss": 9.29965972318314e-05, "X_Y_test_COS": 0.8789498805999756, "X_Y_test_MSEloss": 0.00045436370419338346, "X_Y_val_COS": 0.8779155611991882, "X_Y_val_MSEloss": 0.0004581787216011435}}