{"train_samples": 3000, "test_samples": 200, "source_model": "google/mt5-base", "source_dim": 768, "target_dim": 512, "test_results": {"bleu": 0.16, "bleu1": 13.92, "bleu2": 0.41, "bleu3": 0.02, "bleu4": 0.01, "rougeL": 0.0716, "rouge1": 0.0788, "rouge2": 0.0092, "exact_match": 0.0}, "loss": {"X_Y_COS": 0.9447723627090454, "X_Y_MSEloss": 0.00021177649614401162, "X_Y_test_COS": 0.925089418888092, "X_Y_test_MSEloss": 0.0002858985390048474, "X_Y_val_COS": 0.9241775274276733, "X_Y_val_MSEloss": 0.00028818505234085023}}