{"epoch": 0, "dev_acc": 56.99999999999999, "test_acc": 53.0, "test_f1": 52.88, "test_roc": 71.28999999999999}