{"epoch": 1, "dev_acc": 57.49999999999999, "test_acc": 55.00000000000001, "test_f1": 54.94, "test_roc": 73.14}