{"train_samples": 3, "test_samples": 200, "source_model": "google/mt5-base", "source_dim": 768, "target_dim": 512, "test_results": {"bleu": 0.12, "bleu1": 10.24, "bleu2": 0.11, "bleu3": 0.04, "bleu4": 0.02, "rougeL": 0.0073, "rouge1": 0.0073, "rouge2": 0.0, "exact_match": 0.0}, "loss": {"X_Y_COS": 1.0, "X_Y_MSEloss": 5.613374691726934e-16, "X_Y_test_COS": 0.8749828934669495, "X_Y_test_MSEloss": 0.0004769090155605227, "X_Y_val_COS": 0.8714908361434937, "X_Y_val_MSEloss": 0.0004772826505359262}}