{"train_samples": 5, "test_samples": 200, "source_model": "google-t5/t5-base", "source_dim": 768, "target_dim": 512, "test_results": {"bleu": 0.04, "bleu1": 12.04, "bleu2": 0.02, "bleu3": 0.01, "bleu4": 0.01, "rougeL": 0.0083, "rouge1": 0.0083, "rouge2": 0.0003, "exact_match": 0.0}, "loss": {"X_Y_COS": 1.0, "X_Y_MSEloss": 2.0702953240636646e-10, "X_Y_test_COS": 0.9141821265220642, "X_Y_test_MSEloss": 0.0007821079343557358, "X_Y_val_COS": 0.9105944037437439, "X_Y_val_MSEloss": 0.0008560880669392645}}