{"train_samples": 500, "test_samples": 200, "source_model": "google-t5/t5-base", "source_dim": 768, "target_dim": 512, "test_results": {"bleu": 0.45, "bleu1": 20.72, "bleu2": 1.43, "bleu3": 0.07, "bleu4": 0.04, "rougeL": 0.1506, "rouge1": 0.1959, "rouge2": 0.0164, "exact_match": 0.0}, "loss": {"X_Y_COS": 0.9919063448905945, "X_Y_MSEloss": 5.4242158512352034e-05, "X_Y_test_COS": 0.9347561001777649, "X_Y_test_MSEloss": 0.000441422569565475, "X_Y_val_COS": 0.9355362057685852, "X_Y_val_MSEloss": 0.00044064808753319085}}