{"train_samples": 1000, "test_samples": 200, "source_model": "google-t5/t5-base", "source_dim": 768, "target_dim": 512, "test_results": {"bleu": 0.05, "bleu1": 12.94, "bleu2": 0.02, "bleu3": 0.01, "bleu4": 0.01, "rougeL": 0.024, "rouge1": 0.0258, "rouge2": 0.0, "exact_match": 0.0}, "loss": {"X_Y_COS": 0.9694494605064392, "X_Y_MSEloss": 0.00011830087896669284, "X_Y_test_COS": 0.9167851805686951, "X_Y_test_MSEloss": 0.0003188747796230018, "X_Y_val_COS": 0.9175993204116821, "X_Y_val_MSEloss": 0.0003166243259329349}}