{"train_samples": 40, "test_samples": 200, "source_model": "text-embedding-ada-002", "source_dim": 1536, "target_dim": 512, "test_results": {"bleu": 0.18, "bleu1": 17.45, "bleu2": 0.62, "bleu3": 0.01, "bleu4": 0.01, "rougeL": 0.108, "rouge1": 0.1292, "rouge2": 0.0037, "exact_match": 0.0}, "loss": {"X_Y_COS": 1.0, "X_Y_MSEloss": 1.7471060134634925e-13, "X_Y_test_COS": 0.9137639999389648, "X_Y_test_MSEloss": 0.00032232722151093185, "X_Y_val_COS": 0.9162006974220276, "X_Y_val_MSEloss": 0.0003138401953037828}}