{"train_samples": 300, "test_samples": 200, "source_model": "sentence-transformers/gtr-t5-base", "source_dim": 768, "target_dim": 512, "test_results": {"bleu": 11.33, "bleu1": 28.12, "bleu2": 10.7, "bleu3": 9.05, "bleu4": 8.25, "rougeL": 0.2123, "rouge1": 0.2537, "rouge2": 0.1056, "exact_match": 0.0}, "loss": {"X_Y_COS": 0.9335513710975647, "X_Y_MSEloss": 0.000325818604324013, "X_Y_test_COS": 0.9215380549430847, "X_Y_test_MSEloss": 0.0003722266119439155, "X_Y_val_COS": 0.9240787029266357, "X_Y_val_MSEloss": 0.0003644032694865018, "reg_lambda": 10}}