{"train_samples": 10, "test_samples": 200, "source_model": "text-embedding-3-large", "source_dim": 3072, "target_dim": 512, "test_results": {"bleu": 0.14, "bleu1": 13.13, "bleu2": 0.09, "bleu3": 0.03, "bleu4": 0.02, "rougeL": 0.0218, "rouge1": 0.0221, "rouge2": 0.0, "exact_match": 0.0}, "loss": {"X_Y_COS": 1.0, "X_Y_MSEloss": 1.6079886858729446e-16, "X_Y_test_COS": 0.8774338960647583, "X_Y_test_MSEloss": 0.0005492942873388529, "X_Y_val_COS": 0.87688809633255, "X_Y_val_MSEloss": 0.0005426321877166629}}