{"train_samples": 500, "test_samples": 200, "source_model": "google-t5/t5-base", "source_dim": 768, "target_dim": 512, "test_results": {"bleu": 0.14, "bleu1": 14.06, "bleu2": 0.31, "bleu3": 0.02, "bleu4": 0.01, "rougeL": 0.044, "rouge1": 0.0479, "rouge2": 0.003, "exact_match": 0.0}, "loss": {"X_Y_COS": 0.9797241687774658, "X_Y_MSEloss": 7.898486364865676e-05, "X_Y_test_COS": 0.8877180814743042, "X_Y_test_MSEloss": 0.00043616382754407823, "X_Y_val_COS": 0.8896784782409668, "X_Y_val_MSEloss": 0.0004272304358892143}}