{"train_samples": 1000, "test_samples": 200, "source_model": "text-embedding-3-large", "source_dim": 3072, "target_dim": 512, "test_results": {"bleu": 0.64, "bleu1": 15.58, "bleu2": 1.46, "bleu3": 0.17, "bleu4": 0.06, "rougeL": 0.1237, "rouge1": 0.1376, "rouge2": 0.0097, "exact_match": 0.0}, "loss": {"X_Y_COS": 1.0, "X_Y_MSEloss": 8.139102320716893e-14, "X_Y_test_COS": -0.034616868942976, "X_Y_test_MSEloss": 0.002922272542491555, "X_Y_val_COS": 0.07223180681467056, "X_Y_val_MSEloss": 0.002639531623572111}}