{"train_samples": 100, "test_samples": 200, "source_model": "sentence-transformers/gtr-t5-base", "source_dim": 768, "target_dim": 512, "test_results": {"bleu": 0.44, "bleu1": 14.84, "bleu2": 0.8, "bleu3": 0.2, "bleu4": 0.11, "rougeL": 0.0442, "rouge1": 0.0452, "rouge2": 0.0024, "exact_match": 0.0}, "loss": {"X_Y_COS": 1.0, "X_Y_MSEloss": 1.8163555986420825e-14, "X_Y_test_COS": 0.8643958568572998, "X_Y_test_MSEloss": 0.000939700286835432, "X_Y_val_COS": 0.8687682747840881, "X_Y_val_MSEloss": 0.0008893976337276399}}