{"train_samples": 50, "test_samples": 200, "source_model": "sentence-transformers/gtr-t5-base", "source_dim": 768, "target_dim": 512, "test_results": {"bleu": 0.75, "bleu1": 14.75, "bleu2": 1.3, "bleu3": 0.29, "bleu4": 0.11, "rougeL": 0.0735, "rouge1": 0.087, "rouge2": 0.0107, "exact_match": 0.0}, "loss": {"X_Y_COS": 1.0, "X_Y_MSEloss": 1.3099878043012028e-15, "X_Y_test_COS": 0.8537307381629944, "X_Y_test_MSEloss": 0.0005381761584430933, "X_Y_val_COS": 0.8417002558708191, "X_Y_val_MSEloss": 0.0005798153579235077}}