{"train_samples": 1000, "test_samples": 200, "source_model": "intfloat/multilingual-e5-base", "source_dim": 768, "target_dim": 512, "test_results": {"bleu": 0.25, "bleu1": 14.65, "bleu2": 0.74, "bleu3": 0.03, "bleu4": 0.02, "rougeL": 0.1019, "rouge1": 0.1218, "rouge2": 0.0079, "exact_match": 0.0}, "loss": {"X_Y_COS": 0.9509464502334595, "X_Y_MSEloss": 0.00018750206800177693, "X_Y_test_COS": 0.8802723288536072, "X_Y_test_MSEloss": 0.00045122901792638004, "X_Y_val_COS": 0.8847591876983643, "X_Y_val_MSEloss": 0.0004349224909674376}}