{"train_samples": 40, "test_samples": 200, "source_model": "google/mt5-base", "source_dim": 768, "target_dim": 512, "test_results": {"bleu": 0.78, "bleu1": 20.62, "bleu2": 1.29, "bleu3": 0.29, "bleu4": 0.11, "rougeL": 0.1359, "rouge1": 0.1637, "rouge2": 0.0128, "exact_match": 0.0}, "loss": {"X_Y_COS": 1.0, "X_Y_MSEloss": 1.917198821574373e-12, "X_Y_test_COS": 0.9121909141540527, "X_Y_test_MSEloss": 0.0005336636095307767, "X_Y_val_COS": 0.9125377535820007, "X_Y_val_MSEloss": 0.0005547704640775919}}