{"train_samples": 50, "test_samples": 200, "source_model": "sentence-transformers/all-MiniLM-L6-v2", "source_dim": 384, "target_dim": 512, "test_results": {"bleu": 0.09, "bleu1": 7.86, "bleu2": 0.06, "bleu3": 0.02, "bleu4": 0.01, "rougeL": 0.0889, "rouge1": 0.1073, "rouge2": 0.0009, "exact_match": 0.0}, "loss": {"X_Y_COS": 1.0, "X_Y_MSEloss": 7.712465106661515e-13, "X_Y_test_COS": 0.8807119727134705, "X_Y_test_MSEloss": 0.000453175394795835, "X_Y_val_COS": 0.8777593970298767, "X_Y_val_MSEloss": 0.0004624682478606701}}