{"train_samples": 40, "test_samples": 200, "source_model": "sentence-transformers/all-MiniLM-L6-v2", "source_dim": 384, "target_dim": 512, "test_results": {"bleu": 0.47, "bleu1": 12.05, "bleu2": 0.68, "bleu3": 0.29, "bleu4": 0.2, "rougeL": 0.0337, "rouge1": 0.0366, "rouge2": 0.004, "exact_match": 0.0}, "loss": {"X_Y_COS": 1.0, "X_Y_MSEloss": 2.1873613658470337e-15, "X_Y_test_COS": 0.5986639857292175, "X_Y_test_MSEloss": 0.0021056809928268194, "X_Y_val_COS": 0.5510098934173584, "X_Y_val_MSEloss": 0.002147035440430045}}