{"train_samples": 30, "test_samples": 200, "source_model": "google/mt5-base", "source_dim": 768, "target_dim": 512, "test_results": {"bleu": 0.68, "bleu1": 15.13, "bleu2": 1.05, "bleu3": 0.31, "bleu4": 0.2, "rougeL": 0.0641, "rouge1": 0.0756, "rouge2": 0.0074, "exact_match": 0.0}, "loss": {"X_Y_COS": 1.0, "X_Y_MSEloss": 8.649969304198868e-13, "X_Y_test_COS": 0.8625930547714233, "X_Y_test_MSEloss": 0.0004965528496541083, "X_Y_val_COS": 0.849665105342865, "X_Y_val_MSEloss": 0.0005424160626716912}}