{"train_samples": 1000, "test_samples": 200, "source_model": "google-bert/bert-base-multilingual-cased", "source_dim": 768, "target_dim": 512, "test_results": {"bleu": 0.21, "bleu1": 9.99, "bleu2": 0.36, "bleu3": 0.03, "bleu4": 0.02, "rougeL": 0.0619, "rouge1": 0.0709, "rouge2": 0.0033, "exact_match": 0.0}, "loss": {"X_Y_COS": 0.8987542986869812, "X_Y_MSEloss": 0.00045172389945946634, "X_Y_test_COS": -0.044566139578819275, "X_Y_test_MSEloss": 0.008288138546049595, "X_Y_val_COS": 0.0345112681388855, "X_Y_val_MSEloss": 0.007448010146617889}}