{"train_samples": 20, "test_samples": 200, "source_model": "text-embedding-ada-002", "source_dim": 1536, "target_dim": 512, "test_results": {"bleu": 0.19, "bleu1": 17.04, "bleu2": 0.81, "bleu3": 0.02, "bleu4": 0.01, "rougeL": 0.1231, "rouge1": 0.1622, "rouge2": 0.0088, "exact_match": 0.0}, "loss": {"X_Y_COS": 1.0, "X_Y_MSEloss": 1.0771378330021088e-14, "X_Y_test_COS": 0.9289325475692749, "X_Y_test_MSEloss": 0.000267889816313982, "X_Y_val_COS": 0.9292919635772705, "X_Y_val_MSEloss": 0.00026659813011065125}}