{"train_samples": 10, "test_samples": 200, "source_model": "text-embedding-ada-002", "source_dim": 1536, "target_dim": 512, "test_results": {"bleu": 0.31, "bleu1": 17.56, "bleu2": 0.8, "bleu3": 0.12, "bleu4": 0.02, "rougeL": 0.0855, "rouge1": 0.0963, "rouge2": 0.008, "exact_match": 0.0}, "loss": {"X_Y_COS": 1.0, "X_Y_MSEloss": 4.0668749597615964e-15, "X_Y_test_COS": 0.895432710647583, "X_Y_test_MSEloss": 0.00038666240288875997, "X_Y_val_COS": 0.8971261382102966, "X_Y_val_MSEloss": 0.00038110188324935734}}