{"train_samples": 50, "test_samples": 200, "source_model": "text-embedding-ada-002", "source_dim": 1536, "target_dim": 512, "test_results": {"bleu": 1.29, "bleu1": 21.23, "bleu2": 2.27, "bleu3": 0.58, "bleu4": 0.13, "rougeL": 0.1402, "rouge1": 0.1787, "rouge2": 0.032, "exact_match": 0.0}, "loss": {"X_Y_COS": 1.0, "X_Y_MSEloss": 3.3763384883062075e-12, "X_Y_test_COS": 0.8352836966514587, "X_Y_test_MSEloss": 0.0005924534634687006, "X_Y_val_COS": 0.8334184288978577, "X_Y_val_MSEloss": 0.0005988977500237525}}