{"train_samples": 3, "test_samples": 200, "source_model": "google-t5/t5-base", "source_dim": 768, "target_dim": 512, "test_results": {"bleu": 1.04, "bleu1": 19.98, "bleu2": 1.57, "bleu3": 0.38, "bleu4": 0.26, "rougeL": 0.1063, "rouge1": 0.1379, "rouge2": 0.0163, "exact_match": 0.0}, "loss": {"X_Y_COS": 1.0, "X_Y_MSEloss": 4.420656481390721e-16, "X_Y_test_COS": 0.834223210811615, "X_Y_test_MSEloss": 0.0006404118030332029, "X_Y_val_COS": 0.8335812091827393, "X_Y_val_MSEloss": 0.0006465768674388528}}