{"train_samples": 10, "test_samples": 200, "source_model": "google/mt5-base", "source_dim": 768, "target_dim": 512, "test_results": {"bleu": 0.11, "bleu1": 9.46, "bleu2": 0.05, "bleu3": 0.03, "bleu4": 0.01, "rougeL": 0.0029, "rouge1": 0.0033, "rouge2": 0.0, "exact_match": 0.0}, "loss": {"X_Y_COS": 1.0, "X_Y_MSEloss": 1.1968749186457451e-14, "X_Y_test_COS": 0.8365269303321838, "X_Y_test_MSEloss": 0.0005849748849868774, "X_Y_val_COS": 0.8368208408355713, "X_Y_val_MSEloss": 0.0005836436175741255}}