{"train_samples": 1000, "test_samples": 200, "source_model": "google-bert/bert-base-multilingual-cased", "source_dim": 768, "target_dim": 512, "test_results": {"bleu": 7.68, "bleu1": 32.28, "bleu2": 8.92, "bleu3": 5.12, "bleu4": 3.81, "rougeL": 0.2094, "rouge1": 0.2694, "rouge2": 0.0866, "exact_match": 0.0}, "loss": {"X_Y_COS": 0.9377257227897644, "X_Y_MSEloss": 0.00023675848206039518, "X_Y_test_COS": 0.8464435935020447, "X_Y_test_MSEloss": 0.0005748157273046672, "X_Y_val_COS": 0.8469179272651672, "X_Y_val_MSEloss": 0.0005753312143497169}}