{"train_samples": 1000, "test_samples": 200, "source_model": "google-t5/t5-base", "source_dim": 768, "target_dim": 512, "test_results": {"bleu": 0.29, "bleu1": 16.63, "bleu2": 1.3, "bleu3": 0.03, "bleu4": 0.01, "rougeL": 0.1164, "rouge1": 0.1323, "rouge2": 0.0102, "exact_match": 0.0}, "loss": {"X_Y_COS": 0.9182897806167603, "X_Y_MSEloss": 0.0004099136567674577, "X_Y_test_COS": 0.0438290536403656, "X_Y_test_MSEloss": 0.007136949338018894, "X_Y_val_COS": 0.08714054524898529, "X_Y_val_MSEloss": 0.007507392670959234}}