{"train_samples": 3, "test_samples": 200, "source_model": "intfloat/multilingual-e5-base", "source_dim": 768, "target_dim": 512, "test_results": {"bleu": 0.16, "bleu1": 16.8, "bleu2": 0.6, "bleu3": 0.01, "bleu4": 0.01, "rougeL": 0.0854, "rouge1": 0.1033, "rouge2": 0.0058, "exact_match": 0.0}, "loss": {"X_Y_COS": 1.0, "X_Y_MSEloss": 2.013285926860675e-10, "X_Y_test_COS": 0.7687038779258728, "X_Y_test_MSEloss": 0.0016056738095358014, "X_Y_val_COS": 0.7712350487709045, "X_Y_val_MSEloss": 0.0015644496306777}}