{"train_samples": 1000, "test_samples": 200, "source_model": "google-bert/bert-base-multilingual-cased", "source_dim": 768, "target_dim": 512, "test_results": {"bleu": 1.34, "bleu1": 25.41, "bleu2": 3.17, "bleu3": 0.61, "bleu4": 0.07, "rougeL": 0.1822, "rouge1": 0.2349, "rouge2": 0.0395, "exact_match": 0.0}, "loss": {"X_Y_COS": 0.972412109375, "X_Y_MSEloss": 0.00010740943980636075, "X_Y_test_COS": 0.9017689824104309, "X_Y_test_MSEloss": 0.00038557537482120097, "X_Y_val_COS": 0.896943211555481, "X_Y_val_MSEloss": 0.0004027631657663733}}