{"train_samples": 50, "test_samples": 200, "source_model": "sentence-transformers/all-MiniLM-L6-v2", "source_dim": 384, "target_dim": 512, "test_results": {"bleu": 0.14, "bleu1": 7.91, "bleu2": 0.09, "bleu3": 0.03, "bleu4": 0.02, "rougeL": 0.0028, "rouge1": 0.0028, "rouge2": 0.0, "exact_match": 0.0}, "loss": {"X_Y_COS": 1.0, "X_Y_MSEloss": 8.022588127674923e-13, "X_Y_test_COS": 0.8679749369621277, "X_Y_test_MSEloss": 0.0005031455075368285, "X_Y_val_COS": 0.8548371195793152, "X_Y_val_MSEloss": 0.0005326957907527685}}