{"train_samples": 40, "test_samples": 200, "source_model": "text-embedding-ada-002", "source_dim": 1536, "target_dim": 512, "test_results": {"bleu": 0.47, "bleu1": 18.42, "bleu2": 1.3, "bleu3": 0.1, "bleu4": 0.02, "rougeL": 0.1304, "rouge1": 0.1773, "rouge2": 0.0204, "exact_match": 0.0}, "loss": {"X_Y_COS": 1.0, "X_Y_MSEloss": 2.652697668730636e-13, "X_Y_test_COS": 0.9201783537864685, "X_Y_test_MSEloss": 0.00029937521321699023, "X_Y_val_COS": 0.9193632006645203, "X_Y_val_MSEloss": 0.0003027248603757471}}