{"train_samples": 20, "test_samples": 200, "source_model": "google-t5/t5-base", "source_dim": 768, "target_dim": 512, "test_results": {"bleu": 0.63, "bleu1": 16.85, "bleu2": 1.27, "bleu3": 0.13, "bleu4": 0.08, "rougeL": 0.0895, "rouge1": 0.1052, "rouge2": 0.0085, "exact_match": 0.0}, "loss": {"X_Y_COS": 1.0, "X_Y_MSEloss": 1.8502814281136327e-15, "X_Y_test_COS": 0.8442157506942749, "X_Y_test_MSEloss": 0.0005618337891064584, "X_Y_val_COS": 0.854792058467865, "X_Y_val_MSEloss": 0.0005280976765789092}}