{"train_samples": 30, "test_samples": 200, "source_model": "google/flan-t5-base", "source_dim": 768, "target_dim": 512, "test_results": {"bleu": 0.07, "bleu1": 10.08, "bleu2": 0.03, "bleu3": 0.01, "bleu4": 0.01, "rougeL": 0.0025, "rouge1": 0.0025, "rouge2": 0.0, "exact_match": 0.0}, "loss": {"X_Y_COS": 0.9935474395751953, "X_Y_MSEloss": 2.470337858540006e-05, "X_Y_test_COS": 0.8682762980461121, "X_Y_test_MSEloss": 0.0004921029321849346, "X_Y_val_COS": 0.8749023079872131, "X_Y_val_MSEloss": 0.00046696103527210653}}