{"train_samples": 30, "test_samples": 200, "source_model": "google-t5/t5-base", "source_dim": 768, "target_dim": 512, "test_results": {"bleu": 0.19, "bleu1": 12.42, "bleu2": 0.3, "bleu3": 0.03, "bleu4": 0.02, "rougeL": 0.0341, "rouge1": 0.0381, "rouge2": 0.0018, "exact_match": 0.0}, "loss": {"X_Y_COS": 1.0, "X_Y_MSEloss": 3.3358170013157024e-14, "X_Y_test_COS": 0.8940670490264893, "X_Y_test_MSEloss": 0.0003935403365176171, "X_Y_val_COS": 0.897506833076477, "X_Y_val_MSEloss": 0.00038102781400084496}}