{"train_samples": 500, "test_samples": 200, "source_model": "text-embedding-ada-002", "source_dim": 1536, "target_dim": 512, "test_results": {"bleu": 0.21, "bleu1": 16.0, "bleu2": 0.79, "bleu3": 0.02, "bleu4": 0.01, "rougeL": 0.1047, "rouge1": 0.1149, "rouge2": 0.0063, "exact_match": 0.0}, "loss": {"X_Y_COS": 0.971742570400238, "X_Y_MSEloss": 0.00010961284715449437, "X_Y_test_COS": 0.8789771199226379, "X_Y_test_MSEloss": 0.0004548937431536615, "X_Y_val_COS": 0.8836657404899597, "X_Y_val_MSEloss": 0.0004387743247207254}}