{"train_samples": 100, "test_samples": 200, "source_model": "google-t5/t5-base", "source_dim": 768, "target_dim": 512, "test_results": {"bleu": 0.23, "bleu1": 16.65, "bleu2": 0.51, "bleu3": 0.03, "bleu4": 0.02, "rougeL": 0.085, "rouge1": 0.0948, "rouge2": 0.0031, "exact_match": 0.0}, "loss": {"X_Y_COS": 0.9999997615814209, "X_Y_MSEloss": 9.020100222301153e-10, "X_Y_test_COS": 0.8783793449401855, "X_Y_test_MSEloss": 0.00045698750182054937, "X_Y_val_COS": 0.8764355182647705, "X_Y_val_MSEloss": 0.00046438758727163076}}