{"train_samples": 40, "test_samples": 200, "source_model": "text-embedding-3-large", "source_dim": 3072, "target_dim": 512, "test_results": {"bleu": 0.16, "bleu1": 16.49, "bleu2": 0.4, "bleu3": 0.02, "bleu4": 0.01, "rougeL": 0.1023, "rouge1": 0.1219, "rouge2": 0.0028, "exact_match": 0.0}, "loss": {"X_Y_COS": 1.0, "X_Y_MSEloss": 1.5226679305987458e-15, "X_Y_test_COS": 0.9137219190597534, "X_Y_test_MSEloss": 0.0003614348534028977, "X_Y_val_COS": 0.9151768088340759, "X_Y_val_MSEloss": 0.000353844603523612}}