{"train_samples": 20, "test_samples": 200, "source_model": "google/flan-t5-base", "source_dim": 768, "target_dim": 512, "test_results": {"bleu": 0.36, "bleu1": 8.42, "bleu2": 0.19, "bleu3": 0.11, "bleu4": 0.09, "rougeL": 0.0046, "rouge1": 0.0046, "rouge2": 0.0, "exact_match": 0.0}, "loss": {"X_Y_COS": 0.9934978485107422, "X_Y_MSEloss": 2.4848768589436077e-05, "X_Y_test_COS": 0.870032012462616, "X_Y_test_MSEloss": 0.00048311511636711657, "X_Y_val_COS": 0.8719905614852905, "X_Y_val_MSEloss": 0.00047658346011303365}}