{"train_samples": 40, "test_samples": 200, "source_model": "google-t5/t5-base", "source_dim": 768, "target_dim": 512, "test_results": {"bleu": 0.17, "bleu1": 16.01, "bleu2": 0.56, "bleu3": 0.02, "bleu4": 0.01, "rougeL": 0.0679, "rouge1": 0.0812, "rouge2": 0.0055, "exact_match": 0.0}, "loss": {"X_Y_COS": 1.0, "X_Y_MSEloss": 3.9011572834993236e-13, "X_Y_test_COS": 0.8838595151901245, "X_Y_test_MSEloss": 0.000428501283749938, "X_Y_val_COS": 0.8802595138549805, "X_Y_val_MSEloss": 0.0004420956829562783}}