{"train_samples": 1000, "test_samples": 200, "source_model": "text-embedding-3-large", "source_dim": 3072, "target_dim": 512, "test_results": {"bleu": 0.69, "bleu1": 16.61, "bleu2": 1.59, "bleu3": 0.19, "bleu4": 0.06, "rougeL": 0.1236, "rouge1": 0.1378, "rouge2": 0.0125, "exact_match": 0.0}, "loss": {"X_Y_COS": 1.0, "X_Y_MSEloss": 7.992100091534088e-14, "X_Y_test_COS": 0.01747116819024086, "X_Y_test_MSEloss": 0.0028140100184828043, "X_Y_val_COS": -0.03081490844488144, "X_Y_val_MSEloss": 0.0030464997980743647}}