{"train_samples": 1000, "test_samples": 200, "source_model": "random", "source_dim": 768, "target_dim": 512, "test_results": {"bleu": 0.15, "bleu1": 10.37, "bleu2": 0.33, "bleu3": 0.02, "bleu4": 0.01, "rougeL": 0.0659, "rouge1": 0.0754, "rouge2": 0.0028, "exact_match": 0.0}, "loss": {"X_Y_COS": 0.9149542450904846, "X_Y_MSEloss": 0.0004060931969434023, "X_Y_test_COS": 0.007824030704796314, "X_Y_test_MSEloss": 0.00855614896863699, "X_Y_val_COS": -0.012491973116993904, "X_Y_val_MSEloss": 0.008843905292451382}}