{"train_samples": 50, "test_samples": 200, "source_model": "text-embedding-3-large", "source_dim": 3072, "target_dim": 512, "test_results": {"bleu": 0.89, "bleu1": 18.95, "bleu2": 1.67, "bleu3": 0.32, "bleu4": 0.06, "rougeL": 0.1311, "rouge1": 0.1816, "rouge2": 0.0237, "exact_match": 0.0}, "loss": {"X_Y_COS": 1.0, "X_Y_MSEloss": 1.6618290910855229e-15, "X_Y_test_COS": 0.9191186428070068, "X_Y_test_MSEloss": 0.0003693130274768919, "X_Y_val_COS": 0.9161695837974548, "X_Y_val_MSEloss": 0.00039113275124691427}}