{"train_samples": 1, "test_samples": 200, "source_model": "intfloat/multilingual-e5-base", "source_dim": 768, "target_dim": 512, "test_results": {"bleu": 0.22, "bleu1": 9.96, "bleu2": 0.24, "bleu3": 0.04, "bleu4": 0.02, "rougeL": 0.0968, "rouge1": 0.1005, "rouge2": 0.0032, "exact_match": 0.0}, "loss": {"X_Y_COS": 1.0000001192092896, "X_Y_MSEloss": 3.4329827129699086e-16, "X_Y_test_COS": 0.835506021976471, "X_Y_test_MSEloss": 0.0006093684933148324, "X_Y_val_COS": 0.8378978371620178, "X_Y_val_MSEloss": 0.0006027232157066464}}