{"train_samples": 1000, "test_samples": 200, "source_model": "sentence-transformers/gtr-t5-base", "source_dim": 768, "target_dim": 512, "test_results": {"bleu": 0.61, "bleu1": 16.73, "bleu2": 1.89, "bleu3": 0.19, "bleu4": 0.03, "rougeL": 0.1218, "rouge1": 0.1362, "rouge2": 0.0152, "exact_match": 0.0}, "loss": {"X_Y_COS": 0.8925991654396057, "X_Y_MSEloss": 0.00047671355423517525, "X_Y_test_COS": -0.03028092160820961, "X_Y_test_MSEloss": 0.007916416972875595, "X_Y_val_COS": 0.01399513240903616, "X_Y_val_MSEloss": 0.010095074772834778}}