{"train_samples": 3, "test_samples": 200, "source_model": "google/flan-t5-base", "source_dim": 768, "target_dim": 512, "test_results": {"bleu": 0.11, "bleu1": 12.56, "bleu2": 0.28, "bleu3": 0.01, "bleu4": 0.01, "rougeL": 0.0451, "rouge1": 0.047, "rouge2": 0.0005, "exact_match": 0.0}, "loss": {"X_Y_COS": 1.0, "X_Y_MSEloss": 2.7206378816480026e-10, "X_Y_test_COS": 0.8847397565841675, "X_Y_test_MSEloss": 0.0011115777306258678, "X_Y_val_COS": 0.8883785009384155, "X_Y_val_MSEloss": 0.0011126907775178552}}