{"train_samples": 1000, "test_samples": 200, "source_model": "google/flan-t5-base", "source_dim": 768, "target_dim": 512, "test_results": {"bleu": 0.24, "bleu1": 13.86, "bleu2": 0.49, "bleu3": 0.04, "bleu4": 0.02, "rougeL": 0.0667, "rouge1": 0.0775, "rouge2": 0.0075, "exact_match": 0.0}, "loss": {"X_Y_COS": 0.9741771817207336, "X_Y_MSEloss": 0.00010088185808854178, "X_Y_test_COS": 0.9251118898391724, "X_Y_test_MSEloss": 0.00029085035203024745, "X_Y_val_COS": 0.9229267835617065, "X_Y_val_MSEloss": 0.0002982885926030576}}