{"train_samples": 10, "test_samples": 200, "source_model": "intfloat/multilingual-e5-base", "source_dim": 768, "target_dim": 512, "test_results": {"bleu": 0.15, "bleu1": 11.16, "bleu2": 0.34, "bleu3": 0.02, "bleu4": 0.01, "rougeL": 0.0598, "rouge1": 0.0667, "rouge2": 0.0119, "exact_match": 0.0}, "loss": {"X_Y_COS": 1.0, "X_Y_MSEloss": 1.6440047934107582e-10, "X_Y_test_COS": 0.8942416906356812, "X_Y_test_MSEloss": 0.000801855931058526, "X_Y_val_COS": 0.889147937297821, "X_Y_val_MSEloss": 0.0008759121992625296}}