{"train_samples": 50, "test_samples": 200, "source_model": "sentence-transformers/all-MiniLM-L6-v2", "source_dim": 384, "target_dim": 512, "test_results": {"bleu": 0.07, "bleu1": 8.21, "bleu2": 0.04, "bleu3": 0.02, "bleu4": 0.01, "rougeL": 0.0794, "rouge1": 0.0944, "rouge2": 0.0013, "exact_match": 0.0}, "loss": {"X_Y_COS": 1.0, "X_Y_MSEloss": 1.3248188353645607e-12, "X_Y_test_COS": 0.7733435034751892, "X_Y_test_MSEloss": 0.0008175238035619259, "X_Y_val_COS": 0.768623948097229, "X_Y_val_MSEloss": 0.0008343220106326044}}