{"train_samples": 3, "test_samples": 200, "source_model": "google-t5/t5-base", "source_dim": 768, "target_dim": 512, "test_results": {"bleu": 0.19, "bleu1": 9.02, "bleu2": 0.73, "bleu3": 0.02, "bleu4": 0.01, "rougeL": 0.0976, "rouge1": 0.1066, "rouge2": 0.0089, "exact_match": 0.0}, "loss": {"X_Y_COS": 1.0000001192092896, "X_Y_MSEloss": 4.162884767904332e-16, "X_Y_test_COS": 0.8795164227485657, "X_Y_test_MSEloss": 0.00044840603368356824, "X_Y_val_COS": 0.8777362108230591, "X_Y_val_MSEloss": 0.0004541521775536239}}