{"train_samples": 30, "test_samples": 200, "source_model": "text-embedding-3-large", "source_dim": 3072, "target_dim": 512, "test_results": {"bleu": 0.21, "bleu1": 18.98, "bleu2": 0.77, "bleu3": 0.02, "bleu4": 0.01, "rougeL": 0.0946, "rouge1": 0.1059, "rouge2": 0.0052, "exact_match": 0.0}, "loss": {"X_Y_COS": 1.0, "X_Y_MSEloss": 4.476063553448585e-16, "X_Y_test_COS": 0.9018347263336182, "X_Y_test_MSEloss": 0.00040309838368557394, "X_Y_val_COS": 0.9059693217277527, "X_Y_val_MSEloss": 0.00038568879244849086}}