{"train_samples": 5, "test_samples": 200, "source_model": "google/mt5-base", "source_dim": 768, "target_dim": 512, "test_results": {"bleu": 0.08, "bleu1": 11.9, "bleu2": 0.06, "bleu3": 0.02, "bleu4": 0.01, "rougeL": 0.0407, "rouge1": 0.0437, "rouge2": 0.0, "exact_match": 0.0}, "loss": {"X_Y_COS": 1.0, "X_Y_MSEloss": 4.321888204576133e-16, "X_Y_test_COS": 0.8668052554130554, "X_Y_test_MSEloss": 0.0004877424507867545, "X_Y_val_COS": 0.8662681579589844, "X_Y_val_MSEloss": 0.0004894480807706714}}