{"train_samples": 1000, "test_samples": 200, "source_model": "google/mt5-base", "source_dim": 768, "target_dim": 512, "test_results": {"bleu": 0.25, "bleu1": 18.29, "bleu2": 1.28, "bleu3": 0.02, "bleu4": 0.01, "rougeL": 0.1261, "rouge1": 0.1403, "rouge2": 0.0091, "exact_match": 0.0}, "loss": {"X_Y_COS": 0.955737829208374, "X_Y_MSEloss": 0.00017021015810314566, "X_Y_test_COS": 0.8937468528747559, "X_Y_test_MSEloss": 0.000403542653657496, "X_Y_val_COS": 0.8959738612174988, "X_Y_val_MSEloss": 0.00039334906614385545}}