{"train_samples": 1000, "test_samples": 200, "source_model": "google/mt5-base", "source_dim": 768, "target_dim": 512, "test_results": {"bleu": 0.23, "bleu1": 16.46, "bleu2": 1.18, "bleu3": 0.02, "bleu4": 0.01, "rougeL": 0.1148, "rouge1": 0.1241, "rouge2": 0.0095, "exact_match": 0.0}, "loss": {"X_Y_COS": 0.9605156183242798, "X_Y_MSEloss": 0.0002880667452700436, "X_Y_test_COS": 0.9029533267021179, "X_Y_test_MSEloss": 0.0007065784884616733, "X_Y_val_COS": 0.9054293632507324, "X_Y_val_MSEloss": 0.0007074034074321389}}