{"train_samples": 5, "test_samples": 200, "source_model": "google/mt5-base", "source_dim": 768, "target_dim": 512, "test_results": {"bleu": 0.14, "bleu1": 14.82, "bleu2": 0.35, "bleu3": 0.02, "bleu4": 0.01, "rougeL": 0.0542, "rouge1": 0.0648, "rouge2": 0.0054, "exact_match": 0.0}, "loss": {"X_Y_COS": 1.0, "X_Y_MSEloss": 4.282977628561639e-16, "X_Y_test_COS": 0.8619764447212219, "X_Y_test_MSEloss": 0.0005119998822920024, "X_Y_val_COS": 0.8523129224777222, "X_Y_val_MSEloss": 0.0005357160116545856}}