{"train_samples": 40, "test_samples": 200, "source_model": "google/flan-t5-base", "source_dim": 768, "target_dim": 512, "test_results": {"bleu": 0.08, "bleu1": 10.56, "bleu2": 0.03, "bleu3": 0.02, "bleu4": 0.01, "rougeL": 0.0487, "rouge1": 0.0542, "rouge2": 0.0013, "exact_match": 0.0}, "loss": {"X_Y_COS": 1.0, "X_Y_MSEloss": 1.8913672440289825e-13, "X_Y_test_COS": 0.8620206117630005, "X_Y_test_MSEloss": 0.0005054881330579519, "X_Y_val_COS": 0.859634518623352, "X_Y_val_MSEloss": 0.0005121923750266433}}