{"train_samples": 50, "test_samples": 200, "source_model": "google-bert/bert-base-multilingual-cased", "source_dim": 768, "target_dim": 512, "test_results": {"bleu": 1.35, "bleu1": 21.47, "bleu2": 1.98, "bleu3": 0.48, "bleu4": 0.19, "rougeL": 0.1365, "rouge1": 0.1844, "rouge2": 0.0199, "exact_match": 0.0}, "loss": {"X_Y_COS": 1.0, "X_Y_MSEloss": 1.9509888149471522e-10, "X_Y_test_COS": 0.8712447881698608, "X_Y_test_MSEloss": 0.0009832523064687848, "X_Y_val_COS": 0.8751131892204285, "X_Y_val_MSEloss": 0.0009462189627811313}}