{"train_samples": 1000, "test_samples": 200, "source_model": "text-embedding-ada-002", "source_dim": 1536, "target_dim": 512, "test_results": {"bleu": 0.36, "bleu1": 10.45, "bleu2": 0.41, "bleu3": 0.12, "bleu4": 0.03, "rougeL": 0.0648, "rouge1": 0.0725, "rouge2": 0.0032, "exact_match": 0.0}, "loss": {"X_Y_COS": 1.0, "X_Y_MSEloss": 3.497308128860843e-12, "X_Y_test_COS": 0.023048782721161842, "X_Y_test_MSEloss": 0.004881094675511122, "X_Y_val_COS": -0.009759933687746525, "X_Y_val_MSEloss": 0.005522555205971003}}