{"epoch": 4, "dev_acc": 57.49999999999999, "test_acc": 51.5, "test_f1": 45.2, "test_roc": 53.300000000000004}