{"train_samples": 5, "test_samples": 200, "source_model": "sentence-transformers/gtr-t5-base", "source_dim": 768, "target_dim": 512, "test_results": {"bleu": 0.08, "bleu1": 8.63, "bleu2": 0.05, "bleu3": 0.01, "bleu4": 0.01, "rougeL": 0.0029, "rouge1": 0.0029, "rouge2": 0.0, "exact_match": 0.0}, "loss": {"X_Y_COS": 1.0, "X_Y_MSEloss": 3.293031958957613e-16, "X_Y_test_COS": 0.8616356253623962, "X_Y_test_MSEloss": 0.000596698431763798, "X_Y_val_COS": 0.8614861965179443, "X_Y_val_MSEloss": 0.0006196079775691032}}