{"train_samples": 1000, "test_samples": 200, "source_model": "sentence-transformers/gtr-t5-base", "source_dim": 768, "target_dim": 512, "test_results": {"bleu": 0.55, "bleu1": 15.66, "bleu2": 1.63, "bleu3": 0.17, "bleu4": 0.03, "rougeL": 0.1151, "rouge1": 0.1304, "rouge2": 0.0134, "exact_match": 0.0}, "loss": {"X_Y_COS": 0.893068790435791, "X_Y_MSEloss": 0.00047976005589589477, "X_Y_test_COS": 0.022551298141479492, "X_Y_test_MSEloss": 0.007939769886434078, "X_Y_val_COS": 0.05538605526089668, "X_Y_val_MSEloss": 0.007239062804728746}}