{"train_samples": 5, "test_samples": 200, "source_model": "text-embedding-ada-002", "source_dim": 1536, "target_dim": 512, "test_results": {"bleu": 0.19, "bleu1": 18.97, "bleu2": 0.52, "bleu3": 0.03, "bleu4": 0.01, "rougeL": 0.0986, "rouge1": 0.1119, "rouge2": 0.0015, "exact_match": 0.0}, "loss": {"X_Y_COS": 1.0, "X_Y_MSEloss": 8.996412106961993e-16, "X_Y_test_COS": 0.8888989090919495, "X_Y_test_MSEloss": 0.0004095808253623545, "X_Y_val_COS": 0.892901599407196, "X_Y_val_MSEloss": 0.00039618503069505095}}