{"train_samples": 3, "test_samples": 200, "source_model": "google-bert/bert-base-multilingual-cased", "source_dim": 768, "target_dim": 512, "test_results": {"bleu": 8.01, "bleu1": 23.91, "bleu2": 7.36, "bleu3": 6.38, "bleu4": 5.84, "rougeL": 0.1449, "rouge1": 0.1618, "rouge2": 0.0649, "exact_match": 0.0}, "loss": {"X_Y_COS": 1.0, "X_Y_MSEloss": 3.387128849068093e-16, "X_Y_test_COS": 0.8942025303840637, "X_Y_test_MSEloss": 0.00043873838149011135, "X_Y_val_COS": 0.8952726721763611, "X_Y_val_MSEloss": 0.0004396036092657596}}