{"train_samples": 1000, "test_samples": 200, "source_model": "google/mt5-base", "source_dim": 768, "target_dim": 512, "test_results": {"bleu": 0.28, "bleu1": 10.96, "bleu2": 0.51, "bleu3": 0.06, "bleu4": 0.02, "rougeL": 0.0718, "rouge1": 0.0795, "rouge2": 0.0045, "exact_match": 0.0}, "loss": {"X_Y_COS": 0.9106293320655823, "X_Y_MSEloss": 0.0004236029926687479, "X_Y_test_COS": -0.08496817201375961, "X_Y_test_MSEloss": 0.009157266467809677, "X_Y_val_COS": 0.06675903499126434, "X_Y_val_MSEloss": 0.008171424269676208}}