{"train_samples": 50, "test_samples": 200, "source_model": "google/mt5-base", "source_dim": 768, "target_dim": 512, "test_results": {"bleu": 0.44, "bleu1": 18.6, "bleu2": 1.32, "bleu3": 0.13, "bleu4": 0.01, "rougeL": 0.1205, "rouge1": 0.1631, "rouge2": 0.0161, "exact_match": 0.0}, "loss": {"X_Y_COS": 1.0, "X_Y_MSEloss": 1.4907742602226007e-14, "X_Y_test_COS": 0.8881418704986572, "X_Y_test_MSEloss": 0.0008452359470538795, "X_Y_val_COS": 0.8836689591407776, "X_Y_val_MSEloss": 0.0008885166025720537}}