{"train_samples": 30, "test_samples": 200, "source_model": "google-t5/t5-base", "source_dim": 768, "target_dim": 512, "test_results": {"bleu": 0.1, "bleu1": 13.37, "bleu2": 0.03, "bleu3": 0.02, "bleu4": 0.01, "rougeL": 0.0018, "rouge1": 0.0018, "rouge2": 0.0, "exact_match": 0.0}, "loss": {"X_Y_COS": 0.9919911026954651, "X_Y_MSEloss": 3.053269756492227e-05, "X_Y_test_COS": 0.8543834686279297, "X_Y_test_MSEloss": 0.0005432601901702583, "X_Y_val_COS": 0.8598695993423462, "X_Y_val_MSEloss": 0.0005217663710936904}}