{"train_samples": 30, "test_samples": 200, "source_model": "intfloat/multilingual-e5-base", "source_dim": 768, "target_dim": 512, "test_results": {"bleu": 0.17, "bleu1": 17.07, "bleu2": 0.85, "bleu3": 0.01, "bleu4": 0.01, "rougeL": 0.0762, "rouge1": 0.0849, "rouge2": 0.005, "exact_match": 0.0}, "loss": {"X_Y_COS": 1.0, "X_Y_MSEloss": 9.69353856081559e-14, "X_Y_test_COS": 0.8910075426101685, "X_Y_test_MSEloss": 0.0004032884899061173, "X_Y_val_COS": 0.8880056738853455, "X_Y_val_MSEloss": 0.00041424602386541665}}