{"train_samples": 20, "test_samples": 200, "source_model": "text-embedding-3-large", "source_dim": 3072, "target_dim": 512, "test_results": {"bleu": 0.12, "bleu1": 13.7, "bleu2": 0.23, "bleu3": 0.02, "bleu4": 0.01, "rougeL": 0.055, "rouge1": 0.0595, "rouge2": 0.002, "exact_match": 0.0}, "loss": {"X_Y_COS": 1.0, "X_Y_MSEloss": 2.7123998733398545e-16, "X_Y_test_COS": 0.8813022971153259, "X_Y_test_MSEloss": 0.0004962058155797422, "X_Y_val_COS": 0.8785953521728516, "X_Y_val_MSEloss": 0.0004956366610713303}}