{"train_samples": 20, "test_samples": 200, "source_model": "google/flan-t5-base", "source_dim": 768, "target_dim": 512, "test_results": {"bleu": 0.28, "bleu1": 17.97, "bleu2": 0.88, "bleu3": 0.03, "bleu4": 0.02, "rougeL": 0.1288, "rouge1": 0.1667, "rouge2": 0.0093, "exact_match": 0.0}, "loss": {"X_Y_COS": 1.0, "X_Y_MSEloss": 1.4573656078928202e-15, "X_Y_test_COS": 0.9274104237556458, "X_Y_test_MSEloss": 0.00027846836019307375, "X_Y_val_COS": 0.9287808537483215, "X_Y_val_MSEloss": 0.00027348569710738957}}