{"train_samples": 5, "test_samples": 200, "source_model": "google-t5/t5-base", "source_dim": 768, "target_dim": 512, "test_results": {"bleu": 0.11, "bleu1": 13.82, "bleu2": 0.24, "bleu3": 0.01, "bleu4": 0.01, "rougeL": 0.0408, "rouge1": 0.0451, "rouge2": 0.001, "exact_match": 0.0}, "loss": {"X_Y_COS": 1.0, "X_Y_MSEloss": 3.9295332789850807e-16, "X_Y_test_COS": 0.8452314734458923, "X_Y_test_MSEloss": 0.0005795099423266947, "X_Y_val_COS": 0.8510227799415588, "X_Y_val_MSEloss": 0.0005597789422608912}}