{"train_samples": 100, "test_samples": 200, "source_model": "text-embedding-3-large", "source_dim": 3072, "target_dim": 512, "test_results": {"bleu": 0.33, "bleu1": 21.11, "bleu2": 1.23, "bleu3": 0.05, "bleu4": 0.01, "rougeL": 0.1241, "rouge1": 0.1591, "rouge2": 0.012, "exact_match": 0.0}, "loss": {"X_Y_COS": 1.0, "X_Y_MSEloss": 3.2986726160511752e-15, "X_Y_test_COS": 0.8862412571907043, "X_Y_test_MSEloss": 0.000464207143522799, "X_Y_val_COS": 0.8836961984634399, "X_Y_val_MSEloss": 0.00047880783677101135}}