{"train_samples": 20, "test_samples": 200, "source_model": "intfloat/multilingual-e5-base", "source_dim": 768, "target_dim": 512, "test_results": {"bleu": 0.2, "bleu1": 13.58, "bleu2": 0.66, "bleu3": 0.02, "bleu4": 0.01, "rougeL": 0.0964, "rouge1": 0.1056, "rouge2": 0.007, "exact_match": 0.0}, "loss": {"X_Y_COS": 1.0, "X_Y_MSEloss": 3.381841383537712e-14, "X_Y_test_COS": 0.9059083461761475, "X_Y_test_MSEloss": 0.00035067839780822396, "X_Y_val_COS": 0.9075058698654175, "X_Y_val_MSEloss": 0.0003453714307397604}}