{"train_samples": 1000, "test_samples": 200, "source_model": "random", "source_dim": 768, "target_dim": 512, "test_results": {"bleu": 0.37, "bleu1": 15.49, "bleu2": 1.26, "bleu3": 0.07, "bleu4": 0.01, "rougeL": 0.136, "rouge1": 0.1512, "rouge2": 0.0111, "exact_match": 0.0}, "loss": {"X_Y_COS": 0.901063859462738, "X_Y_MSEloss": 0.0004473982553463429, "X_Y_test_COS": -0.061365000903606415, "X_Y_test_MSEloss": 0.009413143619894981, "X_Y_val_COS": 0.07990062981843948, "X_Y_val_MSEloss": 0.008197573013603687}}