{"train_samples": 1000, "test_samples": 200, "source_model": "google-bert/bert-base-multilingual-cased", "source_dim": 768, "target_dim": 512, "test_results": {"bleu": 1.11, "bleu1": 9.19, "bleu2": 1.13, "bleu3": 0.57, "bleu4": 0.27, "rougeL": 0.044, "rouge1": 0.0504, "rouge2": 0.0037, "exact_match": 0.0}, "loss": {"X_Y_COS": 0.9127137660980225, "X_Y_MSEloss": 0.00041732509271241724, "X_Y_test_COS": 0.015600202605128288, "X_Y_test_MSEloss": 0.008330751210451126, "X_Y_val_COS": 0.07061391323804855, "X_Y_val_MSEloss": 0.008444657549262047}}