{"train_samples": 40, "test_samples": 200, "source_model": "sentence-transformers/gtr-t5-base", "source_dim": 768, "target_dim": 512, "test_results": {"bleu": 1.19, "bleu1": 20.04, "bleu2": 2.24, "bleu3": 0.5, "bleu4": 0.14, "rougeL": 0.1347, "rouge1": 0.1727, "rouge2": 0.0253, "exact_match": 0.0}, "loss": {"X_Y_COS": 1.0, "X_Y_MSEloss": 1.1909323895976931e-14, "X_Y_test_COS": 0.8802294135093689, "X_Y_test_MSEloss": 0.00044631242053583264, "X_Y_val_COS": 0.8816106915473938, "X_Y_val_MSEloss": 0.0004410242836456746}}