{"train_samples": 5, "test_samples": 200, "source_model": "text-embedding-ada-002", "source_dim": 1536, "target_dim": 512, "test_results": {"bleu": 0.07, "bleu1": 13.41, "bleu2": 0.05, "bleu3": 0.03, "bleu4": 0.02, "rougeL": 0.0059, "rouge1": 0.0059, "rouge2": 0.0, "exact_match": 0.0}, "loss": {"X_Y_COS": 1.0, "X_Y_MSEloss": 2.864573023231287e-10, "X_Y_test_COS": 0.9102852940559387, "X_Y_test_MSEloss": 0.0007950167637318373, "X_Y_val_COS": 0.9074844121932983, "X_Y_val_MSEloss": 0.0008421121165156364}}