{"train_samples": 5, "test_samples": 200, "source_model": "text-embedding-ada-002", "source_dim": 1536, "target_dim": 512, "test_results": {"bleu": 0.04, "bleu1": 13.2, "bleu2": 0.03, "bleu3": 0.02, "bleu4": 0.01, "rougeL": 0.0038, "rouge1": 0.0038, "rouge2": 0.0, "exact_match": 0.0}, "loss": {"X_Y_COS": 1.0, "X_Y_MSEloss": 1.4876136838348633e-15, "X_Y_test_COS": 0.8847654461860657, "X_Y_test_MSEloss": 0.00042418501107022166, "X_Y_val_COS": 0.8797126412391663, "X_Y_val_MSEloss": 0.0004416924493853003}}