{"train_samples": 500, "test_samples": 200, "source_model": "sentence-transformers/gtr-t5-base", "source_dim": 768, "target_dim": 512, "test_results": {"bleu": 0.27, "bleu1": 16.62, "bleu2": 0.74, "bleu3": 0.06, "bleu4": 0.01, "rougeL": 0.0883, "rouge1": 0.1051, "rouge2": 0.0074, "exact_match": 0.0}, "loss": {"X_Y_COS": 0.995523989200592, "X_Y_MSEloss": 1.7699696400086395e-05, "X_Y_test_COS": 0.7316151261329651, "X_Y_test_MSEloss": 0.0012826897436752915, "X_Y_val_COS": 0.7354630827903748, "X_Y_val_MSEloss": 0.0012675279285758734}}