{"train_samples": 30, "test_samples": 200, "source_model": "google/flan-t5-base", "source_dim": 768, "target_dim": 512, "test_results": {"bleu": 0.17, "bleu1": 17.09, "bleu2": 0.45, "bleu3": 0.01, "bleu4": 0.01, "rougeL": 0.0993, "rouge1": 0.1206, "rouge2": 0.0032, "exact_match": 0.0}, "loss": {"X_Y_COS": 1.0, "X_Y_MSEloss": 4.655599026410183e-14, "X_Y_test_COS": 0.9139216542243958, "X_Y_test_MSEloss": 0.0003252435417380184, "X_Y_val_COS": 0.9159179329872131, "X_Y_val_MSEloss": 0.0003180214553140104}}