{"train_samples": 30, "test_samples": 200, "source_model": "google/flan-t5-base", "source_dim": 768, "target_dim": 512, "test_results": {"bleu": 1.18, "bleu1": 21.36, "bleu2": 2.03, "bleu3": 0.43, "bleu4": 0.12, "rougeL": 0.1379, "rouge1": 0.1779, "rouge2": 0.018, "exact_match": 0.0}, "loss": {"X_Y_COS": 1.0, "X_Y_MSEloss": 8.350392148310636e-15, "X_Y_test_COS": 0.8513256907463074, "X_Y_test_MSEloss": 0.000539944157935679, "X_Y_val_COS": 0.8537849187850952, "X_Y_val_MSEloss": 0.0005338071496225893}}