{"train_samples": 3, "test_samples": 200, "source_model": "google-bert/bert-base-multilingual-cased", "source_dim": 768, "target_dim": 512, "test_results": {"bleu": 0.19, "bleu1": 9.01, "bleu2": 0.78, "bleu3": 0.02, "bleu4": 0.01, "rougeL": 0.0997, "rouge1": 0.1102, "rouge2": 0.0095, "exact_match": 0.0}, "loss": {"X_Y_COS": 1.0, "X_Y_MSEloss": 2.941684545321101e-16, "X_Y_test_COS": 0.8785438537597656, "X_Y_test_MSEloss": 0.0005037235678173602, "X_Y_val_COS": 0.8758047223091125, "X_Y_val_MSEloss": 0.0005083632422611117}}