{"train_samples": 100, "test_samples": 200, "source_model": "text-embedding-ada-002", "source_dim": 1536, "target_dim": 512, "test_results": {"bleu": 0.65, "bleu1": 15.94, "bleu2": 1.16, "bleu3": 0.34, "bleu4": 0.13, "rougeL": 0.0746, "rouge1": 0.0863, "rouge2": 0.009, "exact_match": 0.0}, "loss": {"X_Y_COS": 0.9999539852142334, "X_Y_MSEloss": 1.8006217317179107e-07, "X_Y_test_COS": 0.9076354503631592, "X_Y_test_MSEloss": 0.00034470370155759156, "X_Y_val_COS": 0.9093149900436401, "X_Y_val_MSEloss": 0.00033897001412697136}}