{"train_samples": 50, "test_samples": 200, "source_model": "sentence-transformers/all-MiniLM-L6-v2", "source_dim": 384, "target_dim": 512, "test_results": {"bleu": 0.04, "bleu1": 7.93, "bleu2": 0.02, "bleu3": 0.01, "bleu4": 0.01, "rougeL": 0.0162, "rouge1": 0.0171, "rouge2": 0.0, "exact_match": 0.0}, "loss": {"X_Y_COS": 1.0, "X_Y_MSEloss": 4.448533208467609e-10, "X_Y_test_COS": 0.8409903049468994, "X_Y_test_MSEloss": 0.0014059811364859343, "X_Y_val_COS": 0.8340466022491455, "X_Y_val_MSEloss": 0.0014513169880956411}}