{"train_samples": 10, "test_samples": 200, "source_model": "text-embedding-ada-002", "source_dim": 1536, "target_dim": 512, "test_results": {"bleu": 1.62, "bleu1": 20.82, "bleu2": 1.9, "bleu3": 0.66, "bleu4": 0.27, "rougeL": 0.1345, "rouge1": 0.1809, "rouge2": 0.0258, "exact_match": 0.0}, "loss": {"X_Y_COS": 1.0, "X_Y_MSEloss": 3.853317624968053e-15, "X_Y_test_COS": 0.8595553636550903, "X_Y_test_MSEloss": 0.0005096829845570028, "X_Y_val_COS": 0.8578233122825623, "X_Y_val_MSEloss": 0.0005150181241333485}}