{"train_samples": 3, "test_samples": 200, "source_model": "google-bert/bert-base-multilingual-cased", "source_dim": 768, "target_dim": 512, "test_results": {"bleu": 0.09, "bleu1": 16.78, "bleu2": 0.07, "bleu3": 0.02, "bleu4": 0.01, "rougeL": 0.0523, "rouge1": 0.0586, "rouge2": 0.0007, "exact_match": 0.0}, "loss": {"X_Y_COS": 1.0, "X_Y_MSEloss": 1.810623873055306e-10, "X_Y_test_COS": 0.90726637840271, "X_Y_test_MSEloss": 0.0007222176063805819, "X_Y_val_COS": 0.9069116711616516, "X_Y_val_MSEloss": 0.0007043997757136822}}