{"train_samples": 40, "test_samples": 200, "source_model": "text-embedding-3-large", "source_dim": 3072, "target_dim": 512, "test_results": {"bleu": 0.04, "bleu1": 9.67, "bleu2": 0.02, "bleu3": 0.01, "bleu4": 0.01, "rougeL": 0.0121, "rouge1": 0.0121, "rouge2": 0.0, "exact_match": 0.0}, "loss": {"X_Y_COS": 1.0, "X_Y_MSEloss": 2.210359369156172e-15, "X_Y_test_COS": 0.8819607496261597, "X_Y_test_MSEloss": 0.0004474682209547609, "X_Y_val_COS": 0.8813928961753845, "X_Y_val_MSEloss": 0.0004510203143581748}}