{"train_samples": 500, "test_samples": 200, "source_model": "google-t5/t5-base", "source_dim": 768, "target_dim": 512, "test_results": {"bleu": 0.08, "bleu1": 13.63, "bleu2": 0.04, "bleu3": 0.02, "bleu4": 0.01, "rougeL": 0.0169, "rouge1": 0.0179, "rouge2": 0.0, "exact_match": 0.0}, "loss": {"X_Y_COS": 0.990872323513031, "X_Y_MSEloss": 8.609506767243147e-05, "X_Y_test_COS": 0.9324691295623779, "X_Y_test_MSEloss": 0.000624278443865478, "X_Y_val_COS": 0.9282947182655334, "X_Y_val_MSEloss": 0.000671952439006418}}