{"train_samples": 500, "test_samples": 200, "source_model": "intfloat/multilingual-e5-base", "source_dim": 768, "target_dim": 512, "test_results": {"bleu": 0.17, "bleu1": 9.25, "bleu2": 0.15, "bleu3": 0.03, "bleu4": 0.02, "rougeL": 0.0617, "rouge1": 0.0717, "rouge2": 0.0017, "exact_match": 0.0}, "loss": {"X_Y_COS": 0.9725872278213501, "X_Y_MSEloss": 0.00010617231600917876, "X_Y_test_COS": 0.8813812136650085, "X_Y_test_MSEloss": 0.00045527153997682035, "X_Y_val_COS": 0.8809589743614197, "X_Y_val_MSEloss": 0.00045541030704043806}}