{"train_samples": 40, "test_samples": 200, "source_model": "text-embedding-ada-002", "source_dim": 1536, "target_dim": 512, "test_results": {"bleu": 0.33, "bleu1": 17.9, "bleu2": 1.0, "bleu3": 0.06, "bleu4": 0.03, "rougeL": 0.0647, "rouge1": 0.0729, "rouge2": 0.0052, "exact_match": 0.0}, "loss": {"X_Y_COS": 1.0, "X_Y_MSEloss": 1.0965167440485021e-13, "X_Y_test_COS": 0.8936219811439514, "X_Y_test_MSEloss": 0.00039388015284202993, "X_Y_val_COS": 0.8898912072181702, "X_Y_val_MSEloss": 0.0004071225121151656}}