{"train_samples": 40, "test_samples": 200, "source_model": "sentence-transformers/gtr-t5-base", "source_dim": 768, "target_dim": 512, "test_results": {"bleu": 0.14, "bleu1": 12.49, "bleu2": 0.28, "bleu3": 0.01, "bleu4": 0.01, "rougeL": 0.0562, "rouge1": 0.0638, "rouge2": 0.005, "exact_match": 0.0}, "loss": {"X_Y_COS": 1.0, "X_Y_MSEloss": 1.1353489017527398e-14, "X_Y_test_COS": 0.8750264644622803, "X_Y_test_MSEloss": 0.00046350847696885467, "X_Y_val_COS": 0.8692169189453125, "X_Y_val_MSEloss": 0.0004835021391045302}}