{"train_samples": 1000, "test_samples": 200, "source_model": "google-t5/t5-base", "source_dim": 768, "target_dim": 512, "test_results": {"bleu": 1.14, "bleu1": 18.01, "bleu2": 2.07, "bleu3": 0.33, "bleu4": 0.17, "rougeL": 0.1349, "rouge1": 0.151, "rouge2": 0.0168, "exact_match": 0.0}, "loss": {"X_Y_COS": 0.9097512364387512, "X_Y_MSEloss": 0.0004470064304769039, "X_Y_test_COS": 0.03794146329164505, "X_Y_test_MSEloss": 0.0088878832757473, "X_Y_val_COS": 0.005195355508476496, "X_Y_val_MSEloss": 0.00928710587322712}}