{"train_samples": 3, "test_samples": 200, "source_model": "sentence-transformers/all-MiniLM-L6-v2", "source_dim": 384, "target_dim": 512, "test_results": {"bleu": 0.26, "bleu1": 18.35, "bleu2": 0.29, "bleu3": 0.06, "bleu4": 0.02, "rougeL": 0.0893, "rouge1": 0.1113, "rouge2": 0.0022, "exact_match": 0.0}, "loss": {"X_Y_COS": 1.0, "X_Y_MSEloss": 1.9602882174817293e-16, "X_Y_test_COS": 0.8459374904632568, "X_Y_test_MSEloss": 0.0008773287991061807, "X_Y_val_COS": 0.84228515625, "X_Y_val_MSEloss": 0.0008770076674409211}}