{"train_samples": 5, "test_samples": 200, "source_model": "text-embedding-3-large", "source_dim": 3072, "target_dim": 512, "test_results": {"bleu": 0.15, "bleu1": 19.81, "bleu2": 0.51, "bleu3": 0.02, "bleu4": 0.01, "rougeL": 0.1032, "rouge1": 0.1287, "rouge2": 0.0034, "exact_match": 0.0}, "loss": {"X_Y_COS": 1.0, "X_Y_MSEloss": 8.947060791081405e-17, "X_Y_test_COS": 0.8224294185638428, "X_Y_test_MSEloss": 0.0008765648235566914, "X_Y_val_COS": 0.8236503601074219, "X_Y_val_MSEloss": 0.0008566313772462308}}