{"train_samples": 30, "test_samples": 200, "source_model": "sentence-transformers/gtr-t5-base", "source_dim": 768, "target_dim": 512, "test_results": {"bleu": 0.18, "bleu1": 14.47, "bleu2": 0.86, "bleu3": 0.02, "bleu4": 0.01, "rougeL": 0.1104, "rouge1": 0.1519, "rouge2": 0.0096, "exact_match": 0.0}, "loss": {"X_Y_COS": 1.0, "X_Y_MSEloss": 6.801076195273037e-12, "X_Y_test_COS": 0.9044129848480225, "X_Y_test_MSEloss": 0.0006787756574340165, "X_Y_val_COS": 0.9079350233078003, "X_Y_val_MSEloss": 0.0006492518587037921}}