{"train_samples": 500, "test_samples": 200, "source_model": "sentence-transformers/gtr-t5-base", "source_dim": 768, "target_dim": 512, "test_results": {"bleu": 0.11, "bleu1": 12.19, "bleu2": 0.11, "bleu3": 0.01, "bleu4": 0.01, "rougeL": 0.0183, "rouge1": 0.0192, "rouge2": 0.0006, "exact_match": 0.0}, "loss": {"X_Y_COS": 0.9839563369750977, "X_Y_MSEloss": 6.267329445108771e-05, "X_Y_test_COS": 0.8124993443489075, "X_Y_test_MSEloss": 0.0007602198165841401, "X_Y_val_COS": 0.8152764439582825, "X_Y_val_MSEloss": 0.0007472304860129952}}