{"train_samples": 100, "test_samples": 200, "source_model": "intfloat/multilingual-e5-base", "source_dim": 768, "target_dim": 512, "test_results": {"bleu": 0.08, "bleu1": 10.45, "bleu2": 0.03, "bleu3": 0.02, "bleu4": 0.01, "rougeL": 0.0385, "rouge1": 0.0413, "rouge2": 0.0002, "exact_match": 0.0}, "loss": {"X_Y_COS": 0.9999998211860657, "X_Y_MSEloss": 5.239284561753266e-10, "X_Y_test_COS": 0.8463448286056519, "X_Y_test_MSEloss": 0.0005616458947770298, "X_Y_val_COS": 0.8445203900337219, "X_Y_val_MSEloss": 0.0005680544418282807}}