{"train_samples": 5, "test_samples": 200, "source_model": "google-t5/t5-base", "source_dim": 768, "target_dim": 512, "test_results": {"bleu": 0.37, "bleu1": 16.25, "bleu2": 0.78, "bleu3": 0.05, "bleu4": 0.03, "rougeL": 0.1063, "rouge1": 0.1446, "rouge2": 0.0063, "exact_match": 0.0}, "loss": {"X_Y_COS": 1.0, "X_Y_MSEloss": 4.355330388822713e-16, "X_Y_test_COS": 0.8645955324172974, "X_Y_test_MSEloss": 0.000499947287607938, "X_Y_val_COS": 0.8663521409034729, "X_Y_val_MSEloss": 0.0004932074225507677}}