{"train_samples": 5, "test_samples": 200, "source_model": "text-embedding-3-large", "source_dim": 3072, "target_dim": 512, "test_results": {"bleu": 0.11, "bleu1": 14.38, "bleu2": 0.18, "bleu3": 0.02, "bleu4": 0.01, "rougeL": 0.0705, "rouge1": 0.0778, "rouge2": 0.0009, "exact_match": 0.0}, "loss": {"X_Y_COS": 1.0, "X_Y_MSEloss": 1.0983975182392004e-16, "X_Y_test_COS": 0.8822349905967712, "X_Y_test_MSEloss": 0.0008945621084421873, "X_Y_val_COS": 0.8828673958778381, "X_Y_val_MSEloss": 0.0008838793728500605}}