{"train_samples": 40, "test_samples": 200, "source_model": "text-embedding-ada-002", "source_dim": 1536, "target_dim": 512, "test_results": {"bleu": 0.14, "bleu1": 15.27, "bleu2": 0.32, "bleu3": 0.02, "bleu4": 0.01, "rougeL": 0.0641, "rouge1": 0.0733, "rouge2": 0.0025, "exact_match": 0.0}, "loss": {"X_Y_COS": 1.0, "X_Y_MSEloss": 3.1386744874135897e-13, "X_Y_test_COS": 0.8831400871276855, "X_Y_test_MSEloss": 0.00043030051165260375, "X_Y_val_COS": 0.8798202872276306, "X_Y_val_MSEloss": 0.00044213811634108424}}