{"train_samples": 50, "test_samples": 200, "source_model": "google/mt5-base", "source_dim": 768, "target_dim": 512, "test_results": {"bleu": 0.14, "bleu1": 9.24, "bleu2": 0.31, "bleu3": 0.02, "bleu4": 0.01, "rougeL": 0.083, "rouge1": 0.1002, "rouge2": 0.0016, "exact_match": 0.0}, "loss": {"X_Y_COS": 1.0, "X_Y_MSEloss": 6.745407617886334e-12, "X_Y_test_COS": 0.8988400101661682, "X_Y_test_MSEloss": 0.00037720322143286467, "X_Y_val_COS": 0.8941863775253296, "X_Y_val_MSEloss": 0.0003858798590954393}}