{"train_samples": 3, "test_samples": 200, "source_model": "google-bert/bert-base-multilingual-cased", "source_dim": 768, "target_dim": 512, "test_results": {"bleu": 0.04, "bleu1": 8.64, "bleu2": 0.01, "bleu3": 0.01, "bleu4": 0.0, "rougeL": 0.1079, "rouge1": 0.1145, "rouge2": 0.0034, "exact_match": 0.0}, "loss": {"X_Y_COS": 1.0, "X_Y_MSEloss": 3.3359693825429134e-16, "X_Y_test_COS": 0.7708591818809509, "X_Y_test_MSEloss": 0.0008132503717206419, "X_Y_val_COS": 0.7716476321220398, "X_Y_val_MSEloss": 0.0008120840648189187}}