{"train_samples": 1000, "test_samples": 200, "source_model": "text-embedding-3-large", "source_dim": 3072, "target_dim": 512, "test_results": {"bleu": 0.56, "bleu1": 16.25, "bleu2": 1.63, "bleu3": 0.17, "bleu4": 0.03, "rougeL": 0.1244, "rouge1": 0.1375, "rouge2": 0.0132, "exact_match": 0.0}, "loss": {"X_Y_COS": 1.0, "X_Y_MSEloss": 6.568670710442245e-14, "X_Y_test_COS": -0.042790669947862625, "X_Y_test_MSEloss": 0.003097997047007084, "X_Y_val_COS": 0.027623562142252922, "X_Y_val_MSEloss": 0.002665239619091153}}