{"train_samples": 1000, "test_samples": 200, "source_model": "sentence-transformers/gtr-t5-base", "source_dim": 768, "target_dim": 512, "test_results": {"bleu": 0.83, "bleu1": 16.77, "bleu2": 1.37, "bleu3": 0.4, "bleu4": 0.19, "rougeL": 0.0673, "rouge1": 0.078, "rouge2": 0.0069, "exact_match": 0.0}, "loss": {"X_Y_COS": 0.971182644367218, "X_Y_MSEloss": 0.00011204726615687832, "X_Y_test_COS": 0.8326888680458069, "X_Y_test_MSEloss": 0.0006834885571151972, "X_Y_val_COS": 0.8246700167655945, "X_Y_val_MSEloss": 0.0007191593758761883}}