{"train_samples": 20, "test_samples": 200, "source_model": "sentence-transformers/all-MiniLM-L6-v2", "source_dim": 384, "target_dim": 512, "test_results": {"bleu": 8.05, "bleu1": 21.34, "bleu2": 7.74, "bleu3": 6.8, "bleu4": 6.24, "rougeL": 0.1579, "rouge1": 0.1871, "rouge2": 0.0672, "exact_match": 0.0}, "loss": {"X_Y_COS": 1.0, "X_Y_MSEloss": 1.7971986399079043e-10, "X_Y_test_COS": 0.8004438877105713, "X_Y_test_MSEloss": 0.00179844640661031, "X_Y_val_COS": 0.7670255899429321, "X_Y_val_MSEloss": 0.0018916496774181724}}