{"train_samples": 100, "test_samples": 200, "source_model": "intfloat/multilingual-e5-base", "source_dim": 768, "target_dim": 512, "test_results": {"bleu": 0.11, "bleu1": 8.72, "bleu2": 0.12, "bleu3": 0.02, "bleu4": 0.01, "rougeL": 0.0868, "rouge1": 0.1044, "rouge2": 0.0002, "exact_match": 0.0}, "loss": {"X_Y_COS": 0.9999998211860657, "X_Y_MSEloss": 7.291756642935354e-10, "X_Y_test_COS": 0.8958165049552917, "X_Y_test_MSEloss": 0.00038953652256168425, "X_Y_val_COS": 0.8941247463226318, "X_Y_val_MSEloss": 0.0003958121233154088}}