{"train_samples": 100, "test_samples": 200, "source_model": "google/mt5-base", "source_dim": 768, "target_dim": 512, "test_results": {"bleu": 0.11, "bleu1": 10.0, "bleu2": 0.18, "bleu3": 0.01, "bleu4": 0.01, "rougeL": 0.0089, "rouge1": 0.0089, "rouge2": 0.0, "exact_match": 0.0}, "loss": {"X_Y_COS": 0.9999990463256836, "X_Y_MSEloss": 3.794035308146704e-09, "X_Y_test_COS": 0.9062141180038452, "X_Y_test_MSEloss": 0.00035348572419025004, "X_Y_val_COS": 0.9047385454177856, "X_Y_val_MSEloss": 0.0003577519964892417}}