{"train_samples": 1000, "test_samples": 200, "source_model": "google/mt5-base", "source_dim": 768, "target_dim": 512, "test_results": {"bleu": 0.15, "bleu1": 14.82, "bleu2": 0.12, "bleu3": 0.04, "bleu4": 0.02, "rougeL": 0.0188, "rouge1": 0.0197, "rouge2": 0.0004, "exact_match": 0.0}, "loss": {"X_Y_COS": 0.9588592648506165, "X_Y_MSEloss": 0.0002454869099892676, "X_Y_test_COS": 0.9071444272994995, "X_Y_test_MSEloss": 0.0005344197852537036, "X_Y_val_COS": 0.9023150205612183, "X_Y_val_MSEloss": 0.0005841885576955974}}