{"train_samples": 40, "test_samples": 200, "source_model": "intfloat/multilingual-e5-base", "source_dim": 768, "target_dim": 512, "test_results": {"bleu": 0.53, "bleu1": 16.09, "bleu2": 0.74, "bleu3": 0.17, "bleu4": 0.12, "rougeL": 0.0495, "rouge1": 0.0572, "rouge2": 0.0041, "exact_match": 0.0}, "loss": {"X_Y_COS": 1.0, "X_Y_MSEloss": 2.974539226041628e-10, "X_Y_test_COS": 0.8762242197990417, "X_Y_test_MSEloss": 0.0011333388974890113, "X_Y_val_COS": 0.8808591365814209, "X_Y_val_MSEloss": 0.0010756391566246748}}