{"train_samples": 100, "test_samples": 200, "source_model": "text-embedding-3-large", "source_dim": 3072, "target_dim": 512, "test_results": {"bleu": 2.63, "bleu1": 23.82, "bleu2": 3.09, "bleu3": 1.09, "bleu4": 0.68, "rougeL": 0.1502, "rouge1": 0.1981, "rouge2": 0.0346, "exact_match": 0.0}, "loss": {"X_Y_COS": 1.0, "X_Y_MSEloss": 3.579407075100273e-15, "X_Y_test_COS": 0.8530786037445068, "X_Y_test_MSEloss": 0.0005699828616343439, "X_Y_val_COS": 0.848415195941925, "X_Y_val_MSEloss": 0.0005885721766389906}}