{"train_samples": 1000, "test_samples": 200, "source_model": "sentence-transformers/all-MiniLM-L6-v2", "source_dim": 384, "target_dim": 512, "test_results": {"bleu": 0.15, "bleu1": 16.16, "bleu2": 0.46, "bleu3": 0.02, "bleu4": 0.01, "rougeL": 0.0977, "rouge1": 0.1139, "rouge2": 0.0023, "exact_match": 0.0}, "loss": {"X_Y_COS": 0.9697694778442383, "X_Y_MSEloss": 0.00026435867766849697, "X_Y_test_COS": 0.9149503707885742, "X_Y_test_MSEloss": 0.0006952373660169542, "X_Y_val_COS": 0.9129413962364197, "X_Y_val_MSEloss": 0.0006938698934391141}}