{"train_samples": 1000, "test_samples": 200, "source_model": "sentence-transformers/all-MiniLM-L6-v2", "source_dim": 384, "target_dim": 512, "test_results": {"bleu": 4.92, "bleu1": 25.45, "bleu2": 5.41, "bleu3": 3.42, "bleu4": 2.72, "rougeL": 0.2, "rouge1": 0.2372, "rouge2": 0.0537, "exact_match": 0.0}, "loss": {"X_Y_COS": 0.9648635983467102, "X_Y_MSEloss": 0.0002370428992435336, "X_Y_test_COS": 0.9062321186065674, "X_Y_test_MSEloss": 0.0005874396883882582, "X_Y_val_COS": 0.908950924873352, "X_Y_val_MSEloss": 0.0006010030629113317}}