{"train_samples": 40, "test_samples": 200, "source_model": "text-embedding-ada-002", "source_dim": 1536, "target_dim": 512, "test_results": {"bleu": 10.81, "bleu1": 26.7, "bleu2": 9.92, "bleu3": 8.33, "bleu4": 7.59, "rougeL": 0.1968, "rouge1": 0.2351, "rouge2": 0.0943, "exact_match": 0.0}, "loss": {"X_Y_COS": 1.0, "X_Y_MSEloss": 2.972138865315471e-13, "X_Y_test_COS": 0.9112716317176819, "X_Y_test_MSEloss": 0.0003308977175038308, "X_Y_val_COS": 0.9130712747573853, "X_Y_val_MSEloss": 0.00032496682251803577}}