{"train_samples": 40, "test_samples": 200, "source_model": "text-embedding-3-large", "source_dim": 3072, "target_dim": 512, "test_results": {"bleu": 0.07, "bleu1": 7.53, "bleu2": 0.03, "bleu3": 0.02, "bleu4": 0.01, "rougeL": 0.07, "rouge1": 0.0838, "rouge2": 0.0047, "exact_match": 0.0}, "loss": {"X_Y_COS": 1.0, "X_Y_MSEloss": 2.126826250447374e-15, "X_Y_test_COS": 0.9002912640571594, "X_Y_test_MSEloss": 0.00038569598109461367, "X_Y_val_COS": 0.9020233154296875, "X_Y_val_MSEloss": 0.0003816660027951002}}