{"train_samples": 50, "test_samples": 200, "source_model": "text-embedding-ada-002", "source_dim": 1536, "target_dim": 512, "test_results": {"bleu": 0.12, "bleu1": 8.35, "bleu2": 0.15, "bleu3": 0.02, "bleu4": 0.01, "rougeL": 0.0872, "rouge1": 0.1065, "rouge2": 0.0008, "exact_match": 0.0}, "loss": {"X_Y_COS": 1.0, "X_Y_MSEloss": 1.5607168335485255e-12, "X_Y_test_COS": 0.9068126678466797, "X_Y_test_MSEloss": 0.00034755433443933725, "X_Y_val_COS": 0.9050201177597046, "X_Y_val_MSEloss": 0.0003540910838637501}}