{"train_samples": 30, "test_samples": 200, "source_model": "text-embedding-3-large", "source_dim": 3072, "target_dim": 512, "test_results": {"bleu": 0.18, "bleu1": 14.01, "bleu2": 0.74, "bleu3": 0.02, "bleu4": 0.01, "rougeL": 0.1005, "rouge1": 0.1291, "rouge2": 0.0062, "exact_match": 0.0}, "loss": {"X_Y_COS": 1.0, "X_Y_MSEloss": 4.75614823234802e-16, "X_Y_test_COS": 0.904673159122467, "X_Y_test_MSEloss": 0.00041698277345858514, "X_Y_val_COS": 0.9031552076339722, "X_Y_val_MSEloss": 0.0004168107407167554}}