{"train_samples": 1000, "test_samples": 200, "source_model": "random", "source_dim": 768, "target_dim": 512, "test_results": {"bleu": 0.13, "bleu1": 11.53, "bleu2": 0.27, "bleu3": 0.01, "bleu4": 0.01, "rougeL": 0.0862, "rouge1": 0.1007, "rouge2": 0.0017, "exact_match": 0.0}, "loss": {"X_Y_COS": 0.8971129655838013, "X_Y_MSEloss": 0.0004537181230261922, "X_Y_test_COS": -0.029435383155941963, "X_Y_test_MSEloss": 0.009340316988527775, "X_Y_val_COS": -0.04708963632583618, "X_Y_val_MSEloss": 0.009174605831503868}}