{"train_samples": 7000, "test_samples": 200, "source_model": "sentence-transformers/all-MiniLM-L6-v2", "source_dim": 384, "target_dim": 512, "test_results": {"bleu": 0.24, "bleu1": 16.42, "bleu2": 1.1, "bleu3": 0.02, "bleu4": 0.01, "rougeL": 0.1386, "rouge1": 0.1554, "rouge2": 0.0116, "exact_match": 0.0}, "loss": {"X_Y_COS": 0.9391500949859619, "X_Y_MSEloss": 0.00024179645697586238, "X_Y_test_COS": 0.9316329956054688, "X_Y_test_MSEloss": 0.00026926054852083325, "X_Y_val_COS": 0.9351652264595032, "X_Y_val_MSEloss": 0.0002574652316980064}}