{"train_samples": 50, "test_samples": 200, "source_model": "google-bert/bert-base-multilingual-cased", "source_dim": 768, "target_dim": 512, "test_results": {"bleu": 0.84, "bleu1": 20.96, "bleu2": 1.94, "bleu3": 0.21, "bleu4": 0.07, "rougeL": 0.1339, "rouge1": 0.1768, "rouge2": 0.0187, "exact_match": 0.0}, "loss": {"X_Y_COS": 1.0, "X_Y_MSEloss": 2.6607700960058767e-13, "X_Y_test_COS": 0.8837008476257324, "X_Y_test_MSEloss": 0.0004362955514807254, "X_Y_val_COS": 0.884193480014801, "X_Y_val_MSEloss": 0.0004377748700790107}}