{"train_samples": 1000, "test_samples": 200, "source_model": "text-embedding-ada-002", "source_dim": 1536, "target_dim": 512, "test_results": {"bleu": 1.02, "bleu1": 8.84, "bleu2": 1.11, "bleu3": 0.58, "bleu4": 0.21, "rougeL": 0.0402, "rouge1": 0.0433, "rouge2": 0.0012, "exact_match": 0.0}, "loss": {"X_Y_COS": 1.0, "X_Y_MSEloss": 4.649451396804283e-12, "X_Y_test_COS": -0.037076372653245926, "X_Y_test_MSEloss": 0.006025176029652357, "X_Y_val_COS": 0.06443270295858383, "X_Y_val_MSEloss": 0.00540058221668005}}