{"epoch": 0, "dev_acc": 52.0, "test_acc": 53.5, "test_f1": 55.06999999999999, "test_roc": 54.06999999999999}