{"train_samples": 1, "test_samples": 200, "source_model": "random", "source_dim": 768, "target_dim": 512, "test_results": {"bleu": 0.38, "bleu1": 15.04, "bleu2": 1.43, "bleu3": 0.04, "bleu4": 0.02, "rougeL": 0.132, "rouge1": 0.1407, "rouge2": 0.0091, "exact_match": 0.0}, "loss": {"X_Y_COS": 1.0000001192092896, "X_Y_MSEloss": 3.94942373016898e-16, "X_Y_test_COS": 0.03644793853163719, "X_Y_test_MSEloss": 0.0019491232233121991, "X_Y_val_COS": -0.022905340418219566, "X_Y_val_MSEloss": 0.001955486135557294}}