{"train_samples": 3, "test_samples": 200, "source_model": "text-embedding-ada-002", "source_dim": 1536, "target_dim": 512, "test_results": {"bleu": 0.59, "bleu1": 14.93, "bleu2": 1.07, "bleu3": 0.21, "bleu4": 0.08, "rougeL": 0.0686, "rouge1": 0.0728, "rouge2": 0.0079, "exact_match": 0.0}, "loss": {"X_Y_COS": 1.0, "X_Y_MSEloss": 1.0185062970964609e-15, "X_Y_test_COS": 0.8789888620376587, "X_Y_test_MSEloss": 0.00044909908319823444, "X_Y_val_COS": 0.8778300285339355, "X_Y_val_MSEloss": 0.00045341363875195384}}