{"train_samples": 3, "test_samples": 200, "source_model": "text-embedding-3-large", "source_dim": 3072, "target_dim": 512, "test_results": {"bleu": 0.16, "bleu1": 15.63, "bleu2": 0.62, "bleu3": 0.01, "bleu4": 0.01, "rougeL": 0.0794, "rouge1": 0.0947, "rouge2": 0.0054, "exact_match": 0.0}, "loss": {"X_Y_COS": 1.0, "X_Y_MSEloss": 8.734243763083762e-17, "X_Y_test_COS": 0.6945033073425293, "X_Y_test_MSEloss": 0.0016303861048072577, "X_Y_val_COS": 0.6873548626899719, "X_Y_val_MSEloss": 0.0016279094852507114}}