{"train_samples": 10, "test_samples": 200, "source_model": "text-embedding-3-large", "source_dim": 3072, "target_dim": 512, "test_results": {"bleu": 0.21, "bleu1": 13.3, "bleu2": 0.38, "bleu3": 0.03, "bleu4": 0.02, "rougeL": 0.0852, "rouge1": 0.1042, "rouge2": 0.0042, "exact_match": 0.0}, "loss": {"X_Y_COS": 1.0, "X_Y_MSEloss": 1.5508358486293616e-12, "X_Y_test_COS": 0.8535706400871277, "X_Y_test_MSEloss": 0.0013786839554086328, "X_Y_val_COS": 0.857940137386322, "X_Y_val_MSEloss": 0.0013299682177603245}}