{"train_samples": 5, "test_samples": 200, "source_model": "sentence-transformers/gtr-t5-base", "source_dim": 768, "target_dim": 512, "test_results": {"bleu": 7.7, "bleu1": 19.72, "bleu2": 8.26, "bleu3": 7.15, "bleu4": 6.56, "rougeL": 0.1553, "rouge1": 0.1728, "rouge2": 0.0659, "exact_match": 0.0}, "loss": {"X_Y_COS": 1.0, "X_Y_MSEloss": 1.798221155313584e-10, "X_Y_test_COS": 0.8808153867721558, "X_Y_test_MSEloss": 0.0018652807921171188, "X_Y_val_COS": 0.8816419243812561, "X_Y_val_MSEloss": 0.0018106489442288876}}