{"train_samples": 1, "test_samples": 200, "source_model": "sentence-transformers/all-MiniLM-L6-v2", "source_dim": 384, "target_dim": 512, "test_results": {"bleu": 0.16, "bleu1": 14.15, "bleu2": 0.58, "bleu3": 0.01, "bleu4": 0.01, "rougeL": 0.0641, "rouge1": 0.0646, "rouge2": 0.0041, "exact_match": 0.0}, "loss": {"X_Y_COS": 1.0, "X_Y_MSEloss": 2.1031452209453933e-16, "X_Y_test_COS": 0.011197434738278389, "X_Y_test_MSEloss": 0.001921318587847054, "X_Y_val_COS": 0.0014413255266845226, "X_Y_val_MSEloss": 0.0019248607568442822}}