{"train_samples": 10, "test_samples": 200, "source_model": "google-t5/t5-base", "source_dim": 768, "target_dim": 512, "test_results": {"bleu": 9.99, "bleu1": 24.52, "bleu2": 8.86, "bleu3": 7.3, "bleu4": 6.67, "rougeL": 0.1803, "rouge1": 0.2136, "rouge2": 0.086, "exact_match": 0.0}, "loss": {"X_Y_COS": 1.0, "X_Y_MSEloss": 5.786277235131365e-09, "X_Y_test_COS": 0.9103056788444519, "X_Y_test_MSEloss": 0.00034137669717893004, "X_Y_val_COS": 0.9115592837333679, "X_Y_val_MSEloss": 0.0003409647033549845, "reg_lambda": 0.001}}