{"epoch": 0, "dev_acc": 57.49999999999999, "test_acc": 48.0, "test_f1": 51.849999999999994, "test_roc": 50.660000000000004}