{"epoch": 2, "dev_acc": 56.00000000000001, "test_acc": 46.0, "test_f1": 45.95, "test_roc": 52.07000000000001}