{"train_samples": 20, "test_samples": 200, "source_model": "sentence-transformers/all-MiniLM-L6-v2", "source_dim": 384, "target_dim": 512, "test_results": {"bleu": 0.07, "bleu1": 9.86, "bleu2": 0.03, "bleu3": 0.02, "bleu4": 0.01, "rougeL": 0.007, "rouge1": 0.007, "rouge2": 0.0, "exact_match": 0.0}, "loss": {"X_Y_COS": 1.0, "X_Y_MSEloss": 5.121597421067336e-16, "X_Y_test_COS": 0.8013101816177368, "X_Y_test_MSEloss": 0.0007334282854571939, "X_Y_val_COS": 0.7973872423171997, "X_Y_val_MSEloss": 0.0007451935089193285}}