{"train_samples": 30, "test_samples": 200, "source_model": "text-embedding-ada-002", "source_dim": 1536, "target_dim": 512, "test_results": {"bleu": 0.21, "bleu1": 13.98, "bleu2": 0.89, "bleu3": 0.02, "bleu4": 0.01, "rougeL": 0.1197, "rouge1": 0.1333, "rouge2": 0.0088, "exact_match": 0.0}, "loss": {"X_Y_COS": 1.0, "X_Y_MSEloss": 8.738918876732837e-14, "X_Y_test_COS": 0.8816393613815308, "X_Y_test_MSEloss": 0.00043520599137991667, "X_Y_val_COS": 0.8838390707969666, "X_Y_val_MSEloss": 0.00042836586362682283}}