{"train_samples": 1, "test_samples": 200, "source_model": "sentence-transformers/all-MiniLM-L6-v2", "source_dim": 384, "target_dim": 512, "test_results": {"bleu": 0.15, "bleu1": 13.38, "bleu2": 0.58, "bleu3": 0.01, "bleu4": 0.01, "rougeL": 0.0557, "rouge1": 0.0604, "rouge2": 0.0042, "exact_match": 0.0}, "loss": {"X_Y_COS": 1.0000001192092896, "X_Y_MSEloss": 1.9300511264982209e-16, "X_Y_test_COS": 0.013189532794058323, "X_Y_test_MSEloss": 0.0019218635279685259, "X_Y_val_COS": 0.00625985860824585, "X_Y_val_MSEloss": 0.0019251402700319886}}