{"train_samples": 1000, "test_samples": 200, "source_model": "google-t5/t5-base", "source_dim": 768, "target_dim": 512, "test_results": {"bleu": 3.4, "bleu1": 32.03, "bleu2": 5.81, "bleu3": 1.47, "bleu4": 0.61, "rougeL": 0.2098, "rouge1": 0.2978, "rouge2": 0.059, "exact_match": 0.0}, "loss": {"X_Y_COS": 0.9790089726448059, "X_Y_MSEloss": 0.0001673449296504259, "X_Y_test_COS": 0.9158223271369934, "X_Y_test_MSEloss": 0.000676939613185823, "X_Y_val_COS": 0.9198853373527527, "X_Y_val_MSEloss": 0.0006428520428016782}}