{"train_samples": 30, "test_samples": 200, "source_model": "intfloat/multilingual-e5-base", "source_dim": 768, "target_dim": 512, "test_results": {"bleu": 0.19, "bleu1": 15.09, "bleu2": 0.68, "bleu3": 0.03, "bleu4": 0.02, "rougeL": 0.1138, "rouge1": 0.1332, "rouge2": 0.0058, "exact_match": 0.0}, "loss": {"X_Y_COS": 1.0, "X_Y_MSEloss": 1.0218550311469343e-10, "X_Y_test_COS": 0.9147383570671082, "X_Y_test_MSEloss": 0.0006076287245377898, "X_Y_val_COS": 0.9149578809738159, "X_Y_val_MSEloss": 0.0006169354310259223}}