{"train_samples": 30, "test_samples": 200, "source_model": "google-bert/bert-base-multilingual-cased", "source_dim": 768, "target_dim": 512, "test_results": {"bleu": 0.61, "bleu1": 21.98, "bleu2": 1.2, "bleu3": 0.1, "bleu4": 0.05, "rougeL": 0.1399, "rouge1": 0.1851, "rouge2": 0.0131, "exact_match": 0.0}, "loss": {"X_Y_COS": 1.0, "X_Y_MSEloss": 2.3257171674075615e-14, "X_Y_test_COS": 0.9023169279098511, "X_Y_test_MSEloss": 0.0003664828836917877, "X_Y_val_COS": 0.9024354219436646, "X_Y_val_MSEloss": 0.0003665059630293399}}