{"train_samples": 100, "test_samples": 200, "source_model": "google/flan-t5-base", "source_dim": 768, "target_dim": 512, "test_results": {"bleu": 0.19, "bleu1": 15.68, "bleu2": 0.87, "bleu3": 0.02, "bleu4": 0.01, "rougeL": 0.1138, "rouge1": 0.1503, "rouge2": 0.0085, "exact_match": 0.0}, "loss": {"X_Y_COS": 1.0, "X_Y_MSEloss": 2.6259451210708384e-11, "X_Y_test_COS": 0.9091519117355347, "X_Y_test_MSEloss": 0.00034366673207841814, "X_Y_val_COS": 0.9104989171028137, "X_Y_val_MSEloss": 0.0003390335477888584}}