{"train_samples": 10, "test_samples": 200, "source_model": "sentence-transformers/gtr-t5-base", "source_dim": 768, "target_dim": 512, "test_results": {"bleu": 0.34, "bleu1": 17.69, "bleu2": 0.85, "bleu3": 0.06, "bleu4": 0.02, "rougeL": 0.1108, "rouge1": 0.1436, "rouge2": 0.0103, "exact_match": 0.0}, "loss": {"X_Y_COS": 1.0, "X_Y_MSEloss": 4.1365629543706087e-16, "X_Y_test_COS": 0.876501202583313, "X_Y_test_MSEloss": 0.0004726923652924597, "X_Y_val_COS": 0.8759596347808838, "X_Y_val_MSEloss": 0.000477652094559744}}