{"train_samples": 1000, "test_samples": 200, "source_model": "google/flan-t5-base", "source_dim": 768, "target_dim": 512, "test_results": {"bleu": 0.19, "bleu1": 14.92, "bleu2": 0.12, "bleu3": 0.03, "bleu4": 0.02, "rougeL": 0.0179, "rouge1": 0.0179, "rouge2": 0.005, "exact_match": 0.0}, "loss": {"X_Y_COS": 0.9338009357452393, "X_Y_MSEloss": 0.00024981304886750877, "X_Y_test_COS": 0.8894478678703308, "X_Y_test_MSEloss": 0.00041642560972832143, "X_Y_val_COS": 0.8889906406402588, "X_Y_val_MSEloss": 0.000418413954321295}}