{"train_samples": 2000, "test_samples": 200, "source_model": "google-bert/bert-base-multilingual-cased", "source_dim": 768, "target_dim": 512, "test_results": {"bleu": 29.71, "bleu1": 49.35, "bleu2": 30.4, "bleu3": 25.6, "bleu4": 23.13, "rougeL": 0.424, "rouge1": 0.4829, "rouge2": 0.3054, "exact_match": 0.0}, "loss": {"X_Y_COS": 0.9573259949684143, "X_Y_MSEloss": 0.0001643326977500692, "X_Y_test_COS": 0.9361205697059631, "X_Y_test_MSEloss": 0.00024319623480550945, "X_Y_val_COS": 0.9348793625831604, "X_Y_val_MSEloss": 0.00024756911443546414}}