{"train_samples": 30, "test_samples": 200, "source_model": "sentence-transformers/gtr-t5-base", "source_dim": 768, "target_dim": 512, "test_results": {"bleu": 0.09, "bleu1": 11.35, "bleu2": 0.03, "bleu3": 0.02, "bleu4": 0.01, "rougeL": 0.0, "rouge1": 0.0, "rouge2": 0.0, "exact_match": 0.0}, "loss": {"X_Y_COS": 0.9919911026954651, "X_Y_MSEloss": 3.053270120290108e-05, "X_Y_test_COS": 0.8490626811981201, "X_Y_test_MSEloss": 0.0005633181426674128, "X_Y_val_COS": 0.8505679368972778, "X_Y_val_MSEloss": 0.0005605825572274625}}