{"train_samples": 5, "test_samples": 200, "source_model": "text-embedding-3-large", "source_dim": 3072, "target_dim": 512, "test_results": {"bleu": 0.21, "bleu1": 18.88, "bleu2": 0.79, "bleu3": 0.03, "bleu4": 0.01, "rougeL": 0.1016, "rouge1": 0.113, "rouge2": 0.004, "exact_match": 0.0}, "loss": {"X_Y_COS": 1.0, "X_Y_MSEloss": 8.729730665661673e-17, "X_Y_test_COS": 0.887929379940033, "X_Y_test_MSEloss": 0.0006779594696126878, "X_Y_val_COS": 0.8918070793151855, "X_Y_val_MSEloss": 0.0006640679202973843}}