{"train_samples": 1, "test_samples": 200, "source_model": "text-embedding-3-large", "source_dim": 3072, "target_dim": 512, "test_results": {"bleu": 0.12, "bleu1": 12.79, "bleu2": 0.2, "bleu3": 0.01, "bleu4": 0.01, "rougeL": 0.0651, "rouge1": 0.0727, "rouge2": 0.0091, "exact_match": 0.0}, "loss": {"X_Y_COS": 1.0000001192092896, "X_Y_MSEloss": 7.650487606384546e-17, "X_Y_test_COS": 0.7951672673225403, "X_Y_test_MSEloss": 0.0014235606649890542, "X_Y_val_COS": 0.7862922549247742, "X_Y_val_MSEloss": 0.0014225640334188938}}