{"train_samples": 30, "test_samples": 200, "source_model": "random", "source_dim": 768, "target_dim": 512, "test_results": {"bleu": 0.9, "bleu1": 12.62, "bleu2": 0.97, "bleu3": 0.36, "bleu4": 0.3, "rougeL": 0.0837, "rouge1": 0.0957, "rouge2": 0.0078, "exact_match": 0.0}, "loss": {"X_Y_COS": 0.9958106875419617, "X_Y_MSEloss": 0.001608935883268714, "X_Y_test_COS": -0.06142764538526535, "X_Y_test_MSEloss": 0.0019558079075068235, "X_Y_val_COS": -0.0421018972992897, "X_Y_val_MSEloss": 0.001959987450391054, "reg_lambda": 10}}