{"train_samples": 5, "test_samples": 200, "source_model": "google-t5/t5-base", "source_dim": 768, "target_dim": 512, "test_results": {"bleu": 0.12, "bleu1": 9.04, "bleu2": 0.05, "bleu3": 0.03, "bleu4": 0.02, "rougeL": 0.002, "rouge1": 0.002, "rouge2": 0.0, "exact_match": 0.0}, "loss": {"X_Y_COS": 1.0, "X_Y_MSEloss": 3.8250200012057407e-16, "X_Y_test_COS": 0.8631713390350342, "X_Y_test_MSEloss": 0.0005088978796266019, "X_Y_val_COS": 0.8641397953033447, "X_Y_val_MSEloss": 0.0005051016341894865}}