{"train_samples": 100, "test_samples": 200, "source_model": "google-t5/t5-base", "source_dim": 768, "target_dim": 512, "test_results": {"bleu": 1.89, "bleu1": 25.37, "bleu2": 3.28, "bleu3": 0.65, "bleu4": 0.26, "rougeL": 0.1637, "rouge1": 0.2269, "rouge2": 0.0348, "exact_match": 0.0}, "loss": {"X_Y_COS": 1.0, "X_Y_MSEloss": 1.026169038631508e-09, "X_Y_test_COS": 0.9001255631446838, "X_Y_test_MSEloss": 0.0007658404065296054, "X_Y_val_COS": 0.902288019657135, "X_Y_val_MSEloss": 0.0007454354781657457}}