{"train_samples": 50, "test_samples": 200, "source_model": "google/mt5-base", "source_dim": 768, "target_dim": 512, "test_results": {"bleu": 0.17, "bleu1": 13.64, "bleu2": 0.57, "bleu3": 0.02, "bleu4": 0.01, "rougeL": 0.1069, "rouge1": 0.1336, "rouge2": 0.0075, "exact_match": 0.0}, "loss": {"X_Y_COS": 1.0, "X_Y_MSEloss": 3.276412886658864e-14, "X_Y_test_COS": 0.8756804466247559, "X_Y_test_MSEloss": 0.0007708509219810367, "X_Y_val_COS": 0.8787768483161926, "X_Y_val_MSEloss": 0.0007461692439392209}}