{"train_samples": 40, "test_samples": 200, "source_model": "text-embedding-ada-002", "source_dim": 1536, "target_dim": 512, "test_results": {"bleu": 0.1, "bleu1": 9.04, "bleu2": 0.04, "bleu3": 0.02, "bleu4": 0.01, "rougeL": 0.006, "rouge1": 0.006, "rouge2": 0.0, "exact_match": 0.0}, "loss": {"X_Y_COS": 1.0, "X_Y_MSEloss": 3.3269662524058885e-13, "X_Y_test_COS": 0.8590936064720154, "X_Y_test_MSEloss": 0.0005123189184814692, "X_Y_val_COS": 0.8612879514694214, "X_Y_val_MSEloss": 0.0005045889993198216}}