{"train_samples": 1000, "test_samples": 200, "source_model": "google-t5/t5-base", "source_dim": 768, "target_dim": 512, "test_results": {"bleu": 2.48, "bleu1": 29.79, "bleu2": 4.91, "bleu3": 1.25, "bleu4": 0.21, "rougeL": 0.2206, "rouge1": 0.2787, "rouge2": 0.0597, "exact_match": 0.0}, "loss": {"X_Y_COS": 0.9839248657226562, "X_Y_MSEloss": 6.30860376986675e-05, "X_Y_test_COS": 0.9171983003616333, "X_Y_test_MSEloss": 0.00032861350337043405, "X_Y_val_COS": 0.9142211675643921, "X_Y_val_MSEloss": 0.00033786235144361854}}