{"train_samples": 1000, "test_samples": 200, "source_model": "text-embedding-3-large", "source_dim": 3072, "target_dim": 512, "test_results": {"bleu": 8.21, "bleu1": 28.02, "bleu2": 9.29, "bleu3": 5.63, "bleu4": 3.1, "rougeL": 0.1597, "rouge1": 0.1947, "rouge2": 0.0297, "exact_match": 0.0}, "loss": {"X_Y_COS": 0.9999998211860657, "X_Y_MSEloss": 9.713451154524932e-10, "X_Y_test_COS": 0.8914401531219482, "X_Y_test_MSEloss": 0.0004171731125097722, "X_Y_val_COS": 0.9127200245857239, "X_Y_val_MSEloss": 0.0003408292541280389}}