{"train_samples": 30, "test_samples": 200, "source_model": "sentence-transformers/gtr-t5-base", "source_dim": 768, "target_dim": 512, "test_results": {"bleu": 0.19, "bleu1": 11.8, "bleu2": 0.15, "bleu3": 0.06, "bleu4": 0.02, "rougeL": 0.0241, "rouge1": 0.0253, "rouge2": 0.0, "exact_match": 0.0}, "loss": {"X_Y_COS": 1.0, "X_Y_MSEloss": 7.170445606632242e-15, "X_Y_test_COS": 0.8819676637649536, "X_Y_test_MSEloss": 0.00044268727651797235, "X_Y_val_COS": 0.8797322511672974, "X_Y_val_MSEloss": 0.00044863924267701805}}