{"train_samples": 20, "test_samples": 200, "source_model": "intfloat/multilingual-e5-base", "source_dim": 768, "target_dim": 512, "test_results": {"bleu": 0.12, "bleu1": 15.37, "bleu2": 0.21, "bleu3": 0.02, "bleu4": 0.01, "rougeL": 0.0906, "rouge1": 0.109, "rouge2": 0.0007, "exact_match": 0.0}, "loss": {"X_Y_COS": 1.0, "X_Y_MSEloss": 4.762930636914922e-14, "X_Y_test_COS": 0.9112783670425415, "X_Y_test_MSEloss": 0.000480364280520007, "X_Y_val_COS": 0.9103704690933228, "X_Y_val_MSEloss": 0.0004739257856272161}}