{"train_samples": 5, "test_samples": 200, "source_model": "google/flan-t5-base", "source_dim": 768, "target_dim": 512, "test_results": {"bleu": 0.16, "bleu1": 16.51, "bleu2": 0.81, "bleu3": 0.01, "bleu4": 0.01, "rougeL": 0.1235, "rouge1": 0.1477, "rouge2": 0.0164, "exact_match": 0.0}, "loss": {"X_Y_COS": 1.0, "X_Y_MSEloss": 3.45112854098026e-16, "X_Y_test_COS": 0.9070070385932922, "X_Y_test_MSEloss": 0.0003934049163945019, "X_Y_val_COS": 0.9059088230133057, "X_Y_val_MSEloss": 0.0004073168965987861}}