{"train_samples": 10, "test_samples": 200, "source_model": "intfloat/multilingual-e5-base", "source_dim": 768, "target_dim": 512, "test_results": {"bleu": 0.25, "bleu1": 14.09, "bleu2": 0.72, "bleu3": 0.05, "bleu4": 0.01, "rougeL": 0.0906, "rouge1": 0.1098, "rouge2": 0.009, "exact_match": 0.0}, "loss": {"X_Y_COS": 1.0, "X_Y_MSEloss": 1.6408247915759844e-15, "X_Y_test_COS": 0.8831493854522705, "X_Y_test_MSEloss": 0.00042892276542261243, "X_Y_val_COS": 0.8844754099845886, "X_Y_val_MSEloss": 0.0004246456373948604}}