{"train_samples": 50, "test_samples": 200, "source_model": "google/flan-t5-base", "source_dim": 768, "target_dim": 512, "test_results": {"bleu": 1.05, "bleu1": 21.63, "bleu2": 2.16, "bleu3": 0.33, "bleu4": 0.16, "rougeL": 0.1529, "rouge1": 0.1831, "rouge2": 0.0202, "exact_match": 0.0}, "loss": {"X_Y_COS": 1.0, "X_Y_MSEloss": 3.6342917607637415e-13, "X_Y_test_COS": 0.9175800085067749, "X_Y_test_MSEloss": 0.0004956235643476248, "X_Y_val_COS": 0.9191494584083557, "X_Y_val_MSEloss": 0.0005047817248851061}}