{"train_samples": 50, "test_samples": 200, "source_model": "google/flan-t5-base", "source_dim": 768, "target_dim": 512, "test_results": {"bleu": 1.04, "bleu1": 20.83, "bleu2": 2.06, "bleu3": 0.32, "bleu4": 0.15, "rougeL": 0.1578, "rouge1": 0.1892, "rouge2": 0.0207, "exact_match": 0.0}, "loss": {"X_Y_COS": 1.0, "X_Y_MSEloss": 1.4009789162106046e-10, "X_Y_test_COS": 0.9417820572853088, "X_Y_test_MSEloss": 0.0005083790165372193, "X_Y_val_COS": 0.9431946873664856, "X_Y_val_MSEloss": 0.0005207330686971545}}