{"train_samples": 500, "test_samples": 200, "source_model": "google/flan-t5-base", "source_dim": 768, "target_dim": 512, "test_results": {"bleu": 0.36, "bleu1": 16.17, "bleu2": 0.91, "bleu3": 0.1, "bleu4": 0.02, "rougeL": 0.1028, "rouge1": 0.1228, "rouge2": 0.0091, "exact_match": 0.0}, "loss": {"X_Y_COS": 0.9850115180015564, "X_Y_MSEloss": 5.8608238759916276e-05, "X_Y_test_COS": 0.8796014189720154, "X_Y_test_MSEloss": 0.0004700263380073011, "X_Y_val_COS": 0.8792937994003296, "X_Y_val_MSEloss": 0.00046915054554119706}}