{"train_samples": 100, "test_samples": 200, "source_model": "sentence-transformers/all-MiniLM-L6-v2", "source_dim": 384, "target_dim": 512, "test_results": {"bleu": 0.08, "bleu1": 9.05, "bleu2": 0.03, "bleu3": 0.02, "bleu4": 0.01, "rougeL": 0.0293, "rouge1": 0.0316, "rouge2": 0.0, "exact_match": 0.0}, "loss": {"X_Y_COS": 1.0, "X_Y_MSEloss": 9.3500370206695e-13, "X_Y_test_COS": 0.7928715944290161, "X_Y_test_MSEloss": 0.0007939825882203877, "X_Y_val_COS": 0.783159613609314, "X_Y_val_MSEloss": 0.0008085906156338751}}