{"train_samples": 3, "test_samples": 200, "source_model": "intfloat/multilingual-e5-base", "source_dim": 768, "target_dim": 512, "test_results": {"bleu": 0.07, "bleu1": 10.33, "bleu2": 0.05, "bleu3": 0.03, "bleu4": 0.01, "rougeL": 0.036, "rouge1": 0.0389, "rouge2": 0.0014, "exact_match": 0.0}, "loss": {"X_Y_COS": 1.0, "X_Y_MSEloss": 2.0298659654587005e-15, "X_Y_test_COS": 0.8784692883491516, "X_Y_test_MSEloss": 0.0008017105865292251, "X_Y_val_COS": 0.8762267827987671, "X_Y_val_MSEloss": 0.0008360379142686725}}