{"train_samples": 40, "test_samples": 200, "source_model": "sentence-transformers/gtr-t5-base", "source_dim": 768, "target_dim": 512, "test_results": {"bleu": 0.37, "bleu1": 16.23, "bleu2": 1.08, "bleu3": 0.12, "bleu4": 0.03, "rougeL": 0.0612, "rouge1": 0.0707, "rouge2": 0.0081, "exact_match": 0.0}, "loss": {"X_Y_COS": 1.0, "X_Y_MSEloss": 7.212490839826288e-16, "X_Y_test_COS": 0.9006072878837585, "X_Y_test_MSEloss": 0.000390774046536535, "X_Y_val_COS": 0.900612473487854, "X_Y_val_MSEloss": 0.000392799818655476}}