{"train_samples": 10, "test_samples": 200, "source_model": "google-t5/t5-base", "source_dim": 768, "target_dim": 512, "test_results": {"bleu": 0.08, "bleu1": 11.05, "bleu2": 0.03, "bleu3": 0.02, "bleu4": 0.01, "rougeL": 0.0039, "rouge1": 0.0039, "rouge2": 0.0, "exact_match": 0.0}, "loss": {"X_Y_COS": 1.0, "X_Y_MSEloss": 1.1542112455210853e-15, "X_Y_test_COS": 0.8587873578071594, "X_Y_test_MSEloss": 0.0005227295332588255, "X_Y_val_COS": 0.8609887361526489, "X_Y_val_MSEloss": 0.0005154793034307659}}