{"train_samples": 10, "test_samples": 200, "source_model": "google/mt5-base", "source_dim": 768, "target_dim": 512, "test_results": {"bleu": 0.05, "bleu1": 9.84, "bleu2": 0.02, "bleu3": 0.01, "bleu4": 0.01, "rougeL": 0.012, "rouge1": 0.0124, "rouge2": 0.0, "exact_match": 0.0}, "loss": {"X_Y_COS": 1.0, "X_Y_MSEloss": 2.0233594818743665e-15, "X_Y_test_COS": 0.8721420764923096, "X_Y_test_MSEloss": 0.00047457663458772004, "X_Y_val_COS": 0.8665676712989807, "X_Y_val_MSEloss": 0.0004922544467262924}}