{"train_samples": 300, "test_samples": 200, "source_model": "google/mt5-base", "source_dim": 768, "target_dim": 512, "test_results": {"bleu": 22.45, "bleu1": 40.76, "bleu2": 22.66, "bleu3": 18.86, "bleu4": 17.04, "rougeL": 0.3443, "rouge1": 0.3889, "rouge2": 0.2232, "exact_match": 0.0}, "loss": {"X_Y_COS": 0.990714967250824, "X_Y_MSEloss": 3.7083300412632525e-05, "X_Y_test_COS": 0.9037156701087952, "X_Y_test_MSEloss": 0.00037929072277620435, "X_Y_val_COS": 0.9085778594017029, "X_Y_val_MSEloss": 0.0003598361508920789, "reg_lambda": 0.001}}