{"train_samples": 500, "test_samples": 200, "source_model": "intfloat/multilingual-e5-base", "source_dim": 768, "target_dim": 512, "test_results": {"bleu": 0.43, "bleu1": 15.22, "bleu2": 0.86, "bleu3": 0.11, "bleu4": 0.04, "rougeL": 0.0739, "rouge1": 0.0844, "rouge2": 0.0074, "exact_match": 0.0}, "loss": {"X_Y_COS": 0.979155421257019, "X_Y_MSEloss": 8.108338806778193e-05, "X_Y_test_COS": 0.8957966566085815, "X_Y_test_MSEloss": 0.000402793288230896, "X_Y_val_COS": 0.89389568567276, "X_Y_val_MSEloss": 0.0004119547375012189}}