{"train_samples": 10, "test_samples": 200, "source_model": "google/flan-t5-base", "source_dim": 768, "target_dim": 512, "test_results": {"bleu": 0.17, "bleu1": 17.0, "bleu2": 0.81, "bleu3": 0.01, "bleu4": 0.01, "rougeL": 0.0817, "rouge1": 0.0912, "rouge2": 0.0069, "exact_match": 0.0}, "loss": {"X_Y_COS": 1.0, "X_Y_MSEloss": 4.45517995613403e-16, "X_Y_test_COS": 0.8854541778564453, "X_Y_test_MSEloss": 0.0004311545053496957, "X_Y_val_COS": 0.8796629905700684, "X_Y_val_MSEloss": 0.0004489697457756847}}