{"train_samples": 20, "test_samples": 200, "source_model": "text-embedding-3-large", "source_dim": 3072, "target_dim": 512, "test_results": {"bleu": 0.19, "bleu1": 16.97, "bleu2": 0.47, "bleu3": 0.02, "bleu4": 0.01, "rougeL": 0.093, "rouge1": 0.1062, "rouge2": 0.0048, "exact_match": 0.0}, "loss": {"X_Y_COS": 1.0, "X_Y_MSEloss": 1.9173924947768484e-10, "X_Y_test_COS": 0.8947460055351257, "X_Y_test_MSEloss": 0.0011151331709697843, "X_Y_val_COS": 0.9011046886444092, "X_Y_val_MSEloss": 0.0010937802726402879}}