{"train_samples": 50, "test_samples": 200, "source_model": "text-embedding-3-large", "source_dim": 3072, "target_dim": 512, "test_results": {"bleu": 0.16, "bleu1": 16.47, "bleu2": 0.4, "bleu3": 0.02, "bleu4": 0.01, "rougeL": 0.1008, "rouge1": 0.1204, "rouge2": 0.0022, "exact_match": 0.0}, "loss": {"X_Y_COS": 1.0, "X_Y_MSEloss": 1.893823368525477e-15, "X_Y_test_COS": 0.9136585593223572, "X_Y_test_MSEloss": 0.0003541029873304069, "X_Y_val_COS": 0.915196418762207, "X_Y_val_MSEloss": 0.0003454840916674584}}