{"train_samples": 10, "test_samples": 200, "source_model": "google-t5/t5-base", "source_dim": 768, "target_dim": 512, "test_results": {"bleu": 0.42, "bleu1": 19.13, "bleu2": 0.64, "bleu3": 0.11, "bleu4": 0.02, "rougeL": 0.1141, "rouge1": 0.1506, "rouge2": 0.0124, "exact_match": 0.0}, "loss": {"X_Y_COS": 1.0, "X_Y_MSEloss": 5.636407105749554e-16, "X_Y_test_COS": 0.8878640532493591, "X_Y_test_MSEloss": 0.0004204104479867965, "X_Y_val_COS": 0.8880908489227295, "X_Y_val_MSEloss": 0.00042060381383635104}}