{"train_samples": 1000, "test_samples": 200, "source_model": "intfloat/multilingual-e5-base", "source_dim": 768, "target_dim": 512, "test_results": {"bleu": 0.33, "bleu1": 21.09, "bleu2": 1.02, "bleu3": 0.05, "bleu4": 0.03, "rougeL": 0.121, "rouge1": 0.1307, "rouge2": 0.0049, "exact_match": 0.0}, "loss": {"X_Y_COS": 0.9658159613609314, "X_Y_MSEloss": 0.000325714354403317, "X_Y_test_COS": 0.9075582027435303, "X_Y_test_MSEloss": 0.0008589530480094254, "X_Y_val_COS": 0.912761390209198, "X_Y_val_MSEloss": 0.0008195114205591381}}