{"train_samples": 500, "test_samples": 200, "source_model": "intfloat/multilingual-e5-base", "source_dim": 768, "target_dim": 512, "test_results": {"bleu": 2.06, "bleu1": 27.37, "bleu2": 3.6, "bleu3": 0.86, "bleu4": 0.21, "rougeL": 0.1753, "rouge1": 0.2497, "rouge2": 0.0392, "exact_match": 0.0}, "loss": {"X_Y_COS": 0.9727814793586731, "X_Y_MSEloss": 0.00010562609531916678, "X_Y_test_COS": 0.8714892268180847, "X_Y_test_MSEloss": 0.0004921768559142947, "X_Y_val_COS": 0.8694297671318054, "X_Y_val_MSEloss": 0.0004988594446331263}}