{"train_samples": 50, "test_samples": 200, "source_model": "google/flan-t5-base", "source_dim": 768, "target_dim": 512, "test_results": {"bleu": 0.08, "bleu1": 10.74, "bleu2": 0.03, "bleu3": 0.02, "bleu4": 0.01, "rougeL": 0.0579, "rouge1": 0.0655, "rouge2": 0.0002, "exact_match": 0.0}, "loss": {"X_Y_COS": 1.0, "X_Y_MSEloss": 4.0903738729447525e-10, "X_Y_test_COS": 0.8734303116798401, "X_Y_test_MSEloss": 0.0009432528167963028, "X_Y_val_COS": 0.8692818284034729, "X_Y_val_MSEloss": 0.0010050289565697312}}