{"train_samples": 40, "test_samples": 200, "source_model": "sentence-transformers/all-MiniLM-L6-v2", "source_dim": 384, "target_dim": 512, "test_results": {"bleu": 0.58, "bleu1": 17.36, "bleu2": 1.34, "bleu3": 0.25, "bleu4": 0.02, "rougeL": 0.1126, "rouge1": 0.1457, "rouge2": 0.0187, "exact_match": 0.0}, "loss": {"X_Y_COS": 1.0, "X_Y_MSEloss": 6.011779814841546e-16, "X_Y_test_COS": 0.8292576670646667, "X_Y_test_MSEloss": 0.0006745774880982935, "X_Y_val_COS": 0.7930552363395691, "X_Y_val_MSEloss": 0.0007458970067091286}}