{"train_samples": 3000, "test_samples": 200, "source_model": "google/mt5-base", "source_dim": 768, "target_dim": 512, "test_results": {"bleu": 3.35, "bleu1": 32.47, "bleu2": 6.03, "bleu3": 1.69, "bleu4": 0.46, "rougeL": 0.2125, "rouge1": 0.2952, "rouge2": 0.0632, "exact_match": 0.0}, "loss": {"X_Y_COS": 0.950431764125824, "X_Y_MSEloss": 0.00019000221800524741, "X_Y_test_COS": 0.9317790865898132, "X_Y_test_MSEloss": 0.0002588224015198648, "X_Y_val_COS": 0.93226158618927, "X_Y_val_MSEloss": 0.00025756488321349025}}