{"train_samples": 500, "test_samples": 200, "source_model": "sentence-transformers/gtr-t5-base", "source_dim": 768, "target_dim": 512, "test_results": {"bleu": 0.18, "bleu1": 11.55, "bleu2": 0.2, "bleu3": 0.03, "bleu4": 0.02, "rougeL": 0.0149, "rouge1": 0.0149, "rouge2": 0.0035, "exact_match": 0.0}, "loss": {"X_Y_COS": 0.9576161503791809, "X_Y_MSEloss": 0.00016002228949218988, "X_Y_test_COS": 0.8504878878593445, "X_Y_test_MSEloss": 0.0005891977343708277, "X_Y_val_COS": 0.8398472666740417, "X_Y_val_MSEloss": 0.000637479533907026}}