{"train_samples": 1000, "test_samples": 200, "source_model": "google-bert/bert-base-multilingual-cased", "source_dim": 768, "target_dim": 512, "test_results": {"bleu": 0.84, "bleu1": 8.87, "bleu2": 0.75, "bleu3": 0.38, "bleu4": 0.2, "rougeL": 0.0439, "rouge1": 0.0521, "rouge2": 0.0014, "exact_match": 0.0}, "loss": {"X_Y_COS": 0.8981558084487915, "X_Y_MSEloss": 0.0004689368943218142, "X_Y_test_COS": 0.07850544154644012, "X_Y_test_MSEloss": 0.007191259879618883, "X_Y_val_COS": 0.08647140115499496, "X_Y_val_MSEloss": 0.008646615780889988}}