{"train_samples": 3, "test_samples": 200, "source_model": "text-embedding-ada-002", "source_dim": 1536, "target_dim": 512, "test_results": {"bleu": 0.22, "bleu1": 17.13, "bleu2": 0.7, "bleu3": 0.02, "bleu4": 0.01, "rougeL": 0.0945, "rouge1": 0.1258, "rouge2": 0.0109, "exact_match": 0.0}, "loss": {"X_Y_COS": 1.0, "X_Y_MSEloss": 1.2043528431414613e-15, "X_Y_test_COS": 0.8495623469352722, "X_Y_test_MSEloss": 0.0005462662084028125, "X_Y_val_COS": 0.8462865948677063, "X_Y_val_MSEloss": 0.0005559091805480421}}