{"train_samples": 10, "test_samples": 200, "source_model": "text-embedding-3-large", "source_dim": 3072, "target_dim": 512, "test_results": {"bleu": 0.41, "bleu1": 20.6, "bleu2": 1.3, "bleu3": 0.1, "bleu4": 0.01, "rougeL": 0.1215, "rouge1": 0.1557, "rouge2": 0.013, "exact_match": 0.0}, "loss": {"X_Y_COS": 1.0, "X_Y_MSEloss": 1.4332015843224476e-16, "X_Y_test_COS": 0.8284937739372253, "X_Y_test_MSEloss": 0.0011133929947391152, "X_Y_val_COS": 0.8181187510490417, "X_Y_val_MSEloss": 0.001128943869844079}}