{"train_samples": 50, "test_samples": 200, "source_model": "google-bert/bert-base-multilingual-cased", "source_dim": 768, "target_dim": 512, "test_results": {"bleu": 0.48, "bleu1": 19.93, "bleu2": 1.56, "bleu3": 0.15, "bleu4": 0.03, "rougeL": 0.1334, "rouge1": 0.1597, "rouge2": 0.0145, "exact_match": 0.0}, "loss": {"X_Y_COS": 1.0, "X_Y_MSEloss": 4.1401149002140425e-13, "X_Y_test_COS": 0.905531644821167, "X_Y_test_MSEloss": 0.0005759139312431216, "X_Y_val_COS": 0.9096201658248901, "X_Y_val_MSEloss": 0.0005707690725103021}}