{"train_samples": 50, "test_samples": 200, "source_model": "google-bert/bert-base-multilingual-cased", "source_dim": 768, "target_dim": 512, "test_results": {"bleu": 1.58, "bleu1": 18.3, "bleu2": 2.06, "bleu3": 0.73, "bleu4": 0.4, "rougeL": 0.142, "rouge1": 0.1679, "rouge2": 0.0195, "exact_match": 0.0}, "loss": {"X_Y_COS": 1.0, "X_Y_MSEloss": 1.448849512586392e-10, "X_Y_test_COS": 0.9327161312103271, "X_Y_test_MSEloss": 0.000591419986449182, "X_Y_val_COS": 0.934646725654602, "X_Y_val_MSEloss": 0.0006114577990956604}}