{"train_samples": 40, "test_samples": 200, "source_model": "sentence-transformers/gtr-t5-base", "source_dim": 768, "target_dim": 512, "test_results": {"bleu": 0.22, "bleu1": 16.98, "bleu2": 0.94, "bleu3": 0.02, "bleu4": 0.01, "rougeL": 0.1171, "rouge1": 0.1356, "rouge2": 0.0082, "exact_match": 0.0}, "loss": {"X_Y_COS": 1.0, "X_Y_MSEloss": 4.55100901408656e-10, "X_Y_test_COS": 0.9406666159629822, "X_Y_test_MSEloss": 0.0005578944692388177, "X_Y_val_COS": 0.941110372543335, "X_Y_val_MSEloss": 0.0005843622493557632}}