{"train_samples": 40, "test_samples": 200, "source_model": "google-bert/bert-base-multilingual-cased", "source_dim": 768, "target_dim": 512, "test_results": {"bleu": 0.36, "bleu1": 14.49, "bleu2": 0.92, "bleu3": 0.21, "bleu4": 0.01, "rougeL": 0.071, "rouge1": 0.0832, "rouge2": 0.0105, "exact_match": 0.0}, "loss": {"X_Y_COS": 1.0, "X_Y_MSEloss": 6.083489289578081e-13, "X_Y_test_COS": 0.8755775094032288, "X_Y_test_MSEloss": 0.0004598444502335042, "X_Y_val_COS": 0.8762000203132629, "X_Y_val_MSEloss": 0.00045787086128257215}}