{"train_samples": 30, "test_samples": 200, "source_model": "google/flan-t5-base", "source_dim": 768, "target_dim": 512, "test_results": {"bleu": 0.19, "bleu1": 13.06, "bleu2": 0.13, "bleu3": 0.04, "bleu4": 0.02, "rougeL": 0.0005, "rouge1": 0.0005, "rouge2": 0.0, "exact_match": 0.0}, "loss": {"X_Y_COS": 0.9919911026954651, "X_Y_MSEloss": 3.053269756492227e-05, "X_Y_test_COS": 0.856989860534668, "X_Y_test_MSEloss": 0.0005317815812304616, "X_Y_val_COS": 0.8622572422027588, "X_Y_val_MSEloss": 0.0005120565183460712}}