{"train_samples": 1000, "test_samples": 200, "source_model": "random", "source_dim": 768, "target_dim": 512, "test_results": {"bleu": 0.28, "bleu1": 10.37, "bleu2": 0.4, "bleu3": 0.09, "bleu4": 0.02, "rougeL": 0.0654, "rouge1": 0.073, "rouge2": 0.0034, "exact_match": 0.0}, "loss": {"X_Y_COS": 0.8814055919647217, "X_Y_MSEloss": 0.0004930868744850159, "X_Y_test_COS": -0.09728565067052841, "X_Y_test_MSEloss": 0.009013219736516476, "X_Y_val_COS": -0.006283486727625132, "X_Y_val_MSEloss": 0.008205210790038109}}