{"train_samples": 100, "test_samples": 200, "source_model": "google/mt5-base", "source_dim": 768, "target_dim": 512, "test_results": {"bleu": 0.35, "bleu1": 20.26, "bleu2": 1.09, "bleu3": 0.05, "bleu4": 0.03, "rougeL": 0.1181, "rouge1": 0.1279, "rouge2": 0.0071, "exact_match": 0.0}, "loss": {"X_Y_COS": 0.9999998211860657, "X_Y_MSEloss": 5.552270865294417e-10, "X_Y_test_COS": 0.8927724957466125, "X_Y_test_MSEloss": 0.0004041586653329432, "X_Y_val_COS": 0.8940781354904175, "X_Y_val_MSEloss": 0.0003945861535612494}}