{"train_samples": 100, "test_samples": 200, "source_model": "google/mt5-base", "source_dim": 768, "target_dim": 512, "test_results": {"bleu": 0.24, "bleu1": 20.52, "bleu2": 1.0, "bleu3": 0.02, "bleu4": 0.01, "rougeL": 0.1224, "rouge1": 0.1378, "rouge2": 0.0072, "exact_match": 0.0}, "loss": {"X_Y_COS": 0.9999963641166687, "X_Y_MSEloss": 1.92619111771819e-07, "X_Y_test_COS": 0.9024881720542908, "X_Y_test_MSEloss": 0.0008941150736063719, "X_Y_val_COS": 0.9063884019851685, "X_Y_val_MSEloss": 0.0008713632705621421}}