{"train_samples": 40, "test_samples": 200, "source_model": "sentence-transformers/gtr-t5-base", "source_dim": 768, "target_dim": 512, "test_results": {"bleu": 0.45, "bleu1": 15.2, "bleu2": 0.72, "bleu3": 0.19, "bleu4": 0.1, "rougeL": 0.0597, "rouge1": 0.0649, "rouge2": 0.0037, "exact_match": 0.0}, "loss": {"X_Y_COS": 1.0, "X_Y_MSEloss": 1.2928431162949469e-15, "X_Y_test_COS": 0.8810092210769653, "X_Y_test_MSEloss": 0.0008323390502482653, "X_Y_val_COS": 0.8826321959495544, "X_Y_val_MSEloss": 0.000814416678622365}}