{"train_samples": 100, "test_samples": 200, "source_model": "sentence-transformers/gtr-t5-base", "source_dim": 768, "target_dim": 512, "test_results": {"bleu": 0.29, "bleu1": 17.19, "bleu2": 0.86, "bleu3": 0.04, "bleu4": 0.01, "rougeL": 0.1129, "rouge1": 0.1491, "rouge2": 0.009, "exact_match": 0.0}, "loss": {"X_Y_COS": 1.0, "X_Y_MSEloss": 3.986545319659314e-15, "X_Y_test_COS": 0.8978877067565918, "X_Y_test_MSEloss": 0.00038701420999132097, "X_Y_val_COS": 0.8975356817245483, "X_Y_val_MSEloss": 0.00038654744275845587}}