{"train_samples": 500, "test_samples": 200, "source_model": "intfloat/multilingual-e5-base", "source_dim": 768, "target_dim": 512, "test_results": {"bleu": 0.18, "bleu1": 13.67, "bleu2": 0.47, "bleu3": 0.02, "bleu4": 0.01, "rougeL": 0.0793, "rouge1": 0.0879, "rouge2": 0.004, "exact_match": 0.0}, "loss": {"X_Y_COS": 0.9768829941749573, "X_Y_MSEloss": 0.00018153258133679628, "X_Y_test_COS": 0.8641513586044312, "X_Y_test_MSEloss": 0.001046550809405744, "X_Y_val_COS": 0.8736558556556702, "X_Y_val_MSEloss": 0.0009783640271052718}}