{"train_samples": 500, "test_samples": 200, "source_model": "intfloat/multilingual-e5-base", "source_dim": 768, "target_dim": 512, "test_results": {"bleu": 0.2, "bleu1": 15.42, "bleu2": 0.74, "bleu3": 0.02, "bleu4": 0.01, "rougeL": 0.094, "rouge1": 0.1045, "rouge2": 0.0065, "exact_match": 0.0}, "loss": {"X_Y_COS": 0.9702410697937012, "X_Y_MSEloss": 0.00011550404451554641, "X_Y_test_COS": 0.858343780040741, "X_Y_test_MSEloss": 0.0005478176171891391, "X_Y_val_COS": 0.8659037351608276, "X_Y_val_MSEloss": 0.0005142127047292888}}