{"train_samples": 20, "test_samples": 200, "source_model": "google-bert/bert-base-multilingual-cased", "source_dim": 768, "target_dim": 512, "test_results": {"bleu": 0.49, "bleu1": 15.67, "bleu2": 0.8, "bleu3": 0.14, "bleu4": 0.09, "rougeL": 0.0532, "rouge1": 0.063, "rouge2": 0.0041, "exact_match": 0.0}, "loss": {"X_Y_COS": 1.0, "X_Y_MSEloss": 1.3936024499311742e-15, "X_Y_test_COS": 0.8668399453163147, "X_Y_test_MSEloss": 0.0004883332876488566, "X_Y_val_COS": 0.8704063296318054, "X_Y_val_MSEloss": 0.0004772515094373375}}