{"train_samples": 50, "test_samples": 200, "source_model": "google/mt5-base", "source_dim": 768, "target_dim": 512, "test_results": {"bleu": 0.21, "bleu1": 22.45, "bleu2": 1.15, "bleu3": 0.01, "bleu4": 0.01, "rougeL": 0.1357, "rouge1": 0.1706, "rouge2": 0.0106, "exact_match": 0.0}, "loss": {"X_Y_COS": 1.0, "X_Y_MSEloss": 1.0641923973986334e-11, "X_Y_test_COS": 0.8797532320022583, "X_Y_test_MSEloss": 0.0004451308923307806, "X_Y_val_COS": 0.8815954327583313, "X_Y_val_MSEloss": 0.000438124465290457}}