{"train_samples": 3, "test_samples": 200, "source_model": "google-t5/t5-base", "source_dim": 768, "target_dim": 512, "test_results": {"bleu": 0.23, "bleu1": 18.52, "bleu2": 0.68, "bleu3": 0.02, "bleu4": 0.01, "rougeL": 0.1088, "rouge1": 0.1331, "rouge2": 0.0053, "exact_match": 0.0}, "loss": {"X_Y_COS": 1.0, "X_Y_MSEloss": 3.9183145922964935e-16, "X_Y_test_COS": 0.8517820835113525, "X_Y_test_MSEloss": 0.0006036884733475745, "X_Y_val_COS": 0.8566982746124268, "X_Y_val_MSEloss": 0.0005855855415575206}}