{"train_samples": 50, "test_samples": 200, "source_model": "sentence-transformers/gtr-t5-base", "source_dim": 768, "target_dim": 512, "test_results": {"bleu": 11.07, "bleu1": 25.5, "bleu2": 9.84, "bleu3": 8.21, "bleu4": 7.5, "rougeL": 0.1993, "rouge1": 0.2407, "rouge2": 0.0973, "exact_match": 0.0}, "loss": {"X_Y_COS": 1.0, "X_Y_MSEloss": 2.102504281786821e-11, "X_Y_test_COS": 0.8919265270233154, "X_Y_test_MSEloss": 0.0009220364736393094, "X_Y_val_COS": 0.8934812545776367, "X_Y_val_MSEloss": 0.000906863366253674}}