{"train_samples": 50, "test_samples": 200, "source_model": "google-bert/bert-base-multilingual-cased", "source_dim": 768, "target_dim": 512, "test_results": {"bleu": 0.08, "bleu1": 9.43, "bleu2": 0.03, "bleu3": 0.02, "bleu4": 0.01, "rougeL": 0.0403, "rouge1": 0.0456, "rouge2": 0.0003, "exact_match": 0.0}, "loss": {"X_Y_COS": 1.0, "X_Y_MSEloss": 1.1829356938442004e-12, "X_Y_test_COS": 0.8370258808135986, "X_Y_test_MSEloss": 0.0005915675428695977, "X_Y_val_COS": 0.839201033115387, "X_Y_val_MSEloss": 0.0005855406634509563}}