{"train_samples": 50, "test_samples": 200, "source_model": "google-t5/t5-base", "source_dim": 768, "target_dim": 512, "test_results": {"bleu": 2.25, "bleu1": 23.7, "bleu2": 3.3, "bleu3": 0.94, "bleu4": 0.37, "rougeL": 0.1518, "rouge1": 0.2039, "rouge2": 0.0313, "exact_match": 0.0}, "loss": {"X_Y_COS": 1.0, "X_Y_MSEloss": 3.2635358174562534e-13, "X_Y_test_COS": 0.8613219857215881, "X_Y_test_MSEloss": 0.0005067180609330535, "X_Y_val_COS": 0.8620051145553589, "X_Y_val_MSEloss": 0.0005046327132731676}}