{"train_samples": 5, "test_samples": 200, "source_model": "google/mt5-base", "source_dim": 768, "target_dim": 512, "test_results": {"bleu": 1.07, "bleu1": 17.85, "bleu2": 1.26, "bleu3": 0.31, "bleu4": 0.21, "rougeL": 0.1203, "rouge1": 0.1584, "rouge2": 0.0171, "exact_match": 0.0}, "loss": {"X_Y_COS": 1.0, "X_Y_MSEloss": 4.809729948404551e-16, "X_Y_test_COS": 0.8377952575683594, "X_Y_test_MSEloss": 0.0005868268781341612, "X_Y_val_COS": 0.8366700410842896, "X_Y_val_MSEloss": 0.0005909555475227535}}