{"train_samples": 100, "test_samples": 200, "source_model": "google-t5/t5-base", "source_dim": 768, "target_dim": 512, "test_results": {"bleu": 0.26, "bleu1": 18.58, "bleu2": 1.46, "bleu3": 0.02, "bleu4": 0.01, "rougeL": 0.1549, "rouge1": 0.1832, "rouge2": 0.0162, "exact_match": 0.0}, "loss": {"X_Y_COS": 1.0, "X_Y_MSEloss": 1.9088077201755843e-14, "X_Y_test_COS": 0.9371055364608765, "X_Y_test_MSEloss": 0.0004788744554389268, "X_Y_val_COS": 0.9380189776420593, "X_Y_val_MSEloss": 0.0004715811519417912}}