{"train_samples": 50, "test_samples": 200, "source_model": "text-embedding-ada-002", "source_dim": 1536, "target_dim": 512, "test_results": {"bleu": 0.56, "bleu1": 23.14, "bleu2": 2.02, "bleu3": 0.2, "bleu4": 0.01, "rougeL": 0.1368, "rouge1": 0.1829, "rouge2": 0.0191, "exact_match": 0.0}, "loss": {"X_Y_COS": 1.0, "X_Y_MSEloss": 2.915081641786249e-13, "X_Y_test_COS": 0.8552360534667969, "X_Y_test_MSEloss": 0.0005255296709947288, "X_Y_val_COS": 0.8525604009628296, "X_Y_val_MSEloss": 0.0005351055297069252}}