{"train_samples": 30, "test_samples": 200, "source_model": "google/mt5-base", "source_dim": 768, "target_dim": 512, "test_results": {"bleu": 0.11, "bleu1": 8.7, "bleu2": 0.12, "bleu3": 0.02, "bleu4": 0.01, "rougeL": 0.0842, "rouge1": 0.0981, "rouge2": 0.0015, "exact_match": 0.0}, "loss": {"X_Y_COS": 1.0, "X_Y_MSEloss": 5.408000978458782e-13, "X_Y_test_COS": 0.9013888239860535, "X_Y_test_MSEloss": 0.00036928942427039146, "X_Y_val_COS": 0.8960505723953247, "X_Y_val_MSEloss": 0.00037955454899929464}}