{"train_samples": 500, "test_samples": 200, "source_model": "google-bert/bert-base-multilingual-cased", "source_dim": 768, "target_dim": 512, "test_results": {"bleu": 0.21, "bleu1": 15.27, "bleu2": 0.8, "bleu3": 0.02, "bleu4": 0.01, "rougeL": 0.091, "rouge1": 0.0982, "rouge2": 0.0064, "exact_match": 0.0}, "loss": {"X_Y_COS": 0.974666178226471, "X_Y_MSEloss": 9.876415424514562e-05, "X_Y_test_COS": 0.8436644077301025, "X_Y_test_MSEloss": 0.0006172370631247759, "X_Y_val_COS": 0.8493331670761108, "X_Y_val_MSEloss": 0.0005914297653362155}}