{"train_samples": 20, "test_samples": 200, "source_model": "intfloat/multilingual-e5-base", "source_dim": 768, "target_dim": 512, "test_results": {"bleu": 0.51, "bleu1": 14.77, "bleu2": 0.89, "bleu3": 0.21, "bleu4": 0.09, "rougeL": 0.0694, "rouge1": 0.0838, "rouge2": 0.007, "exact_match": 0.0}, "loss": {"X_Y_COS": 1.0, "X_Y_MSEloss": 4.500284354696203e-14, "X_Y_test_COS": 0.8627507090568542, "X_Y_test_MSEloss": 0.0004987241118215024, "X_Y_val_COS": 0.8535409569740295, "X_Y_val_MSEloss": 0.0005292977439239621}}