{"train_samples": 100, "test_samples": 200, "source_model": "google-t5/t5-base", "source_dim": 768, "target_dim": 512, "test_results": {"bleu": 0.18, "bleu1": 17.35, "bleu2": 0.76, "bleu3": 0.02, "bleu4": 0.01, "rougeL": 0.1077, "rouge1": 0.1293, "rouge2": 0.005, "exact_match": 0.0}, "loss": {"X_Y_COS": 0.9999997019767761, "X_Y_MSEloss": 1.3881898297540829e-08, "X_Y_test_COS": 0.9409381151199341, "X_Y_test_MSEloss": 0.0004520090587902814, "X_Y_val_COS": 0.9408243894577026, "X_Y_val_MSEloss": 0.00044326484203338623}}