{"train_samples": 40, "test_samples": 200, "source_model": "google/flan-t5-base", "source_dim": 768, "target_dim": 512, "test_results": {"bleu": 1.49, "bleu1": 24.77, "bleu2": 2.01, "bleu3": 0.52, "bleu4": 0.19, "rougeL": 0.1634, "rouge1": 0.216, "rouge2": 0.0237, "exact_match": 0.0}, "loss": {"X_Y_COS": 1.0, "X_Y_MSEloss": 2.1766143303968838e-13, "X_Y_test_COS": 0.9086018800735474, "X_Y_test_MSEloss": 0.0003426256007514894, "X_Y_val_COS": 0.9112884402275085, "X_Y_val_MSEloss": 0.00033312520827166736}}