{"train_samples": 20, "test_samples": 200, "source_model": "google-t5/t5-base", "source_dim": 768, "target_dim": 512, "test_results": {"bleu": 0.27, "bleu1": 14.84, "bleu2": 0.93, "bleu3": 0.03, "bleu4": 0.02, "rougeL": 0.1075, "rouge1": 0.1381, "rouge2": 0.0091, "exact_match": 0.0}, "loss": {"X_Y_COS": 1.0, "X_Y_MSEloss": 3.672717918635701e-15, "X_Y_test_COS": 0.9115546345710754, "X_Y_test_MSEloss": 0.0003314022615086287, "X_Y_val_COS": 0.9102784991264343, "X_Y_val_MSEloss": 0.00033584824996069074}}