{"train_samples": 1000, "test_samples": 200, "source_model": "google/flan-t5-base", "source_dim": 768, "target_dim": 512, "test_results": {"bleu": 0.38, "bleu1": 21.35, "bleu2": 1.42, "bleu3": 0.07, "bleu4": 0.02, "rougeL": 0.1545, "rouge1": 0.196, "rouge2": 0.0176, "exact_match": 0.0}, "loss": {"X_Y_COS": 0.9835609197616577, "X_Y_MSEloss": 0.00011145998723804951, "X_Y_test_COS": 0.9416714310646057, "X_Y_test_MSEloss": 0.00039536700933240354, "X_Y_val_COS": 0.9428947567939758, "X_Y_val_MSEloss": 0.00038629703340120614}}