{"train_samples": 1000, "test_samples": 200, "source_model": "random", "source_dim": 768, "target_dim": 512, "test_results": {"bleu": 0.15, "bleu1": 7.17, "bleu2": 0.18, "bleu3": 0.03, "bleu4": 0.01, "rougeL": 0.0457, "rouge1": 0.0522, "rouge2": 0.0014, "exact_match": 0.0}, "loss": {"X_Y_COS": 0.9067257046699524, "X_Y_MSEloss": 0.0004264662857167423, "X_Y_test_COS": -0.009564444422721863, "X_Y_test_MSEloss": 0.007607503794133663, "X_Y_val_COS": 0.038407836109399796, "X_Y_val_MSEloss": 0.007368498481810093}}