{"train_samples": 10, "test_samples": 200, "source_model": "intfloat/multilingual-e5-base", "source_dim": 768, "target_dim": 512, "test_results": {"bleu": 0.09, "bleu1": 7.82, "bleu2": 0.06, "bleu3": 0.02, "bleu4": 0.01, "rougeL": 0.0594, "rouge1": 0.0665, "rouge2": 0.0005, "exact_match": 0.0}, "loss": {"X_Y_COS": 1.0, "X_Y_MSEloss": 2.523567589095342e-15, "X_Y_test_COS": 0.8935462832450867, "X_Y_test_MSEloss": 0.0003943279152736068, "X_Y_val_COS": 0.8955926895141602, "X_Y_val_MSEloss": 0.00038705143379047513}}