{"train_samples": 10, "test_samples": 200, "source_model": "text-embedding-3-large", "source_dim": 3072, "target_dim": 512, "test_results": {"bleu": 0.43, "bleu1": 14.31, "bleu2": 0.83, "bleu3": 0.22, "bleu4": 0.07, "rougeL": 0.0647, "rouge1": 0.0697, "rouge2": 0.0051, "exact_match": 0.0}, "loss": {"X_Y_COS": 1.0, "X_Y_MSEloss": 1.4973467276735257e-16, "X_Y_test_COS": 0.890396773815155, "X_Y_test_MSEloss": 0.0007708656485192478, "X_Y_val_COS": 0.8868559002876282, "X_Y_val_MSEloss": 0.0007694289088249207}}