{"train_samples": 10, "test_samples": 200, "source_model": "text-embedding-ada-002", "source_dim": 1536, "target_dim": 512, "test_results": {"bleu": 3.18, "bleu1": 18.06, "bleu2": 2.35, "bleu3": 1.66, "bleu4": 1.44, "rougeL": 0.1166, "rouge1": 0.1472, "rouge2": 0.0234, "exact_match": 0.0}, "loss": {"X_Y_COS": 0.9583485722541809, "X_Y_MSEloss": 0.0001990675664274022, "X_Y_test_COS": 0.9062427878379822, "X_Y_test_MSEloss": 0.0003760913969017565, "X_Y_val_COS": 0.9089012145996094, "X_Y_val_MSEloss": 0.00036854713107459247, "reg_lambda": 1}}