{"train_samples": 5, "test_samples": 200, "source_model": "sentence-transformers/all-MiniLM-L6-v2", "source_dim": 384, "target_dim": 512, "test_results": {"bleu": 0.15, "bleu1": 9.8, "bleu2": 0.15, "bleu3": 0.03, "bleu4": 0.02, "rougeL": 0.0083, "rouge1": 0.0087, "rouge2": 0.0, "exact_match": 0.0}, "loss": {"X_Y_COS": 1.0, "X_Y_MSEloss": 1.7872955022904313e-16, "X_Y_test_COS": 0.8849639892578125, "X_Y_test_MSEloss": 0.0006081241299398243, "X_Y_val_COS": 0.8855665326118469, "X_Y_val_MSEloss": 0.0006197773618623614}}