{"train_samples": 100, "test_samples": 200, "source_model": "sentence-transformers/gtr-t5-base", "source_dim": 768, "target_dim": 512, "test_results": {"bleu": 0.43, "bleu1": 14.24, "bleu2": 0.73, "bleu3": 0.16, "bleu4": 0.1, "rougeL": 0.0511, "rouge1": 0.055, "rouge2": 0.0033, "exact_match": 0.0}, "loss": {"X_Y_COS": 1.0, "X_Y_MSEloss": 4.0882625063076716e-10, "X_Y_test_COS": 0.8993656039237976, "X_Y_test_MSEloss": 0.0010447652311995625, "X_Y_val_COS": 0.9022230505943298, "X_Y_val_MSEloss": 0.0010118141071870923}}