{"train_samples": 100, "test_samples": 200, "source_model": "google/flan-t5-base", "source_dim": 768, "target_dim": 512, "test_results": {"bleu": 0.1, "bleu1": 14.08, "bleu2": 0.09, "bleu3": 0.02, "bleu4": 0.01, "rougeL": 0.0224, "rouge1": 0.0232, "rouge2": 0.0, "exact_match": 0.0}, "loss": {"X_Y_COS": 1.0, "X_Y_MSEloss": 9.669241102239212e-11, "X_Y_test_COS": 0.8871020078659058, "X_Y_test_MSEloss": 0.00042528167250566185, "X_Y_val_COS": 0.8817191123962402, "X_Y_val_MSEloss": 0.00044426938984543085}}