{"train_samples": 30, "test_samples": 200, "source_model": "google-bert/bert-base-multilingual-cased", "source_dim": 768, "target_dim": 512, "test_results": {"bleu": 0.77, "bleu1": 15.25, "bleu2": 1.06, "bleu3": 0.36, "bleu4": 0.22, "rougeL": 0.0723, "rouge1": 0.0827, "rouge2": 0.0076, "exact_match": 0.0}, "loss": {"X_Y_COS": 1.0, "X_Y_MSEloss": 4.058079284934013e-14, "X_Y_test_COS": 0.8543824553489685, "X_Y_test_MSEloss": 0.0005281346384435892, "X_Y_val_COS": 0.8448716402053833, "X_Y_val_MSEloss": 0.0005605496698990464}}