{"train_samples": 3, "test_samples": 200, "source_model": "sentence-transformers/gtr-t5-base", "source_dim": 768, "target_dim": 512, "test_results": {"bleu": 0.24, "bleu1": 16.15, "bleu2": 1.32, "bleu3": 0.02, "bleu4": 0.01, "rougeL": 0.1287, "rouge1": 0.1526, "rouge2": 0.0132, "exact_match": 0.0}, "loss": {"X_Y_COS": 1.0, "X_Y_MSEloss": 2.9790050816749217e-16, "X_Y_test_COS": 0.9186328649520874, "X_Y_test_MSEloss": 0.0004901032662019134, "X_Y_val_COS": 0.9209904074668884, "X_Y_val_MSEloss": 0.0004718507989309728}}