{"epoch": 0, "dev_acc": 33.5, "test_acc": 34.5, "test_f1": 33.910000000000004, "test_roc": 52.959999999999994}