{"train_samples": 50, "test_samples": 200, "source_model": "text-embedding-ada-002", "source_dim": 1536, "target_dim": 512, "test_results": {"bleu": 0.1, "bleu1": 14.2, "bleu2": 0.22, "bleu3": 0.01, "bleu4": 0.01, "rougeL": 0.0466, "rouge1": 0.0519, "rouge2": 0.0028, "exact_match": 0.0}, "loss": {"X_Y_COS": 1.0, "X_Y_MSEloss": 3.418732241744493e-10, "X_Y_test_COS": 0.8282955884933472, "X_Y_test_MSEloss": 0.001569794025272131, "X_Y_val_COS": 0.8308852910995483, "X_Y_val_MSEloss": 0.0015397786628454924}}