{"train_samples": 3, "test_samples": 200, "source_model": "intfloat/multilingual-e5-base", "source_dim": 768, "target_dim": 512, "test_results": {"bleu": 0.22, "bleu1": 14.56, "bleu2": 0.77, "bleu3": 0.02, "bleu4": 0.01, "rougeL": 0.0981, "rouge1": 0.1216, "rouge2": 0.0075, "exact_match": 0.0}, "loss": {"X_Y_COS": 1.0, "X_Y_MSEloss": 3.20092559627318e-16, "X_Y_test_COS": 0.8849127292633057, "X_Y_test_MSEloss": 0.00042666649096645415, "X_Y_val_COS": 0.884852409362793, "X_Y_val_MSEloss": 0.0004269318887963891}}