{"train_samples": 10, "test_samples": 200, "source_model": "sentence-transformers/gtr-t5-base", "source_dim": 768, "target_dim": 512, "test_results": {"bleu": 0.13, "bleu1": 16.05, "bleu2": 0.19, "bleu3": 0.01, "bleu4": 0.01, "rougeL": 0.1036, "rouge1": 0.1306, "rouge2": 0.0036, "exact_match": 0.0}, "loss": {"X_Y_COS": 1.0, "X_Y_MSEloss": 3.825288140073106e-16, "X_Y_test_COS": 0.9043124914169312, "X_Y_test_MSEloss": 0.0003787916211877018, "X_Y_val_COS": 0.9027214646339417, "X_Y_val_MSEloss": 0.0003893386456184089}}