{"train_samples": 1, "test_samples": 200, "source_model": "google/mt5-base", "source_dim": 768, "target_dim": 512, "test_results": {"bleu": 0.04, "bleu1": 14.4, "bleu2": 0.02, "bleu3": 0.01, "bleu4": 0.01, "rougeL": 0.0004, "rouge1": 0.0004, "rouge2": 0.0, "exact_match": 0.0}, "loss": {"X_Y_COS": 1.0, "X_Y_MSEloss": 6.134627650159798e-16, "X_Y_test_COS": 0.7834284901618958, "X_Y_test_MSEloss": 0.0011808400740846992, "X_Y_val_COS": 0.7873292565345764, "X_Y_val_MSEloss": 0.0012408099137246609}}