{"train_samples": 100, "test_samples": 200, "source_model": "google-bert/bert-base-multilingual-cased", "source_dim": 768, "target_dim": 512, "test_results": {"bleu": 0.1, "bleu1": 9.87, "bleu2": 0.13, "bleu3": 0.01, "bleu4": 0.01, "rougeL": 0.008, "rouge1": 0.008, "rouge2": 0.0, "exact_match": 0.0}, "loss": {"X_Y_COS": 1.0, "X_Y_MSEloss": 7.48307249498481e-11, "X_Y_test_COS": 0.8877786993980408, "X_Y_test_MSEloss": 0.0004254610976204276, "X_Y_val_COS": 0.8853470683097839, "X_Y_val_MSEloss": 0.0004365303320810199}}