{"train_samples": 30, "test_samples": 200, "source_model": "text-embedding-3-large", "source_dim": 3072, "target_dim": 512, "test_results": {"bleu": 0.07, "bleu1": 9.79, "bleu2": 0.03, "bleu3": 0.01, "bleu4": 0.01, "rougeL": 0.0034, "rouge1": 0.0034, "rouge2": 0.0, "exact_match": 0.0}, "loss": {"X_Y_COS": 1.0, "X_Y_MSEloss": 3.3513049140529525e-16, "X_Y_test_COS": 0.8957843780517578, "X_Y_test_MSEloss": 0.0005083837895654142, "X_Y_val_COS": 0.8989264965057373, "X_Y_val_MSEloss": 0.00048726520617492497}}