{"train_samples": 1000, "test_samples": 200, "source_model": "google-t5/t5-base", "source_dim": 768, "target_dim": 512, "test_results": {"bleu": 0.9, "bleu1": 15.76, "bleu2": 1.68, "bleu3": 0.27, "bleu4": 0.11, "rougeL": 0.1138, "rouge1": 0.1294, "rouge2": 0.0129, "exact_match": 0.0}, "loss": {"X_Y_COS": 0.9003074765205383, "X_Y_MSEloss": 0.00048104501911439, "X_Y_test_COS": -0.034097399562597275, "X_Y_test_MSEloss": 0.008233943022787571, "X_Y_val_COS": 0.001665253657847643, "X_Y_val_MSEloss": 0.007693037856370211}}