{"train_samples": 500, "test_samples": 200, "source_model": "sentence-transformers/gtr-t5-base", "source_dim": 768, "target_dim": 512, "test_results": {"bleu": 2.22, "bleu1": 20.81, "bleu2": 2.65, "bleu3": 0.93, "bleu4": 0.72, "rougeL": 0.1373, "rouge1": 0.1753, "rouge2": 0.0293, "exact_match": 0.0}, "loss": {"X_Y_COS": 0.9987258315086365, "X_Y_MSEloss": 1.1156686014146544e-05, "X_Y_test_COS": 0.67828369140625, "X_Y_test_MSEloss": 0.0032102724071592093, "X_Y_val_COS": 0.6807273030281067, "X_Y_val_MSEloss": 0.0032080495730042458}}