{"train_samples": 100, "test_samples": 200, "source_model": "google-t5/t5-base", "source_dim": 768, "target_dim": 512, "test_results": {"bleu": 0.1, "bleu1": 13.88, "bleu2": 0.12, "bleu3": 0.02, "bleu4": 0.01, "rougeL": 0.0139, "rouge1": 0.0142, "rouge2": 0.0, "exact_match": 0.0}, "loss": {"X_Y_COS": 1.0, "X_Y_MSEloss": 1.038407762554705e-10, "X_Y_test_COS": 0.9088259935379028, "X_Y_test_MSEloss": 0.0005208536167629063, "X_Y_val_COS": 0.9076359272003174, "X_Y_val_MSEloss": 0.000546277326066047}}