{"train_samples": 100, "test_samples": 200, "source_model": "google-t5/t5-base", "source_dim": 768, "target_dim": 512, "test_results": {"bleu": 3.74, "bleu1": 27.41, "bleu2": 5.36, "bleu3": 1.89, "bleu4": 0.99, "rougeL": 0.1923, "rouge1": 0.2467, "rouge2": 0.0543, "exact_match": 0.0}, "loss": {"X_Y_COS": 1.0, "X_Y_MSEloss": 6.81170675420617e-11, "X_Y_test_COS": 0.8991032242774963, "X_Y_test_MSEloss": 0.0003779410617426038, "X_Y_val_COS": 0.9007925987243652, "X_Y_val_MSEloss": 0.00037198024801909924}}