{"train_samples": 20, "test_samples": 200, "source_model": "google/mt5-base", "source_dim": 768, "target_dim": 512, "test_results": {"bleu": 0.14, "bleu1": 17.14, "bleu2": 0.52, "bleu3": 0.02, "bleu4": 0.01, "rougeL": 0.0624, "rouge1": 0.0695, "rouge2": 0.0028, "exact_match": 0.0}, "loss": {"X_Y_COS": 1.0, "X_Y_MSEloss": 7.420991176166486e-14, "X_Y_test_COS": 0.8900725245475769, "X_Y_test_MSEloss": 0.0004051694995723665, "X_Y_val_COS": 0.8845400214195251, "X_Y_val_MSEloss": 0.0004257792024873197}}