{"train_samples": 500, "test_samples": 200, "source_model": "intfloat/multilingual-e5-base", "source_dim": 768, "target_dim": 512, "test_results": {"bleu": 0.11, "bleu1": 9.43, "bleu2": 0.05, "bleu3": 0.02, "bleu4": 0.01, "rougeL": 0.0068, "rouge1": 0.0068, "rouge2": 0.0, "exact_match": 0.0}, "loss": {"X_Y_COS": 0.9733656048774719, "X_Y_MSEloss": 0.00010341458983020857, "X_Y_test_COS": 0.8910070657730103, "X_Y_test_MSEloss": 0.00041686499025672674, "X_Y_val_COS": 0.889799177646637, "X_Y_val_MSEloss": 0.00042151694651693106}}