{"train_samples": 1000, "test_samples": 200, "source_model": "sentence-transformers/gtr-t5-base", "source_dim": 768, "target_dim": 512, "test_results": {"bleu": 1.11, "bleu1": 9.69, "bleu2": 1.29, "bleu3": 0.59, "bleu4": 0.24, "rougeL": 0.046, "rouge1": 0.0525, "rouge2": 0.003, "exact_match": 0.0}, "loss": {"X_Y_COS": 0.9602841138839722, "X_Y_MSEloss": 0.0002656217257026583, "X_Y_test_COS": 0.3075026869773865, "X_Y_test_MSEloss": 0.004975466523319483, "X_Y_val_COS": 0.2522412836551666, "X_Y_val_MSEloss": 0.0047236657701432705}}