{"train_samples": 10, "test_samples": 200, "source_model": "google-bert/bert-base-multilingual-cased", "source_dim": 768, "target_dim": 512, "test_results": {"bleu": 9.83, "bleu1": 23.96, "bleu2": 8.68, "bleu3": 7.22, "bleu4": 6.64, "rougeL": 0.1799, "rouge1": 0.2066, "rouge2": 0.0838, "exact_match": 0.0}, "loss": {"X_Y_COS": 1.0, "X_Y_MSEloss": 8.076368906984044e-09, "X_Y_test_COS": 0.9032037854194641, "X_Y_test_MSEloss": 0.0003650326107162982, "X_Y_val_COS": 0.9064972996711731, "X_Y_val_MSEloss": 0.00035639890120364726, "reg_lambda": 0.001}}