{"train_samples": 100, "test_samples": 200, "source_model": "google/flan-t5-base", "source_dim": 768, "target_dim": 512, "test_results": {"bleu": 3.64, "bleu1": 26.51, "bleu2": 4.86, "bleu3": 1.78, "bleu4": 0.88, "rougeL": 0.1807, "rouge1": 0.2359, "rouge2": 0.0466, "exact_match": 0.0}, "loss": {"X_Y_COS": 1.0, "X_Y_MSEloss": 1.0204459673091026e-11, "X_Y_test_COS": 0.8634636998176575, "X_Y_test_MSEloss": 0.0005048270686529577, "X_Y_val_COS": 0.8582727909088135, "X_Y_val_MSEloss": 0.0005240697064436972}}