{"train_samples": 100, "test_samples": 200, "source_model": "sentence-transformers/all-MiniLM-L6-v2", "source_dim": 384, "target_dim": 512, "test_results": {"bleu": 0.15, "bleu1": 14.43, "bleu2": 0.78, "bleu3": 0.01, "bleu4": 0.01, "rougeL": 0.0754, "rouge1": 0.0917, "rouge2": 0.0087, "exact_match": 0.0}, "loss": {"X_Y_COS": 1.0, "X_Y_MSEloss": 3.806273415077549e-15, "X_Y_test_COS": 0.5654619336128235, "X_Y_test_MSEloss": 0.0012422099243849516, "X_Y_val_COS": 0.6078335046768188, "X_Y_val_MSEloss": 0.0011381936492398381}}