{"train_samples": 20, "test_samples": 200, "source_model": "sentence-transformers/all-MiniLM-L6-v2", "source_dim": 384, "target_dim": 512, "test_results": {"bleu": 0.21, "bleu1": 10.19, "bleu2": 0.15, "bleu3": 0.06, "bleu4": 0.03, "rougeL": 0.0101, "rouge1": 0.0101, "rouge2": 0.0, "exact_match": 0.0}, "loss": {"X_Y_COS": 1.0, "X_Y_MSEloss": 4.16166609925147e-16, "X_Y_test_COS": 0.8897802829742432, "X_Y_test_MSEloss": 0.0004650263872463256, "X_Y_val_COS": 0.8885871767997742, "X_Y_val_MSEloss": 0.0004757424467243254}}