{"train_samples": 100, "test_samples": 200, "source_model": "google-bert/bert-base-multilingual-cased", "source_dim": 768, "target_dim": 512, "test_results": {"bleu": 0.45, "bleu1": 15.67, "bleu2": 0.81, "bleu3": 0.16, "bleu4": 0.1, "rougeL": 0.0474, "rouge1": 0.0507, "rouge2": 0.0022, "exact_match": 0.0}, "loss": {"X_Y_COS": 0.9999998211860657, "X_Y_MSEloss": 5.618657983319508e-09, "X_Y_test_COS": 0.9018473625183105, "X_Y_test_MSEloss": 0.0010072148870676756, "X_Y_val_COS": 0.9014425277709961, "X_Y_val_MSEloss": 0.0010415479773655534}}