{"train_samples": 500, "test_samples": 200, "source_model": "text-embedding-3-large", "source_dim": 3072, "target_dim": 512, "test_results": {"bleu": 0.18, "bleu1": 9.16, "bleu2": 0.16, "bleu3": 0.03, "bleu4": 0.02, "rougeL": 0.1958, "rouge1": 0.261, "rouge2": 0.0242, "exact_match": 0.0}, "loss": {"X_Y_COS": 0.9999998211860657, "X_Y_MSEloss": 9.47206868495698e-10, "X_Y_test_COS": 0.8700031638145447, "X_Y_test_MSEloss": 0.0004943417152389884, "X_Y_val_COS": 0.8681949377059937, "X_Y_val_MSEloss": 0.0005023926496505737}}