{"train_samples": 8000, "test_samples": 200, "source_model": "sentence-transformers/all-MiniLM-L6-v2", "source_dim": 384, "target_dim": 512, "test_results": {"bleu": 0.15, "bleu1": 13.41, "bleu2": 0.3, "bleu3": 0.02, "bleu4": 0.01, "rougeL": 0.0696, "rouge1": 0.0817, "rouge2": 0.0076, "exact_match": 0.0}, "loss": {"X_Y_COS": 0.9209251403808594, "X_Y_MSEloss": 0.00031410009250976145, "X_Y_test_COS": 0.916560173034668, "X_Y_test_MSEloss": 0.00033023691503331065, "X_Y_val_COS": 0.9129095077514648, "X_Y_val_MSEloss": 0.0003437785489950329}}