{"train_samples": 3, "test_samples": 200, "source_model": "google/flan-t5-base", "source_dim": 768, "target_dim": 512, "test_results": {"bleu": 0.14, "bleu1": 8.97, "bleu2": 0.12, "bleu3": 0.03, "bleu4": 0.02, "rougeL": 0.0094, "rouge1": 0.0094, "rouge2": 0.0, "exact_match": 0.0}, "loss": {"X_Y_COS": 1.0, "X_Y_MSEloss": 3.129792563456152e-16, "X_Y_test_COS": 0.869349479675293, "X_Y_test_MSEloss": 0.0005138340056873858, "X_Y_val_COS": 0.869821310043335, "X_Y_val_MSEloss": 0.0005134042003192008}}