{"train_samples": 1000, "test_samples": 200, "source_model": "intfloat/multilingual-e5-base", "source_dim": 768, "target_dim": 512, "test_results": {"bleu": 0.23, "bleu1": 11.53, "bleu2": 0.2, "bleu3": 0.09, "bleu4": 0.02, "rougeL": 0.0137, "rouge1": 0.0137, "rouge2": 0.0003, "exact_match": 0.0}, "loss": {"X_Y_COS": 0.9619811773300171, "X_Y_MSEloss": 0.0001461276988266036, "X_Y_test_COS": 0.9060686826705933, "X_Y_test_MSEloss": 0.0003573114227037877, "X_Y_val_COS": 0.9058347940444946, "X_Y_val_MSEloss": 0.0003580456832423806}}