{"epoch": 1, "dev_acc": 71.0, "test_acc": 75.5, "test_f1": 71.00999999999999, "test_roc": 82.63000000000001}