{"train_samples": 500, "test_samples": 200, "source_model": "intfloat/multilingual-e5-base", "source_dim": 768, "target_dim": 512, "test_results": {"bleu": 25.53, "bleu1": 43.28, "bleu2": 26.03, "bleu3": 21.79, "bleu4": 19.88, "rougeL": 0.379, "rouge1": 0.4299, "rouge2": 0.2628, "exact_match": 0.0}, "loss": {"X_Y_COS": 0.9819620847702026, "X_Y_MSEloss": 0.00015322939725592732, "X_Y_test_COS": 0.8957159519195557, "X_Y_test_MSEloss": 0.0009352619526907802, "X_Y_val_COS": 0.8907133936882019, "X_Y_val_MSEloss": 0.0009650486754253507}}