{"train_samples": 5, "test_samples": 200, "source_model": "text-embedding-3-large", "source_dim": 3072, "target_dim": 512, "test_results": {"bleu": 0.09, "bleu1": 8.18, "bleu2": 0.12, "bleu3": 0.02, "bleu4": 0.01, "rougeL": 0.0216, "rouge1": 0.0223, "rouge2": 0.0018, "exact_match": 0.0}, "loss": {"X_Y_COS": 1.0, "X_Y_MSEloss": 3.4016226945263574e-15, "X_Y_test_COS": 0.8956373333930969, "X_Y_test_MSEloss": 0.0010963274398818612, "X_Y_val_COS": 0.8899179100990295, "X_Y_val_MSEloss": 0.0011565207969397306}}