{"train_samples": 10, "test_samples": 200, "source_model": "sentence-transformers/gtr-t5-base", "source_dim": 768, "target_dim": 512, "test_results": {"bleu": 0.4, "bleu1": 19.06, "bleu2": 1.15, "bleu3": 0.11, "bleu4": 0.01, "rougeL": 0.1228, "rouge1": 0.1536, "rouge2": 0.0119, "exact_match": 0.0}, "loss": {"X_Y_COS": 1.0, "X_Y_MSEloss": 3.4291893288551894e-16, "X_Y_test_COS": 0.8889825940132141, "X_Y_test_MSEloss": 0.000635286676697433, "X_Y_val_COS": 0.8919117450714111, "X_Y_val_MSEloss": 0.0006452392553910613}}