{"train_samples": 1, "test_samples": 200, "source_model": "text-embedding-ada-002", "source_dim": 1536, "target_dim": 512, "test_results": {"bleu": 0.28, "bleu1": 10.29, "bleu2": 1.0, "bleu3": 0.06, "bleu4": 0.03, "rougeL": 0.0927, "rouge1": 0.1023, "rouge2": 0.0111, "exact_match": 0.0}, "loss": {"X_Y_COS": 1.0, "X_Y_MSEloss": 1.8236421261974556e-09, "X_Y_test_COS": 0.8354779481887817, "X_Y_test_MSEloss": 0.0006243007956072688, "X_Y_val_COS": 0.837470293045044, "X_Y_val_MSEloss": 0.0006200234056450427, "reg_lambda": 0.001}}