{"train_samples": 1000, "test_samples": 200, "source_model": "google-bert/bert-base-multilingual-cased", "source_dim": 768, "target_dim": 512, "test_results": {"bleu": 0.6, "bleu1": 15.49, "bleu2": 1.39, "bleu3": 0.14, "bleu4": 0.06, "rougeL": 0.1125, "rouge1": 0.1275, "rouge2": 0.0091, "exact_match": 0.0}, "loss": {"X_Y_COS": 0.9041000008583069, "X_Y_MSEloss": 0.00046731223119422793, "X_Y_test_COS": -0.056329287588596344, "X_Y_test_MSEloss": 0.008391565643250942, "X_Y_val_COS": 0.001421887893229723, "X_Y_val_MSEloss": 0.008117404766380787}}