{"train_samples": 1000, "test_samples": 200, "source_model": "google/mt5-base", "source_dim": 768, "target_dim": 512, "test_results": {"bleu": 0.45, "bleu1": 14.76, "bleu2": 1.39, "bleu3": 0.08, "bleu4": 0.03, "rougeL": 0.1055, "rouge1": 0.1195, "rouge2": 0.0093, "exact_match": 0.0}, "loss": {"X_Y_COS": 0.902653157711029, "X_Y_MSEloss": 0.0004557333013508469, "X_Y_test_COS": 0.004712467081844807, "X_Y_test_MSEloss": 0.007146323565393686, "X_Y_val_COS": 0.029090024530887604, "X_Y_val_MSEloss": 0.00722914282232523}}