{"train_samples": 1000, "test_samples": 200, "source_model": "google-t5/t5-base", "source_dim": 768, "target_dim": 512, "test_results": {"bleu": 0.13, "bleu1": 14.99, "bleu2": 0.17, "bleu3": 0.02, "bleu4": 0.01, "rougeL": 0.0554, "rouge1": 0.0618, "rouge2": 0.001, "exact_match": 0.0}, "loss": {"X_Y_COS": 0.961974561214447, "X_Y_MSEloss": 0.00014658627333119512, "X_Y_test_COS": 0.8959906101226807, "X_Y_test_MSEloss": 0.0003974020655732602, "X_Y_val_COS": 0.8964031934738159, "X_Y_val_MSEloss": 0.0003964681818615645}}