{"train_samples": 100, "test_samples": 200, "source_model": "text-embedding-ada-002", "source_dim": 1536, "target_dim": 512, "test_results": {"bleu": 0.22, "bleu1": 17.21, "bleu2": 0.98, "bleu3": 0.03, "bleu4": 0.02, "rougeL": 0.0629, "rouge1": 0.0723, "rouge2": 0.0079, "exact_match": 0.0}, "loss": {"X_Y_COS": 1.0, "X_Y_MSEloss": 4.457462871032547e-11, "X_Y_test_COS": 0.8720290064811707, "X_Y_test_MSEloss": 0.00047117238864302635, "X_Y_val_COS": 0.8719985485076904, "X_Y_val_MSEloss": 0.0004717653791885823}}