{"train_samples": 20, "test_samples": 200, "source_model": "google/flan-t5-base", "source_dim": 768, "target_dim": 512, "test_results": {"bleu": 0.19, "bleu1": 15.58, "bleu2": 0.95, "bleu3": 0.02, "bleu4": 0.01, "rougeL": 0.1206, "rouge1": 0.1601, "rouge2": 0.0101, "exact_match": 0.0}, "loss": {"X_Y_COS": 1.0, "X_Y_MSEloss": 1.5781609352671921e-10, "X_Y_test_COS": 0.9083480834960938, "X_Y_test_MSEloss": 0.0006306531722657382, "X_Y_val_COS": 0.9107160568237305, "X_Y_val_MSEloss": 0.000598450715187937}}