{"train_samples": 1000, "test_samples": 200, "source_model": "google-t5/t5-base", "source_dim": 768, "target_dim": 512, "test_results": {"bleu": 0.41, "bleu1": 17.62, "bleu2": 0.98, "bleu3": 0.09, "bleu4": 0.02, "rougeL": 0.1211, "rouge1": 0.147, "rouge2": 0.0116, "exact_match": 0.0}, "loss": {"X_Y_COS": 0.9842225313186646, "X_Y_MSEloss": 6.31822767900303e-05, "X_Y_test_COS": 0.7636626362800598, "X_Y_test_MSEloss": 0.001114208367653191, "X_Y_val_COS": 0.7577670216560364, "X_Y_val_MSEloss": 0.0011343571823090315}}