{"train_samples": 50, "test_samples": 200, "source_model": "google/flan-t5-base", "source_dim": 768, "target_dim": 512, "test_results": {"bleu": 0.3, "bleu1": 14.84, "bleu2": 0.74, "bleu3": 0.08, "bleu4": 0.02, "rougeL": 0.0601, "rouge1": 0.0715, "rouge2": 0.0036, "exact_match": 0.0}, "loss": {"X_Y_COS": 1.0, "X_Y_MSEloss": 1.1333051806576046e-14, "X_Y_test_COS": 0.9109514355659485, "X_Y_test_MSEloss": 0.0006052067037671804, "X_Y_val_COS": 0.9077004790306091, "X_Y_val_MSEloss": 0.0006448221392929554}}