{"train_samples": 3, "test_samples": 200, "source_model": "google-t5/t5-base", "source_dim": 768, "target_dim": 512, "test_results": {"bleu": 0.2, "bleu1": 15.36, "bleu2": 0.7, "bleu3": 0.02, "bleu4": 0.01, "rougeL": 0.0982, "rouge1": 0.1136, "rouge2": 0.0061, "exact_match": 0.0}, "loss": {"X_Y_COS": 1.0, "X_Y_MSEloss": 5.029103540809534e-16, "X_Y_test_COS": 0.8547071814537048, "X_Y_test_MSEloss": 0.0005291884299367666, "X_Y_val_COS": 0.8562657833099365, "X_Y_val_MSEloss": 0.0005248475936241448}}