{"train_samples": 50, "test_samples": 200, "source_model": "google-bert/bert-base-multilingual-cased", "source_dim": 768, "target_dim": 512, "test_results": {"bleu": 0.69, "bleu1": 14.84, "bleu2": 1.19, "bleu3": 0.33, "bleu4": 0.16, "rougeL": 0.071, "rouge1": 0.0843, "rouge2": 0.0105, "exact_match": 0.0}, "loss": {"X_Y_COS": 1.0, "X_Y_MSEloss": 8.54010438755548e-12, "X_Y_test_COS": 0.8959031701087952, "X_Y_test_MSEloss": 0.000747673970181495, "X_Y_val_COS": 0.8932473659515381, "X_Y_val_MSEloss": 0.00076714699389413}}