{"train_samples": 1000, "test_samples": 200, "source_model": "text-embedding-ada-002", "source_dim": 1536, "target_dim": 512, "test_results": {"bleu": 0.46, "bleu1": 15.96, "bleu2": 1.15, "bleu3": 0.11, "bleu4": 0.03, "rougeL": 0.1141, "rouge1": 0.13, "rouge2": 0.01, "exact_match": 0.0}, "loss": {"X_Y_COS": 1.0, "X_Y_MSEloss": 4.6998620273353e-12, "X_Y_test_COS": 0.00253759091719985, "X_Y_test_MSEloss": 0.005200407933443785, "X_Y_val_COS": 0.027356525883078575, "X_Y_val_MSEloss": 0.0060314880684018135}}