{"train_samples": 10, "test_samples": 200, "source_model": "google-bert/bert-base-multilingual-cased", "source_dim": 768, "target_dim": 512, "test_results": {"bleu": 0.37, "bleu1": 13.19, "bleu2": 0.6, "bleu3": 0.15, "bleu4": 0.06, "rougeL": 0.066, "rouge1": 0.0734, "rouge2": 0.005, "exact_match": 0.0}, "loss": {"X_Y_COS": 1.0, "X_Y_MSEloss": 8.843320430866435e-16, "X_Y_test_COS": 0.8913207650184631, "X_Y_test_MSEloss": 0.0007881267229095101, "X_Y_val_COS": 0.8916768431663513, "X_Y_val_MSEloss": 0.0007803012267686427}}