{"train_samples": 1000, "test_samples": 200, "source_model": "google-t5/t5-base", "source_dim": 768, "target_dim": 512, "test_results": {"bleu": 0.63, "bleu1": 15.63, "bleu2": 1.67, "bleu3": 0.24, "bleu4": 0.03, "rougeL": 0.1141, "rouge1": 0.1308, "rouge2": 0.014, "exact_match": 0.0}, "loss": {"X_Y_COS": 0.9058001637458801, "X_Y_MSEloss": 0.00045334716560319066, "X_Y_test_COS": -0.04951558634638786, "X_Y_test_MSEloss": 0.009332380257546902, "X_Y_val_COS": 0.03772756829857826, "X_Y_val_MSEloss": 0.00952056422829628}}