{"train_samples": 30, "test_samples": 200, "source_model": "google/flan-t5-base", "source_dim": 768, "target_dim": 512, "test_results": {"bleu": 0.08, "bleu1": 11.93, "bleu2": 0.04, "bleu3": 0.02, "bleu4": 0.01, "rougeL": 0.0095, "rouge1": 0.0097, "rouge2": 0.0003, "exact_match": 0.0}, "loss": {"X_Y_COS": 1.0, "X_Y_MSEloss": 4.279597035365852e-14, "X_Y_test_COS": 0.898393988609314, "X_Y_test_MSEloss": 0.0005876783397980034, "X_Y_val_COS": 0.8971537351608276, "X_Y_val_MSEloss": 0.0006163740763440728}}