{"train_samples": 30, "test_samples": 200, "source_model": "sentence-transformers/gtr-t5-base", "source_dim": 768, "target_dim": 512, "test_results": {"bleu": 0.81, "bleu1": 19.73, "bleu2": 1.72, "bleu3": 0.31, "bleu4": 0.07, "rougeL": 0.1291, "rouge1": 0.1693, "rouge2": 0.0166, "exact_match": 0.0}, "loss": {"X_Y_COS": 1.0, "X_Y_MSEloss": 8.598071039866984e-12, "X_Y_test_COS": 0.8744708895683289, "X_Y_test_MSEloss": 0.0009443156304769218, "X_Y_val_COS": 0.8759577870368958, "X_Y_val_MSEloss": 0.0009327830630354583}}