{"train_samples": 30, "test_samples": 200, "source_model": "sentence-transformers/gtr-t5-base", "source_dim": 768, "target_dim": 512, "test_results": {"bleu": 0.6, "bleu1": 19.29, "bleu2": 1.5, "bleu3": 0.2, "bleu4": 0.04, "rougeL": 0.1321, "rouge1": 0.1689, "rouge2": 0.0163, "exact_match": 0.0}, "loss": {"X_Y_COS": 1.0, "X_Y_MSEloss": 2.3532546743909198e-15, "X_Y_test_COS": 0.8806822299957275, "X_Y_test_MSEloss": 0.0004452980647329241, "X_Y_val_COS": 0.8817370533943176, "X_Y_val_MSEloss": 0.00044351856922730803}}