{"train_samples": 1, "test_samples": 200, "source_model": "text-embedding-ada-002", "source_dim": 1536, "target_dim": 512, "test_results": {"bleu": 0.16, "bleu1": 15.07, "bleu2": 0.68, "bleu3": 0.01, "bleu4": 0.01, "rougeL": 0.0985, "rouge1": 0.1104, "rouge2": 0.0079, "exact_match": 0.0}, "loss": {"X_Y_COS": 0.9999999403953552, "X_Y_MSEloss": 2.682999493148347e-13, "X_Y_test_COS": 0.6704385280609131, "X_Y_test_MSEloss": 0.002072626259177923, "X_Y_val_COS": 0.6725682616233826, "X_Y_val_MSEloss": 0.002051853109151125}}