{"train_samples": 1, "test_samples": 200, "source_model": "sentence-transformers/gtr-t5-base", "source_dim": 768, "target_dim": 512, "test_results": {"bleu": 0.28, "bleu1": 10.29, "bleu2": 1.0, "bleu3": 0.06, "bleu4": 0.03, "rougeL": 0.0927, "rouge1": 0.1023, "rouge2": 0.0111, "exact_match": 0.0}, "loss": {"X_Y_COS": 1.0, "X_Y_MSEloss": 1.6141493688337505e-05, "X_Y_test_COS": 0.8354816436767578, "X_Y_test_MSEloss": 0.0015758087392896414, "X_Y_val_COS": 0.8374738693237305, "X_Y_val_MSEloss": 0.0015816560480743647, "reg_lambda": 0.1}}