{"train_samples": 30, "test_samples": 200, "source_model": "sentence-transformers/all-MiniLM-L6-v2", "source_dim": 384, "target_dim": 512, "test_results": {"bleu": 0.05, "bleu1": 9.32, "bleu2": 0.02, "bleu3": 0.01, "bleu4": 0.01, "rougeL": 0.0142, "rouge1": 0.0148, "rouge2": 0.0, "exact_match": 0.0}, "loss": {"X_Y_COS": 1.0, "X_Y_MSEloss": 8.387492297279493e-16, "X_Y_test_COS": 0.8638627529144287, "X_Y_test_MSEloss": 0.0005339548806659877, "X_Y_val_COS": 0.8581489324569702, "X_Y_val_MSEloss": 0.000559124571736902}}