{"train_samples": 1000, "test_samples": 200, "source_model": "sentence-transformers/gtr-t5-base", "source_dim": 768, "target_dim": 512, "test_results": {"bleu": 0.12, "bleu1": 9.84, "bleu2": 0.17, "bleu3": 0.02, "bleu4": 0.01, "rougeL": 0.0653, "rouge1": 0.073, "rouge2": 0.0019, "exact_match": 0.0}, "loss": {"X_Y_COS": 0.8898366093635559, "X_Y_MSEloss": 0.0004749387735500932, "X_Y_test_COS": 0.0685582086443901, "X_Y_test_MSEloss": 0.008548647165298462, "X_Y_val_COS": 0.07041388005018234, "X_Y_val_MSEloss": 0.007130791898816824}}