{"train_samples": 30, "test_samples": 200, "source_model": "text-embedding-ada-002", "source_dim": 1536, "target_dim": 512, "test_results": {"bleu": 0.11, "bleu1": 14.01, "bleu2": 0.29, "bleu3": 0.01, "bleu4": 0.01, "rougeL": 0.0447, "rouge1": 0.0491, "rouge2": 0.0021, "exact_match": 0.0}, "loss": {"X_Y_COS": 1.0, "X_Y_MSEloss": 7.257579259789537e-11, "X_Y_test_COS": 0.8379180431365967, "X_Y_test_MSEloss": 0.0014639152213931084, "X_Y_val_COS": 0.8435243964195251, "X_Y_val_MSEloss": 0.0014057999942451715}}