{"train_samples": 5, "test_samples": 200, "source_model": "text-embedding-3-large", "source_dim": 3072, "target_dim": 512, "test_results": {"bleu": 0.32, "bleu1": 15.81, "bleu2": 0.59, "bleu3": 0.15, "bleu4": 0.08, "rougeL": 0.0309, "rouge1": 0.0345, "rouge2": 0.0014, "exact_match": 0.0}, "loss": {"X_Y_COS": 1.0000001192092896, "X_Y_MSEloss": 1.4439094307345016e-15, "X_Y_test_COS": 0.8343084454536438, "X_Y_test_MSEloss": 0.002612523967400193, "X_Y_val_COS": 0.8426169753074646, "X_Y_val_MSEloss": 0.0026678794529289007}}