{"train_samples": 5, "test_samples": 200, "source_model": "text-embedding-3-large", "source_dim": 3072, "target_dim": 512, "test_results": {"bleu": 0.15, "bleu1": 16.25, "bleu2": 0.59, "bleu3": 0.01, "bleu4": 0.01, "rougeL": 0.0987, "rouge1": 0.1188, "rouge2": 0.0061, "exact_match": 0.0}, "loss": {"X_Y_COS": 1.0, "X_Y_MSEloss": 1.825117640967704e-16, "X_Y_test_COS": 0.8583683371543884, "X_Y_test_MSEloss": 0.0013662719866260886, "X_Y_val_COS": 0.8475649952888489, "X_Y_val_MSEloss": 0.0013533007586374879}}