{"train_samples": 20, "test_samples": 200, "source_model": "text-embedding-ada-002", "source_dim": 1536, "target_dim": 512, "test_results": {"bleu": 0.3, "bleu1": 12.39, "bleu2": 0.42, "bleu3": 0.06, "bleu4": 0.03, "rougeL": 0.0541, "rouge1": 0.0612, "rouge2": 0.0053, "exact_match": 0.0}, "loss": {"X_Y_COS": 1.0, "X_Y_MSEloss": 1.1276796113384151e-14, "X_Y_test_COS": 0.8796713352203369, "X_Y_test_MSEloss": 0.0004415610746946186, "X_Y_val_COS": 0.8730747103691101, "X_Y_val_MSEloss": 0.00046375885722227395}}