{"train_samples": 40, "test_samples": 200, "source_model": "sentence-transformers/all-MiniLM-L6-v2", "source_dim": 384, "target_dim": 512, "test_results": {"bleu": 0.49, "bleu1": 18.54, "bleu2": 0.92, "bleu3": 0.1, "bleu4": 0.05, "rougeL": 0.0959, "rouge1": 0.1278, "rouge2": 0.0127, "exact_match": 0.0}, "loss": {"X_Y_COS": 1.0, "X_Y_MSEloss": 6.484991711484106e-16, "X_Y_test_COS": 0.8045284748077393, "X_Y_test_MSEloss": 0.0007400702452287078, "X_Y_val_COS": 0.7812274098396301, "X_Y_val_MSEloss": 0.0007838505553081632}}