{"train_samples": 30, "test_samples": 200, "source_model": "intfloat/multilingual-e5-base", "source_dim": 768, "target_dim": 512, "test_results": {"bleu": 0.65, "bleu1": 19.98, "bleu2": 2.29, "bleu3": 0.37, "bleu4": 0.02, "rougeL": 0.1343, "rouge1": 0.172, "rouge2": 0.0239, "exact_match": 0.0}, "loss": {"X_Y_COS": 1.0, "X_Y_MSEloss": 2.859737457689554e-13, "X_Y_test_COS": 0.8874508738517761, "X_Y_test_MSEloss": 0.0004154061898589134, "X_Y_val_COS": 0.8866305351257324, "X_Y_val_MSEloss": 0.0004180830728728324}}