{"train_samples": 500, "test_samples": 200, "source_model": "google/mt5-base", "source_dim": 768, "target_dim": 512, "test_results": {"bleu": 1.2, "bleu1": 22.15, "bleu2": 2.45, "bleu3": 0.4, "bleu4": 0.12, "rougeL": 0.1406, "rouge1": 0.186, "rouge2": 0.0239, "exact_match": 0.0}, "loss": {"X_Y_COS": 0.9776521325111389, "X_Y_MSEloss": 0.0001733248500386253, "X_Y_test_COS": 0.9035239219665527, "X_Y_test_MSEloss": 0.0007372972322627902, "X_Y_val_COS": 0.9056015014648438, "X_Y_val_MSEloss": 0.0007250161725096405}}