{"train_samples": 1000, "test_samples": 200, "source_model": "google/mt5-base", "source_dim": 768, "target_dim": 512, "test_results": {"bleu": 0.32, "bleu1": 11.48, "bleu2": 0.3, "bleu3": 0.1, "bleu4": 0.03, "rougeL": 0.0755, "rouge1": 0.0857, "rouge2": 0.0021, "exact_match": 0.0}, "loss": {"X_Y_COS": 0.9695152044296265, "X_Y_MSEloss": 0.0001858697651186958, "X_Y_test_COS": 0.240748330950737, "X_Y_test_MSEloss": 0.004059113096445799, "X_Y_val_COS": 0.4017677307128906, "X_Y_val_MSEloss": 0.003485331777483225}}