{"train_samples": 20, "test_samples": 200, "source_model": "google-bert/bert-base-multilingual-cased", "source_dim": 768, "target_dim": 512, "test_results": {"bleu": 0.17, "bleu1": 19.19, "bleu2": 0.58, "bleu3": 0.01, "bleu4": 0.01, "rougeL": 0.1099, "rouge1": 0.1348, "rouge2": 0.0051, "exact_match": 0.0}, "loss": {"X_Y_COS": 1.0, "X_Y_MSEloss": 2.5171254800149994e-15, "X_Y_test_COS": 0.8303850293159485, "X_Y_test_MSEloss": 0.0006089702947065234, "X_Y_val_COS": 0.8339800834655762, "X_Y_val_MSEloss": 0.0005988101474940777}}