{"train_samples": 6000, "test_samples": 200, "source_model": "sentence-transformers/all-MiniLM-L6-v2", "source_dim": 384, "target_dim": 512, "test_results": {"bleu": 0.23, "bleu1": 16.36, "bleu2": 1.05, "bleu3": 0.02, "bleu4": 0.01, "rougeL": 0.1392, "rouge1": 0.1577, "rouge2": 0.0105, "exact_match": 0.0}, "loss": {"X_Y_COS": 0.9396912455558777, "X_Y_MSEloss": 0.00023958703968673944, "X_Y_test_COS": 0.9307843446731567, "X_Y_test_MSEloss": 0.0002730808628257364, "X_Y_val_COS": 0.9339808225631714, "X_Y_val_MSEloss": 0.00026176919345743954}}