{"train_samples": 20, "test_samples": 200, "source_model": "sentence-transformers/all-MiniLM-L6-v2", "source_dim": 384, "target_dim": 512, "test_results": {"bleu": 0.17, "bleu1": 19.51, "bleu2": 0.53, "bleu3": 0.01, "bleu4": 0.01, "rougeL": 0.1115, "rouge1": 0.1337, "rouge2": 0.0046, "exact_match": 0.0}, "loss": {"X_Y_COS": 1.0, "X_Y_MSEloss": 5.893575308261025e-16, "X_Y_test_COS": 0.8193839192390442, "X_Y_test_MSEloss": 0.0006669127615168691, "X_Y_val_COS": 0.823069155216217, "X_Y_val_MSEloss": 0.0006573733408004045}}