{"train_samples": 30, "test_samples": 200, "source_model": "text-embedding-ada-002", "source_dim": 1536, "target_dim": 512, "test_results": {"bleu": 0.07, "bleu1": 6.71, "bleu2": 0.03, "bleu3": 0.02, "bleu4": 0.01, "rougeL": 0.0533, "rouge1": 0.0579, "rouge2": 0.0005, "exact_match": 0.0}, "loss": {"X_Y_COS": 1.0, "X_Y_MSEloss": 6.169116606447034e-11, "X_Y_test_COS": 0.8349213004112244, "X_Y_test_MSEloss": 0.001242130994796753, "X_Y_val_COS": 0.8281843662261963, "X_Y_val_MSEloss": 0.0013295438839122653}}