{"train_samples": 50, "test_samples": 200, "source_model": "text-embedding-3-large", "source_dim": 3072, "target_dim": 512, "test_results": {"bleu": 0.38, "bleu1": 15.25, "bleu2": 1.04, "bleu3": 0.08, "bleu4": 0.03, "rougeL": 0.0869, "rouge1": 0.096, "rouge2": 0.0087, "exact_match": 0.0}, "loss": {"X_Y_COS": 1.0, "X_Y_MSEloss": 1.5764666988480106e-15, "X_Y_test_COS": 0.8465245366096497, "X_Y_test_MSEloss": 0.0006274916813708842, "X_Y_val_COS": 0.8525959849357605, "X_Y_val_MSEloss": 0.0006252181483432651}}