{"train_samples": 40, "test_samples": 200, "source_model": "sentence-transformers/all-MiniLM-L6-v2", "source_dim": 384, "target_dim": 512, "test_results": {"bleu": 0.14, "bleu1": 11.96, "bleu2": 0.09, "bleu3": 0.03, "bleu4": 0.02, "rougeL": 0.0235, "rouge1": 0.0249, "rouge2": 0.0, "exact_match": 0.0}, "loss": {"X_Y_COS": 1.0, "X_Y_MSEloss": 3.547021617394952e-15, "X_Y_test_COS": 0.8675559759140015, "X_Y_test_MSEloss": 0.0005120104760862887, "X_Y_val_COS": 0.8598870038986206, "X_Y_val_MSEloss": 0.0005455614300444722}}