{"train_samples": 40, "test_samples": 200, "source_model": "sentence-transformers/gtr-t5-base", "source_dim": 768, "target_dim": 512, "test_results": {"bleu": 0.39, "bleu1": 16.59, "bleu2": 0.83, "bleu3": 0.06, "bleu4": 0.03, "rougeL": 0.122, "rouge1": 0.1603, "rouge2": 0.0086, "exact_match": 0.0}, "loss": {"X_Y_COS": 1.0, "X_Y_MSEloss": 7.539430946148108e-15, "X_Y_test_COS": 0.9248255491256714, "X_Y_test_MSEloss": 0.00028966538957320154, "X_Y_val_COS": 0.9261064529418945, "X_Y_val_MSEloss": 0.0002866242139134556}}