{"train_samples": 40, "test_samples": 200, "source_model": "sentence-transformers/gtr-t5-base", "source_dim": 768, "target_dim": 512, "test_results": {"bleu": 0.4, "bleu1": 16.21, "bleu2": 1.07, "bleu3": 0.07, "bleu4": 0.03, "rougeL": 0.1238, "rouge1": 0.1633, "rouge2": 0.0105, "exact_match": 0.0}, "loss": {"X_Y_COS": 1.0, "X_Y_MSEloss": 3.7153905914854256e-15, "X_Y_test_COS": 0.9243853688240051, "X_Y_test_MSEloss": 0.000541147543117404, "X_Y_val_COS": 0.9266586899757385, "X_Y_val_MSEloss": 0.0005347577389329672}}