{"train_samples": 3, "test_samples": 200, "source_model": "random", "source_dim": 768, "target_dim": 512, "test_results": {"bleu": 0.17, "bleu1": 13.62, "bleu2": 0.91, "bleu3": 0.01, "bleu4": 0.01, "rougeL": 0.126, "rouge1": 0.1372, "rouge2": 0.0065, "exact_match": 0.0}, "loss": {"X_Y_COS": 1.0, "X_Y_MSEloss": 3.1564606017070657e-16, "X_Y_test_COS": -0.046466946601867676, "X_Y_test_MSEloss": 0.0019656599033623934, "X_Y_val_COS": -0.02910049818456173, "X_Y_val_MSEloss": 0.0019697111565619707}}