{"train_samples": 100, "test_samples": 200, "source_model": "sentence-transformers/gtr-t5-base", "source_dim": 768, "target_dim": 512, "test_results": {"bleu": 0.07, "bleu1": 7.52, "bleu2": 0.04, "bleu3": 0.02, "bleu4": 0.01, "rougeL": 0.0127, "rouge1": 0.0127, "rouge2": 0.0, "exact_match": 0.0}, "loss": {"X_Y_COS": 1.0, "X_Y_MSEloss": 1.8641239662997577e-09, "X_Y_test_COS": 0.854297935962677, "X_Y_test_MSEloss": 0.001205108012072742, "X_Y_val_COS": 0.8477252125740051, "X_Y_val_MSEloss": 0.0012738381046801805}}