{"train_samples": 1000, "test_samples": 200, "source_model": "google/flan-t5-base", "source_dim": 768, "target_dim": 512, "test_results": {"bleu": 0.6, "bleu1": 20.38, "bleu2": 1.18, "bleu3": 0.19, "bleu4": 0.08, "rougeL": 0.1135, "rouge1": 0.1381, "rouge2": 0.0044, "exact_match": 0.0}, "loss": {"X_Y_COS": 0.9782256484031677, "X_Y_MSEloss": 0.0001163508350146003, "X_Y_test_COS": 0.9331563115119934, "X_Y_test_MSEloss": 0.00036096631083637476, "X_Y_val_COS": 0.931873619556427, "X_Y_val_MSEloss": 0.00036075033131055534}}