{"train_samples": 20, "test_samples": 200, "source_model": "sentence-transformers/gtr-t5-base", "source_dim": 768, "target_dim": 512, "test_results": {"bleu": 0.12, "bleu1": 8.31, "bleu2": 0.16, "bleu3": 0.02, "bleu4": 0.01, "rougeL": 0.0841, "rouge1": 0.1014, "rouge2": 0.0002, "exact_match": 0.0}, "loss": {"X_Y_COS": 1.0, "X_Y_MSEloss": 1.4648181214001188e-14, "X_Y_test_COS": 0.8940289616584778, "X_Y_test_MSEloss": 0.00039792078314349055, "X_Y_val_COS": 0.8930758237838745, "X_Y_val_MSEloss": 0.0004025670059490949}}