{"train_samples": 1000, "test_samples": 200, "source_model": "text-embedding-3-large", "source_dim": 3072, "target_dim": 512, "test_results": {"bleu": 0.16, "bleu1": 16.49, "bleu2": 0.69, "bleu3": 0.02, "bleu4": 0.01, "rougeL": 0.0946, "rouge1": 0.1108, "rouge2": 0.0026, "exact_match": 0.0}, "loss": {"X_Y_COS": 0.9978361129760742, "X_Y_MSEloss": 8.68397364683915e-06, "X_Y_test_COS": 0.8933561444282532, "X_Y_test_MSEloss": 0.0004187139857094735, "X_Y_val_COS": 0.8874995112419128, "X_Y_val_MSEloss": 0.0004398525052238256}}