{"train_samples": 1000, "test_samples": 200, "source_model": "text-embedding-3-large", "source_dim": 3072, "target_dim": 512, "test_results": {"bleu": 0.09, "bleu1": 11.27, "bleu2": 0.11, "bleu3": 0.02, "bleu4": 0.01, "rougeL": 0.0663, "rouge1": 0.0748, "rouge2": 0.0011, "exact_match": 0.0}, "loss": {"X_Y_COS": 0.9982705116271973, "X_Y_MSEloss": 1.3416016372502781e-05, "X_Y_test_COS": 0.8670682907104492, "X_Y_test_MSEloss": 0.0010481870267540216, "X_Y_val_COS": 0.873856782913208, "X_Y_val_MSEloss": 0.0009774359641596675}}