{"train_samples": 40, "test_samples": 200, "source_model": "sentence-transformers/all-MiniLM-L6-v2", "source_dim": 384, "target_dim": 512, "test_results": {"bleu": 0.38, "bleu1": 18.46, "bleu2": 1.48, "bleu3": 0.06, "bleu4": 0.02, "rougeL": 0.1173, "rouge1": 0.1508, "rouge2": 0.0172, "exact_match": 0.0}, "loss": {"X_Y_COS": 1.0, "X_Y_MSEloss": 2.7375696161861937e-15, "X_Y_test_COS": 0.8668913841247559, "X_Y_test_MSEloss": 0.0005165053880773485, "X_Y_val_COS": 0.8646800518035889, "X_Y_val_MSEloss": 0.0005233338451944292}}