{"train_samples": 30, "test_samples": 200, "source_model": "sentence-transformers/all-MiniLM-L6-v2", "source_dim": 384, "target_dim": 512, "test_results": {"bleu": 0.22, "bleu1": 18.29, "bleu2": 0.85, "bleu3": 0.02, "bleu4": 0.01, "rougeL": 0.0996, "rouge1": 0.1158, "rouge2": 0.0066, "exact_match": 0.0}, "loss": {"X_Y_COS": 1.0, "X_Y_MSEloss": 6.064676538741764e-11, "X_Y_test_COS": 0.8949841260910034, "X_Y_test_MSEloss": 0.0010545760160312057, "X_Y_val_COS": 0.8999778032302856, "X_Y_val_MSEloss": 0.0010321121662855148}}