{"train_samples": 5, "test_samples": 200, "source_model": "sentence-transformers/gtr-t5-base", "source_dim": 768, "target_dim": 512, "test_results": {"bleu": 0.47, "bleu1": 15.02, "bleu2": 0.99, "bleu3": 0.43, "bleu4": 0.27, "rougeL": 0.044, "rouge1": 0.0498, "rouge2": 0.0035, "exact_match": 0.0}, "loss": {"X_Y_COS": 1.0, "X_Y_MSEloss": 3.697952883018979e-16, "X_Y_test_COS": 0.8159297108650208, "X_Y_test_MSEloss": 0.000949754670727998, "X_Y_val_COS": 0.808313250541687, "X_Y_val_MSEloss": 0.0009544138447381556}}