{"train_samples": 100, "test_samples": 200, "source_model": "sentence-transformers/all-MiniLM-L6-v2", "source_dim": 384, "target_dim": 512, "test_results": {"bleu": 11.49, "bleu1": 25.63, "bleu2": 10.98, "bleu3": 9.38, "bleu4": 8.61, "rougeL": 0.2069, "rouge1": 0.2446, "rouge2": 0.1069, "exact_match": 0.0}, "loss": {"X_Y_COS": 0.9999988079071045, "X_Y_MSEloss": 3.0167093711952475e-08, "X_Y_test_COS": 0.7807472348213196, "X_Y_test_MSEloss": 0.0017006649868562818, "X_Y_val_COS": 0.7493751645088196, "X_Y_val_MSEloss": 0.0017720471369102597}}