{"train_samples": 1, "test_samples": 200, "source_model": "sentence-transformers/all-MiniLM-L6-v2", "source_dim": 384, "target_dim": 512, "test_results": {"bleu": 0.12, "bleu1": 10.14, "bleu2": 0.59, "bleu3": 0.02, "bleu4": 0.01, "rougeL": 0.0525, "rouge1": 0.0544, "rouge2": 0.0039, "exact_match": 0.0}, "loss": {"X_Y_COS": 1.0000001192092896, "X_Y_MSEloss": 1.8827702767780779e-16, "X_Y_test_COS": 0.008553740568459034, "X_Y_test_MSEloss": 0.0019275444792583585, "X_Y_val_COS": -0.0034929346293210983, "X_Y_val_MSEloss": 0.00193079374730587}}