{"train_samples": 100, "test_samples": 200, "source_model": "google-t5/t5-base", "source_dim": 768, "target_dim": 512, "test_results": {"bleu": 0.23, "bleu1": 17.55, "bleu2": 0.56, "bleu3": 0.04, "bleu4": 0.02, "rougeL": 0.1042, "rouge1": 0.1254, "rouge2": 0.0018, "exact_match": 0.0}, "loss": {"X_Y_COS": 1.0, "X_Y_MSEloss": 7.317026151643091e-11, "X_Y_test_COS": 0.9202545881271362, "X_Y_test_MSEloss": 0.0004262113361619413, "X_Y_val_COS": 0.9222623705863953, "X_Y_val_MSEloss": 0.0004044496454298496}}