{"train_samples": 40, "test_samples": 200, "source_model": "sentence-transformers/all-MiniLM-L6-v2", "source_dim": 384, "target_dim": 512, "test_results": {"bleu": 0.11, "bleu1": 9.74, "bleu2": 0.14, "bleu3": 0.02, "bleu4": 0.01, "rougeL": 0.0405, "rouge1": 0.0477, "rouge2": 0.003, "exact_match": 0.0}, "loss": {"X_Y_COS": 1.0, "X_Y_MSEloss": 4.96686144226292e-15, "X_Y_test_COS": 0.8791065812110901, "X_Y_test_MSEloss": 0.0009304388659074903, "X_Y_val_COS": 0.8716391921043396, "X_Y_val_MSEloss": 0.0009933130349963903}}