{"train_samples": 1000, "test_samples": 200, "source_model": "text-embedding-ada-002", "source_dim": 1536, "target_dim": 512, "test_results": {"bleu": 0.81, "bleu1": 8.44, "bleu2": 0.68, "bleu3": 0.43, "bleu4": 0.21, "rougeL": 0.0409, "rouge1": 0.0461, "rouge2": 0.0009, "exact_match": 0.0}, "loss": {"X_Y_COS": 1.0, "X_Y_MSEloss": 4.288702205867967e-12, "X_Y_test_COS": -0.0254585612565279, "X_Y_test_MSEloss": 0.005250670947134495, "X_Y_val_COS": 0.06579277664422989, "X_Y_val_MSEloss": 0.004977067932486534}}