{"train_samples": 40, "test_samples": 200, "source_model": "text-embedding-ada-002", "source_dim": 1536, "target_dim": 512, "test_results": {"bleu": 0.15, "bleu1": 14.16, "bleu2": 0.76, "bleu3": 0.01, "bleu4": 0.01, "rougeL": 0.076, "rouge1": 0.0886, "rouge2": 0.0114, "exact_match": 0.0}, "loss": {"X_Y_COS": 1.0, "X_Y_MSEloss": 3.3737484919464655e-13, "X_Y_test_COS": 0.8884367346763611, "X_Y_test_MSEloss": 0.00041071849409490824, "X_Y_val_COS": 0.8885901570320129, "X_Y_val_MSEloss": 0.00041073959437198937}}