{"train_samples": 5, "test_samples": 200, "source_model": "sentence-transformers/all-MiniLM-L6-v2", "source_dim": 384, "target_dim": 512, "test_results": {"bleu": 0.07, "bleu1": 10.42, "bleu2": 0.03, "bleu3": 0.02, "bleu4": 0.01, "rougeL": 0.0164, "rouge1": 0.0173, "rouge2": 0.0, "exact_match": 0.0}, "loss": {"X_Y_COS": 1.0, "X_Y_MSEloss": 1.7811358522282184e-16, "X_Y_test_COS": 0.8652764558792114, "X_Y_test_MSEloss": 0.000664565188344568, "X_Y_val_COS": 0.8625497817993164, "X_Y_val_MSEloss": 0.000680323806591332}}