{"train_samples": 10, "test_samples": 200, "source_model": "intfloat/multilingual-e5-base", "source_dim": 768, "target_dim": 512, "test_results": {"bleu": 0.18, "bleu1": 14.03, "bleu2": 0.74, "bleu3": 0.02, "bleu4": 0.01, "rougeL": 0.1109, "rouge1": 0.1319, "rouge2": 0.0081, "exact_match": 0.0}, "loss": {"X_Y_COS": 1.0, "X_Y_MSEloss": 1.8230035790802552e-15, "X_Y_test_COS": 0.8601710796356201, "X_Y_test_MSEloss": 0.0005083117866888642, "X_Y_val_COS": 0.8575098514556885, "X_Y_val_MSEloss": 0.0005174814723432064}}