{"train_samples": 30, "test_samples": 200, "source_model": "google/mt5-base", "source_dim": 768, "target_dim": 512, "test_results": {"bleu": 0.18, "bleu1": 18.42, "bleu2": 0.62, "bleu3": 0.02, "bleu4": 0.01, "rougeL": 0.1099, "rouge1": 0.1457, "rouge2": 0.0092, "exact_match": 0.0}, "loss": {"X_Y_COS": 1.0, "X_Y_MSEloss": 5.547708559899833e-13, "X_Y_test_COS": 0.8832657933235168, "X_Y_test_MSEloss": 0.00043228775030002, "X_Y_val_COS": 0.8849017024040222, "X_Y_val_MSEloss": 0.00042581534944474697}}