{"train_samples": 3, "test_samples": 200, "source_model": "text-embedding-ada-002", "source_dim": 1536, "target_dim": 512, "test_results": {"bleu": 0.1, "bleu1": 8.53, "bleu2": 0.15, "bleu3": 0.02, "bleu4": 0.01, "rougeL": 0.0671, "rouge1": 0.0772, "rouge2": 0.0095, "exact_match": 0.0}, "loss": {"X_Y_COS": 1.0, "X_Y_MSEloss": 6.317126192601657e-16, "X_Y_test_COS": 0.8599952459335327, "X_Y_test_MSEloss": 0.0005086177261546254, "X_Y_val_COS": 0.8633430004119873, "X_Y_val_MSEloss": 0.0004968525609001517}}