{"train_samples": 1000, "test_samples": 200, "source_model": "google/flan-t5-base", "source_dim": 768, "target_dim": 512, "test_results": {"bleu": 8.45, "bleu1": 34.65, "bleu2": 10.77, "bleu3": 6.03, "bleu4": 4.38, "rougeL": 0.2654, "rouge1": 0.3166, "rouge2": 0.1055, "exact_match": 0.0}, "loss": {"X_Y_COS": 0.9864227771759033, "X_Y_MSEloss": 0.00012047507334500551, "X_Y_test_COS": 0.9535378813743591, "X_Y_test_MSEloss": 0.0003962639020755887, "X_Y_val_COS": 0.9552352428436279, "X_Y_val_MSEloss": 0.0004011472628917545}}