{"train_samples": 10, "test_samples": 200, "source_model": "google-bert/bert-base-multilingual-cased", "source_dim": 768, "target_dim": 512, "test_results": {"bleu": 0.04, "bleu1": 7.57, "bleu2": 0.02, "bleu3": 0.01, "bleu4": 0.0, "rougeL": 0.0125, "rouge1": 0.0136, "rouge2": 0.0, "exact_match": 0.0}, "loss": {"X_Y_COS": 1.0, "X_Y_MSEloss": 1.7113348238506632e-10, "X_Y_test_COS": 0.8640501499176025, "X_Y_test_MSEloss": 0.0011326054809615016, "X_Y_val_COS": 0.862000584602356, "X_Y_val_MSEloss": 0.0011661723256111145}}