{"train_samples": 1000, "test_samples": 200, "source_model": "text-embedding-3-large", "source_dim": 3072, "target_dim": 512, "test_results": {"bleu": 0.21, "bleu1": 11.99, "bleu2": 0.35, "bleu3": 0.03, "bleu4": 0.02, "rougeL": 0.0537, "rouge1": 0.0602, "rouge2": 0.0052, "exact_match": 0.0}, "loss": {"X_Y_COS": 0.9897220730781555, "X_Y_MSEloss": 4.1088223952101544e-05, "X_Y_test_COS": 0.8782933354377747, "X_Y_test_MSEloss": 0.0004683100269176066, "X_Y_val_COS": 0.8785685300827026, "X_Y_val_MSEloss": 0.00047110888408496976}}