{"train_samples": 5, "test_samples": 200, "source_model": "sentence-transformers/all-MiniLM-L6-v2", "source_dim": 384, "target_dim": 512, "test_results": {"bleu": 0.16, "bleu1": 16.02, "bleu2": 0.39, "bleu3": 0.01, "bleu4": 0.01, "rougeL": 0.0985, "rouge1": 0.1183, "rouge2": 0.0041, "exact_match": 0.0}, "loss": {"X_Y_COS": 1.0, "X_Y_MSEloss": 2.0177566236260754e-16, "X_Y_test_COS": 0.8920612931251526, "X_Y_test_MSEloss": 0.0005904317367821932, "X_Y_val_COS": 0.8902959823608398, "X_Y_val_MSEloss": 0.0005806717090308666}}