{"train_samples": 30, "test_samples": 200, "source_model": "google/mt5-base", "source_dim": 768, "target_dim": 512, "test_results": {"bleu": 0.28, "bleu1": 16.54, "bleu2": 1.0, "bleu3": 0.06, "bleu4": 0.02, "rougeL": 0.0801, "rouge1": 0.0926, "rouge2": 0.0071, "exact_match": 0.0}, "loss": {"X_Y_COS": 1.0, "X_Y_MSEloss": 5.504298189115686e-13, "X_Y_test_COS": 0.8464505076408386, "X_Y_test_MSEloss": 0.000553933612536639, "X_Y_val_COS": 0.8519030809402466, "X_Y_val_MSEloss": 0.0005373203894123435}}