{"train_samples": 1000, "test_samples": 200, "source_model": "sentence-transformers/gtr-t5-base", "source_dim": 768, "target_dim": 512, "test_results": {"bleu": 0.14, "bleu1": 10.96, "bleu2": 0.27, "bleu3": 0.02, "bleu4": 0.01, "rougeL": 0.0688, "rouge1": 0.0785, "rouge2": 0.003, "exact_match": 0.0}, "loss": {"X_Y_COS": 0.9025228023529053, "X_Y_MSEloss": 0.0004454592999536544, "X_Y_test_COS": 0.05647343024611473, "X_Y_test_MSEloss": 0.009117756970226765, "X_Y_val_COS": -0.007391886319965124, "X_Y_val_MSEloss": 0.009238145314157009}}