{"train_samples": 50, "test_samples": 200, "source_model": "sentence-transformers/all-MiniLM-L6-v2", "source_dim": 384, "target_dim": 512, "test_results": {"bleu": 0.2, "bleu1": 14.79, "bleu2": 0.89, "bleu3": 0.03, "bleu4": 0.01, "rougeL": 0.1196, "rouge1": 0.1376, "rouge2": 0.0083, "exact_match": 0.0}, "loss": {"X_Y_COS": 1.0, "X_Y_MSEloss": 3.963176453680717e-10, "X_Y_test_COS": 0.8928242325782776, "X_Y_test_MSEloss": 0.0008065873989835382, "X_Y_val_COS": 0.8960450291633606, "X_Y_val_MSEloss": 0.0008187621715478599}}