{"train_samples": 3, "test_samples": 200, "source_model": "intfloat/multilingual-e5-base", "source_dim": 768, "target_dim": 512, "test_results": {"bleu": 0.13, "bleu1": 18.67, "bleu2": 0.23, "bleu3": 0.01, "bleu4": 0.01, "rougeL": 0.1106, "rouge1": 0.1311, "rouge2": 0.0021, "exact_match": 0.0}, "loss": {"X_Y_COS": 1.0, "X_Y_MSEloss": 4.2423801334931282e-16, "X_Y_test_COS": 0.8528912663459778, "X_Y_test_MSEloss": 0.000533950631506741, "X_Y_val_COS": 0.8542263507843018, "X_Y_val_MSEloss": 0.0005301795899868011}}