{"train_samples": 3, "test_samples": 200, "source_model": "text-embedding-3-large", "source_dim": 3072, "target_dim": 512, "test_results": {"bleu": 0.11, "bleu1": 12.19, "bleu2": 0.15, "bleu3": 0.02, "bleu4": 0.01, "rougeL": 0.0531, "rouge1": 0.0622, "rouge2": 0.0042, "exact_match": 0.0}, "loss": {"X_Y_COS": 1.0, "X_Y_MSEloss": 1.005920380116997e-16, "X_Y_test_COS": 0.8464991450309753, "X_Y_test_MSEloss": 0.0009395147790201008, "X_Y_val_COS": 0.83710777759552, "X_Y_val_MSEloss": 0.000944297353271395}}