{"train_samples": 50, "test_samples": 200, "source_model": "sentence-transformers/all-MiniLM-L6-v2", "source_dim": 384, "target_dim": 512, "test_results": {"bleu": 10.62, "bleu1": 23.56, "bleu2": 9.96, "bleu3": 8.69, "bleu4": 8.12, "rougeL": 0.1866, "rouge1": 0.218, "rouge2": 0.0929, "exact_match": 0.0}, "loss": {"X_Y_COS": 1.0, "X_Y_MSEloss": 2.84813339579415e-10, "X_Y_test_COS": 0.7980673313140869, "X_Y_test_MSEloss": 0.0015805504517629743, "X_Y_val_COS": 0.754786491394043, "X_Y_val_MSEloss": 0.0017311596311628819}}