{"train_samples": 10, "test_samples": 200, "source_model": "google-bert/bert-base-multilingual-cased", "source_dim": 768, "target_dim": 512, "test_results": {"bleu": 0.2, "bleu1": 16.08, "bleu2": 1.01, "bleu3": 0.03, "bleu4": 0.02, "rougeL": 0.1281, "rouge1": 0.1476, "rouge2": 0.0085, "exact_match": 0.0}, "loss": {"X_Y_COS": 1.0, "X_Y_MSEloss": 1.494587925643387e-10, "X_Y_test_COS": 0.9050382971763611, "X_Y_test_MSEloss": 0.0006873709498904645, "X_Y_val_COS": 0.904975950717926, "X_Y_val_MSEloss": 0.0007001422345638275}}