{"train_samples": 10, "test_samples": 200, "source_model": "google-bert/bert-base-multilingual-cased", "source_dim": 768, "target_dim": 512, "test_results": {"bleu": 0.07, "bleu1": 9.73, "bleu2": 0.03, "bleu3": 0.01, "bleu4": 0.01, "rougeL": 0.0018, "rouge1": 0.0018, "rouge2": 0.0, "exact_match": 0.0}, "loss": {"X_Y_COS": 1.0, "X_Y_MSEloss": 4.3342429742052253e-16, "X_Y_test_COS": 0.8854079842567444, "X_Y_test_MSEloss": 0.00042507267789915204, "X_Y_val_COS": 0.8881432414054871, "X_Y_val_MSEloss": 0.000415107817389071}}