{"train_samples": 500, "test_samples": 200, "source_model": "text-embedding-3-large", "source_dim": 3072, "target_dim": 512, "test_results": {"bleu": 5.1, "bleu1": 28.82, "bleu2": 5.68, "bleu3": 3.08, "bleu4": 2.4, "rougeL": 0.1857, "rouge1": 0.2343, "rouge2": 0.0626, "exact_match": 0.0}, "loss": {"X_Y_COS": 1.0, "X_Y_MSEloss": 9.734905243030667e-11, "X_Y_test_COS": 0.8197844624519348, "X_Y_test_MSEloss": 0.0006730530876666307, "X_Y_val_COS": 0.8211814761161804, "X_Y_val_MSEloss": 0.0006734231719747186}}