{"train_samples": 100, "test_samples": 200, "source_model": "google-bert/bert-base-multilingual-cased", "source_dim": 768, "target_dim": 512, "test_results": {"bleu": 0.16, "bleu1": 16.27, "bleu2": 0.59, "bleu3": 0.02, "bleu4": 0.01, "rougeL": 0.0928, "rouge1": 0.1077, "rouge2": 0.0026, "exact_match": 0.0}, "loss": {"X_Y_COS": 1.0, "X_Y_MSEloss": 5.560210278310329e-11, "X_Y_test_COS": 0.8872732520103455, "X_Y_test_MSEloss": 0.0006050876108929515, "X_Y_val_COS": 0.8904294967651367, "X_Y_val_MSEloss": 0.0005755010060966015}}