{"train_samples": 100, "test_samples": 200, "source_model": "google-t5/t5-base", "source_dim": 768, "target_dim": 512, "test_results": {"bleu": 2.45, "bleu1": 26.67, "bleu2": 4.31, "bleu3": 1.1, "bleu4": 0.46, "rougeL": 0.1948, "rouge1": 0.2455, "rouge2": 0.0494, "exact_match": 0.0}, "loss": {"X_Y_COS": 0.9999995231628418, "X_Y_MSEloss": 1.3198517834211998e-08, "X_Y_test_COS": 0.8968585133552551, "X_Y_test_MSEloss": 0.0007497283513657749, "X_Y_val_COS": 0.8976852893829346, "X_Y_val_MSEloss": 0.0007388317608274519}}