{"train_samples": 3, "test_samples": 200, "source_model": "text-embedding-3-large", "source_dim": 3072, "target_dim": 512, "test_results": {"bleu": 0.13, "bleu1": 8.29, "bleu2": 0.12, "bleu3": 0.03, "bleu4": 0.01, "rougeL": 0.0051, "rouge1": 0.0051, "rouge2": 0.0, "exact_match": 0.0}, "loss": {"X_Y_COS": 1.0, "X_Y_MSEloss": 9.87403511971079e-17, "X_Y_test_COS": 0.8512608408927917, "X_Y_test_MSEloss": 0.0009338716045022011, "X_Y_val_COS": 0.8480228781700134, "X_Y_val_MSEloss": 0.0009301526588387787}}