{"train_samples": 20, "test_samples": 200, "source_model": "google/flan-t5-base", "source_dim": 768, "target_dim": 512, "test_results": {"bleu": 0.64, "bleu1": 15.69, "bleu2": 1.02, "bleu3": 0.33, "bleu4": 0.21, "rougeL": 0.0648, "rouge1": 0.0761, "rouge2": 0.0063, "exact_match": 0.0}, "loss": {"X_Y_COS": 1.0, "X_Y_MSEloss": 1.7721262274660705e-15, "X_Y_test_COS": 0.8613587617874146, "X_Y_test_MSEloss": 0.000505918578710407, "X_Y_val_COS": 0.8501214385032654, "X_Y_val_MSEloss": 0.0005440159584395587}}