{"train_samples": 5, "test_samples": 200, "source_model": "google/mt5-base", "source_dim": 768, "target_dim": 512, "test_results": {"bleu": 0.78, "bleu1": 18.35, "bleu2": 1.1, "bleu3": 0.21, "bleu4": 0.09, "rougeL": 0.1172, "rouge1": 0.1504, "rouge2": 0.0121, "exact_match": 0.0}, "loss": {"X_Y_COS": 1.0, "X_Y_MSEloss": 4.3773638333631656e-16, "X_Y_test_COS": 0.8361579775810242, "X_Y_test_MSEloss": 0.0005881771794520319, "X_Y_val_COS": 0.8317714333534241, "X_Y_val_MSEloss": 0.0006058323197066784}}