{"train_samples": 500, "test_samples": 200, "source_model": "google/flan-t5-base", "source_dim": 768, "target_dim": 512, "test_results": {"bleu": 1.36, "bleu1": 25.9, "bleu2": 2.41, "bleu3": 0.46, "bleu4": 0.15, "rougeL": 0.1485, "rouge1": 0.2081, "rouge2": 0.0261, "exact_match": 0.0}, "loss": {"X_Y_COS": 0.9906182289123535, "X_Y_MSEloss": 3.688457582029514e-05, "X_Y_test_COS": 0.8952853679656982, "X_Y_test_MSEloss": 0.00041321321623399854, "X_Y_val_COS": 0.8981727361679077, "X_Y_val_MSEloss": 0.0004031588905490935}}