{"train_samples": 50, "test_samples": 200, "source_model": "google-bert/bert-base-multilingual-cased", "source_dim": 768, "target_dim": 512, "test_results": {"bleu": 0.09, "bleu1": 9.61, "bleu2": 0.07, "bleu3": 0.02, "bleu4": 0.01, "rougeL": 0.0142, "rouge1": 0.0151, "rouge2": 0.0004, "exact_match": 0.0}, "loss": {"X_Y_COS": 1.0, "X_Y_MSEloss": 1.073682809327181e-12, "X_Y_test_COS": 0.8671454191207886, "X_Y_test_MSEloss": 0.0004886363167315722, "X_Y_val_COS": 0.8689121007919312, "X_Y_val_MSEloss": 0.00048395447083748877}}