{"train_samples": 10, "test_samples": 200, "source_model": "google-t5/t5-base", "source_dim": 768, "target_dim": 512, "test_results": {"bleu": 0.14, "bleu1": 15.67, "bleu2": 0.29, "bleu3": 0.02, "bleu4": 0.01, "rougeL": 0.0846, "rouge1": 0.1036, "rouge2": 0.0018, "exact_match": 0.0}, "loss": {"X_Y_COS": 1.0, "X_Y_MSEloss": 9.982104347681822e-16, "X_Y_test_COS": 0.9056088328361511, "X_Y_test_MSEloss": 0.000501176924444735, "X_Y_val_COS": 0.905085027217865, "X_Y_val_MSEloss": 0.00048804632388055325}}