{"train_samples": 20, "test_samples": 200, "source_model": "google-t5/t5-base", "source_dim": 768, "target_dim": 512, "test_results": {"bleu": 0.23, "bleu1": 15.41, "bleu2": 1.11, "bleu3": 0.02, "bleu4": 0.01, "rougeL": 0.131, "rouge1": 0.1479, "rouge2": 0.0117, "exact_match": 0.0}, "loss": {"X_Y_COS": 1.0, "X_Y_MSEloss": 2.0811501258216278e-14, "X_Y_test_COS": 0.881943941116333, "X_Y_test_MSEloss": 0.00043497499427758157, "X_Y_val_COS": 0.8878505229949951, "X_Y_val_MSEloss": 0.00041487993439659476}}