{"train_samples": 50, "test_samples": 200, "source_model": "text-embedding-ada-002", "source_dim": 1536, "target_dim": 512, "test_results": {"bleu": 0.13, "bleu1": 9.8, "bleu2": 0.22, "bleu3": 0.02, "bleu4": 0.01, "rougeL": 0.0501, "rouge1": 0.0574, "rouge2": 0.0092, "exact_match": 0.0}, "loss": {"X_Y_COS": 1.0, "X_Y_MSEloss": 5.633309929642394e-10, "X_Y_test_COS": 0.858580470085144, "X_Y_test_MSEloss": 0.0010695455130189657, "X_Y_val_COS": 0.8553860187530518, "X_Y_val_MSEloss": 0.0011235250858590007}}