{"train_samples": 40, "test_samples": 200, "source_model": "google/flan-t5-base", "source_dim": 768, "target_dim": 512, "test_results": {"bleu": 0.19, "bleu1": 19.3, "bleu2": 0.84, "bleu3": 0.02, "bleu4": 0.01, "rougeL": 0.1086, "rouge1": 0.1483, "rouge2": 0.0098, "exact_match": 0.0}, "loss": {"X_Y_COS": 1.0, "X_Y_MSEloss": 1.1840340177499825e-13, "X_Y_test_COS": 0.885636031627655, "X_Y_test_MSEloss": 0.0004252979124430567, "X_Y_val_COS": 0.8894814252853394, "X_Y_val_MSEloss": 0.0004121341335121542}}