{"train_samples": 10, "test_samples": 200, "source_model": "google-t5/t5-base", "source_dim": 768, "target_dim": 512, "test_results": {"bleu": 0.17, "bleu1": 11.69, "bleu2": 0.65, "bleu3": 0.01, "bleu4": 0.01, "rougeL": 0.1019, "rouge1": 0.1187, "rouge2": 0.0075, "exact_match": 0.0}, "loss": {"X_Y_COS": 1.0, "X_Y_MSEloss": 6.980385283432888e-16, "X_Y_test_COS": 0.8656498789787292, "X_Y_test_MSEloss": 0.0004907019902020693, "X_Y_val_COS": 0.8661483526229858, "X_Y_val_MSEloss": 0.0004882182111032307}}