{"train_samples": 3, "test_samples": 200, "source_model": "sentence-transformers/gtr-t5-base", "source_dim": 768, "target_dim": 512, "test_results": {"bleu": 0.18, "bleu1": 16.92, "bleu2": 0.81, "bleu3": 0.01, "bleu4": 0.01, "rougeL": 0.0935, "rouge1": 0.1056, "rouge2": 0.0066, "exact_match": 0.0}, "loss": {"X_Y_COS": 1.0, "X_Y_MSEloss": 2.62903065550635e-16, "X_Y_test_COS": 0.7734025120735168, "X_Y_test_MSEloss": 0.0012671292060986161, "X_Y_val_COS": 0.7849045991897583, "X_Y_val_MSEloss": 0.0012569259852170944}}