{"train_samples": 500, "test_samples": 200, "source_model": "intfloat/multilingual-e5-base", "source_dim": 768, "target_dim": 512, "test_results": {"bleu": 0.08, "bleu1": 11.52, "bleu2": 0.04, "bleu3": 0.02, "bleu4": 0.01, "rougeL": 0.0124, "rouge1": 0.0131, "rouge2": 0.0, "exact_match": 0.0}, "loss": {"X_Y_COS": 0.9736694097518921, "X_Y_MSEloss": 0.00015206380339805037, "X_Y_test_COS": 0.874352216720581, "X_Y_test_MSEloss": 0.0007440573535859585, "X_Y_val_COS": 0.8656161427497864, "X_Y_val_MSEloss": 0.0008112764335237443}}