{"train_samples": 50, "test_samples": 200, "source_model": "sentence-transformers/all-MiniLM-L6-v2", "source_dim": 384, "target_dim": 512, "test_results": {"bleu": 0.16, "bleu1": 12.41, "bleu2": 0.56, "bleu3": 0.02, "bleu4": 0.01, "rougeL": 0.0925, "rouge1": 0.1133, "rouge2": 0.0072, "exact_match": 0.0}, "loss": {"X_Y_COS": 1.0, "X_Y_MSEloss": 3.1992108961986787e-10, "X_Y_test_COS": 0.8476847410202026, "X_Y_test_MSEloss": 0.000995650072582066, "X_Y_val_COS": 0.8531838655471802, "X_Y_val_MSEloss": 0.0009606347884982824}}