{"train_samples": 1000, "test_samples": 200, "source_model": "random", "source_dim": 768, "target_dim": 512, "test_results": {"bleu": 0.46, "bleu1": 15.11, "bleu2": 1.58, "bleu3": 0.16, "bleu4": 0.01, "rougeL": 0.1128, "rouge1": 0.1277, "rouge2": 0.0115, "exact_match": 0.0}, "loss": {"X_Y_COS": 0.9223524332046509, "X_Y_MSEloss": 0.00040337099926546216, "X_Y_test_COS": -0.08822942525148392, "X_Y_test_MSEloss": 0.009222999215126038, "X_Y_val_COS": -0.007555932737886906, "X_Y_val_MSEloss": 0.00919088814407587}}