{"train_samples": 30, "test_samples": 200, "source_model": "intfloat/multilingual-e5-base", "source_dim": 768, "target_dim": 512, "test_results": {"bleu": 11.14, "bleu1": 26.71, "bleu2": 10.02, "bleu3": 8.42, "bleu4": 7.79, "rougeL": 0.2023, "rouge1": 0.2403, "rouge2": 0.0987, "exact_match": 0.0}, "loss": {"X_Y_COS": 1.0, "X_Y_MSEloss": 1.9443009756456991e-13, "X_Y_test_COS": 0.9110625386238098, "X_Y_test_MSEloss": 0.00033185502979904413, "X_Y_val_COS": 0.910639226436615, "X_Y_val_MSEloss": 0.0003335567598696798}}