{"train_samples": 3, "test_samples": 200, "source_model": "google/mt5-base", "source_dim": 768, "target_dim": 512, "test_results": {"bleu": 0.24, "bleu1": 17.11, "bleu2": 0.74, "bleu3": 0.02, "bleu4": 0.01, "rougeL": 0.0973, "rouge1": 0.1153, "rouge2": 0.0069, "exact_match": 0.0}, "loss": {"X_Y_COS": 1.0, "X_Y_MSEloss": 2.2035581692669837e-10, "X_Y_test_COS": 0.7641915678977966, "X_Y_test_MSEloss": 0.001635781372897327, "X_Y_val_COS": 0.769659698009491, "X_Y_val_MSEloss": 0.001591083942912519}}