{"train_samples": 1000, "test_samples": 200, "source_model": "google/flan-t5-base", "source_dim": 768, "target_dim": 512, "test_results": {"bleu": 9.8, "bleu1": 36.09, "bleu2": 11.14, "bleu3": 7.0, "bleu4": 5.27, "rougeL": 0.2386, "rouge1": 0.2999, "rouge2": 0.1104, "exact_match": 0.0}, "loss": {"X_Y_COS": 0.9533119201660156, "X_Y_MSEloss": 0.0001790124224498868, "X_Y_test_COS": 0.8524604439735413, "X_Y_test_MSEloss": 0.0005635254201479256, "X_Y_val_COS": 0.8510882258415222, "X_Y_val_MSEloss": 0.000567266542930156}}