{"cosine_similarities": {"X_Y_COS": 0.8645763993263245, "X_Y_test_COS": 0.8367834687232971, "X_Y_COS_LOSS": 0.13542352616786957, "X_Y_MSE_LOSS": 0.002837361767888069, "X_Y_test_COS_LOSS": 0.16321653127670288, "X_Y_test_MSE_LOSS": 0.0034472718834877014}, "rouge_results": {"X_vs_gold": {"rouge1_f": 0.5063957987618362, "rouge2_f": 0.3430450829241826, "rougeL_f": 0.47147391992580084}, "Y_vs_gold": {"rouge1_f": 0.7443278060761083, "rouge2_f": 0.6787489192369293, "rougeL_f": 0.7300121887720072}, "X_vs_Y": {"rouge1_f": 0.514775338789598, "rouge2_f": 0.34808969899749703, "rougeL_f": 0.4851097427075801}}}