{"train_samples": 50, "test_samples": 200, "source_model": "sentence-transformers/gtr-t5-base", "source_dim": 768, "target_dim": 512, "test_results": {"bleu": 10.89, "bleu1": 25.98, "bleu2": 9.81, "bleu3": 8.29, "bleu4": 7.6, "rougeL": 0.1961, "rouge1": 0.2376, "rouge2": 0.0952, "exact_match": 0.0}, "loss": {"X_Y_COS": 1.0, "X_Y_MSEloss": 1.0612086160993392e-15, "X_Y_test_COS": 0.9047532677650452, "X_Y_test_MSEloss": 0.00036787695717066526, "X_Y_val_COS": 0.9097291231155396, "X_Y_val_MSEloss": 0.00035235186805948615}}