{"train_samples": 1000, "test_samples": 200, "source_model": "google/mt5-base", "source_dim": 768, "target_dim": 512, "test_results": {"bleu": 1.28, "bleu1": 16.76, "bleu2": 1.85, "bleu3": 0.46, "bleu4": 0.23, "rougeL": 0.124, "rouge1": 0.1413, "rouge2": 0.0144, "exact_match": 0.0}, "loss": {"X_Y_COS": 0.9020993709564209, "X_Y_MSEloss": 0.00047638523392379284, "X_Y_test_COS": 0.015962762758135796, "X_Y_test_MSEloss": 0.009556093253195286, "X_Y_val_COS": 0.008682017214596272, "X_Y_val_MSEloss": 0.008873037993907928}}