{"train_samples": 1, "test_samples": 200, "source_model": "text-embedding-ada-002", "source_dim": 1536, "target_dim": 512, "test_results": {"bleu": 0.15, "bleu1": 12.35, "bleu2": 0.25, "bleu3": 0.03, "bleu4": 0.01, "rougeL": 0.0966, "rouge1": 0.1149, "rouge2": 0.0026, "exact_match": 0.0}, "loss": {"X_Y_COS": 1.0, "X_Y_MSEloss": 2.357655328189261e-17, "X_Y_test_COS": 0.8208258152008057, "X_Y_test_MSEloss": 0.0015380417462438345, "X_Y_val_COS": 0.8231033086776733, "X_Y_val_MSEloss": 0.0015043095918372273}}