{"train_samples": 1, "test_samples": 200, "source_model": "google/flan-t5-base", "source_dim": 768, "target_dim": 512, "test_results": {"bleu": 0.04, "bleu1": 7.74, "bleu2": 0.02, "bleu3": 0.01, "bleu4": 0.0, "rougeL": 0.0098, "rouge1": 0.0098, "rouge2": 0.0, "exact_match": 0.0}, "loss": {"X_Y_COS": 1.0000001192092896, "X_Y_MSEloss": 6.085003695549312e-16, "X_Y_test_COS": 0.71210777759552, "X_Y_test_MSEloss": 0.0018324230331927538, "X_Y_val_COS": 0.7128811478614807, "X_Y_val_MSEloss": 0.0018221394857391715}}