{"train_samples": 5, "test_samples": 200, "source_model": "google-t5/t5-base", "source_dim": 768, "target_dim": 512, "test_results": {"bleu": 0.26, "bleu1": 18.63, "bleu2": 1.22, "bleu3": 0.02, "bleu4": 0.01, "rougeL": 0.1043, "rouge1": 0.131, "rouge2": 0.0106, "exact_match": 0.0}, "loss": {"X_Y_COS": 1.0, "X_Y_MSEloss": 1.948352867930936e-10, "X_Y_test_COS": 0.8553786873817444, "X_Y_test_MSEloss": 0.0010463861981406808, "X_Y_val_COS": 0.8629398345947266, "X_Y_val_MSEloss": 0.0009841311257332563}}