{"train_samples": 5, "test_samples": 200, "source_model": "google-t5/t5-base", "source_dim": 768, "target_dim": 512, "test_results": {"bleu": 0.18, "bleu1": 16.16, "bleu2": 0.72, "bleu3": 0.02, "bleu4": 0.01, "rougeL": 0.0837, "rouge1": 0.0993, "rouge2": 0.005, "exact_match": 0.0}, "loss": {"X_Y_COS": 1.0, "X_Y_MSEloss": 1.7349857661663748e-10, "X_Y_test_COS": 0.9142541289329529, "X_Y_test_MSEloss": 0.0006396083626896143, "X_Y_val_COS": 0.9120790362358093, "X_Y_val_MSEloss": 0.0006371955387294292}}