{"train_samples": 3, "test_samples": 200, "source_model": "sentence-transformers/gtr-t5-base", "source_dim": 768, "target_dim": 512, "test_results": {"bleu": 0.04, "bleu1": 7.21, "bleu2": 0.01, "bleu3": 0.01, "bleu4": 0.0, "rougeL": 0.0093, "rouge1": 0.0096, "rouge2": 0.0, "exact_match": 0.0}, "loss": {"X_Y_COS": 1.0, "X_Y_MSEloss": 3.085131163125393e-16, "X_Y_test_COS": 0.7496426701545715, "X_Y_test_MSEloss": 0.0009118033922277391, "X_Y_val_COS": 0.7471624612808228, "X_Y_val_MSEloss": 0.0009236846817657351}}