{"train_samples": 500, "test_samples": 200, "source_model": "sentence-transformers/gtr-t5-base", "source_dim": 768, "target_dim": 512, "test_results": {"bleu": 0.25, "bleu1": 13.77, "bleu2": 0.72, "bleu3": 0.04, "bleu4": 0.02, "rougeL": 0.0663, "rouge1": 0.0773, "rouge2": 0.005, "exact_match": 0.0}, "loss": {"X_Y_COS": 0.9904549717903137, "X_Y_MSEloss": 6.424990715458989e-05, "X_Y_test_COS": 0.836879551410675, "X_Y_test_MSEloss": 0.0012027263874188066, "X_Y_val_COS": 0.8345198631286621, "X_Y_val_MSEloss": 0.0012235953472554684}}