{"train_samples": 100, "test_samples": 200, "source_model": "google/flan-t5-base", "source_dim": 768, "target_dim": 512, "test_results": {"bleu": 0.83, "bleu1": 18.96, "bleu2": 1.01, "bleu3": 0.22, "bleu4": 0.17, "rougeL": 0.0816, "rouge1": 0.0992, "rouge2": 0.0095, "exact_match": 0.0}, "loss": {"X_Y_COS": 1.0, "X_Y_MSEloss": 1.0038557485270161e-10, "X_Y_test_COS": 0.8783302307128906, "X_Y_test_MSEloss": 0.0004590767784975469, "X_Y_val_COS": 0.8734188675880432, "X_Y_val_MSEloss": 0.000474831264000386}}