{"train_samples": 20, "test_samples": 200, "source_model": "sentence-transformers/all-MiniLM-L6-v2", "source_dim": 384, "target_dim": 512, "test_results": {"bleu": 0.13, "bleu1": 15.35, "bleu2": 0.61, "bleu3": 0.01, "bleu4": 0.01, "rougeL": 0.0827, "rouge1": 0.099, "rouge2": 0.0066, "exact_match": 0.0}, "loss": {"X_Y_COS": 1.0, "X_Y_MSEloss": 1.9595498834679148e-10, "X_Y_test_COS": 0.40908849239349365, "X_Y_test_MSEloss": 0.0029889983125030994, "X_Y_val_COS": 0.4339466094970703, "X_Y_val_MSEloss": 0.0029229025822132826}}