{"train_samples": 20, "test_samples": 200, "source_model": "sentence-transformers/all-MiniLM-L6-v2", "source_dim": 384, "target_dim": 512, "test_results": {"bleu": 0.51, "bleu1": 15.7, "bleu2": 0.81, "bleu3": 0.13, "bleu4": 0.08, "rougeL": 0.0908, "rouge1": 0.112, "rouge2": 0.0083, "exact_match": 0.0}, "loss": {"X_Y_COS": 1.0, "X_Y_MSEloss": 4.759875706711531e-16, "X_Y_test_COS": 0.4339728355407715, "X_Y_test_MSEloss": 0.0015257422346621752, "X_Y_val_COS": 0.4376346468925476, "X_Y_val_MSEloss": 0.0015017662663012743}}