{"train_samples": 100, "test_samples": 200, "source_model": "google/flan-t5-base", "source_dim": 768, "target_dim": 512, "test_results": {"bleu": 0.15, "bleu1": 12.55, "bleu2": 0.32, "bleu3": 0.02, "bleu4": 0.01, "rougeL": 0.0563, "rouge1": 0.0654, "rouge2": 0.0056, "exact_match": 0.0}, "loss": {"X_Y_COS": 1.0, "X_Y_MSEloss": 7.95200086334269e-11, "X_Y_test_COS": 0.902033805847168, "X_Y_test_MSEloss": 0.0003701774694491178, "X_Y_val_COS": 0.897913932800293, "X_Y_val_MSEloss": 0.0003854043025057763}}