{"train_samples": 1000, "test_samples": 200, "source_model": "text-embedding-ada-002", "source_dim": 1536, "target_dim": 512, "test_results": {"bleu": 0.83, "bleu1": 17.22, "bleu2": 1.77, "bleu3": 0.21, "bleu4": 0.08, "rougeL": 0.1251, "rouge1": 0.1438, "rouge2": 0.0146, "exact_match": 0.0}, "loss": {"X_Y_COS": 1.0, "X_Y_MSEloss": 4.059469340539357e-12, "X_Y_test_COS": 0.1377512663602829, "X_Y_test_MSEloss": 0.004731403198093176, "X_Y_val_COS": -0.01950865611433983, "X_Y_val_MSEloss": 0.00553857022896409}}