{"train_samples": 30, "test_samples": 200, "source_model": "google/mt5-base", "source_dim": 768, "target_dim": 512, "test_results": {"bleu": 0.15, "bleu1": 9.35, "bleu2": 0.09, "bleu3": 0.03, "bleu4": 0.02, "rougeL": 0.054, "rouge1": 0.0619, "rouge2": 0.0011, "exact_match": 0.0}, "loss": {"X_Y_COS": 0.9999999403953552, "X_Y_MSEloss": 2.2879571570655344e-09, "X_Y_test_COS": 0.8531613945960999, "X_Y_test_MSEloss": 0.0011089482577517629, "X_Y_val_COS": 0.8445364832878113, "X_Y_val_MSEloss": 0.0012015524553135037}}