{"train_samples": 5, "test_samples": 200, "source_model": "sentence-transformers/all-MiniLM-L6-v2", "source_dim": 384, "target_dim": 512, "test_results": {"bleu": 0.26, "bleu1": 17.29, "bleu2": 0.78, "bleu3": 0.03, "bleu4": 0.01, "rougeL": 0.1079, "rouge1": 0.1373, "rouge2": 0.0081, "exact_match": 0.0}, "loss": {"X_Y_COS": 1.0, "X_Y_MSEloss": 2.1906135488480166e-16, "X_Y_test_COS": 0.7959244251251221, "X_Y_test_MSEloss": 0.0008405184489674866, "X_Y_val_COS": 0.7914442420005798, "X_Y_val_MSEloss": 0.0008374759345315397}}