{"train_samples": 40, "test_samples": 200, "source_model": "intfloat/multilingual-e5-base", "source_dim": 768, "target_dim": 512, "test_results": {"bleu": 0.33, "bleu1": 14.97, "bleu2": 0.93, "bleu3": 0.13, "bleu4": 0.01, "rougeL": 0.0791, "rouge1": 0.0921, "rouge2": 0.0124, "exact_match": 0.0}, "loss": {"X_Y_COS": 1.0, "X_Y_MSEloss": 1.8033854574592278e-12, "X_Y_test_COS": 0.8905419707298279, "X_Y_test_MSEloss": 0.0004037826438434422, "X_Y_val_COS": 0.8889411687850952, "X_Y_val_MSEloss": 0.00040938667370937765}}