{"train_samples": 30, "test_samples": 200, "source_model": "intfloat/multilingual-e5-base", "source_dim": 768, "target_dim": 512, "test_results": {"bleu": 10.88, "bleu1": 25.84, "bleu2": 9.49, "bleu3": 7.92, "bleu4": 7.21, "rougeL": 0.2006, "rouge1": 0.2409, "rouge2": 0.0951, "exact_match": 0.0}, "loss": {"X_Y_COS": 1.0, "X_Y_MSEloss": 3.4219363453935614e-11, "X_Y_test_COS": 0.9003868103027344, "X_Y_test_MSEloss": 0.0008366318652406335, "X_Y_val_COS": 0.8977203965187073, "X_Y_val_MSEloss": 0.0008600702858529985}}