{"train_samples": 30, "test_samples": 200, "source_model": "google/mt5-base", "source_dim": 768, "target_dim": 512, "test_results": {"bleu": 0.82, "bleu1": 17.46, "bleu2": 1.6, "bleu3": 0.38, "bleu4": 0.17, "rougeL": 0.0717, "rouge1": 0.0814, "rouge2": 0.0101, "exact_match": 0.0}, "loss": {"X_Y_COS": 1.0, "X_Y_MSEloss": 5.075117843339472e-13, "X_Y_test_COS": 0.9085749387741089, "X_Y_test_MSEloss": 0.00034013515687547624, "X_Y_val_COS": 0.9064218997955322, "X_Y_val_MSEloss": 0.0003509541566018015}}