{"train_samples": 100, "test_samples": 200, "source_model": "text-embedding-ada-002", "source_dim": 1536, "target_dim": 512, "test_results": {"bleu": 0.16, "bleu1": 10.82, "bleu2": 0.18, "bleu3": 0.03, "bleu4": 0.02, "rougeL": 0.0127, "rouge1": 0.013, "rouge2": 0.0, "exact_match": 0.0}, "loss": {"X_Y_COS": 1.0, "X_Y_MSEloss": 5.1246101112623066e-11, "X_Y_test_COS": 0.908179759979248, "X_Y_test_MSEloss": 0.0003435519174672663, "X_Y_val_COS": 0.9047876000404358, "X_Y_val_MSEloss": 0.00035598091199062765}}