{"train_samples": 10, "test_samples": 200, "source_model": "google/flan-t5-base", "source_dim": 768, "target_dim": 512, "test_results": {"bleu": 0.1, "bleu1": 8.67, "bleu2": 0.06, "bleu3": 0.02, "bleu4": 0.01, "rougeL": 0.1984, "rouge1": 0.2752, "rouge2": 0.0139, "exact_match": 0.0}, "loss": {"X_Y_COS": 1.0, "X_Y_MSEloss": 1.0815437595805468e-14, "X_Y_test_COS": 0.8728539943695068, "X_Y_test_MSEloss": 0.0004670761409215629, "X_Y_val_COS": 0.8741590976715088, "X_Y_val_MSEloss": 0.0004636375524569303}}