{"train_samples": 1000, "test_samples": 200, "source_model": "google-t5/t5-base", "source_dim": 768, "target_dim": 512, "test_results": {"bleu": 0.42, "bleu1": 18.51, "bleu2": 0.94, "bleu3": 0.09, "bleu4": 0.03, "rougeL": 0.0875, "rouge1": 0.0979, "rouge2": 0.0049, "exact_match": 0.0}, "loss": {"X_Y_COS": 0.9507462382316589, "X_Y_MSEloss": 0.00018821329285856336, "X_Y_test_COS": 0.903596043586731, "X_Y_test_MSEloss": 0.0003642439842224121, "X_Y_val_COS": 0.9022129774093628, "X_Y_val_MSEloss": 0.00036896701203659177}}