{"train_samples": 1000, "test_samples": 200, "source_model": "random", "source_dim": 768, "target_dim": 512, "test_results": {"bleu": 0.15, "bleu1": 10.62, "bleu2": 0.39, "bleu3": 0.02, "bleu4": 0.01, "rougeL": 0.0626, "rouge1": 0.0737, "rouge2": 0.0033, "exact_match": 0.0}, "loss": {"X_Y_COS": 0.877253532409668, "X_Y_MSEloss": 0.0004999091033823788, "X_Y_test_COS": 0.043128836899995804, "X_Y_test_MSEloss": 0.008446449413895607, "X_Y_val_COS": 0.08987218886613846, "X_Y_val_MSEloss": 0.007734640035778284}}