{"train_samples": 5, "test_samples": 200, "source_model": "intfloat/multilingual-e5-base", "source_dim": 768, "target_dim": 512, "test_results": {"bleu": 0.4, "bleu1": 17.91, "bleu2": 0.91, "bleu3": 0.06, "bleu4": 0.03, "rougeL": 0.1292, "rouge1": 0.1661, "rouge2": 0.0092, "exact_match": 0.0}, "loss": {"X_Y_COS": 1.0, "X_Y_MSEloss": 1.5724143873492276e-15, "X_Y_test_COS": 0.9154934883117676, "X_Y_test_MSEloss": 0.0005644526099786162, "X_Y_val_COS": 0.9163580536842346, "X_Y_val_MSEloss": 0.0005504010478034616}}