{"train_samples": 1000, "test_samples": 200, "source_model": "google/mt5-base", "source_dim": 768, "target_dim": 512, "test_results": {"bleu": 0.85, "bleu1": 8.47, "bleu2": 0.66, "bleu3": 0.42, "bleu4": 0.24, "rougeL": 0.0452, "rouge1": 0.0498, "rouge2": 0.0019, "exact_match": 0.0}, "loss": {"X_Y_COS": 0.9047402739524841, "X_Y_MSEloss": 0.00045264841173775494, "X_Y_test_COS": 0.050688181072473526, "X_Y_test_MSEloss": 0.007673987187445164, "X_Y_val_COS": 0.10989145189523697, "X_Y_val_MSEloss": 0.006790637969970703}}