{"train_samples": 100, "test_samples": 200, "source_model": "text-embedding-ada-002", "source_dim": 1536, "target_dim": 512, "test_results": {"bleu": 0.36, "bleu1": 15.77, "bleu2": 0.65, "bleu3": 0.06, "bleu4": 0.03, "rougeL": 0.0681, "rouge1": 0.0817, "rouge2": 0.0064, "exact_match": 0.0}, "loss": {"X_Y_COS": 1.0, "X_Y_MSEloss": 6.190804813233086e-11, "X_Y_test_COS": 0.8808758854866028, "X_Y_test_MSEloss": 0.00044051615986973047, "X_Y_val_COS": 0.8754045963287354, "X_Y_val_MSEloss": 0.0004597874649334699}}