{"train_samples": 20, "test_samples": 200, "source_model": "google/flan-t5-base", "source_dim": 768, "target_dim": 512, "test_results": {"bleu": 0.21, "bleu1": 13.8, "bleu2": 0.34, "bleu3": 0.03, "bleu4": 0.02, "rougeL": 0.056, "rouge1": 0.0666, "rouge2": 0.0068, "exact_match": 0.0}, "loss": {"X_Y_COS": 1.0, "X_Y_MSEloss": 3.0511132611724763e-15, "X_Y_test_COS": 0.8789437413215637, "X_Y_test_MSEloss": 0.0004463566292542964, "X_Y_val_COS": 0.8749570250511169, "X_Y_val_MSEloss": 0.0004598919185809791}}