{"train_samples": 1000, "test_samples": 200, "source_model": "sentence-transformers/gtr-t5-base", "source_dim": 768, "target_dim": 512, "test_results": {"bleu": 0.13, "bleu1": 10.15, "bleu2": 0.07, "bleu3": 0.04, "bleu4": 0.02, "rougeL": 0.0195, "rouge1": 0.021, "rouge2": 0.0, "exact_match": 0.0}, "loss": {"X_Y_COS": 0.9617335200309753, "X_Y_MSEloss": 0.00014768244000151753, "X_Y_test_COS": 0.8696491718292236, "X_Y_test_MSEloss": 0.0005005275597795844, "X_Y_val_COS": 0.8645131587982178, "X_Y_val_MSEloss": 0.0005281998310238123}}