{"train_samples": 30, "test_samples": 200, "source_model": "google-bert/bert-base-multilingual-cased", "source_dim": 768, "target_dim": 512, "test_results": {"bleu": 0.91, "bleu1": 20.57, "bleu2": 1.84, "bleu3": 0.3, "bleu4": 0.07, "rougeL": 0.133, "rouge1": 0.1725, "rouge2": 0.0152, "exact_match": 0.0}, "loss": {"X_Y_COS": 1.0, "X_Y_MSEloss": 1.047209533173478e-14, "X_Y_test_COS": 0.8869653344154358, "X_Y_test_MSEloss": 0.00042217402369715273, "X_Y_val_COS": 0.890442967414856, "X_Y_val_MSEloss": 0.0004124674014747143}}