{"train_samples": 1000, "test_samples": 200, "source_model": "google-t5/t5-base", "source_dim": 768, "target_dim": 512, "test_results": {"bleu": 0.2, "bleu1": 10.33, "bleu2": 0.3, "bleu3": 0.03, "bleu4": 0.02, "rougeL": 0.0646, "rouge1": 0.0718, "rouge2": 0.0027, "exact_match": 0.0}, "loss": {"X_Y_COS": 0.8749348521232605, "X_Y_MSEloss": 0.0005157626583240926, "X_Y_test_COS": -0.04322132095694542, "X_Y_test_MSEloss": 0.009168202988803387, "X_Y_val_COS": 0.1031489372253418, "X_Y_val_MSEloss": 0.007314884569495916}}