{"train_samples": 50, "test_samples": 200, "source_model": "sentence-transformers/gtr-t5-base", "source_dim": 768, "target_dim": 512, "test_results": {"bleu": 0.2, "bleu1": 21.02, "bleu2": 0.94, "bleu3": 0.01, "bleu4": 0.01, "rougeL": 0.1347, "rouge1": 0.1721, "rouge2": 0.011, "exact_match": 0.0}, "loss": {"X_Y_COS": 1.0, "X_Y_MSEloss": 5.341624562918597e-14, "X_Y_test_COS": 0.8740240931510925, "X_Y_test_MSEloss": 0.0004648336907848716, "X_Y_val_COS": 0.8777633309364319, "X_Y_val_MSEloss": 0.0004527259443420917}}