{"train_samples": 5, "test_samples": 200, "source_model": "text-embedding-ada-002", "source_dim": 1536, "target_dim": 512, "test_results": {"bleu": 0.03, "bleu1": 6.59, "bleu2": 0.03, "bleu3": 0.02, "bleu4": 0.01, "rougeL": 0.0057, "rouge1": 0.0057, "rouge2": 0.0, "exact_match": 0.0}, "loss": {"X_Y_COS": 1.0, "X_Y_MSEloss": 1.4520938865873463e-15, "X_Y_test_COS": 0.8681022524833679, "X_Y_test_MSEloss": 0.0004810082318726927, "X_Y_val_COS": 0.8672523498535156, "X_Y_val_MSEloss": 0.0004842892521992326}}