{"train_samples": 30, "test_samples": 200, "source_model": "google/mt5-base", "source_dim": 768, "target_dim": 512, "test_results": {"bleu": 0.46, "bleu1": 15.69, "bleu2": 0.7, "bleu3": 0.19, "bleu4": 0.1, "rougeL": 0.0601, "rouge1": 0.0655, "rouge2": 0.0033, "exact_match": 0.0}, "loss": {"X_Y_COS": 1.0, "X_Y_MSEloss": 1.9815030692649227e-12, "X_Y_test_COS": 0.8808333873748779, "X_Y_test_MSEloss": 0.0008237290312536061, "X_Y_val_COS": 0.8844377994537354, "X_Y_val_MSEloss": 0.0007822465850040317}}