{"train_samples": 50, "test_samples": 200, "source_model": "google-bert/bert-base-multilingual-cased", "source_dim": 768, "target_dim": 512, "test_results": {"bleu": 0.24, "bleu1": 17.75, "bleu2": 1.21, "bleu3": 0.02, "bleu4": 0.01, "rougeL": 0.136, "rouge1": 0.1538, "rouge2": 0.0131, "exact_match": 0.0}, "loss": {"X_Y_COS": 1.0, "X_Y_MSEloss": 1.2114186606973498e-13, "X_Y_test_COS": 0.9212162494659424, "X_Y_test_MSEloss": 0.0003035006520804018, "X_Y_val_COS": 0.925227165222168, "X_Y_val_MSEloss": 0.0002893501950893551}}