{"train_samples": 50, "test_samples": 200, "source_model": "google-t5/t5-base", "source_dim": 768, "target_dim": 512, "test_results": {"bleu": 0.21, "bleu1": 19.66, "bleu2": 1.07, "bleu3": 0.02, "bleu4": 0.01, "rougeL": 0.1396, "rouge1": 0.1838, "rouge2": 0.0099, "exact_match": 0.0}, "loss": {"X_Y_COS": 1.0, "X_Y_MSEloss": 4.831971953632441e-13, "X_Y_test_COS": 0.9333707690238953, "X_Y_test_MSEloss": 0.0002527078613638878, "X_Y_val_COS": 0.9337579607963562, "X_Y_val_MSEloss": 0.0002511371858417988}}