{"train_samples": 50, "test_samples": 200, "source_model": "google-t5/t5-base", "source_dim": 768, "target_dim": 512, "test_results": {"bleu": 0.2, "bleu1": 19.08, "bleu2": 1.0, "bleu3": 0.02, "bleu4": 0.01, "rougeL": 0.1429, "rouge1": 0.1856, "rouge2": 0.0112, "exact_match": 0.0}, "loss": {"X_Y_COS": 1.0, "X_Y_MSEloss": 1.9164801446118138e-14, "X_Y_test_COS": 0.9348304867744446, "X_Y_test_MSEloss": 0.0004367018409539014, "X_Y_val_COS": 0.9359545111656189, "X_Y_val_MSEloss": 0.0004266038304194808}}