{"train_samples": 50, "test_samples": 200, "source_model": "text-embedding-ada-002", "source_dim": 1536, "target_dim": 512, "test_results": {"bleu": 0.37, "bleu1": 20.48, "bleu2": 0.94, "bleu3": 0.09, "bleu4": 0.02, "rougeL": 0.1313, "rouge1": 0.1655, "rouge2": 0.0095, "exact_match": 0.0}, "loss": {"X_Y_COS": 1.0, "X_Y_MSEloss": 8.071336025754217e-13, "X_Y_test_COS": 0.8843023777008057, "X_Y_test_MSEloss": 0.0004260242567397654, "X_Y_val_COS": 0.8856900334358215, "X_Y_val_MSEloss": 0.0004213182255625725}}