{"train_samples": 1, "test_samples": 200, "source_model": "google-bert/bert-base-multilingual-cased", "source_dim": 768, "target_dim": 512, "test_results": {"bleu": 0.24, "bleu1": 20.81, "bleu2": 0.92, "bleu3": 0.02, "bleu4": 0.01, "rougeL": 0.1255, "rouge1": 0.1281, "rouge2": 0.0097, "exact_match": 0.0}, "loss": {"X_Y_COS": 1.0000001192092896, "X_Y_MSEloss": 2.996494988546743e-16, "X_Y_test_COS": 0.8362520337104797, "X_Y_test_MSEloss": 0.0008481636177748442, "X_Y_val_COS": 0.8410896062850952, "X_Y_val_MSEloss": 0.0008342200890183449}}