{"train_samples": 3, "test_samples": 200, "source_model": "google/flan-t5-base", "source_dim": 768, "target_dim": 512, "test_results": {"bleu": 8.1, "bleu1": 22.99, "bleu2": 7.94, "bleu3": 6.76, "bleu4": 6.25, "rougeL": 0.1633, "rouge1": 0.1838, "rouge2": 0.0683, "exact_match": 0.0}, "loss": {"X_Y_COS": 1.0, "X_Y_MSEloss": 1.7270333774188629e-10, "X_Y_test_COS": 0.8758714199066162, "X_Y_test_MSEloss": 0.001224987325258553, "X_Y_val_COS": 0.8754391074180603, "X_Y_val_MSEloss": 0.001228311681188643}}