{"train_samples": 10, "test_samples": 200, "source_model": "google/mt5-base", "source_dim": 768, "target_dim": 512, "test_results": {"bleu": 0.07, "bleu1": 7.65, "bleu2": 0.03, "bleu3": 0.02, "bleu4": 0.01, "rougeL": 0.0156, "rouge1": 0.0168, "rouge2": 0.0004, "exact_match": 0.0}, "loss": {"X_Y_COS": 1.0, "X_Y_MSEloss": 1.914187974794146e-10, "X_Y_test_COS": 0.8586918711662292, "X_Y_test_MSEloss": 0.0011758353793993592, "X_Y_val_COS": 0.8530213832855225, "X_Y_val_MSEloss": 0.001243838807567954}}