{"train_samples": 20, "test_samples": 200, "source_model": "sentence-transformers/gtr-t5-base", "source_dim": 768, "target_dim": 512, "test_results": {"bleu": 0.17, "bleu1": 14.19, "bleu2": 0.63, "bleu3": 0.02, "bleu4": 0.01, "rougeL": 0.0955, "rouge1": 0.1257, "rouge2": 0.0067, "exact_match": 0.0}, "loss": {"X_Y_COS": 1.0, "X_Y_MSEloss": 7.330803343107584e-16, "X_Y_test_COS": 0.902452826499939, "X_Y_test_MSEloss": 0.00037309114122763276, "X_Y_val_COS": 0.9034383893013, "X_Y_val_MSEloss": 0.0003733005723915994}}