{"train_samples": 1000, "test_samples": 200, "source_model": "sentence-transformers/gtr-t5-base", "source_dim": 768, "target_dim": 512, "test_results": {"bleu": 25.12, "bleu1": 41.76, "bleu2": 25.3, "bleu3": 21.64, "bleu4": 19.8, "rougeL": 0.3722, "rouge1": 0.4177, "rouge2": 0.258, "exact_match": 0.0}, "loss": {"X_Y_COS": 0.9791301488876343, "X_Y_MSEloss": 0.00018035343964584172, "X_Y_test_COS": 0.875542938709259, "X_Y_test_MSEloss": 0.0011382632656022906, "X_Y_val_COS": 0.8602932691574097, "X_Y_val_MSEloss": 0.0013000562321394682}}