{"train_samples": 30, "test_samples": 200, "source_model": "sentence-transformers/all-MiniLM-L6-v2", "source_dim": 384, "target_dim": 512, "test_results": {"bleu": 0.24, "bleu1": 14.79, "bleu2": 1.15, "bleu3": 0.02, "bleu4": 0.01, "rougeL": 0.1292, "rouge1": 0.1488, "rouge2": 0.0112, "exact_match": 0.0}, "loss": {"X_Y_COS": 1.0, "X_Y_MSEloss": 3.358425284765809e-15, "X_Y_test_COS": 0.9216216802597046, "X_Y_test_MSEloss": 0.0006779727409593761, "X_Y_val_COS": 0.9238174557685852, "X_Y_val_MSEloss": 0.0006593091529794037}}