{"train_samples": 1000, "test_samples": 200, "source_model": "google/flan-t5-base", "source_dim": 768, "target_dim": 512, "test_results": {"bleu": 0.43, "bleu1": 18.57, "bleu2": 0.93, "bleu3": 0.09, "bleu4": 0.03, "rougeL": 0.0817, "rouge1": 0.0907, "rouge2": 0.0066, "exact_match": 0.0}, "loss": {"X_Y_COS": 0.9608080983161926, "X_Y_MSEloss": 0.0001508354616817087, "X_Y_test_COS": 0.893376886844635, "X_Y_test_MSEloss": 0.00040900101885199547, "X_Y_val_COS": 0.895650327205658, "X_Y_val_MSEloss": 0.00039724772796034813}}