{"train_samples": 40, "test_samples": 200, "source_model": "text-embedding-3-large", "source_dim": 3072, "target_dim": 512, "test_results": {"bleu": 0.13, "bleu1": 10.07, "bleu2": 0.24, "bleu3": 0.02, "bleu4": 0.01, "rougeL": 0.0544, "rouge1": 0.0625, "rouge2": 0.0096, "exact_match": 0.0}, "loss": {"X_Y_COS": 1.0, "X_Y_MSEloss": 2.4386694920386365e-12, "X_Y_test_COS": 0.8692660927772522, "X_Y_test_MSEloss": 0.0010093303862959146, "X_Y_val_COS": 0.8635970950126648, "X_Y_val_MSEloss": 0.0010865975636988878}}