{"train_samples": 10, "test_samples": 200, "source_model": "text-embedding-ada-002", "source_dim": 1536, "target_dim": 512, "test_results": {"bleu": 0.04, "bleu1": 7.99, "bleu2": 0.02, "bleu3": 0.01, "bleu4": 0.01, "rougeL": 0.0154, "rouge1": 0.0154, "rouge2": 0.0, "exact_match": 0.0}, "loss": {"X_Y_COS": 1.0, "X_Y_MSEloss": 1.9793540417811784e-10, "X_Y_test_COS": 0.8568503260612488, "X_Y_test_MSEloss": 0.0011500103864818811, "X_Y_val_COS": 0.8536679148674011, "X_Y_val_MSEloss": 0.00119503284804523}}