{"train_samples": 20, "test_samples": 200, "source_model": "sentence-transformers/all-MiniLM-L6-v2", "source_dim": 384, "target_dim": 512, "test_results": {"bleu": 0.11, "bleu1": 8.78, "bleu2": 0.08, "bleu3": 0.02, "bleu4": 0.01, "rougeL": 0.0033, "rouge1": 0.0033, "rouge2": 0.0, "exact_match": 0.0}, "loss": {"X_Y_COS": 1.0, "X_Y_MSEloss": 2.8792324884826864e-15, "X_Y_test_COS": 0.8118976950645447, "X_Y_test_MSEloss": 0.0006794179789721966, "X_Y_val_COS": 0.8070893883705139, "X_Y_val_MSEloss": 0.0006836777902208269}}