{"train_samples": 1000, "test_samples": 200, "source_model": "random", "source_dim": 768, "target_dim": 512, "test_results": {"bleu": 0.15, "bleu1": 10.36, "bleu2": 0.36, "bleu3": 0.02, "bleu4": 0.01, "rougeL": 0.0661, "rouge1": 0.0747, "rouge2": 0.0028, "exact_match": 0.0}, "loss": {"X_Y_COS": 0.9010280966758728, "X_Y_MSEloss": 0.000444069184595719, "X_Y_test_COS": -0.028316287323832512, "X_Y_test_MSEloss": 0.008476746268570423, "X_Y_val_COS": -0.02186502330005169, "X_Y_val_MSEloss": 0.00923308078199625}}