{"train_samples": 40, "test_samples": 200, "source_model": "google-bert/bert-base-multilingual-cased", "source_dim": 768, "target_dim": 512, "test_results": {"bleu": 0.09, "bleu1": 11.23, "bleu2": 0.08, "bleu3": 0.02, "bleu4": 0.01, "rougeL": 0.0127, "rouge1": 0.0146, "rouge2": 0.0, "exact_match": 0.0}, "loss": {"X_Y_COS": 1.0, "X_Y_MSEloss": 4.1880365841961975e-10, "X_Y_test_COS": 0.9113131761550903, "X_Y_test_MSEloss": 0.0007992404280230403, "X_Y_val_COS": 0.913063645362854, "X_Y_val_MSEloss": 0.0008106965105980635}}