{"train_samples": 5, "test_samples": 200, "source_model": "google/mt5-base", "source_dim": 768, "target_dim": 512, "test_results": {"bleu": 0.58, "bleu1": 18.6, "bleu2": 1.19, "bleu3": 0.14, "bleu4": 0.05, "rougeL": 0.1103, "rouge1": 0.1367, "rouge2": 0.0105, "exact_match": 0.0}, "loss": {"X_Y_COS": 1.0, "X_Y_MSEloss": 2.0173462900174854e-10, "X_Y_test_COS": 0.8548438549041748, "X_Y_test_MSEloss": 0.001110842335037887, "X_Y_val_COS": 0.8631972074508667, "X_Y_val_MSEloss": 0.0010516372276470065}}