{"train_samples": 10, "test_samples": 200, "source_model": "text-embedding-3-large", "source_dim": 3072, "target_dim": 512, "test_results": {"bleu": 0.11, "bleu1": 11.38, "bleu2": 0.16, "bleu3": 0.02, "bleu4": 0.01, "rougeL": 0.0083, "rouge1": 0.0083, "rouge2": 0.0, "exact_match": 0.0}, "loss": {"X_Y_COS": 1.0, "X_Y_MSEloss": 1.874410999677667e-12, "X_Y_test_COS": 0.9102882742881775, "X_Y_test_MSEloss": 0.0010614757193252444, "X_Y_val_COS": 0.9054926633834839, "X_Y_val_MSEloss": 0.001119651715271175}}