{"train_samples": 10, "test_samples": 200, "source_model": "text-embedding-3-large", "source_dim": 3072, "target_dim": 512, "test_results": {"bleu": 0.04, "bleu1": 11.76, "bleu2": 0.02, "bleu3": 0.01, "bleu4": 0.01, "rougeL": 0.0057, "rouge1": 0.0061, "rouge2": 0.0, "exact_match": 0.0}, "loss": {"X_Y_COS": 1.0, "X_Y_MSEloss": 2.1728903108690064e-16, "X_Y_test_COS": 0.8895174860954285, "X_Y_test_MSEloss": 0.0004989375593140721, "X_Y_val_COS": 0.8842607140541077, "X_Y_val_MSEloss": 0.0005090493359602988}}