{"train_samples": 1, "test_samples": 200, "source_model": "google-t5/t5-base", "source_dim": 768, "target_dim": 512, "test_results": {"bleu": 0.04, "bleu1": 8.67, "bleu2": 0.01, "bleu3": 0.01, "bleu4": 0.0, "rougeL": 0.0, "rouge1": 0.0, "rouge2": 0.0, "exact_match": 0.0}, "loss": {"X_Y_COS": 1.0, "X_Y_MSEloss": 4.3294146217080797e-16, "X_Y_test_COS": 0.8364881873130798, "X_Y_test_MSEloss": 0.0006770394393242896, "X_Y_val_COS": 0.8385536074638367, "X_Y_val_MSEloss": 0.0006746583967469633}}