{"train_samples": 7000, "test_samples": 200, "source_model": "sentence-transformers/gtr-t5-base", "source_dim": 768, "target_dim": 512, "test_results": {"bleu": 0.24, "bleu1": 17.07, "bleu2": 1.09, "bleu3": 0.02, "bleu4": 0.01, "rougeL": 0.143, "rouge1": 0.1655, "rouge2": 0.0117, "exact_match": 0.0}, "loss": {"X_Y_COS": 0.9520841240882874, "X_Y_MSEloss": 0.00018403222202323377, "X_Y_test_COS": 0.9417219161987305, "X_Y_test_MSEloss": 0.0002222254261141643, "X_Y_val_COS": 0.9443376064300537, "X_Y_val_MSEloss": 0.0002126160979969427}}