{"train_samples": 30, "test_samples": 200, "source_model": "text-embedding-ada-002", "source_dim": 1536, "target_dim": 512, "test_results": {"bleu": 0.17, "bleu1": 14.57, "bleu2": 0.6, "bleu3": 0.02, "bleu4": 0.01, "rougeL": 0.1086, "rouge1": 0.1415, "rouge2": 0.0061, "exact_match": 0.0}, "loss": {"X_Y_COS": 1.0, "X_Y_MSEloss": 2.261027905973035e-14, "X_Y_test_COS": 0.9117846488952637, "X_Y_test_MSEloss": 0.0005905544385313988, "X_Y_val_COS": 0.914878785610199, "X_Y_val_MSEloss": 0.0005661975592374802}}