{"train_samples": 30, "test_samples": 200, "source_model": "text-embedding-ada-002", "source_dim": 1536, "target_dim": 512, "test_results": {"bleu": 0.4, "bleu1": 16.32, "bleu2": 0.91, "bleu3": 0.06, "bleu4": 0.03, "rougeL": 0.1181, "rouge1": 0.1567, "rouge2": 0.0086, "exact_match": 0.0}, "loss": {"X_Y_COS": 1.0, "X_Y_MSEloss": 3.04943922760717e-14, "X_Y_test_COS": 0.9294693470001221, "X_Y_test_MSEloss": 0.000265955226495862, "X_Y_val_COS": 0.9293955564498901, "X_Y_val_MSEloss": 0.00026623738813214004}}