{"train_samples": 100, "test_samples": 200, "source_model": "google-bert/bert-base-multilingual-cased", "source_dim": 768, "target_dim": 512, "test_results": {"bleu": 0.51, "bleu1": 16.37, "bleu2": 0.9, "bleu3": 0.14, "bleu4": 0.09, "rougeL": 0.0583, "rouge1": 0.0663, "rouge2": 0.0054, "exact_match": 0.0}, "loss": {"X_Y_COS": 0.9999998211860657, "X_Y_MSEloss": 4.92990803735438e-09, "X_Y_test_COS": 0.8586638569831848, "X_Y_test_MSEloss": 0.0013045422965660691, "X_Y_val_COS": 0.8559093475341797, "X_Y_val_MSEloss": 0.001352244638837874}}