{"train_samples": 40, "test_samples": 200, "source_model": "sentence-transformers/gtr-t5-base", "source_dim": 768, "target_dim": 512, "test_results": {"bleu": 0.8, "bleu1": 18.56, "bleu2": 1.31, "bleu3": 0.31, "bleu4": 0.08, "rougeL": 0.1188, "rouge1": 0.1559, "rouge2": 0.0162, "exact_match": 0.0}, "loss": {"X_Y_COS": 1.0, "X_Y_MSEloss": 1.8613963148617074e-10, "X_Y_test_COS": 0.8776850700378418, "X_Y_test_MSEloss": 0.0009688354912213981, "X_Y_val_COS": 0.8812167048454285, "X_Y_val_MSEloss": 0.0009308357257395983}}