{"train_samples": 5, "test_samples": 200, "source_model": "google/flan-t5-base", "source_dim": 768, "target_dim": 512, "test_results": {"bleu": 0.2, "bleu1": 17.52, "bleu2": 0.76, "bleu3": 0.02, "bleu4": 0.01, "rougeL": 0.1266, "rouge1": 0.147, "rouge2": 0.0108, "exact_match": 0.0}, "loss": {"X_Y_COS": 1.0, "X_Y_MSEloss": 3.488132234072248e-16, "X_Y_test_COS": 0.9149787425994873, "X_Y_test_MSEloss": 0.00035463093081489205, "X_Y_val_COS": 0.9146182537078857, "X_Y_val_MSEloss": 0.0003548290114849806}}