{"train_samples": 5, "test_samples": 200, "source_model": "google/flan-t5-base", "source_dim": 768, "target_dim": 512, "test_results": {"bleu": 0.39, "bleu1": 16.91, "bleu2": 0.76, "bleu3": 0.06, "bleu4": 0.03, "rougeL": 0.127, "rouge1": 0.1647, "rouge2": 0.0083, "exact_match": 0.0}, "loss": {"X_Y_COS": 1.0, "X_Y_MSEloss": 9.548770762195995e-16, "X_Y_test_COS": 0.9141790866851807, "X_Y_test_MSEloss": 0.0005913425702601671, "X_Y_val_COS": 0.9153313636779785, "X_Y_val_MSEloss": 0.0005826506530866027}}