{"train_samples": 1000, "test_samples": 200, "source_model": "sentence-transformers/gtr-t5-base", "source_dim": 768, "target_dim": 512, "test_results": {"bleu": 1.15, "bleu1": 9.71, "bleu2": 1.06, "bleu3": 0.61, "bleu4": 0.31, "rougeL": 0.0454, "rouge1": 0.0498, "rouge2": 0.0012, "exact_match": 0.0}, "loss": {"X_Y_COS": 0.908251166343689, "X_Y_MSEloss": 0.000440015341155231, "X_Y_test_COS": 0.07524805516004562, "X_Y_test_MSEloss": 0.007400058209896088, "X_Y_val_COS": 0.02077580615878105, "X_Y_val_MSEloss": 0.008163251914083958}}