{"train_samples": 3, "test_samples": 200, "source_model": "sentence-transformers/all-MiniLM-L6-v2", "source_dim": 384, "target_dim": 512, "test_results": {"bleu": 0.94, "bleu1": 14.64, "bleu2": 0.84, "bleu3": 0.39, "bleu4": 0.17, "rougeL": 0.0591, "rouge1": 0.0691, "rouge2": 0.0044, "exact_match": 0.0}, "loss": {"X_Y_COS": 1.0000001192092896, "X_Y_MSEloss": 1.9031496247912203e-16, "X_Y_test_COS": 0.552203357219696, "X_Y_test_MSEloss": 0.0014569424092769623, "X_Y_val_COS": 0.5641720294952393, "X_Y_val_MSEloss": 0.0014436212368309498}}