{"train_samples": 500, "test_samples": 200, "source_model": "google-t5/t5-base", "source_dim": 768, "target_dim": 512, "test_results": {"bleu": 0.38, "bleu1": 19.72, "bleu2": 0.99, "bleu3": 0.08, "bleu4": 0.04, "rougeL": 0.1087, "rouge1": 0.129, "rouge2": 0.0029, "exact_match": 0.0}, "loss": {"X_Y_COS": 0.9866634607315063, "X_Y_MSEloss": 6.948329973965883e-05, "X_Y_test_COS": 0.9222292304039001, "X_Y_test_MSEloss": 0.0004199676914140582, "X_Y_val_COS": 0.9227356314659119, "X_Y_val_MSEloss": 0.0004108691937290132}}