{"train_samples": 50, "test_samples": 200, "source_model": "google-t5/t5-base", "source_dim": 768, "target_dim": 512, "test_results": {"bleu": 0.11, "bleu1": 9.48, "bleu2": 0.16, "bleu3": 0.02, "bleu4": 0.01, "rougeL": 0.0847, "rouge1": 0.0963, "rouge2": 0.0023, "exact_match": 0.0}, "loss": {"X_Y_COS": 0.9999911189079285, "X_Y_MSEloss": 3.545983418007381e-08, "X_Y_test_COS": 0.7785456776618958, "X_Y_test_MSEloss": 0.0008231928804889321, "X_Y_val_COS": 0.7798001170158386, "X_Y_val_MSEloss": 0.0008175756083801389}}