{"train_samples": 1000, "test_samples": 200, "source_model": "google-bert/bert-base-multilingual-cased", "source_dim": 768, "target_dim": 512, "test_results": {"bleu": 1.18, "bleu1": 8.64, "bleu2": 1.18, "bleu3": 0.66, "bleu4": 0.35, "rougeL": 0.0458, "rouge1": 0.0509, "rouge2": 0.0029, "exact_match": 0.0}, "loss": {"X_Y_COS": 0.9037867784500122, "X_Y_MSEloss": 0.00044738472206518054, "X_Y_test_COS": 0.0004681485879700631, "X_Y_test_MSEloss": 0.007963109761476517, "X_Y_val_COS": -0.08929818868637085, "X_Y_val_MSEloss": 0.008831879124045372}}