{"train_samples": 50, "test_samples": 200, "source_model": "intfloat/multilingual-e5-base", "source_dim": 768, "target_dim": 512, "test_results": {"bleu": 0.2, "bleu1": 12.92, "bleu2": 0.33, "bleu3": 0.04, "bleu4": 0.02, "rougeL": 0.0537, "rouge1": 0.0641, "rouge2": 0.0072, "exact_match": 0.0}, "loss": {"X_Y_COS": 1.0, "X_Y_MSEloss": 3.3687328100662217e-12, "X_Y_test_COS": 0.9156308770179749, "X_Y_test_MSEloss": 0.00031654370832256973, "X_Y_val_COS": 0.9151448011398315, "X_Y_val_MSEloss": 0.0003185296372976154}}