{"train_samples": 30, "test_samples": 200, "source_model": "text-embedding-ada-002", "source_dim": 1536, "target_dim": 512, "test_results": {"bleu": 0.07, "bleu1": 8.18, "bleu2": 0.03, "bleu3": 0.02, "bleu4": 0.01, "rougeL": 0.0044, "rouge1": 0.0044, "rouge2": 0.0008, "exact_match": 0.0}, "loss": {"X_Y_COS": 1.0, "X_Y_MSEloss": 3.30964808781687e-14, "X_Y_test_COS": 0.9055830836296082, "X_Y_test_MSEloss": 0.00035123361158184707, "X_Y_val_COS": 0.9054650664329529, "X_Y_val_MSEloss": 0.00035143381683155894}}