{"epoch": 0, "dev_acc": 49.5, "test_acc": 50.5, "test_f1": 50.74999999999999, "test_roc": 48.309999999999995}