{"train_samples": 1000, "test_samples": 200, "source_model": "random", "source_dim": 768, "target_dim": 512, "test_results": {"bleu": 0.25, "bleu1": 7.1, "bleu2": 0.25, "bleu3": 0.08, "bleu4": 0.03, "rougeL": 0.0493, "rouge1": 0.0533, "rouge2": 0.0022, "exact_match": 0.0}, "loss": {"X_Y_COS": 0.8956302404403687, "X_Y_MSEloss": 0.0004639667458832264, "X_Y_test_COS": -0.035799164324998856, "X_Y_test_MSEloss": 0.008622127585113049, "X_Y_val_COS": -0.01972806081175804, "X_Y_val_MSEloss": 0.008502960205078125}}