{"train_samples": 1000, "test_samples": 200, "source_model": "google/mt5-base", "source_dim": 768, "target_dim": 512, "test_results": {"bleu": 0.71, "bleu1": 13.6, "bleu2": 1.17, "bleu3": 0.23, "bleu4": 0.07, "rougeL": 0.127, "rouge1": 0.1479, "rouge2": 0.0134, "exact_match": 0.0}, "loss": {"X_Y_COS": 0.97391277551651, "X_Y_MSEloss": 0.00012840911222156137, "X_Y_test_COS": 0.5261920690536499, "X_Y_test_MSEloss": 0.0014655333943665028, "X_Y_val_COS": 0.4497360587120056, "X_Y_val_MSEloss": 0.0015628691762685776}}