{"train_samples": 3, "test_samples": 200, "source_model": "text-embedding-3-large", "source_dim": 3072, "target_dim": 512, "test_results": {"bleu": 0.79, "bleu1": 15.24, "bleu2": 0.89, "bleu3": 0.25, "bleu4": 0.11, "rougeL": 0.0881, "rouge1": 0.0977, "rouge2": 0.0048, "exact_match": 0.0}, "loss": {"X_Y_COS": 1.0, "X_Y_MSEloss": 9.152138055523512e-17, "X_Y_test_COS": 0.8186643719673157, "X_Y_test_MSEloss": 0.0012878794223070145, "X_Y_val_COS": 0.8163117170333862, "X_Y_val_MSEloss": 0.001282544806599617}}