{"train_samples": 20, "test_samples": 200, "source_model": "text-embedding-ada-002", "source_dim": 1536, "target_dim": 512, "test_results": {"bleu": 0.1, "bleu1": 9.84, "bleu2": 0.11, "bleu3": 0.01, "bleu4": 0.01, "rougeL": 0.0093, "rouge1": 0.0093, "rouge2": 0.0, "exact_match": 0.0}, "loss": {"X_Y_COS": 1.0, "X_Y_MSEloss": 1.080333180092331e-14, "X_Y_test_COS": 0.9066007733345032, "X_Y_test_MSEloss": 0.00034808675991371274, "X_Y_val_COS": 0.9057872295379639, "X_Y_val_MSEloss": 0.0003509867237880826}}