{"train_samples": 10, "test_samples": 200, "source_model": "sentence-transformers/all-MiniLM-L6-v2", "source_dim": 384, "target_dim": 512, "test_results": {"bleu": 0.15, "bleu1": 11.06, "bleu2": 0.39, "bleu3": 0.03, "bleu4": 0.02, "rougeL": 0.0903, "rouge1": 0.099, "rouge2": 0.0036, "exact_match": 0.0}, "loss": {"X_Y_COS": 1.0, "X_Y_MSEloss": 3.8291206143348244e-12, "X_Y_test_COS": 0.8747627139091492, "X_Y_test_MSEloss": 0.0010065793758258224, "X_Y_val_COS": 0.8803660273551941, "X_Y_val_MSEloss": 0.0010109895374625921}}