{"train_samples": 1, "test_samples": 200, "source_model": "random", "source_dim": 768, "target_dim": 512, "test_results": {"bleu": 0.79, "bleu1": 9.74, "bleu2": 1.03, "bleu3": 0.42, "bleu4": 0.1, "rougeL": 0.0447, "rouge1": 0.0494, "rouge2": 0.002, "exact_match": 0.0}, "loss": {"X_Y_COS": 1.0000001192092896, "X_Y_MSEloss": 3.5737010905906536e-16, "X_Y_test_COS": 0.09865035861730576, "X_Y_test_MSEloss": 0.0019420563476160169, "X_Y_val_COS": 0.1117197796702385, "X_Y_val_MSEloss": 0.0019477646565064788}}