{"train_samples": 1000, "test_samples": 200, "source_model": "google-bert/bert-base-multilingual-cased", "source_dim": 768, "target_dim": 512, "test_results": {"bleu": 1.96, "bleu1": 27.44, "bleu2": 3.83, "bleu3": 0.88, "bleu4": 0.16, "rougeL": 0.2019, "rouge1": 0.2583, "rouge2": 0.0487, "exact_match": 0.0}, "loss": {"X_Y_COS": 0.9521476626396179, "X_Y_MSEloss": 0.00018342683324590325, "X_Y_test_COS": 0.9260976910591125, "X_Y_test_MSEloss": 0.00028226792346686125, "X_Y_val_COS": 0.9225082397460938, "X_Y_val_MSEloss": 0.0002962597063742578}}