{"train_samples": 40, "test_samples": 200, "source_model": "sentence-transformers/all-MiniLM-L6-v2", "source_dim": 384, "target_dim": 512, "test_results": {"bleu": 1.02, "bleu1": 20.37, "bleu2": 1.89, "bleu3": 0.36, "bleu4": 0.1, "rougeL": 0.1289, "rouge1": 0.1647, "rouge2": 0.0214, "exact_match": 0.0}, "loss": {"X_Y_COS": 1.0, "X_Y_MSEloss": 5.2415194987066524e-15, "X_Y_test_COS": 0.8072097301483154, "X_Y_test_MSEloss": 0.0007075542234815657, "X_Y_val_COS": 0.8052542209625244, "X_Y_val_MSEloss": 0.00071435869904235}}