{"train_samples": 20, "test_samples": 200, "source_model": "google/mt5-base", "source_dim": 768, "target_dim": 512, "test_results": {"bleu": 0.25, "bleu1": 14.96, "bleu2": 1.29, "bleu3": 0.02, "bleu4": 0.01, "rougeL": 0.133, "rouge1": 0.1554, "rouge2": 0.013, "exact_match": 0.0}, "loss": {"X_Y_COS": 1.0, "X_Y_MSEloss": 2.599391437434705e-15, "X_Y_test_COS": 0.9290253520011902, "X_Y_test_MSEloss": 0.0005602090968750417, "X_Y_val_COS": 0.9305408596992493, "X_Y_val_MSEloss": 0.0005509802140295506}}