{"train_samples": 3, "test_samples": 200, "source_model": "google-t5/t5-base", "source_dim": 768, "target_dim": 512, "test_results": {"bleu": 0.22, "bleu1": 12.58, "bleu2": 1.01, "bleu3": 0.02, "bleu4": 0.01, "rougeL": 0.1203, "rouge1": 0.136, "rouge2": 0.0101, "exact_match": 0.0}, "loss": {"X_Y_COS": 1.0, "X_Y_MSEloss": 1.644915007799157e-15, "X_Y_test_COS": 0.9192357659339905, "X_Y_test_MSEloss": 0.0006073457188904285, "X_Y_val_COS": 0.9193092584609985, "X_Y_val_MSEloss": 0.0006095915450714529}}