{"train_samples": 1, "test_samples": 200, "source_model": "sentence-transformers/all-MiniLM-L6-v2", "source_dim": 384, "target_dim": 512, "test_results": {"bleu": 0.08, "bleu1": 12.87, "bleu2": 0.08, "bleu3": 0.02, "bleu4": 0.01, "rougeL": 0.0189, "rouge1": 0.0192, "rouge2": 0.0, "exact_match": 0.0}, "loss": {"X_Y_COS": 1.0, "X_Y_MSEloss": 2.0099276569132815e-16, "X_Y_test_COS": 0.6878079771995544, "X_Y_test_MSEloss": 0.0016350849764421582, "X_Y_val_COS": 0.6528424024581909, "X_Y_val_MSEloss": 0.001650473102927208}}