{"train_samples": 1000, "test_samples": 200, "source_model": "text-embedding-3-large", "source_dim": 3072, "target_dim": 512, "test_results": {"bleu": 0.08, "bleu1": 12.93, "bleu2": 0.04, "bleu3": 0.02, "bleu4": 0.01, "rougeL": 0.0163, "rouge1": 0.0169, "rouge2": 0.0003, "exact_match": 0.0}, "loss": {"X_Y_COS": 0.9900634288787842, "X_Y_MSEloss": 3.941904287785292e-05, "X_Y_test_COS": 0.8835374116897583, "X_Y_test_MSEloss": 0.0004491637519095093, "X_Y_val_COS": 0.8816320896148682, "X_Y_val_MSEloss": 0.00045713025610893965}}