{"train_samples": 1000, "test_samples": 200, "source_model": "text-embedding-3-large", "source_dim": 3072, "target_dim": 512, "test_results": {"bleu": 0.07, "bleu1": 8.78, "bleu2": 0.04, "bleu3": 0.02, "bleu4": 0.01, "rougeL": 0.0077, "rouge1": 0.0081, "rouge2": 0.0004, "exact_match": 0.0}, "loss": {"X_Y_COS": 0.9915782809257507, "X_Y_MSEloss": 7.605511200381443e-05, "X_Y_test_COS": 0.8525099754333496, "X_Y_test_MSEloss": 0.001376416184939444, "X_Y_val_COS": 0.8486363291740417, "X_Y_val_MSEloss": 0.0014517286326736212}}