{"train_samples": 3, "test_samples": 200, "source_model": "google/mt5-base", "source_dim": 768, "target_dim": 512, "test_results": {"bleu": 0.13, "bleu1": 14.03, "bleu2": 0.54, "bleu3": 0.01, "bleu4": 0.01, "rougeL": 0.0667, "rouge1": 0.0697, "rouge2": 0.003, "exact_match": 0.0}, "loss": {"X_Y_COS": 1.0, "X_Y_MSEloss": 3.0646815640800185e-10, "X_Y_test_COS": 0.8809773325920105, "X_Y_test_MSEloss": 0.0011560461716726422, "X_Y_val_COS": 0.8861234784126282, "X_Y_val_MSEloss": 0.0011404153192415833}}