{"train_samples": 1000, "test_samples": 200, "source_model": "sentence-transformers/gtr-t5-base", "source_dim": 768, "target_dim": 512, "test_results": {"bleu": 0.76, "bleu1": 17.65, "bleu2": 1.68, "bleu3": 0.25, "bleu4": 0.06, "rougeL": 0.1239, "rouge1": 0.1427, "rouge2": 0.0136, "exact_match": 0.0}, "loss": {"X_Y_COS": 0.9018120169639587, "X_Y_MSEloss": 0.0004512568993959576, "X_Y_test_COS": -0.01180250383913517, "X_Y_test_MSEloss": 0.009055329486727715, "X_Y_val_COS": -0.10703958570957184, "X_Y_val_MSEloss": 0.009659407660365105}}