{"train_samples": 5, "test_samples": 200, "source_model": "text-embedding-3-large", "source_dim": 3072, "target_dim": 512, "test_results": {"bleu": 0.16, "bleu1": 12.93, "bleu2": 0.7, "bleu3": 0.02, "bleu4": 0.01, "rougeL": 0.1037, "rouge1": 0.1349, "rouge2": 0.0069, "exact_match": 0.0}, "loss": {"X_Y_COS": 1.0, "X_Y_MSEloss": 9.872858538007495e-17, "X_Y_test_COS": 0.881955623626709, "X_Y_test_MSEloss": 0.0008972574723884463, "X_Y_val_COS": 0.8824597001075745, "X_Y_val_MSEloss": 0.0008872372563928366}}