{"train_samples": 40, "test_samples": 200, "source_model": "google-bert/bert-base-multilingual-cased", "source_dim": 768, "target_dim": 512, "test_results": {"bleu": 0.11, "bleu1": 8.34, "bleu2": 0.14, "bleu3": 0.02, "bleu4": 0.01, "rougeL": 0.0623, "rouge1": 0.0704, "rouge2": 0.0005, "exact_match": 0.0}, "loss": {"X_Y_COS": 1.0, "X_Y_MSEloss": 1.1210216782631122e-13, "X_Y_test_COS": 0.8837887644767761, "X_Y_test_MSEloss": 0.00043152086436748505, "X_Y_val_COS": 0.8861042857170105, "X_Y_val_MSEloss": 0.0004231635248288512}}