{"train_samples": 20, "test_samples": 200, "source_model": "text-embedding-3-large", "source_dim": 3072, "target_dim": 512, "test_results": {"bleu": 0.21, "bleu1": 13.83, "bleu2": 0.68, "bleu3": 0.02, "bleu4": 0.01, "rougeL": 0.1035, "rouge1": 0.1122, "rouge2": 0.0075, "exact_match": 0.0}, "loss": {"X_Y_COS": 1.0, "X_Y_MSEloss": 2.7318165154688833e-16, "X_Y_test_COS": 0.906096875667572, "X_Y_test_MSEloss": 0.0004071204166393727, "X_Y_val_COS": 0.9083331823348999, "X_Y_val_MSEloss": 0.00039357205969281495}}