{"train_samples": 40, "test_samples": 200, "source_model": "google/flan-t5-base", "source_dim": 768, "target_dim": 512, "test_results": {"bleu": 0.47, "bleu1": 14.43, "bleu2": 1.01, "bleu3": 0.25, "bleu4": 0.07, "rougeL": 0.0635, "rouge1": 0.0724, "rouge2": 0.0073, "exact_match": 0.0}, "loss": {"X_Y_COS": 1.0, "X_Y_MSEloss": 1.633185638593923e-13, "X_Y_test_COS": 0.9057424068450928, "X_Y_test_MSEloss": 0.0006940376479178667, "X_Y_val_COS": 0.8994081616401672, "X_Y_val_MSEloss": 0.0007417234010063112}}