{"train_samples": 500, "test_samples": 200, "source_model": "google-t5/t5-base", "source_dim": 768, "target_dim": 512, "test_results": {"bleu": 27.94, "bleu1": 46.53, "bleu2": 28.25, "bleu3": 23.74, "bleu4": 21.17, "rougeL": 0.4091, "rouge1": 0.4593, "rouge2": 0.2869, "exact_match": 0.0}, "loss": {"X_Y_COS": 0.9923251271247864, "X_Y_MSEloss": 3.051847670576535e-05, "X_Y_test_COS": 0.9308741688728333, "X_Y_test_MSEloss": 0.0002752897853497416, "X_Y_val_COS": 0.92496258020401, "X_Y_val_MSEloss": 0.0002948304172605276}}