{"train_samples": 500, "test_samples": 200, "source_model": "google-bert/bert-base-multilingual-cased", "source_dim": 768, "target_dim": 512, "test_results": {"bleu": 0.12, "bleu1": 13.52, "bleu2": 0.14, "bleu3": 0.01, "bleu4": 0.01, "rougeL": 0.0196, "rouge1": 0.0212, "rouge2": 0.0, "exact_match": 0.0}, "loss": {"X_Y_COS": 0.9725696444511414, "X_Y_MSEloss": 0.0001064651514752768, "X_Y_test_COS": 0.8560162782669067, "X_Y_test_MSEloss": 0.0005617261631414294, "X_Y_val_COS": 0.856657862663269, "X_Y_val_MSEloss": 0.0005565530154854059}}