{"train_samples": 50, "test_samples": 200, "source_model": "google-t5/t5-base", "source_dim": 768, "target_dim": 512, "test_results": {"bleu": 1.27, "bleu1": 25.23, "bleu2": 2.53, "bleu3": 0.38, "bleu4": 0.13, "rougeL": 0.1474, "rouge1": 0.2003, "rouge2": 0.0246, "exact_match": 0.0}, "loss": {"X_Y_COS": 1.0, "X_Y_MSEloss": 6.193894138903366e-13, "X_Y_test_COS": 0.8619785904884338, "X_Y_test_MSEloss": 0.0005052970955148339, "X_Y_val_COS": 0.8597335815429688, "X_Y_val_MSEloss": 0.0005139553686603904}}