{"train_samples": 40, "test_samples": 200, "source_model": "google-bert/bert-base-multilingual-cased", "source_dim": 768, "target_dim": 512, "test_results": {"bleu": 0.24, "bleu1": 17.39, "bleu2": 1.19, "bleu3": 0.02, "bleu4": 0.01, "rougeL": 0.1286, "rouge1": 0.148, "rouge2": 0.0117, "exact_match": 0.0}, "loss": {"X_Y_COS": 1.0, "X_Y_MSEloss": 3.898905531112343e-14, "X_Y_test_COS": 0.9242872595787048, "X_Y_test_MSEloss": 0.0002922499261330813, "X_Y_val_COS": 0.928093671798706, "X_Y_val_MSEloss": 0.0002789361751638353}}