{"train_samples": 1000, "test_samples": 200, "source_model": "text-embedding-3-large", "source_dim": 3072, "target_dim": 512, "test_results": {"bleu": 0.8, "bleu1": 8.67, "bleu2": 1.03, "bleu3": 0.4, "bleu4": 0.14, "rougeL": 0.0421, "rouge1": 0.0462, "rouge2": 0.0026, "exact_match": 0.0}, "loss": {"X_Y_COS": 1.0, "X_Y_MSEloss": 6.878704420301696e-14, "X_Y_test_COS": -0.03798159584403038, "X_Y_test_MSEloss": 0.003046633442863822, "X_Y_val_COS": -0.033207427710294724, "X_Y_val_MSEloss": 0.002870834432542324}}