{"train_samples": 5, "test_samples": 200, "source_model": "intfloat/multilingual-e5-base", "source_dim": 768, "target_dim": 512, "test_results": {"bleu": 0.05, "bleu1": 9.26, "bleu2": 0.02, "bleu3": 0.01, "bleu4": 0.01, "rougeL": 0.1037, "rouge1": 0.1145, "rouge2": 0.0074, "exact_match": 0.0}, "loss": {"X_Y_COS": 1.0, "X_Y_MSEloss": 5.58257975013832e-16, "X_Y_test_COS": 0.7823154330253601, "X_Y_test_MSEloss": 0.00075923977419734, "X_Y_val_COS": 0.7851507663726807, "X_Y_val_MSEloss": 0.0007504377863369882}}