{"train_samples": 20, "test_samples": 200, "source_model": "sentence-transformers/gtr-t5-base", "source_dim": 768, "target_dim": 512, "test_results": {"bleu": 0.04, "bleu1": 7.15, "bleu2": 0.02, "bleu3": 0.01, "bleu4": 0.0, "rougeL": 0.046, "rouge1": 0.0511, "rouge2": 0.0, "exact_match": 0.0}, "loss": {"X_Y_COS": 1.0, "X_Y_MSEloss": 1.1965941272237303e-15, "X_Y_test_COS": 0.8473330736160278, "X_Y_test_MSEloss": 0.0005620524170808494, "X_Y_val_COS": 0.8416233062744141, "X_Y_val_MSEloss": 0.0005778885679319501}}