{"train_samples": 7000, "test_samples": 200, "source_model": "google/mt5-base", "source_dim": 768, "target_dim": 512, "test_results": {"bleu": 0.21, "bleu1": 14.35, "bleu2": 0.28, "bleu3": 0.03, "bleu4": 0.02, "rougeL": 0.071, "rouge1": 0.0812, "rouge2": 0.0066, "exact_match": 0.0}, "loss": {"X_Y_COS": 0.9391584992408752, "X_Y_MSEloss": 0.00023256904387380928, "X_Y_test_COS": 0.9311546683311462, "X_Y_test_MSEloss": 0.0002627830835990608, "X_Y_val_COS": 0.927558422088623, "X_Y_val_MSEloss": 0.0002750570420175791}}