{"train_samples": 3, "test_samples": 200, "source_model": "text-embedding-3-large", "source_dim": 3072, "target_dim": 512, "test_results": {"bleu": 0.05, "bleu1": 12.43, "bleu2": 0.01, "bleu3": 0.01, "bleu4": 0.0, "rougeL": 0.0386, "rouge1": 0.0406, "rouge2": 0.0005, "exact_match": 0.0}, "loss": {"X_Y_COS": 1.0, "X_Y_MSEloss": 9.015194003776173e-17, "X_Y_test_COS": 0.8509098887443542, "X_Y_test_MSEloss": 0.0011929563479498029, "X_Y_val_COS": 0.8530352115631104, "X_Y_val_MSEloss": 0.0011775873135775328}}