{"train_samples": 3, "test_samples": 200, "source_model": "google-t5/t5-base", "source_dim": 768, "target_dim": 512, "test_results": {"bleu": 0.1, "bleu1": 7.23, "bleu2": 0.09, "bleu3": 0.02, "bleu4": 0.01, "rougeL": 0.0013, "rouge1": 0.0013, "rouge2": 0.0, "exact_match": 0.0}, "loss": {"X_Y_COS": 1.0, "X_Y_MSEloss": 3.3220843949550473e-16, "X_Y_test_COS": 0.8718352317810059, "X_Y_test_MSEloss": 0.00047934247413650155, "X_Y_val_COS": 0.8697222471237183, "X_Y_val_MSEloss": 0.00048815677291713655}}