{"train_samples": 1000, "test_samples": 200, "source_model": "google/mt5-base", "source_dim": 768, "target_dim": 512, "test_results": {"bleu": 0.42, "bleu1": 17.51, "bleu2": 1.14, "bleu3": 0.13, "bleu4": 0.07, "rougeL": 0.0726, "rouge1": 0.084, "rouge2": 0.0091, "exact_match": 0.0}, "loss": {"X_Y_COS": 0.9663010835647583, "X_Y_MSEloss": 0.0002470412873663008, "X_Y_test_COS": 0.9314320087432861, "X_Y_test_MSEloss": 0.0005014054477214813, "X_Y_val_COS": 0.9289467930793762, "X_Y_val_MSEloss": 0.0005218982696533203}}