{"train_samples": 1000, "test_samples": 200, "source_model": "text-embedding-ada-002", "source_dim": 1536, "target_dim": 512, "test_results": {"bleu": 0.62, "bleu1": 16.45, "bleu2": 1.4, "bleu3": 0.14, "bleu4": 0.06, "rougeL": 0.1178, "rouge1": 0.1343, "rouge2": 0.0104, "exact_match": 0.0}, "loss": {"X_Y_COS": 1.0, "X_Y_MSEloss": 4.64037619093971e-12, "X_Y_test_COS": 0.02512265555560589, "X_Y_test_MSEloss": 0.005468726623803377, "X_Y_val_COS": -0.008490235544741154, "X_Y_val_MSEloss": 0.005264890845865011}}