{"train_samples": 20, "test_samples": 200, "source_model": "text-embedding-3-large", "source_dim": 3072, "target_dim": 512, "test_results": {"bleu": 0.04, "bleu1": 6.69, "bleu2": 0.02, "bleu3": 0.01, "bleu4": 0.0, "rougeL": 0.0462, "rouge1": 0.0504, "rouge2": 0.0003, "exact_match": 0.0}, "loss": {"X_Y_COS": 1.0, "X_Y_MSEloss": 4.588508765383369e-16, "X_Y_test_COS": 0.8496569395065308, "X_Y_test_MSEloss": 0.0005758707993663847, "X_Y_val_COS": 0.845357358455658, "X_Y_val_MSEloss": 0.0005863489932380617}}