{"train_samples": 3, "test_samples": 200, "source_model": "text-embedding-ada-002", "source_dim": 1536, "target_dim": 512, "test_results": {"bleu": 0.04, "bleu1": 9.77, "bleu2": 0.01, "bleu3": 0.01, "bleu4": 0.0, "rougeL": 0.0025, "rouge1": 0.0025, "rouge2": 0.0, "exact_match": 0.0}, "loss": {"X_Y_COS": 1.0000001192092896, "X_Y_MSEloss": 6.59976626402384e-16, "X_Y_test_COS": 0.8820176720619202, "X_Y_test_MSEloss": 0.0004355919954832643, "X_Y_val_COS": 0.8828490972518921, "X_Y_val_MSEloss": 0.00043269223533570766}}