{"train_samples": 20, "test_samples": 200, "source_model": "text-embedding-ada-002", "source_dim": 1536, "target_dim": 512, "test_results": {"bleu": 0.2, "bleu1": 18.03, "bleu2": 0.58, "bleu3": 0.02, "bleu4": 0.01, "rougeL": 0.1072, "rouge1": 0.1246, "rouge2": 0.0058, "exact_match": 0.0}, "loss": {"X_Y_COS": 1.0, "X_Y_MSEloss": 1.1900642655300522e-14, "X_Y_test_COS": 0.916491687297821, "X_Y_test_MSEloss": 0.0003124879440292716, "X_Y_val_COS": 0.9193934202194214, "X_Y_val_MSEloss": 0.0003024335892405361}}