{"train_samples": 40, "test_samples": 200, "source_model": "intfloat/multilingual-e5-base", "source_dim": 768, "target_dim": 512, "test_results": {"bleu": 0.83, "bleu1": 16.09, "bleu2": 1.33, "bleu3": 0.32, "bleu4": 0.21, "rougeL": 0.0781, "rouge1": 0.0926, "rouge2": 0.0101, "exact_match": 0.0}, "loss": {"X_Y_COS": 1.0, "X_Y_MSEloss": 1.907503668907573e-12, "X_Y_test_COS": 0.8671395778656006, "X_Y_test_MSEloss": 0.0004831332480534911, "X_Y_val_COS": 0.8563845157623291, "X_Y_val_MSEloss": 0.0005199862061999738}}