{"train_samples": 500, "test_samples": 200, "source_model": "google/flan-t5-base", "source_dim": 768, "target_dim": 512, "test_results": {"bleu": 1.72, "bleu1": 24.5, "bleu2": 2.91, "bleu3": 0.77, "bleu4": 0.22, "rougeL": 0.1481, "rouge1": 0.2076, "rouge2": 0.0291, "exact_match": 0.0}, "loss": {"X_Y_COS": 0.9928611516952515, "X_Y_MSEloss": 2.818364737322554e-05, "X_Y_test_COS": 0.9218084216117859, "X_Y_test_MSEloss": 0.00031096956809051335, "X_Y_val_COS": 0.9222243428230286, "X_Y_val_MSEloss": 0.00030838989187031984}}