{"train_samples": 3000, "test_samples": 200, "source_model": "google-t5/t5-base", "source_dim": 768, "target_dim": 512, "test_results": {"bleu": 34.67, "bleu1": 56.27, "bleu2": 35.99, "bleu3": 29.93, "bleu4": 26.68, "rougeL": 0.4875, "rouge1": 0.5598, "rouge2": 0.3578, "exact_match": 0.0}, "loss": {"X_Y_COS": 0.9748319983482361, "X_Y_MSEloss": 9.871117072179914e-05, "X_Y_test_COS": 0.9628234505653381, "X_Y_test_MSEloss": 0.00014486300642602146, "X_Y_val_COS": 0.9614135026931763, "X_Y_val_MSEloss": 0.00014924976858310401}}