{"epoch": 5, "dev_acc": 32.5, "test_acc": 32.5, "test_f1": 32.440000000000005, "test_roc": 49.980000000000004}