{"train_samples": 1000, "test_samples": 200, "source_model": "google-bert/bert-base-multilingual-cased", "source_dim": 768, "target_dim": 512, "test_results": {"bleu": 0.65, "bleu1": 16.77, "bleu2": 1.85, "bleu3": 0.24, "bleu4": 0.03, "rougeL": 0.1216, "rouge1": 0.139, "rouge2": 0.0151, "exact_match": 0.0}, "loss": {"X_Y_COS": 0.9081236124038696, "X_Y_MSEloss": 0.0004420988552737981, "X_Y_test_COS": 0.0637422427535057, "X_Y_test_MSEloss": 0.008285333402454853, "X_Y_val_COS": -0.006788243073970079, "X_Y_val_MSEloss": 0.009248808957636356}}