{"train_samples": 5, "test_samples": 200, "source_model": "google-bert/bert-base-multilingual-cased", "source_dim": 768, "target_dim": 512, "test_results": {"bleu": 0.24, "bleu1": 19.91, "bleu2": 0.58, "bleu3": 0.03, "bleu4": 0.02, "rougeL": 0.1114, "rouge1": 0.1369, "rouge2": 0.0041, "exact_match": 0.0}, "loss": {"X_Y_COS": 1.0, "X_Y_MSEloss": 3.178676423028974e-16, "X_Y_test_COS": 0.8230068683624268, "X_Y_test_MSEloss": 0.0006366749876178801, "X_Y_val_COS": 0.8241735696792603, "X_Y_val_MSEloss": 0.0006320695392787457}}