{"train_samples": 40, "test_samples": 200, "source_model": "sentence-transformers/all-MiniLM-L6-v2", "source_dim": 384, "target_dim": 512, "test_results": {"bleu": 0.13, "bleu1": 10.53, "bleu2": 0.23, "bleu3": 0.02, "bleu4": 0.01, "rougeL": 0.0589, "rouge1": 0.0675, "rouge2": 0.008, "exact_match": 0.0}, "loss": {"X_Y_COS": 1.0, "X_Y_MSEloss": 2.845383928473666e-10, "X_Y_test_COS": 0.8652145266532898, "X_Y_test_MSEloss": 0.001142746303230524, "X_Y_val_COS": 0.8570535182952881, "X_Y_val_MSEloss": 0.0012104054912924767}}