{"train_samples": 10, "test_samples": 200, "source_model": "google-t5/t5-base", "source_dim": 768, "target_dim": 512, "test_results": {"bleu": 2.23, "bleu1": 17.71, "bleu2": 1.85, "bleu3": 1.05, "bleu4": 0.72, "rougeL": 0.1117, "rouge1": 0.1466, "rouge2": 0.0178, "exact_match": 0.0}, "loss": {"X_Y_COS": 0.9423066973686218, "X_Y_MSEloss": 0.0009652587468735874, "X_Y_test_COS": 0.9064695835113525, "X_Y_test_MSEloss": 0.0010719881393015385, "X_Y_val_COS": 0.9089004397392273, "X_Y_val_MSEloss": 0.0010700629791244864, "reg_lambda": 10}}