{"train_samples": 500, "test_samples": 200, "source_model": "text-embedding-ada-002", "source_dim": 1536, "target_dim": 512, "test_results": {"bleu": 0.28, "bleu1": 12.77, "bleu2": 0.51, "bleu3": 0.04, "bleu4": 0.02, "rougeL": 0.0808, "rouge1": 0.0987, "rouge2": 0.0059, "exact_match": 0.0}, "loss": {"X_Y_COS": 0.9826849102973938, "X_Y_MSEloss": 0.00014436199853662401, "X_Y_test_COS": 0.8102407455444336, "X_Y_test_MSEloss": 0.0015954311238601804, "X_Y_val_COS": 0.8123844861984253, "X_Y_val_MSEloss": 0.0015624006045982242}}