{"train_samples": 30, "test_samples": 200, "source_model": "google-t5/t5-base", "source_dim": 768, "target_dim": 512, "test_results": {"bleu": 0.44, "bleu1": 14.46, "bleu2": 0.95, "bleu3": 0.18, "bleu4": 0.07, "rougeL": 0.0692, "rouge1": 0.0813, "rouge2": 0.0089, "exact_match": 0.0}, "loss": {"X_Y_COS": 1.0, "X_Y_MSEloss": 2.7032373803065508e-14, "X_Y_test_COS": 0.9082503914833069, "X_Y_test_MSEloss": 0.0006691664457321167, "X_Y_val_COS": 0.9046981334686279, "X_Y_val_MSEloss": 0.0006952680414542556}}