{"train_samples": 1000, "test_samples": 200, "source_model": "google/flan-t5-base", "source_dim": 768, "target_dim": 512, "test_results": {"bleu": 1.94, "bleu1": 25.64, "bleu2": 3.33, "bleu3": 0.86, "bleu4": 0.24, "rougeL": 0.167, "rouge1": 0.2273, "rouge2": 0.0318, "exact_match": 0.0}, "loss": {"X_Y_COS": 0.9838337898254395, "X_Y_MSEloss": 6.339915125863627e-05, "X_Y_test_COS": 0.9407010674476624, "X_Y_test_MSEloss": 0.00023218202113639563, "X_Y_val_COS": 0.9408038258552551, "X_Y_val_MSEloss": 0.00023050598974805325}}