{"train_samples": 1000, "test_samples": 200, "source_model": "text-embedding-ada-002", "source_dim": 1536, "target_dim": 512, "test_results": {"bleu": 0.27, "bleu1": 18.71, "bleu2": 0.73, "bleu3": 0.03, "bleu4": 0.02, "rougeL": 0.1044, "rouge1": 0.1282, "rouge2": 0.0034, "exact_match": 0.0}, "loss": {"X_Y_COS": 0.965245246887207, "X_Y_MSEloss": 0.0001337852154392749, "X_Y_test_COS": 0.9255709648132324, "X_Y_test_MSEloss": 0.0002824330294970423, "X_Y_val_COS": 0.9243583679199219, "X_Y_val_MSEloss": 0.00028713911888189614}}