{"train_samples": 50, "test_samples": 200, "source_model": "google/flan-t5-base", "source_dim": 768, "target_dim": 512, "test_results": {"bleu": 0.54, "bleu1": 17.1, "bleu2": 0.85, "bleu3": 0.15, "bleu4": 0.1, "rougeL": 0.0643, "rouge1": 0.0717, "rouge2": 0.0047, "exact_match": 0.0}, "loss": {"X_Y_COS": 1.0, "X_Y_MSEloss": 6.983148326082655e-14, "X_Y_test_COS": 0.8978195190429688, "X_Y_test_MSEloss": 0.00038335390854626894, "X_Y_val_COS": 0.8944546580314636, "X_Y_val_MSEloss": 0.0003948322555515915}}