{"train_samples": 500, "test_samples": 200, "source_model": "google/mt5-base", "source_dim": 768, "target_dim": 512, "test_results": {"bleu": 0.21, "bleu1": 19.29, "bleu2": 0.92, "bleu3": 0.01, "bleu4": 0.01, "rougeL": 0.1089, "rouge1": 0.1304, "rouge2": 0.0031, "exact_match": 0.0}, "loss": {"X_Y_COS": 0.9821996688842773, "X_Y_MSEloss": 6.959636812098324e-05, "X_Y_test_COS": 0.9225533604621887, "X_Y_test_MSEloss": 0.00030014116782695055, "X_Y_val_COS": 0.9243170022964478, "X_Y_val_MSEloss": 0.00029354175785556436}}