{"train_samples": 50, "test_samples": 200, "source_model": "sentence-transformers/gtr-t5-base", "source_dim": 768, "target_dim": 512, "test_results": {"bleu": 0.75, "bleu1": 18.87, "bleu2": 1.53, "bleu3": 0.25, "bleu4": 0.11, "rougeL": 0.1263, "rouge1": 0.1536, "rouge2": 0.0141, "exact_match": 0.0}, "loss": {"X_Y_COS": 1.0, "X_Y_MSEloss": 3.713357543005426e-14, "X_Y_test_COS": 0.9142016172409058, "X_Y_test_MSEloss": 0.0005440480308607221, "X_Y_val_COS": 0.916039228439331, "X_Y_val_MSEloss": 0.0005531830247491598}}