{"train_samples": 1000, "test_samples": 200, "source_model": "intfloat/multilingual-e5-base", "source_dim": 768, "target_dim": 512, "test_results": {"bleu": 0.1, "bleu1": 9.24, "bleu2": 0.09, "bleu3": 0.02, "bleu4": 0.01, "rougeL": 0.0701, "rouge1": 0.0816, "rouge2": 0.002, "exact_match": 0.0}, "loss": {"X_Y_COS": 0.9570887684822083, "X_Y_MSEloss": 0.00016454566502943635, "X_Y_test_COS": 0.9025631546974182, "X_Y_test_MSEloss": 0.0003697140491567552, "X_Y_val_COS": 0.8996016979217529, "X_Y_val_MSEloss": 0.0003799490805249661}}