{"train_samples": 3, "test_samples": 200, "source_model": "random", "source_dim": 768, "target_dim": 512, "test_results": {"bleu": 0.13, "bleu1": 6.84, "bleu2": 0.29, "bleu3": 0.02, "bleu4": 0.01, "rougeL": 0.0435, "rouge1": 0.0484, "rouge2": 0.0028, "exact_match": 0.0}, "loss": {"X_Y_COS": 1.0, "X_Y_MSEloss": 3.6256482977567797e-16, "X_Y_test_COS": 0.06023793667554855, "X_Y_test_MSEloss": 0.0019414600683376193, "X_Y_val_COS": -0.02695012092590332, "X_Y_val_MSEloss": 0.001963749760761857}}