{"train_samples": 1000, "test_samples": 200, "source_model": "sentence-transformers/gtr-t5-base", "source_dim": 768, "target_dim": 512, "test_results": {"bleu": 0.19, "bleu1": 17.68, "bleu2": 0.66, "bleu3": 0.01, "bleu4": 0.01, "rougeL": 0.1067, "rouge1": 0.1301, "rouge2": 0.0034, "exact_match": 0.0}, "loss": {"X_Y_COS": 0.9720944166183472, "X_Y_MSEloss": 0.00010835137072717771, "X_Y_test_COS": 0.9011820554733276, "X_Y_test_MSEloss": 0.0003866545739583671, "X_Y_val_COS": 0.8997617959976196, "X_Y_val_MSEloss": 0.0003920553426723927}}