{"train_samples": 100, "test_samples": 200, "source_model": "text-embedding-3-large", "source_dim": 3072, "target_dim": 512, "test_results": {"bleu": 0.13, "bleu1": 12.04, "bleu2": 0.18, "bleu3": 0.02, "bleu4": 0.01, "rougeL": 0.0577, "rouge1": 0.0666, "rouge2": 0.0088, "exact_match": 0.0}, "loss": {"X_Y_COS": 1.0, "X_Y_MSEloss": 3.0447771582654826e-14, "X_Y_test_COS": 0.8945609927177429, "X_Y_test_MSEloss": 0.0004009953117929399, "X_Y_val_COS": 0.8915522694587708, "X_Y_val_MSEloss": 0.00041391453123651445}}