{"train_samples": 1000, "test_samples": 200, "source_model": "sentence-transformers/all-MiniLM-L6-v2", "source_dim": 384, "target_dim": 512, "test_results": {"bleu": 0.07, "bleu1": 11.53, "bleu2": 0.02, "bleu3": 0.01, "bleu4": 0.01, "rougeL": 0.0076, "rouge1": 0.008, "rouge2": 0.0, "exact_match": 0.0}, "loss": {"X_Y_COS": 0.9514581561088562, "X_Y_MSEloss": 0.00018918562273029238, "X_Y_test_COS": 0.8702338933944702, "X_Y_test_MSEloss": 0.0005011931643821299, "X_Y_val_COS": 0.8655271530151367, "X_Y_val_MSEloss": 0.0005218592705205083}}