{"train_samples": 1, "test_samples": 200, "source_model": "text-embedding-ada-002", "source_dim": 1536, "target_dim": 512, "test_results": {"bleu": 0.15, "bleu1": 12.19, "bleu2": 0.83, "bleu3": 0.01, "bleu4": 0.01, "rougeL": 0.093, "rouge1": 0.0962, "rouge2": 0.0081, "exact_match": 0.0}, "loss": {"X_Y_COS": 1.0, "X_Y_MSEloss": 3.1266758930212357e-13, "X_Y_test_COS": 0.7651021480560303, "X_Y_test_MSEloss": 0.0019459325121715665, "X_Y_val_COS": 0.769802451133728, "X_Y_val_MSEloss": 0.0019055554876103997}}