{"train_samples": 500, "test_samples": 200, "source_model": "text-embedding-ada-002", "source_dim": 1536, "target_dim": 512, "test_results": {"bleu": 0.22, "bleu1": 22.25, "bleu2": 1.22, "bleu3": 0.01, "bleu4": 0.01, "rougeL": 0.1272, "rouge1": 0.1638, "rouge2": 0.0082, "exact_match": 0.0}, "loss": {"X_Y_COS": 0.9736166000366211, "X_Y_MSEloss": 0.00010214219219051301, "X_Y_test_COS": 0.8831064701080322, "X_Y_test_MSEloss": 0.0004406204679980874, "X_Y_val_COS": 0.8851291537284851, "X_Y_val_MSEloss": 0.0004338705912232399}}