{"train_samples": 100, "test_samples": 200, "source_model": "google/flan-t5-base", "source_dim": 768, "target_dim": 512, "test_results": {"bleu": 0.12, "bleu1": 9.42, "bleu2": 0.16, "bleu3": 0.02, "bleu4": 0.01, "rougeL": 0.194, "rouge1": 0.2635, "rouge2": 0.0214, "exact_match": 0.0}, "loss": {"X_Y_COS": 0.9942200183868408, "X_Y_MSEloss": 2.2654185158899054e-05, "X_Y_test_COS": 0.8634962439537048, "X_Y_test_MSEloss": 0.000524462724570185, "X_Y_val_COS": 0.8659664988517761, "X_Y_val_MSEloss": 0.0005109354970045388}}