{"train_samples": 1000, "test_samples": 200, "source_model": "text-embedding-3-large", "source_dim": 3072, "target_dim": 512, "test_results": {"bleu": 0.15, "bleu1": 13.28, "bleu2": 0.41, "bleu3": 0.02, "bleu4": 0.01, "rougeL": 0.0409, "rouge1": 0.0426, "rouge2": 0.0027, "exact_match": 0.0}, "loss": {"X_Y_COS": 0.9973445534706116, "X_Y_MSEloss": 1.0574314728728496e-05, "X_Y_test_COS": 0.8684423565864563, "X_Y_test_MSEloss": 0.0005142819718457758, "X_Y_val_COS": 0.8644235134124756, "X_Y_val_MSEloss": 0.0005351767758838832}}