{"train_samples": 40, "test_samples": 200, "source_model": "intfloat/multilingual-e5-base", "source_dim": 768, "target_dim": 512, "test_results": {"bleu": 0.11, "bleu1": 7.75, "bleu2": 0.15, "bleu3": 0.02, "bleu4": 0.01, "rougeL": 0.0663, "rouge1": 0.0766, "rouge2": 0.0012, "exact_match": 0.0}, "loss": {"X_Y_COS": 1.0, "X_Y_MSEloss": 2.5130084645164086e-12, "X_Y_test_COS": 0.8992369174957275, "X_Y_test_MSEloss": 0.0003738801460713148, "X_Y_val_COS": 0.9003235697746277, "X_Y_val_MSEloss": 0.0003701703099068254}}