{"train_samples": 500, "test_samples": 200, "source_model": "google-bert/bert-base-multilingual-cased", "source_dim": 768, "target_dim": 512, "test_results": {"bleu": 3.15, "bleu1": 27.48, "bleu2": 4.55, "bleu3": 1.43, "bleu4": 0.63, "rougeL": 0.1919, "rouge1": 0.2679, "rouge2": 0.0502, "exact_match": 0.0}, "loss": {"X_Y_COS": 0.9719203114509583, "X_Y_MSEloss": 0.00010922818182734773, "X_Y_test_COS": 0.8645684123039246, "X_Y_test_MSEloss": 0.0005205578054301441, "X_Y_val_COS": 0.8628695607185364, "X_Y_val_MSEloss": 0.0005279613542370498}}