{"train_samples": 5, "test_samples": 200, "source_model": "text-embedding-ada-002", "source_dim": 1536, "target_dim": 512, "test_results": {"bleu": 0.24, "bleu1": 19.29, "bleu2": 0.85, "bleu3": 0.02, "bleu4": 0.01, "rougeL": 0.0984, "rouge1": 0.1242, "rouge2": 0.0072, "exact_match": 0.0}, "loss": {"X_Y_COS": 1.0, "X_Y_MSEloss": 8.980708116119898e-16, "X_Y_test_COS": 0.8175464272499084, "X_Y_test_MSEloss": 0.0006478806608356535, "X_Y_val_COS": 0.8206548690795898, "X_Y_val_MSEloss": 0.0006378120160661638}}