{"train_samples": 1, "test_samples": 200, "source_model": "intfloat/multilingual-e5-base", "source_dim": 768, "target_dim": 512, "test_results": {"bleu": 0.0, "bleu1": 0.43, "bleu2": 1.52, "bleu3": 0.86, "bleu4": 0.5, "rougeL": 0.0, "rouge1": 0.0, "rouge2": 0.0, "exact_match": 0.0}, "loss": {"X_Y_COS": 1.0, "X_Y_MSEloss": 2.961224007227482e-16, "X_Y_test_COS": 0.820550799369812, "X_Y_test_MSEloss": 0.0006370311602950096, "X_Y_val_COS": 0.8174261450767517, "X_Y_val_MSEloss": 0.0006475356058217585}}