{"train_samples": 5, "test_samples": 200, "source_model": "intfloat/multilingual-e5-base", "source_dim": 768, "target_dim": 512, "test_results": {"bleu": 1.09, "bleu1": 19.55, "bleu2": 1.32, "bleu3": 0.39, "bleu4": 0.23, "rougeL": 0.1192, "rouge1": 0.1596, "rouge2": 0.0163, "exact_match": 0.0}, "loss": {"X_Y_COS": 1.0, "X_Y_MSEloss": 4.323026669796802e-16, "X_Y_test_COS": 0.8442118763923645, "X_Y_test_MSEloss": 0.0005601643933914602, "X_Y_val_COS": 0.8422911167144775, "X_Y_val_MSEloss": 0.0005665557691827416}}