{"train_samples": 3, "test_samples": 200, "source_model": "text-embedding-3-large", "source_dim": 3072, "target_dim": 512, "test_results": {"bleu": 0.36, "bleu1": 15.36, "bleu2": 0.6, "bleu3": 0.17, "bleu4": 0.03, "rougeL": 0.0695, "rouge1": 0.074, "rouge2": 0.0078, "exact_match": 0.0}, "loss": {"X_Y_COS": 1.0, "X_Y_MSEloss": 7.998756452304482e-17, "X_Y_test_COS": 0.8324539065361023, "X_Y_test_MSEloss": 0.0012930152006447315, "X_Y_val_COS": 0.8254018425941467, "X_Y_val_MSEloss": 0.0012855611275881529}}