{"train_samples": 20, "test_samples": 200, "source_model": "text-embedding-ada-002", "source_dim": 1536, "target_dim": 512, "test_results": {"bleu": 0.17, "bleu1": 14.22, "bleu2": 0.68, "bleu3": 0.02, "bleu4": 0.01, "rougeL": 0.0969, "rouge1": 0.1234, "rouge2": 0.0069, "exact_match": 0.0}, "loss": {"X_Y_COS": 1.0, "X_Y_MSEloss": 1.2477172242717372e-14, "X_Y_test_COS": 0.9057844281196594, "X_Y_test_MSEloss": 0.00035084603587165475, "X_Y_val_COS": 0.9053179621696472, "X_Y_val_MSEloss": 0.00035259619471617043}}