{"train_samples": 1000, "test_samples": 200, "source_model": "text-embedding-ada-002", "source_dim": 1536, "target_dim": 512, "test_results": {"bleu": 0.72, "bleu1": 16.17, "bleu2": 1.72, "bleu3": 0.22, "bleu4": 0.06, "rougeL": 0.1148, "rouge1": 0.1312, "rouge2": 0.0122, "exact_match": 0.0}, "loss": {"X_Y_COS": 1.0, "X_Y_MSEloss": 3.955345165979063e-12, "X_Y_test_COS": -0.015055394731462002, "X_Y_test_MSEloss": 0.006380872800946236, "X_Y_val_COS": -0.007449815049767494, "X_Y_val_MSEloss": 0.006560840643942356}}