{"train_samples": 40, "test_samples": 200, "source_model": "google/mt5-base", "source_dim": 768, "target_dim": 512, "test_results": {"bleu": 0.36, "bleu1": 14.67, "bleu2": 0.86, "bleu3": 0.11, "bleu4": 0.03, "rougeL": 0.071, "rouge1": 0.083, "rouge2": 0.0113, "exact_match": 0.0}, "loss": {"X_Y_COS": 1.0, "X_Y_MSEloss": 7.147928082762434e-12, "X_Y_test_COS": 0.8728886842727661, "X_Y_test_MSEloss": 0.0004664250591304153, "X_Y_val_COS": 0.8726112842559814, "X_Y_val_MSEloss": 0.0004684588930103928}}