{"train_samples": 30, "test_samples": 200, "source_model": "text-embedding-3-large", "source_dim": 3072, "target_dim": 512, "test_results": {"bleu": 0.17, "bleu1": 19.43, "bleu2": 0.62, "bleu3": 0.01, "bleu4": 0.01, "rougeL": 0.105, "rouge1": 0.1249, "rouge2": 0.0035, "exact_match": 0.0}, "loss": {"X_Y_COS": 1.0, "X_Y_MSEloss": 4.2687493279323387e-16, "X_Y_test_COS": 0.8431746959686279, "X_Y_test_MSEloss": 0.0006006021867506206, "X_Y_val_COS": 0.8445631265640259, "X_Y_val_MSEloss": 0.0005903234123252332}}