{"train_samples": 3, "test_samples": 200, "source_model": "google/mt5-base", "source_dim": 768, "target_dim": 512, "test_results": {"bleu": 0.16, "bleu1": 9.03, "bleu2": 0.39, "bleu3": 0.02, "bleu4": 0.01, "rougeL": 0.0945, "rouge1": 0.1066, "rouge2": 0.0051, "exact_match": 0.0}, "loss": {"X_Y_COS": 1.0, "X_Y_MSEloss": 4.617541349046103e-16, "X_Y_test_COS": 0.8749011754989624, "X_Y_test_MSEloss": 0.0004700356221292168, "X_Y_val_COS": 0.8696578741073608, "X_Y_val_MSEloss": 0.00048276528832502663}}