{"train_samples": 1, "test_samples": 200, "source_model": "google-t5/t5-base", "source_dim": 768, "target_dim": 512, "test_results": {"bleu": 0.22, "bleu1": 15.61, "bleu2": 1.22, "bleu3": 0.03, "bleu4": 0.02, "rougeL": 0.1299, "rouge1": 0.1413, "rouge2": 0.0124, "exact_match": 0.0}, "loss": {"X_Y_COS": 0.9999999403953552, "X_Y_MSEloss": 4.632783601052825e-15, "X_Y_test_COS": 0.9081337451934814, "X_Y_test_MSEloss": 0.0007476104074157774, "X_Y_val_COS": 0.9101601243019104, "X_Y_val_MSEloss": 0.0007327081984840333}}