{"train_samples": 7000, "test_samples": 200, "source_model": "sentence-transformers/all-MiniLM-L6-v2", "source_dim": 384, "target_dim": 512, "test_results": {"bleu": 26.99, "bleu1": 44.24, "bleu2": 27.04, "bleu3": 23.08, "bleu4": 21.05, "rougeL": 0.3969, "rouge1": 0.4476, "rouge2": 0.2797, "exact_match": 0.0}, "loss": {"X_Y_COS": 0.9334028959274292, "X_Y_MSEloss": 0.0003230914007872343, "X_Y_test_COS": 0.9293190836906433, "X_Y_test_MSEloss": 0.00034753448562696576, "X_Y_val_COS": 0.9176605939865112, "X_Y_val_MSEloss": 0.00036537108826451004}}