{"train_samples": 20, "test_samples": 200, "source_model": "text-embedding-ada-002", "source_dim": 1536, "target_dim": 512, "test_results": {"bleu": 0.47, "bleu1": 15.15, "bleu2": 0.67, "bleu3": 0.11, "bleu4": 0.04, "rougeL": 0.0949, "rouge1": 0.1242, "rouge2": 0.0069, "exact_match": 0.0}, "loss": {"X_Y_COS": 1.0, "X_Y_MSEloss": 2.2264422250284355e-10, "X_Y_test_COS": 0.865323007106781, "X_Y_test_MSEloss": 0.0011148016201332211, "X_Y_val_COS": 0.866445004940033, "X_Y_val_MSEloss": 0.0010854420252144337}}