{"train_samples": 1000, "test_samples": 200, "source_model": "text-embedding-ada-002", "source_dim": 1536, "target_dim": 512, "test_results": {"bleu": 0.24, "bleu1": 10.55, "bleu2": 0.32, "bleu3": 0.06, "bleu4": 0.02, "rougeL": 0.0656, "rouge1": 0.0761, "rouge2": 0.0024, "exact_match": 0.0}, "loss": {"X_Y_COS": 1.0, "X_Y_MSEloss": 3.2071418003959407e-12, "X_Y_test_COS": 0.03357371315360069, "X_Y_test_MSEloss": 0.005416534841060638, "X_Y_val_COS": -0.011337809264659882, "X_Y_val_MSEloss": 0.005970195401459932}}