{"train_samples": 1000, "test_samples": 200, "source_model": "sentence-transformers/gtr-t5-base", "source_dim": 768, "target_dim": 512, "test_results": {"bleu": 1.55, "bleu1": 9.26, "bleu2": 1.53, "bleu3": 0.81, "bleu4": 0.5, "rougeL": 0.0486, "rouge1": 0.0535, "rouge2": 0.0034, "exact_match": 0.0}, "loss": {"X_Y_COS": 0.8995329141616821, "X_Y_MSEloss": 0.00046214176109060645, "X_Y_test_COS": 0.012926232069730759, "X_Y_test_MSEloss": 0.007604843936860561, "X_Y_val_COS": 0.024397045373916626, "X_Y_val_MSEloss": 0.008413136005401611}}