{"train_samples": 10, "test_samples": 200, "source_model": "text-embedding-ada-002", "source_dim": 1536, "target_dim": 512, "test_results": {"bleu": 0.17, "bleu1": 12.45, "bleu2": 0.17, "bleu3": 0.03, "bleu4": 0.02, "rougeL": 0.0454, "rouge1": 0.0498, "rouge2": 0.0003, "exact_match": 0.0}, "loss": {"X_Y_COS": 1.0, "X_Y_MSEloss": 1.7085972741143402e-15, "X_Y_test_COS": 0.8863945007324219, "X_Y_test_MSEloss": 0.0004195139335934073, "X_Y_val_COS": 0.8876280188560486, "X_Y_val_MSEloss": 0.0004150815075263381}}