{"train_samples": 3, "test_samples": 200, "source_model": "google-bert/bert-base-multilingual-cased", "source_dim": 768, "target_dim": 512, "test_results": {"bleu": 0.19, "bleu1": 18.34, "bleu2": 0.74, "bleu3": 0.01, "bleu4": 0.01, "rougeL": 0.0936, "rouge1": 0.1146, "rouge2": 0.0068, "exact_match": 0.0}, "loss": {"X_Y_COS": 1.0, "X_Y_MSEloss": 3.9558116820802573e-16, "X_Y_test_COS": 0.7850364446640015, "X_Y_test_MSEloss": 0.0007879385375417769, "X_Y_val_COS": 0.7836183905601501, "X_Y_val_MSEloss": 0.0007885136874392629}}