{"train_samples": 500, "test_samples": 200, "source_model": "text-embedding-ada-002", "source_dim": 1536, "target_dim": 512, "test_results": {"bleu": 0.46, "bleu1": 23.03, "bleu2": 1.96, "bleu3": 0.11, "bleu4": 0.01, "rougeL": 0.1329, "rouge1": 0.1726, "rouge2": 0.0192, "exact_match": 0.0}, "loss": {"X_Y_COS": 0.9802284240722656, "X_Y_MSEloss": 7.688729965593666e-05, "X_Y_test_COS": 0.8862768411636353, "X_Y_test_MSEloss": 0.0004315207479521632, "X_Y_val_COS": 0.8813542127609253, "X_Y_val_MSEloss": 0.0004499642818700522}}