{"train_samples": 5, "test_samples": 200, "source_model": "sentence-transformers/all-MiniLM-L6-v2", "source_dim": 384, "target_dim": 512, "test_results": {"bleu": 0.08, "bleu1": 8.25, "bleu2": 0.04, "bleu3": 0.02, "bleu4": 0.01, "rougeL": 0.0019, "rouge1": 0.0019, "rouge2": 0.0, "exact_match": 0.0}, "loss": {"X_Y_COS": 1.0000001192092896, "X_Y_MSEloss": 1.6730618596968582e-16, "X_Y_test_COS": 0.8175055384635925, "X_Y_test_MSEloss": 0.0006859651184640825, "X_Y_val_COS": 0.8124123811721802, "X_Y_val_MSEloss": 0.0006896894192323089}}