{"train_samples": 500, "test_samples": 200, "source_model": "intfloat/multilingual-e5-base", "source_dim": 768, "target_dim": 512, "test_results": {"bleu": 0.29, "bleu1": 9.07, "bleu2": 0.28, "bleu3": 0.09, "bleu4": 0.03, "rougeL": 0.0091, "rouge1": 0.0094, "rouge2": 0.0011, "exact_match": 0.0}, "loss": {"X_Y_COS": 0.9768564105033875, "X_Y_MSEloss": 9.000177669804543e-05, "X_Y_test_COS": 0.9050607085227966, "X_Y_test_MSEloss": 0.00036593800177797675, "X_Y_val_COS": 0.9030918478965759, "X_Y_val_MSEloss": 0.0003714609192684293}}