{"train_samples": 500, "test_samples": 200, "source_model": "google/mt5-base", "source_dim": 768, "target_dim": 512, "test_results": {"bleu": 0.1, "bleu1": 13.95, "bleu2": 0.08, "bleu3": 0.02, "bleu4": 0.01, "rougeL": 0.017, "rouge1": 0.0184, "rouge2": 0.0, "exact_match": 0.0}, "loss": {"X_Y_COS": 0.9735091328620911, "X_Y_MSEloss": 0.00015500900917686522, "X_Y_test_COS": 0.8890998363494873, "X_Y_test_MSEloss": 0.0006446048500947654, "X_Y_val_COS": 0.8810754418373108, "X_Y_val_MSEloss": 0.0007129136938601732}}