{"epoch": 1, "dev_acc": 55.00000000000001, "test_acc": 54.0, "test_f1": 55.769999999999996, "test_roc": 52.980000000000004}