{"train_samples": 50, "test_samples": 200, "source_model": "text-embedding-3-large", "source_dim": 3072, "target_dim": 512, "test_results": {"bleu": 0.09, "bleu1": 8.84, "bleu2": 0.08, "bleu3": 0.02, "bleu4": 0.01, "rougeL": 0.085, "rouge1": 0.0975, "rouge2": 0.0017, "exact_match": 0.0}, "loss": {"X_Y_COS": 1.0, "X_Y_MSEloss": 3.5130318792875315e-15, "X_Y_test_COS": 0.8108798861503601, "X_Y_test_MSEloss": 0.0006772581837140024, "X_Y_val_COS": 0.8155168890953064, "X_Y_val_MSEloss": 0.0006626001559197903}}