{"train_samples": 20, "test_samples": 200, "source_model": "google-t5/t5-base", "source_dim": 768, "target_dim": 512, "test_results": {"bleu": 1.47, "bleu1": 20.88, "bleu2": 1.93, "bleu3": 0.5, "bleu4": 0.23, "rougeL": 0.1307, "rouge1": 0.1722, "rouge2": 0.0181, "exact_match": 0.0}, "loss": {"X_Y_COS": 1.0, "X_Y_MSEloss": 1.2914141717129289e-15, "X_Y_test_COS": 0.8468614220619202, "X_Y_test_MSEloss": 0.0005536096869036555, "X_Y_val_COS": 0.8530181646347046, "X_Y_val_MSEloss": 0.0005337751354090869}}