{"train_samples": 1000, "test_samples": 200, "source_model": "random", "source_dim": 768, "target_dim": 512, "test_results": {"bleu": 0.95, "bleu1": 8.6, "bleu2": 0.96, "bleu3": 0.51, "bleu4": 0.2, "rougeL": 0.0446, "rouge1": 0.048, "rouge2": 0.0006, "exact_match": 0.0}, "loss": {"X_Y_COS": 0.9122081398963928, "X_Y_MSEloss": 0.0004223858704790473, "X_Y_test_COS": -0.017490806058049202, "X_Y_test_MSEloss": 0.007668575271964073, "X_Y_val_COS": 0.03271761164069176, "X_Y_val_MSEloss": 0.007354941219091415}}