{"train_samples": 50, "test_samples": 200, "source_model": "google/mt5-base", "source_dim": 768, "target_dim": 512, "test_results": {"bleu": 0.17, "bleu1": 15.27, "bleu2": 0.73, "bleu3": 0.02, "bleu4": 0.01, "rougeL": 0.0974, "rouge1": 0.1171, "rouge2": 0.0037, "exact_match": 0.0}, "loss": {"X_Y_COS": 1.0, "X_Y_MSEloss": 3.0597242517416134e-09, "X_Y_test_COS": 0.9300654530525208, "X_Y_test_MSEloss": 0.0005362026859074831, "X_Y_val_COS": 0.9287698268890381, "X_Y_val_MSEloss": 0.0005322852521203458}}