{"epoch": 0, "dev_acc": 53.5, "test_acc": 56.49999999999999, "test_f1": 54.449999999999996, "test_roc": 55.92}