{"train_samples": 100, "test_samples": 200, "source_model": "google-bert/bert-base-multilingual-cased", "source_dim": 768, "target_dim": 512, "test_results": {"bleu": 0.25, "bleu1": 16.58, "bleu2": 1.4, "bleu3": 0.02, "bleu4": 0.01, "rougeL": 0.1427, "rouge1": 0.1571, "rouge2": 0.0153, "exact_match": 0.0}, "loss": {"X_Y_COS": 1.0, "X_Y_MSEloss": 1.8084461743872113e-14, "X_Y_test_COS": 0.9113849401473999, "X_Y_test_MSEloss": 0.0006712949252687395, "X_Y_val_COS": 0.9147241115570068, "X_Y_val_MSEloss": 0.0006491075619123876}}