{"train_samples": 100, "test_samples": 200, "source_model": "google/mt5-base", "source_dim": 768, "target_dim": 512, "test_results": {"bleu": 0.19, "bleu1": 21.51, "bleu2": 1.08, "bleu3": 0.02, "bleu4": 0.01, "rougeL": 0.1086, "rouge1": 0.1328, "rouge2": 0.0056, "exact_match": 0.0}, "loss": {"X_Y_COS": 0.9999995231628418, "X_Y_MSEloss": 2.078802907590216e-09, "X_Y_test_COS": 0.8509666323661804, "X_Y_test_MSEloss": 0.000552101933863014, "X_Y_val_COS": 0.8482255339622498, "X_Y_val_MSEloss": 0.0005621682503260672}}