{"train_samples": 10, "test_samples": 200, "source_model": "text-embedding-3-large", "source_dim": 3072, "target_dim": 512, "test_results": {"bleu": 0.13, "bleu1": 15.06, "bleu2": 0.24, "bleu3": 0.02, "bleu4": 0.01, "rougeL": 0.0739, "rouge1": 0.0851, "rouge2": 0.0014, "exact_match": 0.0}, "loss": {"X_Y_COS": 1.0, "X_Y_MSEloss": 1.4291885010370343e-16, "X_Y_test_COS": 0.9002380967140198, "X_Y_test_MSEloss": 0.0006329549942165613, "X_Y_val_COS": 0.8994327187538147, "X_Y_val_MSEloss": 0.0006258879438973963}}