{"train_samples": 3, "test_samples": 200, "source_model": "random", "source_dim": 768, "target_dim": 512, "test_results": {"bleu": 0.37, "bleu1": 13.76, "bleu2": 1.27, "bleu3": 0.09, "bleu4": 0.01, "rougeL": 0.1206, "rouge1": 0.1372, "rouge2": 0.0087, "exact_match": 0.0}, "loss": {"X_Y_COS": 1.0, "X_Y_MSEloss": 4.438926452667404e-16, "X_Y_test_COS": 0.017466876655817032, "X_Y_test_MSEloss": 0.0019674000795930624, "X_Y_val_COS": 0.052943211048841476, "X_Y_val_MSEloss": 0.001953636994585395}}