{"train_samples": 1000, "test_samples": 200, "source_model": "google-t5/t5-base", "source_dim": 768, "target_dim": 512, "test_results": {"bleu": 0.56, "bleu1": 8.85, "bleu2": 0.51, "bleu3": 0.22, "bleu4": 0.1, "rougeL": 0.0473, "rouge1": 0.0532, "rouge2": 0.0024, "exact_match": 0.0}, "loss": {"X_Y_COS": 0.8978988528251648, "X_Y_MSEloss": 0.0004665016895160079, "X_Y_test_COS": 0.006781635340303183, "X_Y_test_MSEloss": 0.009215423837304115, "X_Y_val_COS": -0.07598979026079178, "X_Y_val_MSEloss": 0.009565548039972782}}