{"train_samples": 3, "test_samples": 200, "source_model": "google-bert/bert-base-multilingual-cased", "source_dim": 768, "target_dim": 512, "test_results": {"bleu": 0.08, "bleu1": 8.01, "bleu2": 0.05, "bleu3": 0.01, "bleu4": 0.01, "rougeL": 0.0326, "rouge1": 0.0355, "rouge2": 0.0, "exact_match": 0.0}, "loss": {"X_Y_COS": 1.0, "X_Y_MSEloss": 3.5341999737932453e-16, "X_Y_test_COS": 0.8800090551376343, "X_Y_test_MSEloss": 0.0004997377982363105, "X_Y_val_COS": 0.8818711638450623, "X_Y_val_MSEloss": 0.0004942389205098152}}