{"train_samples": 3, "test_samples": 200, "source_model": "intfloat/multilingual-e5-base", "source_dim": 768, "target_dim": 512, "test_results": {"bleu": 0.23, "bleu1": 12.99, "bleu2": 1.1, "bleu3": 0.02, "bleu4": 0.01, "rougeL": 0.1232, "rouge1": 0.14, "rouge2": 0.0108, "exact_match": 0.0}, "loss": {"X_Y_COS": 1.0, "X_Y_MSEloss": 2.7441569914169904e-15, "X_Y_test_COS": 0.9205991625785828, "X_Y_test_MSEloss": 0.0006000020075589418, "X_Y_val_COS": 0.9207761883735657, "X_Y_val_MSEloss": 0.0005985865136608481}}