{"train_samples": 500, "test_samples": 200, "source_model": "google/flan-t5-base", "source_dim": 768, "target_dim": 512, "test_results": {"bleu": 0.38, "bleu1": 16.25, "bleu2": 1.1, "bleu3": 0.09, "bleu4": 0.02, "rougeL": 0.1028, "rouge1": 0.1249, "rouge2": 0.0086, "exact_match": 0.0}, "loss": {"X_Y_COS": 0.9905209541320801, "X_Y_MSEloss": 5.846177737112157e-05, "X_Y_test_COS": 0.8831993341445923, "X_Y_test_MSEloss": 0.0007519370992667973, "X_Y_val_COS": 0.8865095376968384, "X_Y_val_MSEloss": 0.0007286103209480643}}