{"train_samples": 50, "test_samples": 200, "source_model": "google/mt5-base", "source_dim": 768, "target_dim": 512, "test_results": {"bleu": 0.37, "bleu1": 19.27, "bleu2": 1.4, "bleu3": 0.04, "bleu4": 0.02, "rougeL": 0.1391, "rouge1": 0.1658, "rouge2": 0.0132, "exact_match": 0.0}, "loss": {"X_Y_COS": 1.0, "X_Y_MSEloss": 3.939975082301039e-12, "X_Y_test_COS": 0.9279380440711975, "X_Y_test_MSEloss": 0.00027415083604864776, "X_Y_val_COS": 0.9276819229125977, "X_Y_val_MSEloss": 0.00027292800950817764}}