{"train_samples": 50, "test_samples": 200, "source_model": "google/mt5-base", "source_dim": 768, "target_dim": 512, "test_results": {"bleu": 0.35, "bleu1": 16.5, "bleu2": 1.24, "bleu3": 0.04, "bleu4": 0.02, "rougeL": 0.1395, "rouge1": 0.1642, "rouge2": 0.0122, "exact_match": 0.0}, "loss": {"X_Y_COS": 1.0, "X_Y_MSEloss": 6.9027247500265225e-15, "X_Y_test_COS": 0.9276512265205383, "X_Y_test_MSEloss": 0.0005479592946358025, "X_Y_val_COS": 0.9286583065986633, "X_Y_val_MSEloss": 0.0005418926593847573}}