{"train_samples": 20, "test_samples": 200, "source_model": "text-embedding-ada-002", "source_dim": 1536, "target_dim": 512, "test_results": {"bleu": 0.04, "bleu1": 6.91, "bleu2": 0.02, "bleu3": 0.01, "bleu4": 0.01, "rougeL": 0.0145, "rouge1": 0.0154, "rouge2": 0.0, "exact_match": 0.0}, "loss": {"X_Y_COS": 1.0, "X_Y_MSEloss": 2.2331110571816026e-10, "X_Y_test_COS": 0.8498867750167847, "X_Y_test_MSEloss": 0.0012086882488802075, "X_Y_val_COS": 0.848775327205658, "X_Y_val_MSEloss": 0.0012361023109406233}}