{"train_samples": 20, "test_samples": 200, "source_model": "text-embedding-ada-002", "source_dim": 1536, "target_dim": 512, "test_results": {"bleu": 0.04, "bleu1": 8.9, "bleu2": 0.02, "bleu3": 0.01, "bleu4": 0.01, "rougeL": 0.0101, "rouge1": 0.0107, "rouge2": 0.0, "exact_match": 0.0}, "loss": {"X_Y_COS": 1.0, "X_Y_MSEloss": 1.0740996105236024e-14, "X_Y_test_COS": 0.8797515630722046, "X_Y_test_MSEloss": 0.0004412171838339418, "X_Y_val_COS": 0.877796471118927, "X_Y_val_MSEloss": 0.0004482761723920703}}