{"train_samples": 100, "test_samples": 200, "source_model": "google/mt5-base", "source_dim": 768, "target_dim": 512, "test_results": {"bleu": 0.08, "bleu1": 12.68, "bleu2": 0.04, "bleu3": 0.02, "bleu4": 0.01, "rougeL": 0.0119, "rouge1": 0.0119, "rouge2": 0.0, "exact_match": 0.0}, "loss": {"X_Y_COS": 0.9999991655349731, "X_Y_MSEloss": 5.546849646265173e-09, "X_Y_test_COS": 0.8796513676643372, "X_Y_test_MSEloss": 0.000690927729010582, "X_Y_val_COS": 0.8717610239982605, "X_Y_val_MSEloss": 0.0007535736658610404}}