{"epoch": 1, "dev_acc": 54.50000000000001, "test_acc": 51.0, "test_f1": 37.97, "test_roc": 53.239999999999995}