{"epoch": 3, "dev_acc": 56.00000000000001, "test_acc": 55.50000000000001, "test_f1": 56.589999999999996, "test_roc": 55.510000000000005}