{"train_samples": 3, "test_samples": 200, "source_model": "random", "source_dim": 768, "target_dim": 512, "test_results": {"bleu": 0.18, "bleu1": 14.59, "bleu2": 0.96, "bleu3": 0.01, "bleu4": 0.01, "rougeL": 0.1362, "rouge1": 0.1509, "rouge2": 0.0071, "exact_match": 0.0}, "loss": {"X_Y_COS": 1.0, "X_Y_MSEloss": 3.953765038721454e-16, "X_Y_test_COS": -0.011506780982017517, "X_Y_test_MSEloss": 0.0019730066414922476, "X_Y_val_COS": -0.08998113125562668, "X_Y_val_MSEloss": 0.001983798108994961}}