{"train_samples": 5, "test_samples": 200, "source_model": "text-embedding-ada-002", "source_dim": 1536, "target_dim": 512, "test_results": {"bleu": 0.0, "bleu1": 10.39, "bleu2": 0.06, "bleu3": 0.03, "bleu4": 0.02, "rougeL": 0.0024, "rouge1": 0.0024, "rouge2": 0.0, "exact_match": 0.0}, "loss": {"X_Y_COS": 1.0, "X_Y_MSEloss": 1.0792470297440668e-15, "X_Y_test_COS": 0.800291895866394, "X_Y_test_MSEloss": 0.000701921118889004, "X_Y_val_COS": 0.7990263104438782, "X_Y_val_MSEloss": 0.0007059588097035885}}