{"train_samples": 500, "test_samples": 200, "source_model": "google/flan-t5-base", "source_dim": 768, "target_dim": 512, "test_results": {"bleu": 0.51, "bleu1": 24.29, "bleu2": 2.08, "bleu3": 0.17, "bleu4": 0.01, "rougeL": 0.1347, "rouge1": 0.1689, "rouge2": 0.0187, "exact_match": 0.0}, "loss": {"X_Y_COS": 0.9886826872825623, "X_Y_MSEloss": 4.432475543580949e-05, "X_Y_test_COS": 0.861494779586792, "X_Y_test_MSEloss": 0.0005495471996255219, "X_Y_val_COS": 0.8658038973808289, "X_Y_val_MSEloss": 0.0005338650662451982}}