{"train_samples": 10, "test_samples": 200, "source_model": "text-embedding-ada-002", "source_dim": 1536, "target_dim": 512, "test_results": {"bleu": 0.19, "bleu1": 13.9, "bleu2": 0.77, "bleu3": 0.03, "bleu4": 0.01, "rougeL": 0.1146, "rouge1": 0.1315, "rouge2": 0.0071, "exact_match": 0.0}, "loss": {"X_Y_COS": 1.0, "X_Y_MSEloss": 2.5681130517914456e-15, "X_Y_test_COS": 0.8774592280387878, "X_Y_test_MSEloss": 0.00044933363096788526, "X_Y_val_COS": 0.8819231986999512, "X_Y_val_MSEloss": 0.0004342932952567935}}