{"train_samples": 10, "test_samples": 200, "source_model": "text-embedding-ada-002", "source_dim": 1536, "target_dim": 512, "test_results": {"bleu": 0.18, "bleu1": 13.75, "bleu2": 0.82, "bleu3": 0.03, "bleu4": 0.02, "rougeL": 0.1073, "rouge1": 0.1264, "rouge2": 0.0072, "exact_match": 0.0}, "loss": {"X_Y_COS": 1.0, "X_Y_MSEloss": 1.797512555468117e-10, "X_Y_test_COS": 0.874714195728302, "X_Y_test_MSEloss": 0.000861783919390291, "X_Y_val_COS": 0.879994809627533, "X_Y_val_MSEloss": 0.0008447155123576522}}