{"train_samples": 10, "test_samples": 200, "source_model": "google-bert/bert-base-multilingual-cased", "source_dim": 768, "target_dim": 512, "test_results": {"bleu": 1.57, "bleu1": 20.68, "bleu2": 2.05, "bleu3": 0.59, "bleu4": 0.24, "rougeL": 0.1298, "rouge1": 0.1761, "rouge2": 0.0212, "exact_match": 0.0}, "loss": {"X_Y_COS": 1.0, "X_Y_MSEloss": 4.799264856341224e-16, "X_Y_test_COS": 0.854985773563385, "X_Y_test_MSEloss": 0.0005305839003995061, "X_Y_val_COS": 0.8544055223464966, "X_Y_val_MSEloss": 0.000531275465618819}}