{"train_samples": 5, "test_samples": 200, "source_model": "text-embedding-3-large", "source_dim": 3072, "target_dim": 512, "test_results": {"bleu": 0.17, "bleu1": 13.61, "bleu2": 0.36, "bleu3": 0.02, "bleu4": 0.01, "rougeL": 0.1004, "rouge1": 0.126, "rouge2": 0.0043, "exact_match": 0.0}, "loss": {"X_Y_COS": 1.0, "X_Y_MSEloss": 1.518371262054785e-10, "X_Y_test_COS": 0.931199848651886, "X_Y_test_MSEloss": 0.0013099047355353832, "X_Y_val_COS": 0.9311749935150146, "X_Y_val_MSEloss": 0.001396574778482318}}