{"train_samples": 5, "test_samples": 200, "source_model": "text-embedding-3-large", "source_dim": 3072, "target_dim": 512, "test_results": {"bleu": 0.14, "bleu1": 12.83, "bleu2": 0.24, "bleu3": 0.03, "bleu4": 0.01, "rougeL": 0.0949, "rouge1": 0.1145, "rouge2": 0.0024, "exact_match": 0.0}, "loss": {"X_Y_COS": 1.0, "X_Y_MSEloss": 8.664243769182585e-17, "X_Y_test_COS": 0.9045730233192444, "X_Y_test_MSEloss": 0.0006337571539916098, "X_Y_val_COS": 0.905961275100708, "X_Y_val_MSEloss": 0.0006229846039786935}}