{"train_samples": 1, "test_samples": 200, "source_model": "sentence-transformers/all-MiniLM-L6-v2", "source_dim": 384, "target_dim": 512, "test_results": {"bleu": 0.04, "bleu1": 7.79, "bleu2": 0.01, "bleu3": 0.01, "bleu4": 0.0, "rougeL": 0.0089, "rouge1": 0.0095, "rouge2": 0.0, "exact_match": 0.0}, "loss": {"X_Y_COS": 0.9999999403953552, "X_Y_MSEloss": 1.75391423162416e-17, "X_Y_test_COS": 0.7530621290206909, "X_Y_test_MSEloss": 0.0023241951130330563, "X_Y_val_COS": 0.7554500699043274, "X_Y_val_MSEloss": 0.0023713530972599983}}