{"train_samples": 1000, "test_samples": 200, "source_model": "text-embedding-3-large", "source_dim": 3072, "target_dim": 512, "test_results": {"bleu": 0.57, "bleu1": 16.78, "bleu2": 1.63, "bleu3": 0.16, "bleu4": 0.03, "rougeL": 0.1258, "rouge1": 0.1428, "rouge2": 0.0116, "exact_match": 0.0}, "loss": {"X_Y_COS": 1.0, "X_Y_MSEloss": 7.245111899745887e-14, "X_Y_test_COS": 0.034364961087703705, "X_Y_test_MSEloss": 0.002770358929410577, "X_Y_val_COS": -0.029649941250681877, "X_Y_val_MSEloss": 0.003007916733622551}}