{"train_samples": 10, "test_samples": 200, "source_model": "text-embedding-ada-002", "source_dim": 1536, "target_dim": 512, "test_results": {"bleu": 0.12, "bleu1": 14.67, "bleu2": 0.33, "bleu3": 0.01, "bleu4": 0.01, "rougeL": 0.0612, "rouge1": 0.0687, "rouge2": 0.0028, "exact_match": 0.0}, "loss": {"X_Y_COS": 1.0, "X_Y_MSEloss": 2.9578214877368225e-10, "X_Y_test_COS": 0.8531306385993958, "X_Y_test_MSEloss": 0.0013123268727213144, "X_Y_val_COS": 0.8566216826438904, "X_Y_val_MSEloss": 0.0012752794427797198}}