{"train_samples": 5, "test_samples": 200, "source_model": "random", "source_dim": 768, "target_dim": 512, "test_results": {"bleu": 0.23, "bleu1": 6.85, "bleu2": 0.27, "bleu3": 0.1, "bleu4": 0.02, "rougeL": 0.0398, "rouge1": 0.0438, "rouge2": 0.0011, "exact_match": 0.0}, "loss": {"X_Y_COS": 1.0, "X_Y_MSEloss": 3.90328108097171e-16, "X_Y_test_COS": -0.0462024100124836, "X_Y_test_MSEloss": 0.0019850388634949923, "X_Y_val_COS": 0.04474543780088425, "X_Y_val_MSEloss": 0.001966272247955203}}