{"train_samples": 40, "test_samples": 200, "source_model": "intfloat/multilingual-e5-base", "source_dim": 768, "target_dim": 512, "test_results": {"bleu": 0.17, "bleu1": 14.86, "bleu2": 0.48, "bleu3": 0.03, "bleu4": 0.02, "rougeL": 0.0599, "rouge1": 0.0648, "rouge2": 0.0037, "exact_match": 0.0}, "loss": {"X_Y_COS": 1.0, "X_Y_MSEloss": 1.2994135932184459e-12, "X_Y_test_COS": 0.8880656361579895, "X_Y_test_MSEloss": 0.0007703848532401025, "X_Y_val_COS": 0.8920558094978333, "X_Y_val_MSEloss": 0.0007258039549924433}}