{"train_samples": 20, "test_samples": 200, "source_model": "sentence-transformers/all-MiniLM-L6-v2", "source_dim": 384, "target_dim": 512, "test_results": {"bleu": 8.41, "bleu1": 22.37, "bleu2": 7.36, "bleu3": 6.23, "bleu4": 5.7, "rougeL": 0.1707, "rouge1": 0.2047, "rouge2": 0.0722, "exact_match": 0.0}, "loss": {"X_Y_COS": 1.0, "X_Y_MSEloss": 4.107068737751622e-16, "X_Y_test_COS": 0.8242937922477722, "X_Y_test_MSEloss": 0.0007775535341352224, "X_Y_val_COS": 0.7985529899597168, "X_Y_val_MSEloss": 0.0008308717515319586}}