{"train_samples": 1000, "test_samples": 200, "source_model": "google/flan-t5-base", "source_dim": 768, "target_dim": 512, "test_results": {"bleu": 1.29, "bleu1": 24.29, "bleu2": 2.66, "bleu3": 0.42, "bleu4": 0.15, "rougeL": 0.1439, "rouge1": 0.1933, "rouge2": 0.0247, "exact_match": 0.0}, "loss": {"X_Y_COS": 0.9794134497642517, "X_Y_MSEloss": 0.00015814125072211027, "X_Y_test_COS": 0.9136406183242798, "X_Y_test_MSEloss": 0.0006637482438236475, "X_Y_val_COS": 0.9166452288627625, "X_Y_val_MSEloss": 0.0006545439246110618}}