{"train_samples": 30, "test_samples": 200, "source_model": "google/mt5-base", "source_dim": 768, "target_dim": 512, "test_results": {"bleu": 0.22, "bleu1": 19.79, "bleu2": 0.77, "bleu3": 0.02, "bleu4": 0.01, "rougeL": 0.0941, "rouge1": 0.1101, "rouge2": 0.0041, "exact_match": 0.0}, "loss": {"X_Y_COS": 1.0, "X_Y_MSEloss": 2.41883417592334e-13, "X_Y_test_COS": 0.8953673839569092, "X_Y_test_MSEloss": 0.00038903875974938273, "X_Y_val_COS": 0.8986768126487732, "X_Y_val_MSEloss": 0.00037396347033791244}}