{"train_samples": 500, "test_samples": 200, "source_model": "text-embedding-3-large", "source_dim": 3072, "target_dim": 512, "test_results": {"bleu": 0.25, "bleu1": 19.49, "bleu2": 0.65, "bleu3": 0.03, "bleu4": 0.02, "rougeL": 0.1117, "rouge1": 0.149, "rouge2": 0.0077, "exact_match": 0.0}, "loss": {"X_Y_COS": 1.0, "X_Y_MSEloss": 6.444045991260694e-11, "X_Y_test_COS": 0.8734707236289978, "X_Y_test_MSEloss": 0.0004823296330869198, "X_Y_val_COS": 0.8735405802726746, "X_Y_val_MSEloss": 0.00048564482131041586}}