{"train_samples": 40, "test_samples": 200, "source_model": "intfloat/multilingual-e5-base", "source_dim": 768, "target_dim": 512, "test_results": {"bleu": 0.14, "bleu1": 16.44, "bleu2": 0.71, "bleu3": 0.01, "bleu4": 0.01, "rougeL": 0.0628, "rouge1": 0.0748, "rouge2": 0.0052, "exact_match": 0.0}, "loss": {"X_Y_COS": 1.0, "X_Y_MSEloss": 9.235572376309342e-13, "X_Y_test_COS": 0.8728359937667847, "X_Y_test_MSEloss": 0.00046670777373947203, "X_Y_val_COS": 0.8760899305343628, "X_Y_val_MSEloss": 0.0004550485173240304}}