{"train_samples": 40, "test_samples": 200, "source_model": "intfloat/multilingual-e5-base", "source_dim": 768, "target_dim": 512, "test_results": {"bleu": 0.18, "bleu1": 15.99, "bleu2": 0.7, "bleu3": 0.02, "bleu4": 0.01, "rougeL": 0.124, "rouge1": 0.1647, "rouge2": 0.0077, "exact_match": 0.0}, "loss": {"X_Y_COS": 1.0, "X_Y_MSEloss": 2.01017723517119e-14, "X_Y_test_COS": 0.9299643635749817, "X_Y_test_MSEloss": 0.000476314511615783, "X_Y_val_COS": 0.9306521415710449, "X_Y_val_MSEloss": 0.00046492324327118695}}