{"epoch": 0, "dev_acc": 56.49999999999999, "test_acc": 53.5, "test_f1": 52.790000000000006, "test_roc": 51.99}