{"train_samples": 1000, "test_samples": 200, "source_model": "text-embedding-ada-002", "source_dim": 1536, "target_dim": 512, "test_results": {"bleu": 0.22, "bleu1": 16.68, "bleu2": 0.91, "bleu3": 0.02, "bleu4": 0.01, "rougeL": 0.134, "rouge1": 0.1491, "rouge2": 0.0091, "exact_match": 0.0}, "loss": {"X_Y_COS": 0.9614915251731873, "X_Y_MSEloss": 0.00014850086881779134, "X_Y_test_COS": 0.9193856716156006, "X_Y_test_MSEloss": 0.000305722322082147, "X_Y_val_COS": 0.9208607077598572, "X_Y_val_MSEloss": 0.0003000533615704626}}