{"train_samples": 5, "test_samples": 200, "source_model": "sentence-transformers/all-MiniLM-L6-v2", "source_dim": 384, "target_dim": 512, "test_results": {"bleu": 0.16, "bleu1": 11.84, "bleu2": 0.67, "bleu3": 0.03, "bleu4": 0.02, "rougeL": 0.0925, "rouge1": 0.107, "rouge2": 0.0064, "exact_match": 0.0}, "loss": {"X_Y_COS": 1.0, "X_Y_MSEloss": 2.768933953650743e-12, "X_Y_test_COS": 0.8952252268791199, "X_Y_test_MSEloss": 0.0009885418694466352, "X_Y_val_COS": 0.8936022520065308, "X_Y_val_MSEloss": 0.0010160829406231642}}