{"train_samples": 1000, "test_samples": 200, "source_model": "google/flan-t5-base", "source_dim": 768, "target_dim": 512, "test_results": {"bleu": 12.54, "bleu1": 39.07, "bleu2": 15.1, "bleu3": 9.26, "bleu4": 6.99, "rougeL": 0.2982, "rouge1": 0.3656, "rouge2": 0.1493, "exact_match": 0.0}, "loss": {"X_Y_COS": 0.9748077392578125, "X_Y_MSEloss": 0.00019198145309928805, "X_Y_test_COS": 0.9109373092651367, "X_Y_test_MSEloss": 0.0006527489749714732, "X_Y_val_COS": 0.91028892993927, "X_Y_val_MSEloss": 0.0006491888198070228}}