{"train_samples": 1000, "test_samples": 200, "source_model": "text-embedding-ada-002", "source_dim": 1536, "target_dim": 512, "test_results": {"bleu": 1.15, "bleu1": 9.16, "bleu2": 1.33, "bleu3": 0.69, "bleu4": 0.25, "rougeL": 0.0437, "rouge1": 0.0497, "rouge2": 0.0028, "exact_match": 0.0}, "loss": {"X_Y_COS": 1.0, "X_Y_MSEloss": 4.312943231721267e-12, "X_Y_test_COS": -0.05298074707388878, "X_Y_test_MSEloss": 0.005876482464373112, "X_Y_val_COS": -0.08593781292438507, "X_Y_val_MSEloss": 0.0064882803708314896}}