{"train_samples": 3, "test_samples": 200, "source_model": "sentence-transformers/gtr-t5-base", "source_dim": 768, "target_dim": 512, "test_results": {"bleu": 0.04, "bleu1": 15.35, "bleu2": 0.02, "bleu3": 0.01, "bleu4": 0.01, "rougeL": 0.0651, "rouge1": 0.0704, "rouge2": 0.0006, "exact_match": 0.0}, "loss": {"X_Y_COS": 1.0, "X_Y_MSEloss": 4.1822632935507344e-16, "X_Y_test_COS": 0.8769976496696472, "X_Y_test_MSEloss": 0.000802750582806766, "X_Y_val_COS": 0.8769062757492065, "X_Y_val_MSEloss": 0.0007810484967194498}}