{"train_samples": 100, "test_samples": 200, "source_model": "sentence-transformers/all-MiniLM-L6-v2", "source_dim": 384, "target_dim": 512, "test_results": {"bleu": 0.08, "bleu1": 10.53, "bleu2": 0.04, "bleu3": 0.02, "bleu4": 0.01, "rougeL": 0.0102, "rouge1": 0.0113, "rouge2": 0.0004, "exact_match": 0.0}, "loss": {"X_Y_COS": 0.9999998211860657, "X_Y_MSEloss": 5.7796385455333166e-09, "X_Y_test_COS": 0.8775847554206848, "X_Y_test_MSEloss": 0.001368475379422307, "X_Y_val_COS": 0.8688257932662964, "X_Y_val_MSEloss": 0.0014436065685003996}}