{"train_samples": 50, "test_samples": 200, "source_model": "sentence-transformers/gtr-t5-base", "source_dim": 768, "target_dim": 512, "test_results": {"bleu": 0.07, "bleu1": 9.84, "bleu2": 0.03, "bleu3": 0.02, "bleu4": 0.01, "rougeL": 0.0116, "rouge1": 0.0116, "rouge2": 0.0, "exact_match": 0.0}, "loss": {"X_Y_COS": 1.0, "X_Y_MSEloss": 4.407453609435279e-14, "X_Y_test_COS": 0.9023582339286804, "X_Y_test_MSEloss": 0.00037014164263382554, "X_Y_val_COS": 0.8976778388023376, "X_Y_val_MSEloss": 0.000387068692361936}}