{"train_samples": 1000, "test_samples": 200, "source_model": "random", "source_dim": 768, "target_dim": 512, "test_results": {"bleu": 0.22, "bleu1": 6.54, "bleu2": 0.25, "bleu3": 0.05, "bleu4": 0.03, "rougeL": 0.051, "rouge1": 0.0555, "rouge2": 0.002, "exact_match": 0.0}, "loss": {"X_Y_COS": 0.8899021744728088, "X_Y_MSEloss": 0.0004770141968037933, "X_Y_test_COS": 0.02639845758676529, "X_Y_test_MSEloss": 0.008046596311032772, "X_Y_val_COS": -0.08375043421983719, "X_Y_val_MSEloss": 0.008925355039536953}}