{"train_samples": 500, "test_samples": 200, "source_model": "intfloat/multilingual-e5-base", "source_dim": 768, "target_dim": 512, "test_results": {"bleu": 0.05, "bleu1": 8.56, "bleu2": 0.02, "bleu3": 0.01, "bleu4": 0.0, "rougeL": 0.1841, "rouge1": 0.2403, "rouge2": 0.0183, "exact_match": 0.0}, "loss": {"X_Y_COS": 0.9686100482940674, "X_Y_MSEloss": 0.00012118724407628179, "X_Y_test_COS": 0.8628474473953247, "X_Y_test_MSEloss": 0.0005244390922598541, "X_Y_val_COS": 0.8591009378433228, "X_Y_val_MSEloss": 0.0005381531082093716}}