{"train_samples": 20, "test_samples": 200, "source_model": "intfloat/multilingual-e5-base", "source_dim": 768, "target_dim": 512, "test_results": {"bleu": 0.23, "bleu1": 15.61, "bleu2": 1.12, "bleu3": 0.02, "bleu4": 0.01, "rougeL": 0.1346, "rouge1": 0.1511, "rouge2": 0.011, "exact_match": 0.0}, "loss": {"X_Y_COS": 1.0, "X_Y_MSEloss": 3.6686301219113204e-10, "X_Y_test_COS": 0.8870744109153748, "X_Y_test_MSEloss": 0.0007772811804898083, "X_Y_val_COS": 0.8917779922485352, "X_Y_val_MSEloss": 0.0007654241053387523}}