{"train_samples": 500, "test_samples": 200, "source_model": "google/flan-t5-base", "source_dim": 768, "target_dim": 512, "test_results": {"bleu": 0.19, "bleu1": 23.42, "bleu2": 0.98, "bleu3": 0.02, "bleu4": 0.01, "rougeL": 0.1195, "rouge1": 0.1423, "rouge2": 0.0067, "exact_match": 0.0}, "loss": {"X_Y_COS": 0.9743310809135437, "X_Y_MSEloss": 9.971614781534299e-05, "X_Y_test_COS": 0.8430753946304321, "X_Y_test_MSEloss": 0.0006085850764065981, "X_Y_val_COS": 0.8443624973297119, "X_Y_val_MSEloss": 0.0006039409199729562}}