{"train_samples": 1000, "test_samples": 200, "source_model": "intfloat/multilingual-e5-base", "source_dim": 768, "target_dim": 512, "test_results": {"bleu": 0.16, "bleu1": 16.36, "bleu2": 0.6, "bleu3": 0.02, "bleu4": 0.01, "rougeL": 0.094, "rouge1": 0.1096, "rouge2": 0.0034, "exact_match": 0.0}, "loss": {"X_Y_COS": 0.973580002784729, "X_Y_MSEloss": 0.00021761242533102632, "X_Y_test_COS": 0.935268223285675, "X_Y_test_MSEloss": 0.0005372760933823884, "X_Y_val_COS": 0.9342185258865356, "X_Y_val_MSEloss": 0.0005318889743648469}}