{"train_samples": 5, "test_samples": 200, "source_model": "google/flan-t5-base", "source_dim": 768, "target_dim": 512, "test_results": {"bleu": 0.17, "bleu1": 15.05, "bleu2": 0.61, "bleu3": 0.02, "bleu4": 0.01, "rougeL": 0.0803, "rouge1": 0.0921, "rouge2": 0.0047, "exact_match": 0.0}, "loss": {"X_Y_COS": 1.0, "X_Y_MSEloss": 1.728365645048413e-10, "X_Y_test_COS": 0.912402331829071, "X_Y_test_MSEloss": 0.0006897647399455309, "X_Y_val_COS": 0.9106332063674927, "X_Y_val_MSEloss": 0.0006824950687587261}}