{"train_samples": 10, "test_samples": 200, "source_model": "sentence-transformers/all-MiniLM-L6-v2", "source_dim": 384, "target_dim": 512, "test_results": {"bleu": 0.24, "bleu1": 17.89, "bleu2": 1.17, "bleu3": 0.02, "bleu4": 0.01, "rougeL": 0.129, "rouge1": 0.1512, "rouge2": 0.0118, "exact_match": 0.0}, "loss": {"X_Y_COS": 1.0, "X_Y_MSEloss": 2.4028710057048797e-16, "X_Y_test_COS": 0.9224759340286255, "X_Y_test_MSEloss": 0.0003608925617299974, "X_Y_val_COS": 0.9277387857437134, "X_Y_val_MSEloss": 0.00034147893893532455}}