{"train_samples": 10, "test_samples": 200, "source_model": "sentence-transformers/all-MiniLM-L6-v2", "source_dim": 384, "target_dim": 512, "test_results": {"bleu": 0.32, "bleu1": 13.52, "bleu2": 1.02, "bleu3": 0.04, "bleu4": 0.02, "rougeL": 0.1275, "rouge1": 0.1448, "rouge2": 0.0113, "exact_match": 0.0}, "loss": {"X_Y_COS": 1.0, "X_Y_MSEloss": 6.18850635714346e-16, "X_Y_test_COS": 0.9249295592308044, "X_Y_test_MSEloss": 0.0007198032108135521, "X_Y_val_COS": 0.9271444082260132, "X_Y_val_MSEloss": 0.0007060214993543923}}