{"train_samples": 500, "test_samples": 200, "source_model": "google/flan-t5-base", "source_dim": 768, "target_dim": 512, "test_results": {"bleu": 0.73, "bleu1": 19.94, "bleu2": 1.57, "bleu3": 0.4, "bleu4": 0.14, "rougeL": 0.0648, "rouge1": 0.074, "rouge2": 0.0069, "exact_match": 0.0}, "loss": {"X_Y_COS": 0.9904263019561768, "X_Y_MSEloss": 6.511020910693333e-05, "X_Y_test_COS": 0.8882733583450317, "X_Y_test_MSEloss": 0.00077293929643929, "X_Y_val_COS": 0.8953060507774353, "X_Y_val_MSEloss": 0.0007237542886286974}}