{"train_samples": 3, "test_samples": 200, "source_model": "random", "source_dim": 768, "target_dim": 512, "test_results": {"bleu": 0.27, "bleu1": 15.12, "bleu2": 1.26, "bleu3": 0.02, "bleu4": 0.01, "rougeL": 0.1383, "rouge1": 0.1547, "rouge2": 0.0086, "exact_match": 0.0}, "loss": {"X_Y_COS": 1.0, "X_Y_MSEloss": 3.164033340953315e-16, "X_Y_test_COS": -0.052772242575883865, "X_Y_test_MSEloss": 0.0019820532761514187, "X_Y_val_COS": -0.019649667665362358, "X_Y_val_MSEloss": 0.001961957663297653}}