{"train_samples": 3, "test_samples": 200, "source_model": "sentence-transformers/gtr-t5-base", "source_dim": 768, "target_dim": 512, "test_results": {"bleu": 0.04, "bleu1": 8.74, "bleu2": 0.02, "bleu3": 0.01, "bleu4": 0.01, "rougeL": 0.0126, "rouge1": 0.0126, "rouge2": 0.0, "exact_match": 0.0}, "loss": {"X_Y_COS": 1.0, "X_Y_MSEloss": 2.1765354796254854e-10, "X_Y_test_COS": 0.8448609709739685, "X_Y_test_MSEloss": 0.0013802926987409592, "X_Y_val_COS": 0.8430306315422058, "X_Y_val_MSEloss": 0.0014727043453603983}}