{"train_samples": 5, "test_samples": 200, "source_model": "google/flan-t5-base", "source_dim": 768, "target_dim": 512, "test_results": {"bleu": 0.17, "bleu1": 20.28, "bleu2": 0.81, "bleu3": 0.02, "bleu4": 0.01, "rougeL": 0.1072, "rouge1": 0.1303, "rouge2": 0.006, "exact_match": 0.0}, "loss": {"X_Y_COS": 1.0, "X_Y_MSEloss": 3.488192055774148e-16, "X_Y_test_COS": 0.8203585147857666, "X_Y_test_MSEloss": 0.0006392529467120767, "X_Y_val_COS": 0.8229528665542603, "X_Y_val_MSEloss": 0.0006320548127405345}}