{"train_samples": 40, "test_samples": 200, "source_model": "text-embedding-ada-002", "source_dim": 1536, "target_dim": 512, "test_results": {"bleu": 0.2, "bleu1": 22.07, "bleu2": 1.0, "bleu3": 0.01, "bleu4": 0.01, "rougeL": 0.1409, "rouge1": 0.1738, "rouge2": 0.0106, "exact_match": 0.0}, "loss": {"X_Y_COS": 1.0, "X_Y_MSEloss": 3.180039510799343e-13, "X_Y_test_COS": 0.8836696147918701, "X_Y_test_MSEloss": 0.00042791443411260843, "X_Y_val_COS": 0.8853775858879089, "X_Y_val_MSEloss": 0.0004221680574119091}}