{"train_samples": 20, "test_samples": 200, "source_model": "sentence-transformers/gtr-t5-base", "source_dim": 768, "target_dim": 512, "test_results": {"bleu": 0.44, "bleu1": 16.97, "bleu2": 1.0, "bleu3": 0.12, "bleu4": 0.02, "rougeL": 0.1204, "rouge1": 0.1633, "rouge2": 0.0141, "exact_match": 0.0}, "loss": {"X_Y_COS": 1.0, "X_Y_MSEloss": 4.663247776275537e-16, "X_Y_test_COS": 0.9123750329017639, "X_Y_test_MSEloss": 0.00038070420850999653, "X_Y_val_COS": 0.9157615303993225, "X_Y_val_MSEloss": 0.00037039341987110674}}