{"train_samples": 100, "test_samples": 200, "source_model": "intfloat/multilingual-e5-base", "source_dim": 768, "target_dim": 512, "test_results": {"bleu": 0.23, "bleu1": 13.95, "bleu2": 0.5, "bleu3": 0.04, "bleu4": 0.02, "rougeL": 0.0588, "rouge1": 0.0697, "rouge2": 0.0065, "exact_match": 0.0}, "loss": {"X_Y_COS": 1.0, "X_Y_MSEloss": 3.09624242911255e-10, "X_Y_test_COS": 0.9105883836746216, "X_Y_test_MSEloss": 0.0003361313429195434, "X_Y_val_COS": 0.9107667207717896, "X_Y_val_MSEloss": 0.00033591664396226406}}