{"train_samples": 30, "test_samples": 200, "source_model": "google-bert/bert-base-multilingual-cased", "source_dim": 768, "target_dim": 512, "test_results": {"bleu": 0.1, "bleu1": 9.79, "bleu2": 0.08, "bleu3": 0.01, "bleu4": 0.01, "rougeL": 0.0114, "rouge1": 0.012, "rouge2": 0.0, "exact_match": 0.0}, "loss": {"X_Y_COS": 1.0, "X_Y_MSEloss": 1.0028597689695079e-13, "X_Y_test_COS": 0.9003472924232483, "X_Y_test_MSEloss": 0.0003727856674231589, "X_Y_val_COS": 0.8980215191841125, "X_Y_val_MSEloss": 0.0003816054668277502}}