{"train_samples": 30, "test_samples": 200, "source_model": "google-bert/bert-base-multilingual-cased", "source_dim": 768, "target_dim": 512, "test_results": {"bleu": 0.2, "bleu1": 16.11, "bleu2": 0.99, "bleu3": 0.02, "bleu4": 0.01, "rougeL": 0.1168, "rouge1": 0.1566, "rouge2": 0.01, "exact_match": 0.0}, "loss": {"X_Y_COS": 1.0, "X_Y_MSEloss": 6.396092683269572e-11, "X_Y_test_COS": 0.8989124894142151, "X_Y_test_MSEloss": 0.0006926213973201811, "X_Y_val_COS": 0.9005335569381714, "X_Y_val_MSEloss": 0.0006687122513540089}}