{"train_samples": 10, "test_samples": 200, "source_model": "intfloat/multilingual-e5-base", "source_dim": 768, "target_dim": 512, "test_results": {"bleu": 0.19, "bleu1": 20.07, "bleu2": 0.74, "bleu3": 0.01, "bleu4": 0.01, "rougeL": 0.1259, "rouge1": 0.1657, "rouge2": 0.0076, "exact_match": 0.0}, "loss": {"X_Y_COS": 1.0, "X_Y_MSEloss": 1.9590451172222948e-15, "X_Y_test_COS": 0.8687161803245544, "X_Y_test_MSEloss": 0.000479309557704255, "X_Y_val_COS": 0.8730885982513428, "X_Y_val_MSEloss": 0.00046423065941780806}}