{"train_samples": 50, "test_samples": 200, "source_model": "intfloat/multilingual-e5-base", "source_dim": 768, "target_dim": 512, "test_results": {"bleu": 0.35, "bleu1": 18.42, "bleu2": 0.55, "bleu3": 0.06, "bleu4": 0.03, "rougeL": 0.1102, "rouge1": 0.1495, "rouge2": 0.0081, "exact_match": 0.0}, "loss": {"X_Y_COS": 1.0, "X_Y_MSEloss": 5.568957187757073e-12, "X_Y_test_COS": 0.8868863582611084, "X_Y_test_MSEloss": 0.0004177494265604764, "X_Y_val_COS": 0.8877274394035339, "X_Y_val_MSEloss": 0.00041531724855303764}}