{"train_samples": 5, "test_samples": 200, "source_model": "google/flan-t5-base", "source_dim": 768, "target_dim": 512, "test_results": {"bleu": 0.13, "bleu1": 10.66, "bleu2": 0.27, "bleu3": 0.02, "bleu4": 0.01, "rougeL": 0.0648, "rouge1": 0.0767, "rouge2": 0.0102, "exact_match": 0.0}, "loss": {"X_Y_COS": 1.0, "X_Y_MSEloss": 3.579715818609547e-16, "X_Y_test_COS": 0.8833408951759338, "X_Y_test_MSEloss": 0.0004489620041567832, "X_Y_val_COS": 0.8804397583007812, "X_Y_val_MSEloss": 0.0004605039139278233}}