{"train_samples": 40, "test_samples": 200, "source_model": "text-embedding-ada-002", "source_dim": 1536, "target_dim": 512, "test_results": {"bleu": 2.09, "bleu1": 21.41, "bleu2": 2.52, "bleu3": 0.84, "bleu4": 0.43, "rougeL": 0.152, "rouge1": 0.2058, "rouge2": 0.0305, "exact_match": 0.0}, "loss": {"X_Y_COS": 1.0, "X_Y_MSEloss": 3.944500975849863e-13, "X_Y_test_COS": 0.8729076981544495, "X_Y_test_MSEloss": 0.0004636284720618278, "X_Y_val_COS": 0.8728954195976257, "X_Y_val_MSEloss": 0.0004643935535568744}}