{"train_samples": 100, "test_samples": 200, "source_model": "text-embedding-3-large", "source_dim": 3072, "target_dim": 512, "test_results": {"bleu": 0.66, "bleu1": 15.36, "bleu2": 1.02, "bleu3": 0.34, "bleu4": 0.16, "rougeL": 0.0685, "rouge1": 0.0785, "rouge2": 0.0101, "exact_match": 0.0}, "loss": {"X_Y_COS": 1.0, "X_Y_MSEloss": 7.55567534401055e-15, "X_Y_test_COS": 0.907754123210907, "X_Y_test_MSEloss": 0.0003757850790861994, "X_Y_val_COS": 0.9058488011360168, "X_Y_val_MSEloss": 0.00039064674638211727}}