{"train_samples": 20, "test_samples": 200, "source_model": "text-embedding-ada-002", "source_dim": 1536, "target_dim": 512, "test_results": {"bleu": 1.73, "bleu1": 19.92, "bleu2": 1.7, "bleu3": 0.67, "bleu4": 0.39, "rougeL": 0.1354, "rouge1": 0.1922, "rouge2": 0.0198, "exact_match": 0.0}, "loss": {"X_Y_COS": 1.0, "X_Y_MSEloss": 1.1222187899274667e-14, "X_Y_test_COS": 0.8668822050094604, "X_Y_test_MSEloss": 0.0004840390174649656, "X_Y_val_COS": 0.8684660196304321, "X_Y_val_MSEloss": 0.00047920484212227166}}