{"train_samples": 3, "test_samples": 200, "source_model": "intfloat/multilingual-e5-base", "source_dim": 768, "target_dim": 512, "test_results": {"bleu": 1.03, "bleu1": 18.97, "bleu2": 0.94, "bleu3": 0.3, "bleu4": 0.2, "rougeL": 0.1054, "rouge1": 0.1321, "rouge2": 0.0052, "exact_match": 0.0}, "loss": {"X_Y_COS": 1.0, "X_Y_MSEloss": 3.2632923674817183e-16, "X_Y_test_COS": 0.8025466203689575, "X_Y_test_MSEloss": 0.0006941370666027069, "X_Y_val_COS": 0.8006910681724548, "X_Y_val_MSEloss": 0.000699706724844873}}