{"train_samples": 50, "test_samples": 200, "source_model": "text-embedding-3-large", "source_dim": 3072, "target_dim": 512, "test_results": {"bleu": 0.62, "bleu1": 22.83, "bleu2": 1.62, "bleu3": 0.15, "bleu4": 0.03, "rougeL": 0.153, "rouge1": 0.1992, "rouge2": 0.0195, "exact_match": 0.0}, "loss": {"X_Y_COS": 1.0, "X_Y_MSEloss": 1.9663113893603158e-15, "X_Y_test_COS": 0.9110967516899109, "X_Y_test_MSEloss": 0.0003556037263479084, "X_Y_val_COS": 0.9103265404701233, "X_Y_val_MSEloss": 0.0003555188304744661}}