{"train_samples": 30, "test_samples": 200, "source_model": "sentence-transformers/all-MiniLM-L6-v2", "source_dim": 384, "target_dim": 512, "test_results": {"bleu": 0.7, "bleu1": 21.88, "bleu2": 1.03, "bleu3": 0.13, "bleu4": 0.08, "rougeL": 0.1451, "rouge1": 0.1871, "rouge2": 0.0128, "exact_match": 0.0}, "loss": {"X_Y_COS": 1.0, "X_Y_MSEloss": 1.3206059975697459e-15, "X_Y_test_COS": 0.8949076533317566, "X_Y_test_MSEloss": 0.000425932725192979, "X_Y_val_COS": 0.8963921070098877, "X_Y_val_MSEloss": 0.0004205097211524844}}