{"train_samples": 1, "test_samples": 200, "source_model": "google/flan-t5-base", "source_dim": 768, "target_dim": 512, "test_results": {"bleu": 0.04, "bleu1": 6.43, "bleu2": 0.02, "bleu3": 0.01, "bleu4": 0.01, "rougeL": 0.0113, "rouge1": 0.0117, "rouge2": 0.0, "exact_match": 0.0}, "loss": {"X_Y_COS": 1.0, "X_Y_MSEloss": 8.611580819176029e-17, "X_Y_test_COS": 0.8263431191444397, "X_Y_test_MSEloss": 0.0014435371849685907, "X_Y_val_COS": 0.8309967517852783, "X_Y_val_MSEloss": 0.001464053988456726}}