{"train_samples": 30, "test_samples": 200, "source_model": "sentence-transformers/all-MiniLM-L6-v2", "source_dim": 384, "target_dim": 512, "test_results": {"bleu": 0.32, "bleu1": 12.24, "bleu2": 0.41, "bleu3": 0.18, "bleu4": 0.12, "rougeL": 0.0322, "rouge1": 0.034, "rouge2": 0.002, "exact_match": 0.0}, "loss": {"X_Y_COS": 1.0, "X_Y_MSEloss": 1.2752115961022566e-15, "X_Y_test_COS": 0.5309367775917053, "X_Y_test_MSEloss": 0.002336084144189954, "X_Y_val_COS": 0.5443230271339417, "X_Y_val_MSEloss": 0.0022402829490602016}}