{"train_samples": 30, "test_samples": 200, "source_model": "sentence-transformers/all-MiniLM-L6-v2", "source_dim": 384, "target_dim": 512, "test_results": {"bleu": 0.28, "bleu1": 9.48, "bleu2": 0.31, "bleu3": 0.18, "bleu4": 0.12, "rougeL": 0.0243, "rouge1": 0.025, "rouge2": 0.0007, "exact_match": 0.0}, "loss": {"X_Y_COS": 1.0, "X_Y_MSEloss": 2.0692780822173518e-11, "X_Y_test_COS": 0.5526068806648254, "X_Y_test_MSEloss": 0.003149553434923291, "X_Y_val_COS": 0.5676366090774536, "X_Y_val_MSEloss": 0.0030812465120106936}}