{"train_samples": 3, "test_samples": 200, "source_model": "google/mt5-base", "source_dim": 768, "target_dim": 512, "test_results": {"bleu": 0.09, "bleu1": 9.98, "bleu2": 0.05, "bleu3": 0.01, "bleu4": 0.01, "rougeL": 0.0369, "rouge1": 0.038, "rouge2": 0.0003, "exact_match": 0.0}, "loss": {"X_Y_COS": 1.0, "X_Y_MSEloss": 3.6710397346089536e-16, "X_Y_test_COS": 0.8358064293861389, "X_Y_test_MSEloss": 0.0005936412489973009, "X_Y_val_COS": 0.8342688679695129, "X_Y_val_MSEloss": 0.0005966071039438248}}