{"train_samples": 40, "test_samples": 200, "source_model": "google/flan-t5-base", "source_dim": 768, "target_dim": 512, "test_results": {"bleu": 0.04, "bleu1": 8.44, "bleu2": 0.02, "bleu3": 0.01, "bleu4": 0.01, "rougeL": 0.0167, "rouge1": 0.0173, "rouge2": 0.0, "exact_match": 0.0}, "loss": {"X_Y_COS": 1.0, "X_Y_MSEloss": 6.418949261011164e-10, "X_Y_test_COS": 0.883368968963623, "X_Y_test_MSEloss": 0.0009471580269746482, "X_Y_val_COS": 0.8801417350769043, "X_Y_val_MSEloss": 0.0009904727339744568}}