{"train_samples": 40, "test_samples": 200, "source_model": "google-t5/t5-base", "source_dim": 768, "target_dim": 512, "test_results": {"bleu": 2.3, "bleu1": 22.77, "bleu2": 2.85, "bleu3": 0.93, "bleu4": 0.48, "rougeL": 0.1576, "rouge1": 0.2163, "rouge2": 0.0342, "exact_match": 0.0}, "loss": {"X_Y_COS": 1.0, "X_Y_MSEloss": 7.262578396744629e-14, "X_Y_test_COS": 0.8784623742103577, "X_Y_test_MSEloss": 0.0004448837717063725, "X_Y_val_COS": 0.8768128752708435, "X_Y_val_MSEloss": 0.0004513724707067013}}