{"train_samples": 20, "test_samples": 200, "source_model": "text-embedding-3-large", "source_dim": 3072, "target_dim": 512, "test_results": {"bleu": 0.09, "bleu1": 10.85, "bleu2": 0.08, "bleu3": 0.02, "bleu4": 0.01, "rougeL": 0.0105, "rouge1": 0.0112, "rouge2": 0.0, "exact_match": 0.0}, "loss": {"X_Y_COS": 1.0, "X_Y_MSEloss": 1.9849603904997792e-10, "X_Y_test_COS": 0.9060869216918945, "X_Y_test_MSEloss": 0.0009519464801996946, "X_Y_val_COS": 0.9029706120491028, "X_Y_val_MSEloss": 0.0009912645909935236}}