{"train_samples": 10, "test_samples": 200, "source_model": "text-embedding-3-large", "source_dim": 3072, "target_dim": 512, "test_results": {"bleu": 0.16, "bleu1": 15.84, "bleu2": 0.42, "bleu3": 0.01, "bleu4": 0.01, "rougeL": 0.0945, "rouge1": 0.1243, "rouge2": 0.0058, "exact_match": 0.0}, "loss": {"X_Y_COS": 1.0, "X_Y_MSEloss": 1.4801681054098204e-16, "X_Y_test_COS": 0.8753847479820251, "X_Y_test_MSEloss": 0.0006963216583244503, "X_Y_val_COS": 0.8756550550460815, "X_Y_val_MSEloss": 0.0006847070180810988}}