{"train_samples": 500, "test_samples": 200, "source_model": "google/mt5-base", "source_dim": 768, "target_dim": 512, "test_results": {"bleu": 1.57, "bleu1": 22.78, "bleu2": 2.06, "bleu3": 0.56, "bleu4": 0.33, "rougeL": 0.1077, "rouge1": 0.1306, "rouge2": 0.0194, "exact_match": 0.0}, "loss": {"X_Y_COS": 0.9747135043144226, "X_Y_MSEloss": 9.834860975388438e-05, "X_Y_test_COS": 0.8858901858329773, "X_Y_test_MSEloss": 0.0004402924096211791, "X_Y_val_COS": 0.8839608430862427, "X_Y_val_MSEloss": 0.00044711961527355015}}