{"epoch": 2, "dev_acc": 32.0, "test_acc": 35.5, "test_f1": 34.849999999999994, "test_roc": 49.059999999999995}