{"train_samples": 40, "test_samples": 200, "source_model": "sentence-transformers/all-MiniLM-L6-v2", "source_dim": 384, "target_dim": 512, "test_results": {"bleu": 0.19, "bleu1": 16.95, "bleu2": 0.74, "bleu3": 0.02, "bleu4": 0.01, "rougeL": 0.1109, "rouge1": 0.1466, "rouge2": 0.0087, "exact_match": 0.0}, "loss": {"X_Y_COS": 1.0, "X_Y_MSEloss": 1.9768370442793714e-15, "X_Y_test_COS": 0.9159562587738037, "X_Y_test_MSEloss": 0.0003570659027900547, "X_Y_val_COS": 0.9132179021835327, "X_Y_val_MSEloss": 0.0003649946884252131}}