{"train_samples": 40, "test_samples": 200, "source_model": "sentence-transformers/all-MiniLM-L6-v2", "source_dim": 384, "target_dim": 512, "test_results": {"bleu": 0.18, "bleu1": 15.92, "bleu2": 0.71, "bleu3": 0.02, "bleu4": 0.01, "rougeL": 0.1176, "rouge1": 0.1571, "rouge2": 0.0068, "exact_match": 0.0}, "loss": {"X_Y_COS": 1.0, "X_Y_MSEloss": 5.491835945828664e-15, "X_Y_test_COS": 0.9162536859512329, "X_Y_test_MSEloss": 0.0006730417371727526, "X_Y_val_COS": 0.9117973446846008, "X_Y_val_MSEloss": 0.0006794274086132646}}