{"train_samples": 3000, "test_samples": 200, "source_model": "google/mt5-base", "source_dim": 768, "target_dim": 512, "test_results": {"bleu": 0.21, "bleu1": 17.8, "bleu2": 1.19, "bleu3": 0.02, "bleu4": 0.01, "rougeL": 0.1363, "rouge1": 0.1711, "rouge2": 0.0138, "exact_match": 0.0}, "loss": {"X_Y_COS": 0.9540647864341736, "X_Y_MSEloss": 0.0001765901397448033, "X_Y_test_COS": 0.936539888381958, "X_Y_test_MSEloss": 0.00024285928520839661, "X_Y_val_COS": 0.9373400807380676, "X_Y_val_MSEloss": 0.0002394473849562928}}