{"train_samples": 3, "test_samples": 200, "source_model": "sentence-transformers/gtr-t5-base", "source_dim": 768, "target_dim": 512, "test_results": {"bleu": 0.11, "bleu1": 15.09, "bleu2": 0.34, "bleu3": 0.02, "bleu4": 0.01, "rougeL": 0.0415, "rouge1": 0.0433, "rouge2": 0.0014, "exact_match": 0.0}, "loss": {"X_Y_COS": 1.0, "X_Y_MSEloss": 2.8138725675363476e-16, "X_Y_test_COS": 0.8338738679885864, "X_Y_test_MSEloss": 0.00117099704220891, "X_Y_val_COS": 0.8295156955718994, "X_Y_val_MSEloss": 0.0011807067785412073}}