{"train_samples": 8000, "test_samples": 200, "source_model": "google/mt5-base", "source_dim": 768, "target_dim": 512, "test_results": {"bleu": 2.9, "bleu1": 32.78, "bleu2": 5.91, "bleu3": 1.38, "bleu4": 0.31, "rougeL": 0.2251, "rouge1": 0.306, "rouge2": 0.065, "exact_match": 0.0}, "loss": {"X_Y_COS": 0.9459180235862732, "X_Y_MSEloss": 0.00020671321544796228, "X_Y_test_COS": 0.9369457960128784, "X_Y_test_MSEloss": 0.00023965499713085592, "X_Y_val_COS": 0.9364162087440491, "X_Y_val_MSEloss": 0.0002420072560198605}}