{"train_samples": 10, "test_samples": 200, "source_model": "google/mt5-base", "source_dim": 768, "target_dim": 512, "test_results": {"bleu": 0.13, "bleu1": 10.95, "bleu2": 0.18, "bleu3": 0.02, "bleu4": 0.01, "rougeL": 0.0592, "rouge1": 0.0675, "rouge2": 0.0096, "exact_match": 0.0}, "loss": {"X_Y_COS": 1.0, "X_Y_MSEloss": 1.764794976821804e-10, "X_Y_test_COS": 0.886580765247345, "X_Y_test_MSEloss": 0.0008787417318671942, "X_Y_val_COS": 0.879636824131012, "X_Y_val_MSEloss": 0.0009720207308419049}}