{"train_samples": 20, "test_samples": 200, "source_model": "google/mt5-base", "source_dim": 768, "target_dim": 512, "test_results": {"bleu": 0.66, "bleu1": 16.23, "bleu2": 1.24, "bleu3": 0.17, "bleu4": 0.12, "rougeL": 0.0801, "rouge1": 0.092, "rouge2": 0.0076, "exact_match": 0.0}, "loss": {"X_Y_COS": 1.0, "X_Y_MSEloss": 1.1434614106270446e-13, "X_Y_test_COS": 0.8412001729011536, "X_Y_test_MSEloss": 0.0005697485757991672, "X_Y_val_COS": 0.8475428819656372, "X_Y_val_MSEloss": 0.0005506195593625307}}