{"train_samples": 1, "test_samples": 200, "source_model": "google/flan-t5-base", "source_dim": 768, "target_dim": 512, "test_results": {"bleu": 0.07, "bleu1": 4.98, "bleu2": 0.03, "bleu3": 0.02, "bleu4": 0.01, "rougeL": 0.046, "rouge1": 0.0477, "rouge2": 0.0003, "exact_match": 0.0}, "loss": {"X_Y_COS": 0.9999999403953552, "X_Y_MSEloss": 7.995721692073148e-17, "X_Y_test_COS": 0.7568360567092896, "X_Y_test_MSEloss": 0.0016549703432247043, "X_Y_val_COS": 0.7580469846725464, "X_Y_val_MSEloss": 0.001700935885310173}}