{"train_samples": 40, "test_samples": 200, "source_model": "google/flan-t5-base", "source_dim": 768, "target_dim": 512, "test_results": {"bleu": 1.42, "bleu1": 23.56, "bleu2": 2.25, "bleu3": 0.49, "bleu4": 0.2, "rougeL": 0.1423, "rouge1": 0.1946, "rouge2": 0.0191, "exact_match": 0.0}, "loss": {"X_Y_COS": 1.0, "X_Y_MSEloss": 3.4674618731855844e-10, "X_Y_test_COS": 0.8481036424636841, "X_Y_test_MSEloss": 0.0011161683360114694, "X_Y_val_COS": 0.8498547673225403, "X_Y_val_MSEloss": 0.0011016991920769215}}