{"train_samples": 50, "test_samples": 200, "source_model": "google-t5/t5-base", "source_dim": 768, "target_dim": 512, "test_results": {"bleu": 0.18, "bleu1": 19.42, "bleu2": 0.7, "bleu3": 0.02, "bleu4": 0.01, "rougeL": 0.1172, "rouge1": 0.1621, "rouge2": 0.011, "exact_match": 0.0}, "loss": {"X_Y_COS": 1.0, "X_Y_MSEloss": 7.34119362522101e-13, "X_Y_test_COS": 0.8899101614952087, "X_Y_test_MSEloss": 0.00040849170181900263, "X_Y_val_COS": 0.8918038606643677, "X_Y_val_MSEloss": 0.0004014853329863399}}