{"train_samples": 500, "test_samples": 200, "source_model": "sentence-transformers/gtr-t5-base", "source_dim": 768, "target_dim": 512, "test_results": {"bleu": 0.31, "bleu1": 16.28, "bleu2": 0.8, "bleu3": 0.07, "bleu4": 0.02, "rougeL": 0.1203, "rouge1": 0.1429, "rouge2": 0.0101, "exact_match": 0.0}, "loss": {"X_Y_COS": 0.9909023642539978, "X_Y_MSEloss": 3.578319592634216e-05, "X_Y_test_COS": 0.8854367733001709, "X_Y_test_MSEloss": 0.00046150825801305473, "X_Y_val_COS": 0.8853909373283386, "X_Y_val_MSEloss": 0.0004661337297875434}}