{"train_samples": 50, "test_samples": 200, "source_model": "text-embedding-3-large", "source_dim": 3072, "target_dim": 512, "test_results": {"bleu": 0.24, "bleu1": 13.96, "bleu2": 1.31, "bleu3": 0.02, "bleu4": 0.01, "rougeL": 0.124, "rouge1": 0.1427, "rouge2": 0.0133, "exact_match": 0.0}, "loss": {"X_Y_COS": 1.0, "X_Y_MSEloss": 5.853672750786177e-15, "X_Y_test_COS": 0.9162967205047607, "X_Y_test_MSEloss": 0.0006677276687696576, "X_Y_val_COS": 0.918577253818512, "X_Y_val_MSEloss": 0.0006532756960950792}}