{"train_samples": 50, "test_samples": 200, "source_model": "text-embedding-3-large", "source_dim": 3072, "target_dim": 512, "test_results": {"bleu": 0.25, "bleu1": 17.53, "bleu2": 1.31, "bleu3": 0.02, "bleu4": 0.01, "rougeL": 0.1382, "rouge1": 0.1583, "rouge2": 0.0131, "exact_match": 0.0}, "loss": {"X_Y_COS": 1.0, "X_Y_MSEloss": 1.802871299989915e-15, "X_Y_test_COS": 0.9343015551567078, "X_Y_test_MSEloss": 0.0002722930221352726, "X_Y_val_COS": 0.9361521005630493, "X_Y_val_MSEloss": 0.00026256535784341395}}