{"train_samples": 30, "test_samples": 200, "source_model": "intfloat/multilingual-e5-base", "source_dim": 768, "target_dim": 512, "test_results": {"bleu": 0.13, "bleu1": 14.25, "bleu2": 0.26, "bleu3": 0.02, "bleu4": 0.01, "rougeL": 0.0659, "rouge1": 0.0726, "rouge2": 0.0019, "exact_match": 0.0}, "loss": {"X_Y_COS": 1.0, "X_Y_MSEloss": 2.708926561800079e-13, "X_Y_test_COS": 0.8804253339767456, "X_Y_test_MSEloss": 0.0004396301810629666, "X_Y_val_COS": 0.8792295455932617, "X_Y_val_MSEloss": 0.0004438808828126639}}