{"train_samples": 1000, "test_samples": 200, "source_model": "text-embedding-3-large", "source_dim": 3072, "target_dim": 512, "test_results": {"bleu": 0.27, "bleu1": 10.38, "bleu2": 0.48, "bleu3": 0.06, "bleu4": 0.02, "rougeL": 0.0676, "rouge1": 0.0743, "rouge2": 0.0035, "exact_match": 0.0}, "loss": {"X_Y_COS": 1.0, "X_Y_MSEloss": 8.798310794115236e-14, "X_Y_test_COS": 0.006155581213533878, "X_Y_test_MSEloss": 0.0029114186763763428, "X_Y_val_COS": -0.023216795176267624, "X_Y_val_MSEloss": 0.003035849891602993}}