{"train_samples": 500, "test_samples": 200, "source_model": "text-embedding-ada-002", "source_dim": 1536, "target_dim": 512, "test_results": {"bleu": 2.68, "bleu1": 26.16, "bleu2": 3.79, "bleu3": 1.05, "bleu4": 0.5, "rougeL": 0.1803, "rouge1": 0.247, "rouge2": 0.0423, "exact_match": 0.0}, "loss": {"X_Y_COS": 0.9770740270614624, "X_Y_MSEloss": 8.91803574631922e-05, "X_Y_test_COS": 0.8851141929626465, "X_Y_test_MSEloss": 0.00043132741120643914, "X_Y_val_COS": 0.8847924470901489, "X_Y_val_MSEloss": 0.0004340649757068604}}