{"train_samples": 1000, "test_samples": 200, "source_model": "intfloat/multilingual-e5-base", "source_dim": 768, "target_dim": 512, "test_results": {"bleu": 0.19, "bleu1": 18.01, "bleu2": 0.75, "bleu3": 0.01, "bleu4": 0.01, "rougeL": 0.1053, "rouge1": 0.1232, "rouge2": 0.003, "exact_match": 0.0}, "loss": {"X_Y_COS": 0.9652681350708008, "X_Y_MSEloss": 0.00013380503514781594, "X_Y_test_COS": 0.9187416434288025, "X_Y_test_MSEloss": 0.0003107238153461367, "X_Y_val_COS": 0.9181072115898132, "X_Y_val_MSEloss": 0.0003126052033621818}}