{"train_samples": 5, "test_samples": 200, "source_model": "text-embedding-3-large", "source_dim": 3072, "target_dim": 512, "test_results": {"bleu": 0.09, "bleu1": 7.96, "bleu2": 0.06, "bleu3": 0.02, "bleu4": 0.01, "rougeL": 0.0554, "rouge1": 0.0642, "rouge2": 0.0006, "exact_match": 0.0}, "loss": {"X_Y_COS": 1.0, "X_Y_MSEloss": 1.2611260469943484e-16, "X_Y_test_COS": 0.8866543173789978, "X_Y_test_MSEloss": 0.0006038600695319474, "X_Y_val_COS": 0.8888241648674011, "X_Y_val_MSEloss": 0.0006005251780152321}}