{"train_samples": 5, "test_samples": 200, "source_model": "text-embedding-ada-002", "source_dim": 1536, "target_dim": 512, "test_results": {"bleu": 0.44, "bleu1": 18.17, "bleu2": 0.83, "bleu3": 0.11, "bleu4": 0.02, "rougeL": 0.1125, "rouge1": 0.1473, "rouge2": 0.0115, "exact_match": 0.0}, "loss": {"X_Y_COS": 1.0, "X_Y_MSEloss": 7.996555887177295e-16, "X_Y_test_COS": 0.8690271377563477, "X_Y_test_MSEloss": 0.00047943732351996005, "X_Y_val_COS": 0.866253137588501, "X_Y_val_MSEloss": 0.0004879621264990419}}