{"train_samples": 5, "test_samples": 200, "source_model": "google-t5/t5-base", "source_dim": 768, "target_dim": 512, "test_results": {"bleu": 0.11, "bleu1": 7.23, "bleu2": 0.17, "bleu3": 0.02, "bleu4": 0.01, "rougeL": 0.0528, "rouge1": 0.0599, "rouge2": 0.0018, "exact_match": 0.0}, "loss": {"X_Y_COS": 1.0, "X_Y_MSEloss": 1.716390779504806e-10, "X_Y_test_COS": 0.8544411063194275, "X_Y_test_MSEloss": 0.0010658614337444305, "X_Y_val_COS": 0.8472166061401367, "X_Y_val_MSEloss": 0.0011587687768042088}}