{"train_samples": 500, "test_samples": 200, "source_model": "google-t5/t5-base", "source_dim": 768, "target_dim": 512, "test_results": {"bleu": 7.34, "bleu1": 33.42, "bleu2": 8.82, "bleu3": 4.81, "bleu4": 3.46, "rougeL": 0.2199, "rouge1": 0.2737, "rouge2": 0.0906, "exact_match": 0.0}, "loss": {"X_Y_COS": 0.9703540205955505, "X_Y_MSEloss": 0.00011498569801915437, "X_Y_test_COS": 0.831154465675354, "X_Y_test_MSEloss": 0.0006512488471344113, "X_Y_val_COS": 0.835232675075531, "X_Y_val_MSEloss": 0.0006361691630445421}}