{"train_samples": 1000, "test_samples": 200, "source_model": "google/flan-t5-base", "source_dim": 768, "target_dim": 512, "test_results": {"bleu": 0.28, "bleu1": 11.15, "bleu2": 0.49, "bleu3": 0.07, "bleu4": 0.02, "rougeL": 0.0156, "rouge1": 0.0164, "rouge2": 0.0017, "exact_match": 0.0}, "loss": {"X_Y_COS": 0.937268853187561, "X_Y_MSEloss": 0.0002370112924836576, "X_Y_test_COS": 0.8988755345344543, "X_Y_test_MSEloss": 0.0003822677826974541, "X_Y_val_COS": 0.8921310305595398, "X_Y_val_MSEloss": 0.0004073409363627434}}