{"train_samples": 10, "test_samples": 200, "source_model": "google/flan-t5-base", "source_dim": 768, "target_dim": 512, "test_results": {"bleu": 0.23, "bleu1": 15.3, "bleu2": 0.5, "bleu3": 0.03, "bleu4": 0.01, "rougeL": 0.1138, "rouge1": 0.1362, "rouge2": 0.0073, "exact_match": 0.0}, "loss": {"X_Y_COS": 1.0, "X_Y_MSEloss": 1.2322344149079943e-15, "X_Y_test_COS": 0.866727352142334, "X_Y_test_MSEloss": 0.0008258601883426309, "X_Y_val_COS": 0.8680220246315002, "X_Y_val_MSEloss": 0.0008030122262425721}}