{"train_samples": 10, "test_samples": 200, "source_model": "google/flan-t5-base", "source_dim": 768, "target_dim": 512, "test_results": {"bleu": 0.17, "bleu1": 12.48, "bleu2": 0.64, "bleu3": 0.01, "bleu4": 0.01, "rougeL": 0.1049, "rouge1": 0.117, "rouge2": 0.0067, "exact_match": 0.0}, "loss": {"X_Y_COS": 1.0, "X_Y_MSEloss": 5.081503116509054e-16, "X_Y_test_COS": 0.8610333800315857, "X_Y_test_MSEloss": 0.0005117398104630411, "X_Y_val_COS": 0.8609944581985474, "X_Y_val_MSEloss": 0.0005103558069095016}}