{"train_samples": 30, "test_samples": 200, "source_model": "sentence-transformers/all-MiniLM-L6-v2", "source_dim": 384, "target_dim": 512, "test_results": {"bleu": 0.29, "bleu1": 13.55, "bleu2": 0.62, "bleu3": 0.06, "bleu4": 0.03, "rougeL": 0.0379, "rouge1": 0.0417, "rouge2": 0.0022, "exact_match": 0.0}, "loss": {"X_Y_COS": 1.0, "X_Y_MSEloss": 7.834070615696687e-16, "X_Y_test_COS": 0.5619418025016785, "X_Y_test_MSEloss": 0.0012591116828843951, "X_Y_val_COS": 0.595488429069519, "X_Y_val_MSEloss": 0.0011901789112016559}}