{"train_samples": 3, "test_samples": 200, "source_model": "intfloat/multilingual-e5-base", "source_dim": 768, "target_dim": 512, "test_results": {"bleu": 0.07, "bleu1": 6.49, "bleu2": 0.04, "bleu3": 0.02, "bleu4": 0.01, "rougeL": 0.035, "rouge1": 0.0378, "rouge2": 0.0, "exact_match": 0.0}, "loss": {"X_Y_COS": 1.0, "X_Y_MSEloss": 3.7722119968069674e-16, "X_Y_test_COS": 0.8242943286895752, "X_Y_test_MSEloss": 0.0006277168286032975, "X_Y_val_COS": 0.8234713673591614, "X_Y_val_MSEloss": 0.0006307034054771066}}