{"train_samples": 5000, "test_samples": 200, "source_model": "google-t5/t5-base", "source_dim": 768, "target_dim": 512, "test_results": {"bleu": 0.36, "bleu1": 16.14, "bleu2": 0.71, "bleu3": 0.1, "bleu4": 0.02, "rougeL": 0.0844, "rouge1": 0.094, "rouge2": 0.0108, "exact_match": 0.0}, "loss": {"X_Y_COS": 0.9607787132263184, "X_Y_MSEloss": 0.00015211508434731513, "X_Y_test_COS": 0.9517080187797546, "X_Y_test_MSEloss": 0.00018631390412338078, "X_Y_val_COS": 0.9521706700325012, "X_Y_val_MSEloss": 0.00018527498468756676}}