{"train_samples": 1000, "test_samples": 200, "source_model": "sentence-transformers/gtr-t5-base", "source_dim": 768, "target_dim": 512, "test_results": {"bleu": 0.92, "bleu1": 16.46, "bleu2": 0.96, "bleu3": 0.31, "bleu4": 0.29, "rougeL": 0.0845, "rouge1": 0.1028, "rouge2": 0.0118, "exact_match": 0.0}, "loss": {"X_Y_COS": 0.9695215821266174, "X_Y_MSEloss": 0.00020776210294570774, "X_Y_test_COS": 0.8864557147026062, "X_Y_test_MSEloss": 0.0007828780799172819, "X_Y_val_COS": 0.8871539235115051, "X_Y_val_MSEloss": 0.0007952440646477044}}