{"train_samples": 1000, "test_samples": 200, "source_model": "sentence-transformers/gtr-t5-base", "source_dim": 768, "target_dim": 512, "test_results": {"bleu": 1.17, "bleu1": 16.78, "bleu2": 1.29, "bleu3": 0.46, "bleu4": 0.38, "rougeL": 0.0848, "rouge1": 0.0991, "rouge2": 0.0123, "exact_match": 0.0}, "loss": {"X_Y_COS": 0.9714887142181396, "X_Y_MSEloss": 0.00011060489487135783, "X_Y_test_COS": 0.903721272945404, "X_Y_test_MSEloss": 0.0003721318207681179, "X_Y_val_COS": 0.9014171957969666, "X_Y_val_MSEloss": 0.00038617156678810716}}