{"train_samples": 100, "test_samples": 200, "source_model": "sentence-transformers/all-MiniLM-L6-v2", "source_dim": 384, "target_dim": 512, "test_results": {"bleu": 0.75, "bleu1": 16.23, "bleu2": 1.27, "bleu3": 0.29, "bleu4": 0.11, "rougeL": 0.1086, "rouge1": 0.1379, "rouge2": 0.0121, "exact_match": 0.0}, "loss": {"X_Y_COS": 1.0, "X_Y_MSEloss": 5.024141658260817e-10, "X_Y_test_COS": 0.5434176325798035, "X_Y_test_MSEloss": 0.002745985286310315, "X_Y_val_COS": 0.5616865754127502, "X_Y_val_MSEloss": 0.00258365529589355}}