{"train_samples": 10, "test_samples": 200, "source_model": "google-t5/t5-base", "source_dim": 768, "target_dim": 512, "test_results": {"bleu": 0.08, "bleu1": 12.33, "bleu2": 0.04, "bleu3": 0.02, "bleu4": 0.01, "rougeL": 0.0129, "rouge1": 0.0135, "rouge2": 0.0, "exact_match": 0.0}, "loss": {"X_Y_COS": 1.0, "X_Y_MSEloss": 1.9902213210798436e-10, "X_Y_test_COS": 0.9191587567329407, "X_Y_test_MSEloss": 0.0007366372738033533, "X_Y_val_COS": 0.9143743515014648, "X_Y_val_MSEloss": 0.0008094925433397293}}