{"train_samples": 1000, "test_samples": 200, "source_model": "sentence-transformers/all-MiniLM-L6-v2", "source_dim": 384, "target_dim": 512, "test_results": {"bleu": 0.24, "bleu1": 11.64, "bleu2": 0.21, "bleu3": 0.06, "bleu4": 0.03, "rougeL": 0.0102, "rouge1": 0.0105, "rouge2": 0.0, "exact_match": 0.0}, "loss": {"X_Y_COS": 0.9558491706848145, "X_Y_MSEloss": 0.0001802554033929482, "X_Y_test_COS": 0.8837408423423767, "X_Y_test_MSEloss": 0.00045777729246765375, "X_Y_val_COS": 0.8818396329879761, "X_Y_val_MSEloss": 0.0004605783324223012}}