{"train_samples": 30, "test_samples": 200, "source_model": "intfloat/multilingual-e5-base", "source_dim": 768, "target_dim": 512, "test_results": {"bleu": 1.87, "bleu1": 21.19, "bleu2": 2.48, "bleu3": 0.8, "bleu4": 0.39, "rougeL": 0.1366, "rouge1": 0.1757, "rouge2": 0.0259, "exact_match": 0.0}, "loss": {"X_Y_COS": 1.0, "X_Y_MSEloss": 4.4978758673326624e-13, "X_Y_test_COS": 0.8332328796386719, "X_Y_test_MSEloss": 0.000597831909544766, "X_Y_val_COS": 0.8298883438110352, "X_Y_val_MSEloss": 0.0006088668596930802}}