{"train_samples": 10, "test_samples": 200, "source_model": "google-bert/bert-base-multilingual-cased", "source_dim": 768, "target_dim": 512, "test_results": {"bleu": 0.05, "bleu1": 8.7, "bleu2": 0.02, "bleu3": 0.01, "bleu4": 0.0, "rougeL": 0.0016, "rouge1": 0.0016, "rouge2": 0.0, "exact_match": 0.0}, "loss": {"X_Y_COS": 1.0, "X_Y_MSEloss": 4.2766587627751217e-16, "X_Y_test_COS": 0.8884601593017578, "X_Y_test_MSEloss": 0.00041588491876609623, "X_Y_val_COS": 0.8872694373130798, "X_Y_val_MSEloss": 0.00041865010280162096}}