{"train_samples": 50, "test_samples": 200, "source_model": "text-embedding-3-large", "source_dim": 3072, "target_dim": 512, "test_results": {"bleu": 0.17, "bleu1": 20.13, "bleu2": 0.55, "bleu3": 0.02, "bleu4": 0.01, "rougeL": 0.1072, "rouge1": 0.1302, "rouge2": 0.0028, "exact_match": 0.0}, "loss": {"X_Y_COS": 1.0, "X_Y_MSEloss": 2.158931975521864e-15, "X_Y_test_COS": 0.8501049876213074, "X_Y_test_MSEloss": 0.0005604783073067665, "X_Y_val_COS": 0.8498380780220032, "X_Y_val_MSEloss": 0.0005584895261563361}}