{"train_samples": 20, "test_samples": 200, "source_model": "google-t5/t5-base", "source_dim": 768, "target_dim": 512, "test_results": {"bleu": 0.09, "bleu1": 12.67, "bleu2": 0.06, "bleu3": 0.02, "bleu4": 0.01, "rougeL": 0.0214, "rouge1": 0.0225, "rouge2": 0.0, "exact_match": 0.0}, "loss": {"X_Y_COS": 1.0, "X_Y_MSEloss": 1.1380655058211737e-14, "X_Y_test_COS": 0.887478768825531, "X_Y_test_MSEloss": 0.0004167265724390745, "X_Y_val_COS": 0.8851766586303711, "X_Y_val_MSEloss": 0.00042443996062502265}}