{"train_samples": 50, "test_samples": 200, "source_model": "text-embedding-3-large", "source_dim": 3072, "target_dim": 512, "test_results": {"bleu": 0.12, "bleu1": 8.82, "bleu2": 0.13, "bleu3": 0.02, "bleu4": 0.01, "rougeL": 0.2168, "rouge1": 0.3168, "rouge2": 0.0288, "exact_match": 0.0}, "loss": {"X_Y_COS": 1.0, "X_Y_MSEloss": 2.9615740435929346e-15, "X_Y_test_COS": 0.8862388134002686, "X_Y_test_MSEloss": 0.00043021992314606905, "X_Y_val_COS": 0.8856925964355469, "X_Y_val_MSEloss": 0.00043391718645580113}}