{"train_samples": 10, "test_samples": 200, "source_model": "intfloat/multilingual-e5-base", "source_dim": 768, "target_dim": 512, "test_results": {"bleu": 0.17, "bleu1": 15.0, "bleu2": 0.71, "bleu3": 0.02, "bleu4": 0.01, "rougeL": 0.1074, "rouge1": 0.1454, "rouge2": 0.0091, "exact_match": 0.0}, "loss": {"X_Y_COS": 1.0, "X_Y_MSEloss": 1.4264492365079207e-10, "X_Y_test_COS": 0.9015757441520691, "X_Y_test_MSEloss": 0.0006697666249237955, "X_Y_val_COS": 0.9018046855926514, "X_Y_val_MSEloss": 0.0006469215149991214}}