{"train_samples": 500, "test_samples": 200, "source_model": "google/mt5-base", "source_dim": 768, "target_dim": 512, "test_results": {"bleu": 0.38, "bleu1": 20.53, "bleu2": 1.29, "bleu3": 0.06, "bleu4": 0.02, "rougeL": 0.146, "rouge1": 0.185, "rouge2": 0.0143, "exact_match": 0.0}, "loss": {"X_Y_COS": 0.9830241203308105, "X_Y_MSEloss": 6.627808761550114e-05, "X_Y_test_COS": 0.924470067024231, "X_Y_test_MSEloss": 0.0002933887590188533, "X_Y_val_COS": 0.9279278516769409, "X_Y_val_MSEloss": 0.00027896385290659964}}