{"train_samples": 50, "test_samples": 200, "source_model": "sentence-transformers/all-MiniLM-L6-v2", "source_dim": 384, "target_dim": 512, "test_results": {"bleu": 0.13, "bleu1": 14.13, "bleu2": 0.26, "bleu3": 0.02, "bleu4": 0.01, "rougeL": 0.0593, "rouge1": 0.0661, "rouge2": 0.0023, "exact_match": 0.0}, "loss": {"X_Y_COS": 1.0, "X_Y_MSEloss": 1.3762991973571923e-14, "X_Y_test_COS": 0.854862630367279, "X_Y_test_MSEloss": 0.0005482982378453016, "X_Y_val_COS": 0.8584627509117126, "X_Y_val_MSEloss": 0.000539726868737489}}