{"train_samples": 100, "test_samples": 200, "source_model": "google/flan-t5-base", "source_dim": 768, "target_dim": 512, "test_results": {"bleu": 0.18, "bleu1": 18.48, "bleu2": 0.59, "bleu3": 0.01, "bleu4": 0.01, "rougeL": 0.1077, "rouge1": 0.1282, "rouge2": 0.003, "exact_match": 0.0}, "loss": {"X_Y_COS": 1.0, "X_Y_MSEloss": 4.318319660190362e-11, "X_Y_test_COS": 0.9122023582458496, "X_Y_test_MSEloss": 0.0003335700021125376, "X_Y_val_COS": 0.9126321077346802, "X_Y_val_MSEloss": 0.0003317707742098719}}