{"train_samples": 500, "test_samples": 200, "source_model": "text-embedding-3-large", "source_dim": 3072, "target_dim": 512, "test_results": {"bleu": 23.74, "bleu1": 41.0, "bleu2": 23.47, "bleu3": 19.82, "bleu4": 18.09, "rougeL": 0.3591, "rouge1": 0.4116, "rouge2": 0.2402, "exact_match": 0.0}, "loss": {"X_Y_COS": 0.9999799132347107, "X_Y_MSEloss": 8.382158256381445e-08, "X_Y_test_COS": 0.9104560613632202, "X_Y_test_MSEloss": 0.0003593311703298241, "X_Y_val_COS": 0.906728208065033, "X_Y_val_MSEloss": 0.00036606259527616203, "reg_lambda": 0.001}}