{"train_samples": 20, "test_samples": 200, "source_model": "google/flan-t5-base", "source_dim": 768, "target_dim": 512, "test_results": {"bleu": 0.2, "bleu1": 21.69, "bleu2": 1.04, "bleu3": 0.01, "bleu4": 0.01, "rougeL": 0.128, "rouge1": 0.1645, "rouge2": 0.0105, "exact_match": 0.0}, "loss": {"X_Y_COS": 1.0, "X_Y_MSEloss": 1.375866787037619e-14, "X_Y_test_COS": 0.8800292611122131, "X_Y_test_MSEloss": 0.0004411003610584885, "X_Y_val_COS": 0.8819352388381958, "X_Y_val_MSEloss": 0.0004352352407295257}}