{"train_samples": 1000, "test_samples": 200, "source_model": "google-bert/bert-base-multilingual-cased", "source_dim": 768, "target_dim": 512, "test_results": {"bleu": 1.42, "bleu1": 9.27, "bleu2": 1.43, "bleu3": 0.78, "bleu4": 0.4, "rougeL": 0.0491, "rouge1": 0.0524, "rouge2": 0.0036, "exact_match": 0.0}, "loss": {"X_Y_COS": 0.8936450481414795, "X_Y_MSEloss": 0.0004880606720689684, "X_Y_test_COS": -0.031074227765202522, "X_Y_test_MSEloss": 0.008771122433245182, "X_Y_val_COS": 0.02149573527276516, "X_Y_val_MSEloss": 0.008855154737830162}}