{"train_samples": 3, "test_samples": 200, "source_model": "random", "source_dim": 768, "target_dim": 512, "test_results": {"bleu": 0.36, "bleu1": 15.64, "bleu2": 1.27, "bleu3": 0.07, "bleu4": 0.01, "rougeL": 0.1373, "rouge1": 0.1549, "rouge2": 0.0104, "exact_match": 0.0}, "loss": {"X_Y_COS": 1.0, "X_Y_MSEloss": 4.0067575374840513e-16, "X_Y_test_COS": -0.011896388605237007, "X_Y_test_MSEloss": 0.0019690615590661764, "X_Y_val_COS": -0.039856307208538055, "X_Y_val_MSEloss": 0.001977077452465892}}