{"train_samples": 30, "test_samples": 200, "source_model": "sentence-transformers/gtr-t5-base", "source_dim": 768, "target_dim": 512, "test_results": {"bleu": 0.18, "bleu1": 12.9, "bleu2": 0.81, "bleu3": 0.02, "bleu4": 0.01, "rougeL": 0.1164, "rouge1": 0.1474, "rouge2": 0.0082, "exact_match": 0.0}, "loss": {"X_Y_COS": 1.0, "X_Y_MSEloss": 2.300521791226656e-15, "X_Y_test_COS": 0.8721706867218018, "X_Y_test_MSEloss": 0.0004730211803689599, "X_Y_val_COS": 0.8728267550468445, "X_Y_val_MSEloss": 0.0004716925323009491}}