{"train_samples": 500, "test_samples": 200, "source_model": "google-bert/bert-base-multilingual-cased", "source_dim": 768, "target_dim": 512, "test_results": {"bleu": 4.59, "bleu1": 26.84, "bleu2": 5.77, "bleu3": 2.64, "bleu4": 1.79, "rougeL": 0.1886, "rouge1": 0.2371, "rouge2": 0.059, "exact_match": 0.0}, "loss": {"X_Y_COS": 0.9806464314460754, "X_Y_MSEloss": 0.00014389575517270714, "X_Y_test_COS": 0.8472554683685303, "X_Y_test_MSEloss": 0.0011791259748861194, "X_Y_val_COS": 0.8523525595664978, "X_Y_val_MSEloss": 0.001127777504734695}}