{"train_samples": 500, "test_samples": 200, "source_model": "google-bert/bert-base-multilingual-cased", "source_dim": 768, "target_dim": 512, "test_results": {"bleu": 0.31, "bleu1": 18.75, "bleu2": 0.66, "bleu3": 0.06, "bleu4": 0.02, "rougeL": 0.1061, "rouge1": 0.1265, "rouge2": 0.0029, "exact_match": 0.0}, "loss": {"X_Y_COS": 0.9816984534263611, "X_Y_MSEloss": 7.159674714785069e-05, "X_Y_test_COS": 0.8932615518569946, "X_Y_test_MSEloss": 0.0004180245741736144, "X_Y_val_COS": 0.8905796408653259, "X_Y_val_MSEloss": 0.0004299878200981766}}