{"train_samples": 100, "test_samples": 200, "source_model": "google/flan-t5-base", "source_dim": 768, "target_dim": 512, "test_results": {"bleu": 0.48, "bleu1": 16.62, "bleu2": 0.89, "bleu3": 0.2, "bleu4": 0.1, "rougeL": 0.0527, "rouge1": 0.0577, "rouge2": 0.0048, "exact_match": 0.0}, "loss": {"X_Y_COS": 1.0, "X_Y_MSEloss": 1.59262092402912e-09, "X_Y_test_COS": 0.9230955243110657, "X_Y_test_MSEloss": 0.0007884394144639373, "X_Y_val_COS": 0.9222567677497864, "X_Y_val_MSEloss": 0.0008109556511044502}}