{"train_samples": 50, "test_samples": 200, "source_model": "sentence-transformers/all-MiniLM-L6-v2", "source_dim": 384, "target_dim": 512, "test_results": {"bleu": 0.2, "bleu1": 13.04, "bleu2": 0.72, "bleu3": 0.03, "bleu4": 0.02, "rougeL": 0.0525, "rouge1": 0.0564, "rouge2": 0.0045, "exact_match": 0.0}, "loss": {"X_Y_COS": 1.0, "X_Y_MSEloss": 1.3237470074964016e-15, "X_Y_test_COS": 0.6029624938964844, "X_Y_test_MSEloss": 0.0011730649275705218, "X_Y_val_COS": 0.5673970580101013, "X_Y_val_MSEloss": 0.0012113124830648303}}