{"train_samples": 1, "test_samples": 200, "source_model": "random", "source_dim": 768, "target_dim": 512, "test_results": {"bleu": 0.36, "bleu1": 14.21, "bleu2": 1.25, "bleu3": 0.04, "bleu4": 0.02, "rougeL": 0.1242, "rouge1": 0.1335, "rouge2": 0.0082, "exact_match": 0.0}, "loss": {"X_Y_COS": 1.0000001192092896, "X_Y_MSEloss": 3.622190285749614e-16, "X_Y_test_COS": -0.03915128484368324, "X_Y_test_MSEloss": 0.0030546432826668024, "X_Y_val_COS": 0.06553451716899872, "X_Y_val_MSEloss": 0.0027161603793501854}}