{"train_samples": 500, "test_samples": 200, "source_model": "google/mt5-base", "source_dim": 768, "target_dim": 512, "test_results": {"bleu": 1.94, "bleu1": 27.71, "bleu2": 4.21, "bleu3": 0.81, "bleu4": 0.2, "rougeL": 0.1789, "rouge1": 0.2454, "rouge2": 0.0423, "exact_match": 0.0}, "loss": {"X_Y_COS": 0.9749037623405457, "X_Y_MSEloss": 9.834315278567374e-05, "X_Y_test_COS": 0.9070420861244202, "X_Y_test_MSEloss": 0.0003585164959076792, "X_Y_val_COS": 0.9049204587936401, "X_Y_val_MSEloss": 0.0003655544715002179}}