{"train_samples": 3, "test_samples": 200, "source_model": "text-embedding-3-large", "source_dim": 3072, "target_dim": 512, "test_results": {"bleu": 0.04, "bleu1": 2.57, "bleu2": 0.02, "bleu3": 0.01, "bleu4": 0.01, "rougeL": 0.0211, "rouge1": 0.0219, "rouge2": 0.0, "exact_match": 0.0}, "loss": {"X_Y_COS": 1.0, "X_Y_MSEloss": 1.4323739416788328e-10, "X_Y_test_COS": 0.848175585269928, "X_Y_test_MSEloss": 0.0018136289436370134, "X_Y_val_COS": 0.8515979051589966, "X_Y_val_MSEloss": 0.0018588003003969789}}