{"train_samples": 50, "test_samples": 200, "source_model": "google/mt5-base", "source_dim": 768, "target_dim": 512, "test_results": {"bleu": 14.22, "bleu1": 30.39, "bleu2": 13.15, "bleu3": 11.07, "bleu4": 10.31, "rougeL": 0.2376, "rouge1": 0.2799, "rouge2": 0.1263, "exact_match": 0.0}, "loss": {"X_Y_COS": 1.0, "X_Y_MSEloss": 1.0327490598815992e-11, "X_Y_test_COS": 0.9003868103027344, "X_Y_test_MSEloss": 0.0003725453861989081, "X_Y_val_COS": 0.9032944440841675, "X_Y_val_MSEloss": 0.0003632403095252812}}