{"train_samples": 20, "test_samples": 200, "source_model": "google-bert/bert-base-multilingual-cased", "source_dim": 768, "target_dim": 512, "test_results": {"bleu": 0.19, "bleu1": 18.54, "bleu2": 0.48, "bleu3": 0.02, "bleu4": 0.01, "rougeL": 0.1038, "rouge1": 0.1142, "rouge2": 0.0033, "exact_match": 0.0}, "loss": {"X_Y_COS": 1.0, "X_Y_MSEloss": 2.0856119609113932e-10, "X_Y_test_COS": 0.9030327200889587, "X_Y_test_MSEloss": 0.0008990589994937181, "X_Y_val_COS": 0.9090129137039185, "X_Y_val_MSEloss": 0.0008635394042357802}}