{"train_samples": 1000, "test_samples": 200, "source_model": "text-embedding-ada-002", "source_dim": 1536, "target_dim": 512, "test_results": {"bleu": 0.3, "bleu1": 12.23, "bleu2": 0.62, "bleu3": 0.06, "bleu4": 0.02, "rougeL": 0.0807, "rouge1": 0.1012, "rouge2": 0.0061, "exact_match": 0.0}, "loss": {"X_Y_COS": 1.0, "X_Y_MSEloss": 8.960502478894128e-11, "X_Y_test_COS": 0.7502120733261108, "X_Y_test_MSEloss": 0.001072749961167574, "X_Y_val_COS": 0.7397526502609253, "X_Y_val_MSEloss": 0.0011042373953387141}}