{"train_samples": 20, "test_samples": 200, "source_model": "google-t5/t5-base", "source_dim": 768, "target_dim": 512, "test_results": {"bleu": 10.33, "bleu1": 25.82, "bleu2": 9.51, "bleu3": 7.84, "bleu4": 7.19, "rougeL": 0.1906, "rouge1": 0.2223, "rouge2": 0.0921, "exact_match": 0.0}, "loss": {"X_Y_COS": 1.0, "X_Y_MSEloss": 3.043829201342563e-15, "X_Y_test_COS": 0.9136919975280762, "X_Y_test_MSEloss": 0.0003241162921767682, "X_Y_val_COS": 0.9138920903205872, "X_Y_val_MSEloss": 0.0003256883064750582}}