{"train_samples": 5, "test_samples": 200, "source_model": "sentence-transformers/gtr-t5-base", "source_dim": 768, "target_dim": 512, "test_results": {"bleu": 1.11, "bleu1": 18.86, "bleu2": 1.28, "bleu3": 0.38, "bleu4": 0.25, "rougeL": 0.1206, "rouge1": 0.1599, "rouge2": 0.0154, "exact_match": 0.0}, "loss": {"X_Y_COS": 1.0, "X_Y_MSEloss": 3.4119506201917883e-16, "X_Y_test_COS": 0.8370188474655151, "X_Y_test_MSEloss": 0.0008834311156533659, "X_Y_val_COS": 0.8377751708030701, "X_Y_val_MSEloss": 0.0008786172838881612}}