{"train_samples": 1000, "test_samples": 200, "source_model": "text-embedding-ada-002", "source_dim": 1536, "target_dim": 512, "test_results": {"bleu": 0.47, "bleu1": 18.37, "bleu2": 1.57, "bleu3": 0.15, "bleu4": 0.03, "rougeL": 0.0817, "rouge1": 0.0963, "rouge2": 0.0083, "exact_match": 0.0}, "loss": {"X_Y_COS": 0.9467043876647949, "X_Y_MSEloss": 0.00020334521832410246, "X_Y_test_COS": 0.8686951398849487, "X_Y_test_MSEloss": 0.0004893416189588606, "X_Y_val_COS": 0.8738369345664978, "X_Y_val_MSEloss": 0.0004714997485280037}}