{"train_samples": 50, "test_samples": 200, "source_model": "intfloat/multilingual-e5-base", "source_dim": 768, "target_dim": 512, "test_results": {"bleu": 1.13, "bleu1": 17.99, "bleu2": 1.6, "bleu3": 0.64, "bleu4": 0.37, "rougeL": 0.0675, "rouge1": 0.0773, "rouge2": 0.0096, "exact_match": 0.0}, "loss": {"X_Y_COS": 1.0, "X_Y_MSEloss": 5.33101991370688e-12, "X_Y_test_COS": 0.9113844037055969, "X_Y_test_MSEloss": 0.0003309275198262185, "X_Y_val_COS": 0.9069501757621765, "X_Y_val_MSEloss": 0.00034699711250141263}}