{"train_samples": 30, "test_samples": 200, "source_model": "intfloat/multilingual-e5-base", "source_dim": 768, "target_dim": 512, "test_results": {"bleu": 0.05, "bleu1": 11.52, "bleu2": 0.02, "bleu3": 0.01, "bleu4": 0.01, "rougeL": 0.0125, "rouge1": 0.0125, "rouge2": 0.0, "exact_match": 0.0}, "loss": {"X_Y_COS": 1.0, "X_Y_MSEloss": 6.332863400348998e-11, "X_Y_test_COS": 0.9182165265083313, "X_Y_test_MSEloss": 0.0007552586612291634, "X_Y_val_COS": 0.9170764088630676, "X_Y_val_MSEloss": 0.0007856467855162919}}