{"train_samples": 1000, "test_samples": 200, "source_model": "google-t5/t5-base", "source_dim": 768, "target_dim": 512, "test_results": {"bleu": 0.5, "bleu1": 17.16, "bleu2": 1.95, "bleu3": 0.08, "bleu4": 0.03, "rougeL": 0.1262, "rouge1": 0.1473, "rouge2": 0.0155, "exact_match": 0.0}, "loss": {"X_Y_COS": 0.9072887301445007, "X_Y_MSEloss": 0.0004406905500218272, "X_Y_test_COS": 0.05634889379143715, "X_Y_test_MSEloss": 0.00777059281244874, "X_Y_val_COS": 0.025700105354189873, "X_Y_val_MSEloss": 0.008685749024152756}}