{"train_samples": 100, "test_samples": 200, "source_model": "text-embedding-ada-002", "source_dim": 1536, "target_dim": 512, "test_results": {"bleu": 2.09, "bleu1": 23.61, "bleu2": 3.35, "bleu3": 0.97, "bleu4": 0.37, "rougeL": 0.1599, "rouge1": 0.2014, "rouge2": 0.041, "exact_match": 0.0}, "loss": {"X_Y_COS": 1.0, "X_Y_MSEloss": 1.188204118429681e-10, "X_Y_test_COS": 0.8370068669319153, "X_Y_test_MSEloss": 0.0005913071800023317, "X_Y_val_COS": 0.8334847688674927, "X_Y_val_MSEloss": 0.0006032933015376329}}