{"train_samples": 20, "test_samples": 200, "source_model": "google/mt5-base", "source_dim": 768, "target_dim": 512, "test_results": {"bleu": 0.13, "bleu1": 11.27, "bleu2": 0.08, "bleu3": 0.04, "bleu4": 0.02, "rougeL": 0.0131, "rouge1": 0.0137, "rouge2": 0.0004, "exact_match": 0.0}, "loss": {"X_Y_COS": 1.0, "X_Y_MSEloss": 8.684026830962921e-10, "X_Y_test_COS": 0.9112443327903748, "X_Y_test_MSEloss": 0.0008208047947846353, "X_Y_val_COS": 0.9070751667022705, "X_Y_val_MSEloss": 0.0008790242718532681}}