{"train_samples": 3, "test_samples": 200, "source_model": "intfloat/multilingual-e5-base", "source_dim": 768, "target_dim": 512, "test_results": {"bleu": 0.06, "bleu1": 5.56, "bleu2": 0.05, "bleu3": 0.03, "bleu4": 0.02, "rougeL": 0.0122, "rouge1": 0.0122, "rouge2": 0.0004, "exact_match": 0.0}, "loss": {"X_Y_COS": 1.0, "X_Y_MSEloss": 3.1921672755985708e-16, "X_Y_test_COS": 0.8467541337013245, "X_Y_test_MSEloss": 0.0005528756882995367, "X_Y_val_COS": 0.8488729596138, "X_Y_val_MSEloss": 0.0005459003150463104}}