{"train_samples": 40, "test_samples": 200, "source_model": "google/flan-t5-base", "source_dim": 768, "target_dim": 512, "test_results": {"bleu": 0.47, "bleu1": 17.0, "bleu2": 0.8, "bleu3": 0.2, "bleu4": 0.1, "rougeL": 0.0584, "rouge1": 0.0654, "rouge2": 0.0026, "exact_match": 0.0}, "loss": {"X_Y_COS": 1.0, "X_Y_MSEloss": 6.903898568284828e-14, "X_Y_test_COS": 0.8909915089607239, "X_Y_test_MSEloss": 0.0007538847276009619, "X_Y_val_COS": 0.8929659724235535, "X_Y_val_MSEloss": 0.0007390441605821252}}