{"train_samples": 500, "test_samples": 200, "source_model": "text-embedding-3-large", "source_dim": 3072, "target_dim": 512, "test_results": {"bleu": 0.17, "bleu1": 13.0, "bleu2": 0.41, "bleu3": 0.02, "bleu4": 0.01, "rougeL": 0.0982, "rouge1": 0.1106, "rouge2": 0.004, "exact_match": 0.0}, "loss": {"X_Y_COS": 0.9999999403953552, "X_Y_MSEloss": 5.497764909989655e-09, "X_Y_test_COS": 0.8922827243804932, "X_Y_test_MSEloss": 0.0009776066290214658, "X_Y_val_COS": 0.894618570804596, "X_Y_val_MSEloss": 0.0009752042242325842}}