{"train_samples": 3, "test_samples": 200, "source_model": "google/mt5-base", "source_dim": 768, "target_dim": 512, "test_results": {"bleu": 0.53, "bleu1": 17.32, "bleu2": 0.88, "bleu3": 0.11, "bleu4": 0.05, "rougeL": 0.1001, "rouge1": 0.1235, "rouge2": 0.007, "exact_match": 0.0}, "loss": {"X_Y_COS": 1.0, "X_Y_MSEloss": 2.912857896543669e-16, "X_Y_test_COS": 0.7897318601608276, "X_Y_test_MSEloss": 0.0007342026219703257, "X_Y_val_COS": 0.7884540557861328, "X_Y_val_MSEloss": 0.0007406665827147663}}