{"train_samples": 20, "test_samples": 200, "source_model": "google-bert/bert-base-multilingual-cased", "source_dim": 768, "target_dim": 512, "test_results": {"bleu": 0.22, "bleu1": 14.34, "bleu2": 1.02, "bleu3": 0.02, "bleu4": 0.01, "rougeL": 0.1162, "rouge1": 0.1277, "rouge2": 0.0093, "exact_match": 0.0}, "loss": {"X_Y_COS": 1.0, "X_Y_MSEloss": 1.713859042782684e-15, "X_Y_test_COS": 0.8758769631385803, "X_Y_test_MSEloss": 0.00046153494622558355, "X_Y_val_COS": 0.879705011844635, "X_Y_val_MSEloss": 0.00044846037053503096}}