{"train_samples": 20, "test_samples": 200, "source_model": "google-bert/bert-base-multilingual-cased", "source_dim": 768, "target_dim": 512, "test_results": {"bleu": 0.22, "bleu1": 15.12, "bleu2": 0.99, "bleu3": 0.02, "bleu4": 0.01, "rougeL": 0.1276, "rouge1": 0.1374, "rouge2": 0.0095, "exact_match": 0.0}, "loss": {"X_Y_COS": 1.0, "X_Y_MSEloss": 1.526156423459213e-10, "X_Y_test_COS": 0.8795703053474426, "X_Y_test_MSEloss": 0.0008372776210308075, "X_Y_val_COS": 0.8859697580337524, "X_Y_val_MSEloss": 0.0008135900716297328}}