{"train_samples": 40, "test_samples": 200, "source_model": "google/flan-t5-base", "source_dim": 768, "target_dim": 512, "test_results": {"bleu": 1.34, "bleu1": 22.01, "bleu2": 2.24, "bleu3": 0.45, "bleu4": 0.2, "rougeL": 0.1385, "rouge1": 0.1832, "rouge2": 0.0221, "exact_match": 0.0}, "loss": {"X_Y_COS": 1.0, "X_Y_MSEloss": 2.2770148058195126e-14, "X_Y_test_COS": 0.9002987742424011, "X_Y_test_MSEloss": 0.00037365383468568325, "X_Y_val_COS": 0.8995574712753296, "X_Y_val_MSEloss": 0.0003788188623730093}}