{"train_samples": 20, "test_samples": 200, "source_model": "text-embedding-ada-002", "source_dim": 1536, "target_dim": 512, "test_results": {"bleu": 1.55, "bleu1": 22.98, "bleu2": 1.84, "bleu3": 0.51, "bleu4": 0.27, "rougeL": 0.1528, "rouge1": 0.2019, "rouge2": 0.0208, "exact_match": 0.0}, "loss": {"X_Y_COS": 1.0, "X_Y_MSEloss": 4.892265791697076e-15, "X_Y_test_COS": 0.9060982465744019, "X_Y_test_MSEloss": 0.00034963665530085564, "X_Y_val_COS": 0.9054816961288452, "X_Y_val_MSEloss": 0.00035210326313972473}}