{"train_samples": 100, "test_samples": 200, "source_model": "google-bert/bert-base-multilingual-cased", "source_dim": 768, "target_dim": 512, "test_results": {"bleu": 0.18, "bleu1": 17.35, "bleu2": 0.62, "bleu3": 0.01, "bleu4": 0.01, "rougeL": 0.0974, "rouge1": 0.1169, "rouge2": 0.0036, "exact_match": 0.0}, "loss": {"X_Y_COS": 1.0, "X_Y_MSEloss": 4.1985217386075746e-11, "X_Y_test_COS": 0.8979685306549072, "X_Y_test_MSEloss": 0.0003889166982844472, "X_Y_val_COS": 0.9007998704910278, "X_Y_val_MSEloss": 0.00038010033313184977}}