{"train_samples": 30, "test_samples": 200, "source_model": "google-bert/bert-base-multilingual-cased", "source_dim": 768, "target_dim": 512, "test_results": {"bleu": 0.65, "bleu1": 16.66, "bleu2": 0.98, "bleu3": 0.17, "bleu4": 0.07, "rougeL": 0.114, "rouge1": 0.1466, "rouge2": 0.0099, "exact_match": 0.0}, "loss": {"X_Y_COS": 1.0, "X_Y_MSEloss": 7.42774880501968e-15, "X_Y_test_COS": 0.888847827911377, "X_Y_test_MSEloss": 0.000821837573312223, "X_Y_val_COS": 0.8917636275291443, "X_Y_val_MSEloss": 0.0008213187102228403}}