{"train_samples": 5000, "test_samples": 200, "source_model": "sentence-transformers/all-MiniLM-L6-v2", "source_dim": 384, "target_dim": 512, "test_results": {"bleu": 26.8, "bleu1": 44.52, "bleu2": 26.66, "bleu3": 23.23, "bleu4": 21.4, "rougeL": 0.3935, "rouge1": 0.4457, "rouge2": 0.2795, "exact_match": 0.0}, "loss": {"X_Y_COS": 0.9357581734657288, "X_Y_MSEloss": 0.0003140954941045493, "X_Y_test_COS": 0.9250705242156982, "X_Y_test_MSEloss": 0.000360631151124835, "X_Y_val_COS": 0.9149742722511292, "X_Y_val_MSEloss": 0.00037473018164746463}}