{"train_samples": 30, "test_samples": 200, "source_model": "google/mt5-base", "source_dim": 768, "target_dim": 512, "test_results": {"bleu": 1.72, "bleu1": 21.24, "bleu2": 2.13, "bleu3": 0.66, "bleu4": 0.29, "rougeL": 0.15, "rouge1": 0.206, "rouge2": 0.0282, "exact_match": 0.0}, "loss": {"X_Y_COS": 1.0, "X_Y_MSEloss": 1.4516795968436136e-12, "X_Y_test_COS": 0.8500465750694275, "X_Y_test_MSEloss": 0.0005410564481280744, "X_Y_val_COS": 0.8517091274261475, "X_Y_val_MSEloss": 0.0005354338209144771}}