{"train_samples": 100, "test_samples": 200, "source_model": "google/flan-t5-base", "source_dim": 768, "target_dim": 512, "test_results": {"bleu": 0.12, "bleu1": 11.39, "bleu2": 0.16, "bleu3": 0.02, "bleu4": 0.01, "rougeL": 0.0481, "rouge1": 0.0545, "rouge2": 0.0003, "exact_match": 0.0}, "loss": {"X_Y_COS": 0.9999995231628418, "X_Y_MSEloss": 1.1203738381482253e-08, "X_Y_test_COS": 0.8723195195198059, "X_Y_test_MSEloss": 0.0009545327629894018, "X_Y_val_COS": 0.8650552034378052, "X_Y_val_MSEloss": 0.0010336409322917461}}