{"train_samples": 10, "test_samples": 200, "source_model": "google-bert/bert-base-multilingual-cased", "source_dim": 768, "target_dim": 512, "test_results": {"bleu": 0.3, "bleu1": 19.29, "bleu2": 0.83, "bleu3": 0.04, "bleu4": 0.01, "rougeL": 0.1183, "rouge1": 0.1584, "rouge2": 0.0093, "exact_match": 0.0}, "loss": {"X_Y_COS": 1.0, "X_Y_MSEloss": 6.079851088252046e-16, "X_Y_test_COS": 0.8349210023880005, "X_Y_test_MSEloss": 0.0005950298509560525, "X_Y_val_COS": 0.8391591310501099, "X_Y_val_MSEloss": 0.0005838735960423946}}