{"train_samples": 100, "test_samples": 200, "source_model": "google/mt5-base", "source_dim": 768, "target_dim": 512, "test_results": {"bleu": 2.62, "bleu1": 27.5, "bleu2": 3.81, "bleu3": 0.95, "bleu4": 0.47, "rougeL": 0.1783, "rouge1": 0.2302, "rouge2": 0.0347, "exact_match": 0.0}, "loss": {"X_Y_COS": 0.9999997615814209, "X_Y_MSEloss": 1.2209907529481256e-09, "X_Y_test_COS": 0.9130364060401917, "X_Y_test_MSEloss": 0.0003291144093964249, "X_Y_val_COS": 0.9127554297447205, "X_Y_val_MSEloss": 0.00032988228485919535}}