{"train_samples": 100, "test_samples": 200, "source_model": "text-embedding-3-large", "source_dim": 3072, "target_dim": 512, "test_results": {"bleu": 0.24, "bleu1": 19.06, "bleu2": 1.18, "bleu3": 0.02, "bleu4": 0.01, "rougeL": 0.1043, "rouge1": 0.117, "rouge2": 0.0069, "exact_match": 0.0}, "loss": {"X_Y_COS": 1.0, "X_Y_MSEloss": 1.1415034431474895e-14, "X_Y_test_COS": 0.9039166569709778, "X_Y_test_MSEloss": 0.00036938898847438395, "X_Y_val_COS": 0.907415509223938, "X_Y_val_MSEloss": 0.00035754276905208826}}