{"train_samples": 10, "test_samples": 200, "source_model": "random", "source_dim": 768, "target_dim": 512, "test_results": {"bleu": 0.1, "bleu1": 8.11, "bleu2": 0.09, "bleu3": 0.02, "bleu4": 0.01, "rougeL": 0.0494, "rouge1": 0.0568, "rouge2": 0.0016, "exact_match": 0.0}, "loss": {"X_Y_COS": 1.0, "X_Y_MSEloss": 5.779380443894568e-16, "X_Y_test_COS": -0.014243736863136292, "X_Y_test_MSEloss": 0.001977702835574746, "X_Y_val_COS": 0.037206992506980896, "X_Y_val_MSEloss": 0.001981593668460846}}