{"train_samples": 1, "test_samples": 200, "source_model": "text-embedding-ada-002", "source_dim": 1536, "target_dim": 512, "test_results": {"bleu": 0.08, "bleu1": 41.25, "bleu2": 1.87, "bleu3": 0.12, "bleu4": 0.08, "rougeL": 0.1256, "rouge1": 0.1481, "rouge2": 0.0079, "exact_match": 0.0}, "loss": {"X_Y_COS": 1.0000001192092896, "X_Y_MSEloss": 6.784025576204804e-16, "X_Y_test_COS": 0.7401847839355469, "X_Y_test_MSEloss": 0.00088345049880445, "X_Y_val_COS": 0.749316394329071, "X_Y_val_MSEloss": 0.0008570643258281052}}