{"train_samples": 100, "test_samples": 200, "source_model": "intfloat/multilingual-e5-base", "source_dim": 768, "target_dim": 512, "test_results": {"bleu": 2.58, "bleu1": 24.93, "bleu2": 2.95, "bleu3": 1.06, "bleu4": 0.69, "rougeL": 0.1506, "rouge1": 0.1968, "rouge2": 0.0322, "exact_match": 0.0}, "loss": {"X_Y_COS": 1.0, "X_Y_MSEloss": 2.916791252971507e-10, "X_Y_test_COS": 0.8484392166137695, "X_Y_test_MSEloss": 0.0005535084055736661, "X_Y_val_COS": 0.8420048356056213, "X_Y_val_MSEloss": 0.0005767177208326757}}