{"train_samples": 10, "test_samples": 200, "source_model": "google/mt5-base", "source_dim": 768, "target_dim": 512, "test_results": {"bleu": 0.1, "bleu1": 8.6, "bleu2": 0.09, "bleu3": 0.02, "bleu4": 0.01, "rougeL": 0.0642, "rouge1": 0.0728, "rouge2": 0.0008, "exact_match": 0.0}, "loss": {"X_Y_COS": 1.0, "X_Y_MSEloss": 3.5324001346594483e-15, "X_Y_test_COS": 0.881662130355835, "X_Y_test_MSEloss": 0.00043740778346545994, "X_Y_val_COS": 0.8796787858009338, "X_Y_val_MSEloss": 0.00043607401312328875}}