{"train_samples": 40, "test_samples": 200, "source_model": "text-embedding-3-large", "source_dim": 3072, "target_dim": 512, "test_results": {"bleu": 0.18, "bleu1": 14.24, "bleu2": 0.79, "bleu3": 0.02, "bleu4": 0.01, "rougeL": 0.0961, "rouge1": 0.1228, "rouge2": 0.0086, "exact_match": 0.0}, "loss": {"X_Y_COS": 1.0, "X_Y_MSEloss": 1.6315916030553205e-15, "X_Y_test_COS": 0.9045994281768799, "X_Y_test_MSEloss": 0.00039730971911922097, "X_Y_val_COS": 0.9045577645301819, "X_Y_val_MSEloss": 0.00039390622987411916}}