{"train_samples": 40, "test_samples": 200, "source_model": "google-bert/bert-base-multilingual-cased", "source_dim": 768, "target_dim": 512, "test_results": {"bleu": 0.19, "bleu1": 16.88, "bleu2": 0.72, "bleu3": 0.02, "bleu4": 0.01, "rougeL": 0.1265, "rouge1": 0.1712, "rouge2": 0.0092, "exact_match": 0.0}, "loss": {"X_Y_COS": 1.0, "X_Y_MSEloss": 2.1013445771302965e-14, "X_Y_test_COS": 0.9161829948425293, "X_Y_test_MSEloss": 0.0005743801011703908, "X_Y_val_COS": 0.9201887249946594, "X_Y_val_MSEloss": 0.0005450214957818389}}