{"train_samples": 1000, "test_samples": 200, "source_model": "text-embedding-3-large", "source_dim": 3072, "target_dim": 512, "test_results": {"bleu": 0.7, "bleu1": 16.8, "bleu2": 1.56, "bleu3": 0.19, "bleu4": 0.06, "rougeL": 0.1212, "rouge1": 0.137, "rouge2": 0.0102, "exact_match": 0.0}, "loss": {"X_Y_COS": 1.0, "X_Y_MSEloss": 7.470271553037741e-14, "X_Y_test_COS": 0.049149706959724426, "X_Y_test_MSEloss": 0.0026338379830121994, "X_Y_val_COS": -0.007952127605676651, "X_Y_val_MSEloss": 0.0027608575765043497}}