{"train_samples": 5, "test_samples": 200, "source_model": "text-embedding-ada-002", "source_dim": 1536, "target_dim": 512, "test_results": {"bleu": 0.08, "bleu1": 9.28, "bleu2": 0.05, "bleu3": 0.01, "bleu4": 0.01, "rougeL": 0.0015, "rouge1": 0.0015, "rouge2": 0.0, "exact_match": 0.0}, "loss": {"X_Y_COS": 1.0, "X_Y_MSEloss": 2.3919160109606846e-15, "X_Y_test_COS": 0.885321855545044, "X_Y_test_MSEloss": 0.0004226239980198443, "X_Y_val_COS": 0.8868016004562378, "X_Y_val_MSEloss": 0.00041749601950868964}}