{"train_samples": 500, "test_samples": 200, "source_model": "google-bert/bert-base-multilingual-cased", "source_dim": 768, "target_dim": 512, "test_results": {"bleu": 0.08, "bleu1": 10.01, "bleu2": 0.03, "bleu3": 0.02, "bleu4": 0.01, "rougeL": 0.0181, "rouge1": 0.019, "rouge2": 0.0, "exact_match": 0.0}, "loss": {"X_Y_COS": 0.9764353632926941, "X_Y_MSEloss": 0.00019853208505082875, "X_Y_test_COS": 0.838802695274353, "X_Y_test_MSEloss": 0.0014068683376535773, "X_Y_val_COS": 0.8350839614868164, "X_Y_val_MSEloss": 0.0014491486363112926}}