{"train_samples": 100, "test_samples": 200, "source_model": "google/mt5-base", "source_dim": 768, "target_dim": 512, "test_results": {"bleu": 0.18, "bleu1": 15.04, "bleu2": 0.79, "bleu3": 0.02, "bleu4": 0.01, "rougeL": 0.112, "rouge1": 0.1447, "rouge2": 0.0096, "exact_match": 0.0}, "loss": {"X_Y_COS": 0.9999998211860657, "X_Y_MSEloss": 4.186856417121021e-10, "X_Y_test_COS": 0.9026831388473511, "X_Y_test_MSEloss": 0.00036824328708462417, "X_Y_val_COS": 0.9026314616203308, "X_Y_val_MSEloss": 0.00036848714808002114}}