{"train_samples": 10, "test_samples": 200, "source_model": "text-embedding-3-large", "source_dim": 3072, "target_dim": 512, "test_results": {"bleu": 9.77, "bleu1": 23.14, "bleu2": 8.4, "bleu3": 7.13, "bleu4": 6.58, "rougeL": 0.1782, "rouge1": 0.2107, "rouge2": 0.0864, "exact_match": 0.0}, "loss": {"X_Y_COS": 0.9882575869560242, "X_Y_MSEloss": 0.0014589590718969703, "X_Y_test_COS": 0.9066426157951355, "X_Y_test_MSEloss": 0.0017094763461500406, "X_Y_val_COS": 0.9028092622756958, "X_Y_val_MSEloss": 0.0017093389760702848, "reg_lambda": 10}}