{"train_samples": 1000, "test_samples": 200, "source_model": "google-t5/t5-base", "source_dim": 768, "target_dim": 512, "test_results": {"bleu": 0.76, "bleu1": 17.09, "bleu2": 1.75, "bleu3": 0.24, "bleu4": 0.06, "rougeL": 0.1276, "rouge1": 0.1437, "rouge2": 0.0119, "exact_match": 0.0}, "loss": {"X_Y_COS": 0.8983364701271057, "X_Y_MSEloss": 0.00046374573139473796, "X_Y_test_COS": 0.08401525020599365, "X_Y_test_MSEloss": 0.0072835879400372505, "X_Y_val_COS": 0.008449958637356758, "X_Y_val_MSEloss": 0.008874899707734585}}