{"train_samples": 1000, "test_samples": 200, "source_model": "google/mt5-base", "source_dim": 768, "target_dim": 512, "test_results": {"bleu": 9.14, "bleu1": 28.19, "bleu2": 9.82, "bleu3": 6.3, "bleu4": 4.0, "rougeL": 0.1648, "rouge1": 0.2007, "rouge2": 0.0437, "exact_match": 0.0}, "loss": {"X_Y_COS": 0.9747141599655151, "X_Y_MSEloss": 9.844771557254717e-05, "X_Y_test_COS": 0.9037023186683655, "X_Y_test_MSEloss": 0.00037206136039458215, "X_Y_val_COS": 0.9136210680007935, "X_Y_val_MSEloss": 0.00033254895242862403}}