{"train_samples": 100, "test_samples": 200, "source_model": "google/flan-t5-base", "source_dim": 768, "target_dim": 512, "test_results": {"bleu": 0.08, "bleu1": 14.19, "bleu2": 0.04, "bleu3": 0.02, "bleu4": 0.01, "rougeL": 0.0175, "rouge1": 0.0181, "rouge2": 0.0, "exact_match": 0.0}, "loss": {"X_Y_COS": 0.9999997019767761, "X_Y_MSEloss": 1.4783473112345291e-08, "X_Y_test_COS": 0.92350172996521, "X_Y_test_MSEloss": 0.0006888374336995184, "X_Y_val_COS": 0.9195235371589661, "X_Y_val_MSEloss": 0.0007406531367450953}}