{"train_samples": 20, "test_samples": 200, "source_model": "text-embedding-3-large", "source_dim": 3072, "target_dim": 512, "test_results": {"bleu": 0.41, "bleu1": 18.7, "bleu2": 1.36, "bleu3": 0.12, "bleu4": 0.01, "rougeL": 0.1213, "rouge1": 0.1494, "rouge2": 0.014, "exact_match": 0.0}, "loss": {"X_Y_COS": 1.0, "X_Y_MSEloss": 2.633740158693084e-16, "X_Y_test_COS": 0.8871705532073975, "X_Y_test_MSEloss": 0.0007212082855403423, "X_Y_val_COS": 0.8930501341819763, "X_Y_val_MSEloss": 0.0007161612156778574}}