{"train_samples": 40, "test_samples": 200, "source_model": "google-t5/t5-base", "source_dim": 768, "target_dim": 512, "test_results": {"bleu": 0.12, "bleu1": 8.74, "bleu2": 0.18, "bleu3": 0.02, "bleu4": 0.01, "rougeL": 0.0703, "rouge1": 0.0832, "rouge2": 0.0018, "exact_match": 0.0}, "loss": {"X_Y_COS": 0.9999999403953552, "X_Y_MSEloss": 4.1175987619546106e-10, "X_Y_test_COS": 0.8826348185539246, "X_Y_test_MSEloss": 0.000444872333901003, "X_Y_val_COS": 0.8838865756988525, "X_Y_val_MSEloss": 0.0004386487998999655}}