{"train_samples": 20, "test_samples": 200, "source_model": "google-bert/bert-base-multilingual-cased", "source_dim": 768, "target_dim": 512, "test_results": {"bleu": 0.72, "bleu1": 16.47, "bleu2": 1.05, "bleu3": 0.18, "bleu4": 0.08, "rougeL": 0.1071, "rouge1": 0.1413, "rouge2": 0.0091, "exact_match": 0.0}, "loss": {"X_Y_COS": 1.0, "X_Y_MSEloss": 1.0898698816938198e-15, "X_Y_test_COS": 0.9104377627372742, "X_Y_test_MSEloss": 0.00033805627026595175, "X_Y_val_COS": 0.9096927642822266, "X_Y_val_MSEloss": 0.0003427979245316237}}