{"train_samples": 1000, "test_samples": 200, "source_model": "google/mt5-base", "source_dim": 768, "target_dim": 512, "test_results": {"bleu": 0.13, "bleu1": 10.03, "bleu2": 0.24, "bleu3": 0.02, "bleu4": 0.01, "rougeL": 0.0656, "rouge1": 0.0757, "rouge2": 0.0026, "exact_match": 0.0}, "loss": {"X_Y_COS": 0.8836297392845154, "X_Y_MSEloss": 0.0005078274407424033, "X_Y_test_COS": 0.010741961188614368, "X_Y_test_MSEloss": 0.007440513931214809, "X_Y_val_COS": -0.008655799552798271, "X_Y_val_MSEloss": 0.00827886164188385}}