{"train_samples": 10, "test_samples": 200, "source_model": "text-embedding-3-large", "source_dim": 3072, "target_dim": 512, "test_results": {"bleu": 0.2, "bleu1": 18.35, "bleu2": 0.93, "bleu3": 0.02, "bleu4": 0.01, "rougeL": 0.121, "rouge1": 0.154, "rouge2": 0.0098, "exact_match": 0.0}, "loss": {"X_Y_COS": 1.0, "X_Y_MSEloss": 1.3901515318249418e-16, "X_Y_test_COS": 0.9234039187431335, "X_Y_test_MSEloss": 0.0005603418103419244, "X_Y_val_COS": 0.9230462312698364, "X_Y_val_MSEloss": 0.0005527377943508327}}