{"train_samples": 5, "test_samples": 200, "source_model": "google/flan-t5-base", "source_dim": 768, "target_dim": 512, "test_results": {"bleu": 0.19, "bleu1": 14.84, "bleu2": 1.02, "bleu3": 0.02, "bleu4": 0.01, "rougeL": 0.1201, "rouge1": 0.1584, "rouge2": 0.0113, "exact_match": 0.0}, "loss": {"X_Y_COS": 1.0, "X_Y_MSEloss": 1.3719107794241125e-10, "X_Y_test_COS": 0.8902994394302368, "X_Y_test_MSEloss": 0.0007612800691276789, "X_Y_val_COS": 0.8920866250991821, "X_Y_val_MSEloss": 0.0007258867844939232}}