{"train_samples": 1000, "test_samples": 200, "source_model": "google/flan-t5-base", "source_dim": 768, "target_dim": 512, "test_results": {"bleu": 0.97, "bleu1": 20.46, "bleu2": 2.17, "bleu3": 0.44, "bleu4": 0.2, "rougeL": 0.0718, "rouge1": 0.0825, "rouge2": 0.0102, "exact_match": 0.0}, "loss": {"X_Y_COS": 0.9748587012290955, "X_Y_MSEloss": 9.801863780012354e-05, "X_Y_test_COS": 0.9006516933441162, "X_Y_test_MSEloss": 0.00038733574911020696, "X_Y_val_COS": 0.905471920967102, "X_Y_val_MSEloss": 0.000369835935998708}}