{"train_samples": 20, "test_samples": 200, "source_model": "google/mt5-base", "source_dim": 768, "target_dim": 512, "test_results": {"bleu": 0.15, "bleu1": 14.19, "bleu2": 0.48, "bleu3": 0.01, "bleu4": 0.01, "rougeL": 0.0566, "rouge1": 0.0635, "rouge2": 0.0038, "exact_match": 0.0}, "loss": {"X_Y_COS": 1.0, "X_Y_MSEloss": 1.3705178756196618e-13, "X_Y_test_COS": 0.8778731822967529, "X_Y_test_MSEloss": 0.0004500425129663199, "X_Y_val_COS": 0.874261736869812, "X_Y_val_MSEloss": 0.00046284645213745534}}