{"train_samples": 10, "test_samples": 200, "source_model": "text-embedding-3-large", "source_dim": 3072, "target_dim": 512, "test_results": {"bleu": 9.72, "bleu1": 22.87, "bleu2": 8.48, "bleu3": 7.2, "bleu4": 6.6, "rougeL": 0.1812, "rouge1": 0.2099, "rouge2": 0.0848, "exact_match": 0.0}, "loss": {"X_Y_COS": 1.0, "X_Y_MSEloss": 1.4080449704867909e-16, "X_Y_test_COS": 0.9026370644569397, "X_Y_test_MSEloss": 0.0007396223372779787, "X_Y_val_COS": 0.9008607864379883, "X_Y_val_MSEloss": 0.0007340674637816846}}