{"train_samples": 50, "test_samples": 200, "source_model": "intfloat/multilingual-e5-base", "source_dim": 768, "target_dim": 512, "test_results": {"bleu": 0.17, "bleu1": 19.83, "bleu2": 0.69, "bleu3": 0.02, "bleu4": 0.01, "rougeL": 0.1067, "rouge1": 0.1301, "rouge2": 0.0051, "exact_match": 0.0}, "loss": {"X_Y_COS": 1.0, "X_Y_MSEloss": 6.259172867506546e-12, "X_Y_test_COS": 0.8445420861244202, "X_Y_test_MSEloss": 0.0005620431620627642, "X_Y_val_COS": 0.8466170430183411, "X_Y_val_MSEloss": 0.0005556851392611861}}