{"train_samples": 40, "test_samples": 200, "source_model": "google/flan-t5-base", "source_dim": 768, "target_dim": 512, "test_results": {"bleu": 0.75, "bleu1": 24.73, "bleu2": 2.03, "bleu3": 0.31, "bleu4": 0.03, "rougeL": 0.1374, "rouge1": 0.184, "rouge2": 0.0161, "exact_match": 0.0}, "loss": {"X_Y_COS": 1.0, "X_Y_MSEloss": 2.430346234590791e-14, "X_Y_test_COS": 0.851191520690918, "X_Y_test_MSEloss": 0.0005433626938611269, "X_Y_val_COS": 0.850827157497406, "X_Y_val_MSEloss": 0.0005453736521303654}}