{"train_samples": 500, "test_samples": 200, "source_model": "text-embedding-3-large", "source_dim": 3072, "target_dim": 512, "test_results": {"bleu": 0.21, "bleu1": 16.0, "bleu2": 0.59, "bleu3": 0.07, "bleu4": 0.02, "rougeL": 0.0509, "rouge1": 0.0557, "rouge2": 0.0037, "exact_match": 0.0}, "loss": {"X_Y_COS": 1.0, "X_Y_MSEloss": 7.691765280259943e-11, "X_Y_test_COS": 0.8844834566116333, "X_Y_test_MSEloss": 0.00045039234100840986, "X_Y_val_COS": 0.8837196230888367, "X_Y_val_MSEloss": 0.0004518622881732881}}