{"train_samples": 100, "test_samples": 200, "source_model": "text-embedding-ada-002", "source_dim": 1536, "target_dim": 512, "test_results": {"bleu": 1.09, "bleu1": 21.55, "bleu2": 2.19, "bleu3": 0.37, "bleu4": 0.1, "rougeL": 0.1442, "rouge1": 0.1902, "rouge2": 0.0248, "exact_match": 0.0}, "loss": {"X_Y_COS": 1.0, "X_Y_MSEloss": 2.8499530860259803e-11, "X_Y_test_COS": 0.8939852714538574, "X_Y_test_MSEloss": 0.0003955577267333865, "X_Y_val_COS": 0.8903367519378662, "X_Y_val_MSEloss": 0.00040988577529788017}}