{"train_samples": 5, "test_samples": 200, "source_model": "text-embedding-3-large", "source_dim": 3072, "target_dim": 512, "test_results": {"bleu": 0.27, "bleu1": 19.33, "bleu2": 1.02, "bleu3": 0.03, "bleu4": 0.01, "rougeL": 0.1044, "rouge1": 0.1269, "rouge2": 0.0088, "exact_match": 0.0}, "loss": {"X_Y_COS": 1.0, "X_Y_MSEloss": 2.2025580368932823e-16, "X_Y_test_COS": 0.775660514831543, "X_Y_test_MSEloss": 0.0014432785101234913, "X_Y_val_COS": 0.7675944566726685, "X_Y_val_MSEloss": 0.0014377986080944538}}