{"train_samples": 100, "test_samples": 200, "source_model": "text-embedding-3-large", "source_dim": 3072, "target_dim": 512, "test_results": {"bleu": 0.08, "bleu1": 12.57, "bleu2": 0.03, "bleu3": 0.02, "bleu4": 0.01, "rougeL": 0.0203, "rouge1": 0.0218, "rouge2": 0.0, "exact_match": 0.0}, "loss": {"X_Y_COS": 1.0, "X_Y_MSEloss": 3.184800174776091e-14, "X_Y_test_COS": 0.8899667859077454, "X_Y_test_MSEloss": 0.0004195848887320608, "X_Y_val_COS": 0.8840324282646179, "X_Y_val_MSEloss": 0.0004385506908874959}}