{"train_samples": 1000, "test_samples": 200, "source_model": "google/mt5-base", "source_dim": 768, "target_dim": 512, "test_results": {"bleu": 0.26, "bleu1": 10.26, "bleu2": 0.44, "bleu3": 0.06, "bleu4": 0.02, "rougeL": 0.0637, "rouge1": 0.0719, "rouge2": 0.0024, "exact_match": 0.0}, "loss": {"X_Y_COS": 0.8935560584068298, "X_Y_MSEloss": 0.00046463258331641555, "X_Y_test_COS": -0.01417163573205471, "X_Y_test_MSEloss": 0.008643259294331074, "X_Y_val_COS": 0.028221216052770615, "X_Y_val_MSEloss": 0.008258129470050335}}