{"train_samples": 1000, "test_samples": 200, "source_model": "google-bert/bert-base-multilingual-cased", "source_dim": 768, "target_dim": 512, "test_results": {"bleu": 0.84, "bleu1": 8.4, "bleu2": 0.9, "bleu3": 0.41, "bleu4": 0.17, "rougeL": 0.0423, "rouge1": 0.0495, "rouge2": 0.0016, "exact_match": 0.0}, "loss": {"X_Y_COS": 0.9137552976608276, "X_Y_MSEloss": 0.00041735268314369023, "X_Y_test_COS": 0.021538294851779938, "X_Y_test_MSEloss": 0.008249783888459206, "X_Y_val_COS": -0.007831229828298092, "X_Y_val_MSEloss": 0.008723907172679901}}