{"train_samples": 3, "test_samples": 200, "source_model": "text-embedding-ada-002", "source_dim": 1536, "target_dim": 512, "test_results": {"bleu": 0.16, "bleu1": 16.3, "bleu2": 0.26, "bleu3": 0.02, "bleu4": 0.01, "rougeL": 0.0689, "rouge1": 0.0771, "rouge2": 0.0028, "exact_match": 0.0}, "loss": {"X_Y_COS": 1.0, "X_Y_MSEloss": 2.3704016527403837e-10, "X_Y_test_COS": 0.8853520154953003, "X_Y_test_MSEloss": 0.0010324243921786547, "X_Y_val_COS": 0.8899151682853699, "X_Y_val_MSEloss": 0.0010148703586310148}}