{"train_samples": 50, "test_samples": 200, "source_model": "intfloat/multilingual-e5-base", "source_dim": 768, "target_dim": 512, "test_results": {"bleu": 0.08, "bleu1": 12.47, "bleu2": 0.03, "bleu3": 0.02, "bleu4": 0.01, "rougeL": 0.0225, "rouge1": 0.0242, "rouge2": 0.0, "exact_match": 0.0}, "loss": {"X_Y_COS": 1.0, "X_Y_MSEloss": 3.81492363740743e-12, "X_Y_test_COS": 0.8893315196037292, "X_Y_test_MSEloss": 0.00040936961886473, "X_Y_val_COS": 0.8829569220542908, "X_Y_val_MSEloss": 0.0004318103601690382}}