{"train_samples": 40, "test_samples": 200, "source_model": "sentence-transformers/all-MiniLM-L6-v2", "source_dim": 384, "target_dim": 512, "test_results": {"bleu": 0.08, "bleu1": 10.91, "bleu2": 0.04, "bleu3": 0.02, "bleu4": 0.01, "rougeL": 0.0121, "rouge1": 0.0129, "rouge2": 0.0, "exact_match": 0.0}, "loss": {"X_Y_COS": 1.0, "X_Y_MSEloss": 8.654734474390895e-15, "X_Y_test_COS": 0.8648452758789062, "X_Y_test_MSEloss": 0.000879212748259306, "X_Y_val_COS": 0.8583014607429504, "X_Y_val_MSEloss": 0.0009073224500752985}}