{"train_samples": 10, "test_samples": 200, "source_model": "intfloat/multilingual-e5-base", "source_dim": 768, "target_dim": 512, "test_results": {"bleu": 0.14, "bleu1": 15.38, "bleu2": 0.61, "bleu3": 0.01, "bleu4": 0.01, "rougeL": 0.0624, "rouge1": 0.071, "rouge2": 0.005, "exact_match": 0.0}, "loss": {"X_Y_COS": 1.0, "X_Y_MSEloss": 2.264453069500405e-10, "X_Y_test_COS": 0.8666253685951233, "X_Y_test_MSEloss": 0.0012138249585404992, "X_Y_val_COS": 0.8705031275749207, "X_Y_val_MSEloss": 0.0011644900077953935}}