{"train_samples": 30, "test_samples": 200, "source_model": "google-bert/bert-base-multilingual-cased", "source_dim": 768, "target_dim": 512, "test_results": {"bleu": 0.17, "bleu1": 16.51, "bleu2": 1.0, "bleu3": 0.01, "bleu4": 0.01, "rougeL": 0.0644, "rouge1": 0.0728, "rouge2": 0.0043, "exact_match": 0.0}, "loss": {"X_Y_COS": 1.0, "X_Y_MSEloss": 1.219385496845386e-14, "X_Y_test_COS": 0.8889259696006775, "X_Y_test_MSEloss": 0.0004142104007769376, "X_Y_val_COS": 0.8854221701622009, "X_Y_val_MSEloss": 0.0004265926545485854}}