{"train_samples": 5, "test_samples": 200, "source_model": "google-t5/t5-base", "source_dim": 768, "target_dim": 512, "test_results": {"bleu": 0.1, "bleu1": 10.34, "bleu2": 0.17, "bleu3": 0.02, "bleu4": 0.01, "rougeL": 0.0334, "rouge1": 0.0369, "rouge2": 0.0021, "exact_match": 0.0}, "loss": {"X_Y_COS": 1.0, "X_Y_MSEloss": 6.90129411137861e-16, "X_Y_test_COS": 0.8996450901031494, "X_Y_test_MSEloss": 0.0006768237217329443, "X_Y_val_COS": 0.8944291472434998, "X_Y_val_MSEloss": 0.0007417834713123739}}