{"train_samples": 20, "test_samples": 200, "source_model": "google-t5/t5-base", "source_dim": 768, "target_dim": 512, "test_results": {"bleu": 0.07, "bleu1": 7.82, "bleu2": 0.03, "bleu3": 0.01, "bleu4": 0.01, "rougeL": 0.0055, "rouge1": 0.0055, "rouge2": 0.0, "exact_match": 0.0}, "loss": {"X_Y_COS": 0.9934978485107422, "X_Y_MSEloss": 2.4848768589436077e-05, "X_Y_test_COS": 0.8682971000671387, "X_Y_test_MSEloss": 0.000488696969114244, "X_Y_val_COS": 0.8688390851020813, "X_Y_val_MSEloss": 0.0004877363098785281}}