{"train_samples": 5, "test_samples": 200, "source_model": "google/mt5-base", "source_dim": 768, "target_dim": 512, "test_results": {"bleu": 0.11, "bleu1": 8.75, "bleu2": 0.21, "bleu3": 0.02, "bleu4": 0.01, "rougeL": 0.0339, "rouge1": 0.0361, "rouge2": 0.0026, "exact_match": 0.0}, "loss": {"X_Y_COS": 1.0, "X_Y_MSEloss": 9.659885603007998e-16, "X_Y_test_COS": 0.8905189037322998, "X_Y_test_MSEloss": 0.0007613544003106654, "X_Y_val_COS": 0.883435070514679, "X_Y_val_MSEloss": 0.0008382584201171994}}