{"train_samples": 50, "test_samples": 200, "source_model": "intfloat/multilingual-e5-base", "source_dim": 768, "target_dim": 512, "test_results": {"bleu": 0.25, "bleu1": 17.52, "bleu2": 0.57, "bleu3": 0.03, "bleu4": 0.02, "rougeL": 0.0997, "rouge1": 0.1212, "rouge2": 0.0036, "exact_match": 0.0}, "loss": {"X_Y_COS": 1.0, "X_Y_MSEloss": 4.682291013247131e-12, "X_Y_test_COS": 0.9126129150390625, "X_Y_test_MSEloss": 0.00032674067188054323, "X_Y_val_COS": 0.9144040942192078, "X_Y_val_MSEloss": 0.0003209170245099813}}