{"train_samples": 1, "test_samples": 200, "source_model": "sentence-transformers/gtr-t5-base", "source_dim": 768, "target_dim": 512, "test_results": {"bleu": 0.03, "bleu1": 33.19, "bleu2": 0.51, "bleu3": 0.05, "bleu4": 0.03, "rougeL": 0.0507, "rouge1": 0.0512, "rouge2": 0.0006, "exact_match": 0.0}, "loss": {"X_Y_COS": 1.0000001192092896, "X_Y_MSEloss": 2.7716265345942433e-16, "X_Y_test_COS": 0.7946864366531372, "X_Y_test_MSEloss": 0.0015631475253030658, "X_Y_val_COS": 0.799902617931366, "X_Y_val_MSEloss": 0.0015628829132765532}}