{"train_samples": 1000, "test_samples": 200, "source_model": "google-bert/bert-base-multilingual-cased", "source_dim": 768, "target_dim": 512, "test_results": {"bleu": 0.47, "bleu1": 19.67, "bleu2": 1.21, "bleu3": 0.19, "bleu4": 0.02, "rougeL": 0.0914, "rouge1": 0.1091, "rouge2": 0.0149, "exact_match": 0.0}, "loss": {"X_Y_COS": 0.9615055918693542, "X_Y_MSEloss": 0.0002630239468999207, "X_Y_test_COS": 0.9002541303634644, "X_Y_test_MSEloss": 0.0006800545961596072, "X_Y_val_COS": 0.8974464535713196, "X_Y_val_MSEloss": 0.0007174331694841385}}