{"train_samples": 100, "test_samples": 200, "source_model": "google-bert/bert-base-multilingual-cased", "source_dim": 768, "target_dim": 512, "test_results": {"bleu": 0.5, "bleu1": 16.54, "bleu2": 0.86, "bleu3": 0.18, "bleu4": 0.1, "rougeL": 0.0509, "rouge1": 0.0585, "rouge2": 0.0059, "exact_match": 0.0}, "loss": {"X_Y_COS": 1.0, "X_Y_MSEloss": 5.479695516785732e-11, "X_Y_test_COS": 0.8486968278884888, "X_Y_test_MSEloss": 0.0005656098946928978, "X_Y_val_COS": 0.8494759798049927, "X_Y_val_MSEloss": 0.0005648306687362492}}