{"train_samples": 50, "test_samples": 200, "source_model": "google-t5/t5-base", "source_dim": 768, "target_dim": 512, "test_results": {"bleu": 0.99, "bleu1": 16.09, "bleu2": 1.63, "bleu3": 0.45, "bleu4": 0.21, "rougeL": 0.08, "rouge1": 0.0911, "rouge2": 0.0097, "exact_match": 0.0}, "loss": {"X_Y_COS": 1.0, "X_Y_MSEloss": 1.8985736648189505e-13, "X_Y_test_COS": 0.8704414963722229, "X_Y_test_MSEloss": 0.0004727787454612553, "X_Y_val_COS": 0.8585336208343506, "X_Y_val_MSEloss": 0.0005137541447766125}}