{"train_samples": 1000, "test_samples": 200, "source_model": "google-t5/t5-base", "source_dim": 768, "target_dim": 512, "test_results": {"bleu": 0.27, "bleu1": 18.73, "bleu2": 1.09, "bleu3": 0.04, "bleu4": 0.02, "rougeL": 0.1138, "rouge1": 0.1332, "rouge2": 0.005, "exact_match": 0.0}, "loss": {"X_Y_COS": 0.9845403432846069, "X_Y_MSEloss": 0.00011659115989459679, "X_Y_test_COS": 0.9557585120201111, "X_Y_test_MSEloss": 0.0003341053961776197, "X_Y_val_COS": 0.9544161558151245, "X_Y_val_MSEloss": 0.0003453435783740133}}