{"train_samples": 5, "test_samples": 200, "source_model": "google-t5/t5-base", "source_dim": 768, "target_dim": 512, "test_results": {"bleu": 0.19, "bleu1": 20.66, "bleu2": 0.96, "bleu3": 0.02, "bleu4": 0.01, "rougeL": 0.1194, "rouge1": 0.1517, "rouge2": 0.0089, "exact_match": 0.0}, "loss": {"X_Y_COS": 1.0, "X_Y_MSEloss": 4.1325975166884785e-16, "X_Y_test_COS": 0.8652466535568237, "X_Y_test_MSEloss": 0.0004904676461592317, "X_Y_val_COS": 0.8695916533470154, "X_Y_val_MSEloss": 0.00047533540055155754}}