{"train_samples": 30, "test_samples": 200, "source_model": "google/mt5-base", "source_dim": 768, "target_dim": 512, "test_results": {"bleu": 0.2, "bleu1": 11.87, "bleu2": 0.32, "bleu3": 0.04, "bleu4": 0.02, "rougeL": 0.051, "rouge1": 0.0617, "rouge2": 0.0039, "exact_match": 0.0}, "loss": {"X_Y_COS": 1.0, "X_Y_MSEloss": 1.3898279228874433e-14, "X_Y_test_COS": 0.9001363515853882, "X_Y_test_MSEloss": 0.0006894304533489048, "X_Y_val_COS": 0.8937851190567017, "X_Y_val_MSEloss": 0.0007562597747892141}}