{"train_samples": 10, "test_samples": 200, "source_model": "google-bert/bert-base-multilingual-cased", "source_dim": 768, "target_dim": 512, "test_results": {"bleu": 0.18, "bleu1": 15.97, "bleu2": 0.82, "bleu3": 0.02, "bleu4": 0.01, "rougeL": 0.1141, "rouge1": 0.149, "rouge2": 0.0091, "exact_match": 0.0}, "loss": {"X_Y_COS": 1.0, "X_Y_MSEloss": 1.5360926419738519e-10, "X_Y_test_COS": 0.8995795845985413, "X_Y_test_MSEloss": 0.000686683866661042, "X_Y_val_COS": 0.900191068649292, "X_Y_val_MSEloss": 0.0006654970347881317}}