{"train_samples": 10, "test_samples": 200, "source_model": "text-embedding-ada-002", "source_dim": 1536, "target_dim": 512, "test_results": {"bleu": 0.13, "bleu1": 13.22, "bleu2": 0.22, "bleu3": 0.01, "bleu4": 0.01, "rougeL": 0.055, "rouge1": 0.066, "rouge2": 0.0054, "exact_match": 0.0}, "loss": {"X_Y_COS": 1.0, "X_Y_MSEloss": 2.9339575931388922e-15, "X_Y_test_COS": 0.8749175667762756, "X_Y_test_MSEloss": 0.00045801824308000505, "X_Y_val_COS": 0.8689290285110474, "X_Y_val_MSEloss": 0.00047793961130082607}}