{"train_samples": 5, "test_samples": 200, "source_model": "google/mt5-base", "source_dim": 768, "target_dim": 512, "test_results": {"bleu": 0.36, "bleu1": 19.04, "bleu2": 1.0, "bleu3": 0.09, "bleu4": 0.01, "rougeL": 0.1082, "rouge1": 0.1338, "rouge2": 0.0083, "exact_match": 0.0}, "loss": {"X_Y_COS": 1.0, "X_Y_MSEloss": 4.530515066462828e-16, "X_Y_test_COS": 0.8128278851509094, "X_Y_test_MSEloss": 0.000668188149575144, "X_Y_val_COS": 0.8182468414306641, "X_Y_val_MSEloss": 0.0006517047877423465}}