{"train_samples": 100, "test_samples": 200, "source_model": "sentence-transformers/all-MiniLM-L6-v2", "source_dim": 384, "target_dim": 512, "test_results": {"bleu": 0.19, "bleu1": 13.92, "bleu2": 0.28, "bleu3": 0.03, "bleu4": 0.02, "rougeL": 0.0625, "rouge1": 0.0689, "rouge2": 0.0024, "exact_match": 0.0}, "loss": {"X_Y_COS": 1.0, "X_Y_MSEloss": 2.6574257117745193e-12, "X_Y_test_COS": 0.8241886496543884, "X_Y_test_MSEloss": 0.0006720781093463302, "X_Y_val_COS": 0.8316116333007812, "X_Y_val_MSEloss": 0.000661965343169868}}