{"train_samples": 50, "test_samples": 200, "source_model": "text-embedding-3-large", "source_dim": 3072, "target_dim": 512, "test_results": {"bleu": 0.1, "bleu1": 9.62, "bleu2": 0.12, "bleu3": 0.02, "bleu4": 0.01, "rougeL": 0.0074, "rouge1": 0.0077, "rouge2": 0.0, "exact_match": 0.0}, "loss": {"X_Y_COS": 1.0, "X_Y_MSEloss": 3.716237387263455e-12, "X_Y_test_COS": 0.8910014033317566, "X_Y_test_MSEloss": 0.0010287448531016707, "X_Y_val_COS": 0.8900579810142517, "X_Y_val_MSEloss": 0.0010422406485304236}}