{"train_samples": 500, "test_samples": 200, "source_model": "text-embedding-ada-002", "source_dim": 1536, "target_dim": 512, "test_results": {"bleu": 0.16, "bleu1": 14.42, "bleu2": 0.68, "bleu3": 0.01, "bleu4": 0.01, "rougeL": 0.0866, "rouge1": 0.1007, "rouge2": 0.0056, "exact_match": 0.0}, "loss": {"X_Y_COS": 0.9762212634086609, "X_Y_MSEloss": 0.0001833715505199507, "X_Y_test_COS": 0.7132127285003662, "X_Y_test_MSEloss": 0.0021970479283481836, "X_Y_val_COS": 0.7243264317512512, "X_Y_val_MSEloss": 0.002120092511177063}}