{"train_samples": 1, "test_samples": 200, "source_model": "google/mt5-base", "source_dim": 768, "target_dim": 512, "test_results": {"bleu": 0.31, "bleu1": 16.78, "bleu2": 1.1, "bleu3": 0.04, "bleu4": 0.01, "rougeL": 0.1274, "rouge1": 0.1522, "rouge2": 0.0088, "exact_match": 0.0}, "loss": {"X_Y_COS": 1.0, "X_Y_MSEloss": 4.079105533184797e-17, "X_Y_test_COS": 0.7809072136878967, "X_Y_test_MSEloss": 0.0015016649849712849, "X_Y_val_COS": 0.7854777574539185, "X_Y_val_MSEloss": 0.0014658581931144}}