{"train_samples": 50, "test_samples": 200, "source_model": "google/mt5-base", "source_dim": 768, "target_dim": 512, "test_results": {"bleu": 0.64, "bleu1": 20.47, "bleu2": 1.7, "bleu3": 0.19, "bleu4": 0.05, "rougeL": 0.1382, "rouge1": 0.1708, "rouge2": 0.0164, "exact_match": 0.0}, "loss": {"X_Y_COS": 1.0, "X_Y_MSEloss": 7.54790587670362e-12, "X_Y_test_COS": 0.9122071862220764, "X_Y_test_MSEloss": 0.0005315895541571081, "X_Y_val_COS": 0.9120939373970032, "X_Y_val_MSEloss": 0.0005534804658964276}}