{"train_samples": 100, "test_samples": 200, "source_model": "google/flan-t5-base", "source_dim": 768, "target_dim": 512, "test_results": {"bleu": 0.24, "bleu1": 20.69, "bleu2": 0.95, "bleu3": 0.02, "bleu4": 0.01, "rougeL": 0.1174, "rouge1": 0.1287, "rouge2": 0.0069, "exact_match": 0.0}, "loss": {"X_Y_COS": 1.0, "X_Y_MSEloss": 1.979395293505437e-11, "X_Y_test_COS": 0.903361976146698, "X_Y_test_MSEloss": 0.0003648932324722409, "X_Y_val_COS": 0.9077309966087341, "X_Y_val_MSEloss": 0.00034906415385194123}}