{"train_samples": 10, "test_samples": 200, "source_model": "google-bert/bert-base-multilingual-cased", "source_dim": 768, "target_dim": 512, "test_results": {"bleu": 0.24, "bleu1": 16.43, "bleu2": 0.49, "bleu3": 0.03, "bleu4": 0.01, "rougeL": 0.0993, "rouge1": 0.1314, "rouge2": 0.0077, "exact_match": 0.0}, "loss": {"X_Y_COS": 1.0, "X_Y_MSEloss": 4.674443963651462e-16, "X_Y_test_COS": 0.8763427734375, "X_Y_test_MSEloss": 0.0004678930854424834, "X_Y_val_COS": 0.8750131726264954, "X_Y_val_MSEloss": 0.00047051027650013566}}