{"train_samples": 1000, "test_samples": 200, "source_model": "sentence-transformers/gtr-t5-base", "source_dim": 768, "target_dim": 512, "test_results": {"bleu": 0.18, "bleu1": 13.78, "bleu2": 0.48, "bleu3": 0.02, "bleu4": 0.01, "rougeL": 0.0842, "rouge1": 0.0988, "rouge2": 0.0033, "exact_match": 0.0}, "loss": {"X_Y_COS": 0.9502599239349365, "X_Y_MSEloss": 0.00025526739773340523, "X_Y_test_COS": 0.7245615720748901, "X_Y_test_MSEloss": 0.00105576915666461, "X_Y_val_COS": 0.6850583553314209, "X_Y_val_MSEloss": 0.0011981279822066426}}