{"train_samples": 40, "test_samples": 200, "source_model": "google/flan-t5-base", "source_dim": 768, "target_dim": 512, "test_results": {"bleu": 0.21, "bleu1": 15.67, "bleu2": 0.41, "bleu3": 0.04, "bleu4": 0.02, "rougeL": 0.0953, "rouge1": 0.1171, "rouge2": 0.0012, "exact_match": 0.0}, "loss": {"X_Y_COS": 1.0, "X_Y_MSEloss": 2.3430156469508856e-13, "X_Y_test_COS": 0.9106423854827881, "X_Y_test_MSEloss": 0.00048427889123559, "X_Y_val_COS": 0.9141329526901245, "X_Y_val_MSEloss": 0.0004534921608865261}}