{"train_samples": 20, "test_samples": 200, "source_model": "text-embedding-3-large", "source_dim": 3072, "target_dim": 512, "test_results": {"bleu": 0.04, "bleu1": 7.47, "bleu2": 0.02, "bleu3": 0.01, "bleu4": 0.01, "rougeL": 0.0151, "rouge1": 0.0157, "rouge2": 0.0, "exact_match": 0.0}, "loss": {"X_Y_COS": 1.0, "X_Y_MSEloss": 1.7947825170505638e-10, "X_Y_test_COS": 0.8506405353546143, "X_Y_test_MSEloss": 0.0012822847347706556, "X_Y_val_COS": 0.8493780493736267, "X_Y_val_MSEloss": 0.0013175016501918435}}