{"train_samples": 20, "test_samples": 200, "source_model": "text-embedding-3-large", "source_dim": 3072, "target_dim": 512, "test_results": {"bleu": 0.04, "bleu1": 9.12, "bleu2": 0.02, "bleu3": 0.01, "bleu4": 0.01, "rougeL": 0.0113, "rouge1": 0.0117, "rouge2": 0.0, "exact_match": 0.0}, "loss": {"X_Y_COS": 1.0, "X_Y_MSEloss": 4.2646443945117075e-16, "X_Y_test_COS": 0.879082977771759, "X_Y_test_MSEloss": 0.0004824271600227803, "X_Y_val_COS": 0.8769267201423645, "X_Y_val_MSEloss": 0.0004862350469920784}}