{"train_samples": 30, "test_samples": 200, "source_model": "sentence-transformers/gtr-t5-base", "source_dim": 768, "target_dim": 512, "test_results": {"bleu": 0.1, "bleu1": 7.97, "bleu2": 0.09, "bleu3": 0.02, "bleu4": 0.01, "rougeL": 0.0706, "rouge1": 0.0827, "rouge2": 0.0018, "exact_match": 0.0}, "loss": {"X_Y_COS": 1.0, "X_Y_MSEloss": 5.94743492735722e-13, "X_Y_test_COS": 0.8789765238761902, "X_Y_test_MSEloss": 0.0004468484257813543, "X_Y_val_COS": 0.8810099363327026, "X_Y_val_MSEloss": 0.00044031289871782064}}