{"train_samples": 20, "test_samples": 200, "source_model": "google-bert/bert-base-multilingual-cased", "source_dim": 768, "target_dim": 512, "test_results": {"bleu": 0.25, "bleu1": 14.08, "bleu2": 0.76, "bleu3": 0.03, "bleu4": 0.02, "rougeL": 0.0974, "rouge1": 0.1267, "rouge2": 0.0093, "exact_match": 0.0}, "loss": {"X_Y_COS": 1.0, "X_Y_MSEloss": 1.4960289561658348e-15, "X_Y_test_COS": 0.8995695114135742, "X_Y_test_MSEloss": 0.0003782803541980684, "X_Y_val_COS": 0.8991304039955139, "X_Y_val_MSEloss": 0.00037924564094282687}}