{"train_samples": 5, "test_samples": 200, "source_model": "intfloat/multilingual-e5-base", "source_dim": 768, "target_dim": 512, "test_results": {"bleu": 0.27, "bleu1": 21.72, "bleu2": 1.14, "bleu3": 0.03, "bleu4": 0.02, "rougeL": 0.1196, "rouge1": 0.1461, "rouge2": 0.0097, "exact_match": 0.0}, "loss": {"X_Y_COS": 1.0, "X_Y_MSEloss": 3.960209106565487e-16, "X_Y_test_COS": 0.8633445501327515, "X_Y_test_MSEloss": 0.0004973845789209008, "X_Y_val_COS": 0.8673295378684998, "X_Y_val_MSEloss": 0.0004838189634028822}}