{"train_samples": 50, "test_samples": 200, "source_model": "google/flan-t5-base", "source_dim": 768, "target_dim": 512, "test_results": {"bleu": 2.45, "bleu1": 24.6, "bleu2": 3.49, "bleu3": 0.98, "bleu4": 0.43, "rougeL": 0.1613, "rouge1": 0.2203, "rouge2": 0.0389, "exact_match": 0.0}, "loss": {"X_Y_COS": 1.0, "X_Y_MSEloss": 6.479391133872026e-13, "X_Y_test_COS": 0.8747349977493286, "X_Y_test_MSEloss": 0.0004610612813849002, "X_Y_val_COS": 0.864267885684967, "X_Y_val_MSEloss": 0.0004971195594407618}}