{"train_samples": 30, "test_samples": 200, "source_model": "random", "source_dim": 768, "target_dim": 512, "test_results": {"bleu": 0.26, "bleu1": 14.07, "bleu2": 1.22, "bleu3": 0.03, "bleu4": 0.02, "rougeL": 0.104, "rouge1": 0.1154, "rouge2": 0.0098, "exact_match": 0.0}, "loss": {"X_Y_COS": 1.0, "X_Y_MSEloss": 9.300836806996372e-16, "X_Y_test_COS": -0.08333553373813629, "X_Y_test_MSEloss": 0.0020833679009228945, "X_Y_val_COS": 0.039036691188812256, "X_Y_val_MSEloss": 0.001962033100426197}}