{"train_samples": 50, "test_samples": 200, "source_model": "sentence-transformers/gtr-t5-base", "source_dim": 768, "target_dim": 512, "test_results": {"bleu": 0.14, "bleu1": 11.83, "bleu2": 0.06, "bleu3": 0.03, "bleu4": 0.02, "rougeL": 0.0033, "rouge1": 0.0033, "rouge2": 0.0, "exact_match": 0.0}, "loss": {"X_Y_COS": 0.9886842370033264, "X_Y_MSEloss": 4.2810326704056934e-05, "X_Y_test_COS": 0.8489843606948853, "X_Y_test_MSEloss": 0.0005659800372086465, "X_Y_val_COS": 0.853727400302887, "X_Y_val_MSEloss": 0.0005437615909613669}}