{"train_samples": 500, "test_samples": 200, "source_model": "text-embedding-ada-002", "source_dim": 1536, "target_dim": 512, "test_results": {"bleu": 26.15, "bleu1": 44.18, "bleu2": 26.21, "bleu3": 22.47, "bleu4": 20.6, "rougeL": 0.3772, "rouge1": 0.4314, "rouge2": 0.2657, "exact_match": 0.0}, "loss": {"X_Y_COS": 0.9836654663085938, "X_Y_MSEloss": 6.438927812268957e-05, "X_Y_test_COS": 0.9181952476501465, "X_Y_test_MSEloss": 0.00031170729198493063, "X_Y_val_COS": 0.9183005094528198, "X_Y_val_MSEloss": 0.000312544871121645, "reg_lambda": 0.001}}