{"train_samples": 100, "test_samples": 200, "source_model": "google-t5/t5-base", "source_dim": 768, "target_dim": 512, "test_results": {"bleu": 1.7, "bleu1": 22.05, "bleu2": 2.61, "bleu3": 0.59, "bleu4": 0.24, "rougeL": 0.1514, "rouge1": 0.2008, "rouge2": 0.0294, "exact_match": 0.0}, "loss": {"X_Y_COS": 0.9999300837516785, "X_Y_MSEloss": 2.742560525348381e-07, "X_Y_test_COS": 0.9282910823822021, "X_Y_test_MSEloss": 0.0002723359502851963, "X_Y_val_COS": 0.9245368242263794, "X_Y_val_MSEloss": 0.0002860176027752459}}