{"train_samples": 5, "test_samples": 200, "source_model": "google/mt5-base", "source_dim": 768, "target_dim": 512, "test_results": {"bleu": 0.16, "bleu1": 18.64, "bleu2": 0.44, "bleu3": 0.01, "bleu4": 0.01, "rougeL": 0.118, "rouge1": 0.1482, "rouge2": 0.0046, "exact_match": 0.0}, "loss": {"X_Y_COS": 1.0, "X_Y_MSEloss": 4.473315990325929e-16, "X_Y_test_COS": 0.8239371180534363, "X_Y_test_MSEloss": 0.000628244481049478, "X_Y_val_COS": 0.8222092986106873, "X_Y_val_MSEloss": 0.0006328087183646858}}