{"train_samples": 5, "test_samples": 200, "source_model": "text-embedding-ada-002", "source_dim": 1536, "target_dim": 512, "test_results": {"bleu": 0.19, "bleu1": 11.9, "bleu2": 0.55, "bleu3": 0.02, "bleu4": 0.01, "rougeL": 0.1027, "rouge1": 0.1188, "rouge2": 0.0058, "exact_match": 0.0}, "loss": {"X_Y_COS": 1.0, "X_Y_MSEloss": 1.0644724458033468e-15, "X_Y_test_COS": 0.8858248591423035, "X_Y_test_MSEloss": 0.00042088903137482703, "X_Y_val_COS": 0.8838579654693604, "X_Y_val_MSEloss": 0.0004281275614630431}}