{"epoch": 4, "dev_acc": 57.49999999999999, "test_acc": 55.50000000000001, "test_f1": 55.50000000000001, "test_roc": 46.28}