{"train_samples": 50, "test_samples": 200, "source_model": "intfloat/multilingual-e5-base", "source_dim": 768, "target_dim": 512, "test_results": {"bleu": 1.03, "bleu1": 21.47, "bleu2": 2.35, "bleu3": 0.43, "bleu4": 0.12, "rougeL": 0.1467, "rouge1": 0.1831, "rouge2": 0.0295, "exact_match": 0.0}, "loss": {"X_Y_COS": 1.0, "X_Y_MSEloss": 2.390825037945632e-10, "X_Y_test_COS": 0.8789585828781128, "X_Y_test_MSEloss": 0.0008947458700276911, "X_Y_val_COS": 0.8814437389373779, "X_Y_val_MSEloss": 0.0008641562890261412}}