{"train_samples": 20, "test_samples": 200, "source_model": "google/mt5-base", "source_dim": 768, "target_dim": 512, "test_results": {"bleu": 0.82, "bleu1": 19.78, "bleu2": 1.86, "bleu3": 0.31, "bleu4": 0.07, "rougeL": 0.1269, "rouge1": 0.1632, "rouge2": 0.0183, "exact_match": 0.0}, "loss": {"X_Y_COS": 1.0, "X_Y_MSEloss": 6.112156336612884e-10, "X_Y_test_COS": 0.8751213550567627, "X_Y_test_MSEloss": 0.00090740219457075, "X_Y_val_COS": 0.8760293126106262, "X_Y_val_MSEloss": 0.00089479167945683}}