{"train_samples": 5, "test_samples": 200, "source_model": "intfloat/multilingual-e5-base", "source_dim": 768, "target_dim": 512, "test_results": {"bleu": 0.09, "bleu1": 9.65, "bleu2": 0.05, "bleu3": 0.01, "bleu4": 0.01, "rougeL": 0.0023, "rouge1": 0.0023, "rouge2": 0.0, "exact_match": 0.0}, "loss": {"X_Y_COS": 1.0, "X_Y_MSEloss": 4.0440703976017873e-16, "X_Y_test_COS": 0.8860970735549927, "X_Y_test_MSEloss": 0.0004193439963273704, "X_Y_val_COS": 0.887505292892456, "X_Y_val_MSEloss": 0.0004147266154177487}}