{"train_samples": 40, "test_samples": 200, "source_model": "google/mt5-base", "source_dim": 768, "target_dim": 512, "test_results": {"bleu": 0.29, "bleu1": 21.86, "bleu2": 1.03, "bleu3": 0.03, "bleu4": 0.02, "rougeL": 0.1343, "rouge1": 0.1697, "rouge2": 0.0101, "exact_match": 0.0}, "loss": {"X_Y_COS": 1.0, "X_Y_MSEloss": 2.636281601006707e-12, "X_Y_test_COS": 0.8796138763427734, "X_Y_test_MSEloss": 0.00044486686238087714, "X_Y_val_COS": 0.8810482621192932, "X_Y_val_MSEloss": 0.000439224299043417}}