{"train_samples": 5, "test_samples": 200, "source_model": "intfloat/multilingual-e5-base", "source_dim": 768, "target_dim": 512, "test_results": {"bleu": 0.53, "bleu1": 18.53, "bleu2": 0.93, "bleu3": 0.1, "bleu4": 0.04, "rougeL": 0.1143, "rouge1": 0.1512, "rouge2": 0.0125, "exact_match": 0.0}, "loss": {"X_Y_COS": 1.0, "X_Y_MSEloss": 4.2112760248787663e-16, "X_Y_test_COS": 0.8683820962905884, "X_Y_test_MSEloss": 0.0004803276970051229, "X_Y_val_COS": 0.8652966022491455, "X_Y_val_MSEloss": 0.0004901289939880371}}