{"train_samples": 10, "test_samples": 200, "source_model": "intfloat/multilingual-e5-base", "source_dim": 768, "target_dim": 512, "test_results": {"bleu": 0.19, "bleu1": 12.37, "bleu2": 0.62, "bleu3": 0.02, "bleu4": 0.01, "rougeL": 0.1038, "rouge1": 0.1165, "rouge2": 0.0069, "exact_match": 0.0}, "loss": {"X_Y_COS": 1.0, "X_Y_MSEloss": 2.4667443838287872e-15, "X_Y_test_COS": 0.8999078273773193, "X_Y_test_MSEloss": 0.0003721482935361564, "X_Y_val_COS": 0.900202214717865, "X_Y_val_MSEloss": 0.0003713172918651253}}