{"train_samples": 500, "test_samples": 200, "source_model": "intfloat/multilingual-e5-base", "source_dim": 768, "target_dim": 512, "test_results": {"bleu": 0.61, "bleu1": 24.05, "bleu2": 1.51, "bleu3": 0.2, "bleu4": 0.03, "rougeL": 0.1415, "rouge1": 0.1945, "rouge2": 0.0209, "exact_match": 0.0}, "loss": {"X_Y_COS": 0.9787681698799133, "X_Y_MSEloss": 8.260273898486048e-05, "X_Y_test_COS": 0.9028552174568176, "X_Y_test_MSEloss": 0.00037368221092037857, "X_Y_val_COS": 0.9001482725143433, "X_Y_val_MSEloss": 0.0003828687476925552}}