{"train_samples": 100, "test_samples": 200, "source_model": "sentence-transformers/gtr-t5-base", "source_dim": 768, "target_dim": 512, "test_results": {"bleu": 0.49, "bleu1": 15.9, "bleu2": 0.79, "bleu3": 0.18, "bleu4": 0.1, "rougeL": 0.051, "rouge1": 0.0573, "rouge2": 0.0035, "exact_match": 0.0}, "loss": {"X_Y_COS": 1.0, "X_Y_MSEloss": 3.8391512191537913e-10, "X_Y_test_COS": 0.8537865877151489, "X_Y_test_MSEloss": 0.0013492503203451633, "X_Y_val_COS": 0.8572139739990234, "X_Y_val_MSEloss": 0.0013014113064855337}}