{"train_samples": 3, "test_samples": 200, "source_model": "google-t5/t5-base", "source_dim": 768, "target_dim": 512, "test_results": {"bleu": 0.08, "bleu1": 11.24, "bleu2": 0.03, "bleu3": 0.02, "bleu4": 0.01, "rougeL": 0.0939, "rouge1": 0.116, "rouge2": 0.0043, "exact_match": 0.0}, "loss": {"X_Y_COS": 1.0, "X_Y_MSEloss": 1.6312173203717525e-15, "X_Y_test_COS": 0.828671932220459, "X_Y_test_MSEloss": 0.00102280976716429, "X_Y_val_COS": 0.8328816890716553, "X_Y_val_MSEloss": 0.0009795695077627897}}