{"train_samples": 1000, "test_samples": 200, "source_model": "google/mt5-base", "source_dim": 768, "target_dim": 512, "test_results": {"bleu": 0.38, "bleu1": 24.7, "bleu2": 1.35, "bleu3": 0.06, "bleu4": 0.02, "rougeL": 0.153, "rouge1": 0.1895, "rouge2": 0.0123, "exact_match": 0.0}, "loss": {"X_Y_COS": 0.9593339562416077, "X_Y_MSEloss": 0.00015632003487553447, "X_Y_test_COS": 0.9111883044242859, "X_Y_test_MSEloss": 0.0003381322603672743, "X_Y_val_COS": 0.9124590754508972, "X_Y_val_MSEloss": 0.0003315538924653083}}