{"train_samples": 1, "test_samples": 200, "source_model": "google-bert/bert-base-multilingual-cased", "source_dim": 768, "target_dim": 512, "test_results": {"bleu": 0.11, "bleu1": 10.32, "bleu2": 0.13, "bleu3": 0.01, "bleu4": 0.01, "rougeL": 0.0444, "rouge1": 0.0507, "rouge2": 0.0009, "exact_match": 0.0}, "loss": {"X_Y_COS": 1.0, "X_Y_MSEloss": 3.780752206497659e-16, "X_Y_test_COS": 0.8173713684082031, "X_Y_test_MSEloss": 0.0007856565061956644, "X_Y_val_COS": 0.8211084604263306, "X_Y_val_MSEloss": 0.0007672608480788767}}