{"train_samples": 50, "test_samples": 200, "source_model": "google/flan-t5-base", "source_dim": 768, "target_dim": 512, "test_results": {"bleu": 1.46, "bleu1": 20.44, "bleu2": 2.23, "bleu3": 0.58, "bleu4": 0.17, "rougeL": 0.1393, "rouge1": 0.1879, "rouge2": 0.0268, "exact_match": 0.0}, "loss": {"X_Y_COS": 1.0, "X_Y_MSEloss": 2.613428408144297e-13, "X_Y_test_COS": 0.9224763512611389, "X_Y_test_MSEloss": 0.000294550321996212, "X_Y_val_COS": 0.9167614579200745, "X_Y_val_MSEloss": 0.00031676009530201554}}