{"train_samples": 1000, "test_samples": 200, "source_model": "google/mt5-base", "source_dim": 768, "target_dim": 512, "test_results": {"bleu": 1.34, "bleu1": 17.66, "bleu2": 1.96, "bleu3": 0.47, "bleu4": 0.26, "rougeL": 0.1315, "rouge1": 0.1471, "rouge2": 0.0146, "exact_match": 0.0}, "loss": {"X_Y_COS": 0.8943127393722534, "X_Y_MSEloss": 0.0004941948573105037, "X_Y_test_COS": 0.06964844465255737, "X_Y_test_MSEloss": 0.007115385495126247, "X_Y_val_COS": 0.07506528496742249, "X_Y_val_MSEloss": 0.0070786201395094395}}