{"train_samples": 3, "test_samples": 200, "source_model": "text-embedding-3-large", "source_dim": 3072, "target_dim": 512, "test_results": {"bleu": 0.14, "bleu1": 17.64, "bleu2": 0.49, "bleu3": 0.02, "bleu4": 0.01, "rougeL": 0.0717, "rouge1": 0.08, "rouge2": 0.005, "exact_match": 0.0}, "loss": {"X_Y_COS": 1.000000238418579, "X_Y_MSEloss": 9.976373905095851e-17, "X_Y_test_COS": 0.9006478786468506, "X_Y_test_MSEloss": 0.0011509074829518795, "X_Y_val_COS": 0.9012274146080017, "X_Y_val_MSEloss": 0.0011426560813561082}}