{"train_samples": 50, "test_samples": 200, "source_model": "google-t5/t5-base", "source_dim": 768, "target_dim": 512, "test_results": {"bleu": 0.16, "bleu1": 8.85, "bleu2": 0.16, "bleu3": 0.03, "bleu4": 0.01, "rougeL": 0.005, "rouge1": 0.005, "rouge2": 0.0, "exact_match": 0.0}, "loss": {"X_Y_COS": 0.9894871115684509, "X_Y_MSEloss": 3.9911101339384913e-05, "X_Y_test_COS": 0.8651116490364075, "X_Y_test_MSEloss": 0.0005049089668318629, "X_Y_val_COS": 0.8665353059768677, "X_Y_val_MSEloss": 0.0004994807532057166}}