{"train_samples": 20, "test_samples": 200, "source_model": "google-t5/t5-base", "source_dim": 768, "target_dim": 512, "test_results": {"bleu": 0.4, "bleu1": 20.53, "bleu2": 1.74, "bleu3": 0.07, "bleu4": 0.02, "rougeL": 0.1352, "rouge1": 0.1748, "rouge2": 0.0211, "exact_match": 0.0}, "loss": {"X_Y_COS": 1.0, "X_Y_MSEloss": 4.316374867122455e-15, "X_Y_test_COS": 0.8886452913284302, "X_Y_test_MSEloss": 0.0004110288864467293, "X_Y_val_COS": 0.8894675970077515, "X_Y_val_MSEloss": 0.0004083146923221648}}