{"train_samples": 1, "test_samples": 200, "source_model": "text-embedding-ada-002", "source_dim": 1536, "target_dim": 512, "test_results": {"bleu": 0.12, "bleu1": 11.83, "bleu2": 0.25, "bleu3": 0.02, "bleu4": 0.01, "rougeL": 0.0281, "rouge1": 0.031, "rouge2": 0.0, "exact_match": 0.0}, "loss": {"X_Y_COS": 1.0000001192092896, "X_Y_MSEloss": 9.162514209127377e-16, "X_Y_test_COS": 0.7564838528633118, "X_Y_test_MSEloss": 0.0008363598608411849, "X_Y_val_COS": 0.7621223330497742, "X_Y_val_MSEloss": 0.0008204861078411341}}