{"train_samples": 50, "test_samples": 200, "source_model": "google-t5/t5-base", "source_dim": 768, "target_dim": 512, "test_results": {"bleu": 0.69, "bleu1": 15.42, "bleu2": 0.75, "bleu3": 0.28, "bleu4": 0.18, "rougeL": 0.0666, "rouge1": 0.0774, "rouge2": 0.0062, "exact_match": 0.0}, "loss": {"X_Y_COS": 1.0, "X_Y_MSEloss": 8.720029703195888e-15, "X_Y_test_COS": 0.9154211282730103, "X_Y_test_MSEloss": 0.0005706488154828548, "X_Y_val_COS": 0.9127371311187744, "X_Y_val_MSEloss": 0.0006099430611357093}}