{"train_samples": 1000, "test_samples": 200, "source_model": "google-t5/t5-base", "source_dim": 768, "target_dim": 512, "test_results": {"bleu": 13.23, "bleu1": 46.21, "bleu2": 19.51, "bleu3": 8.32, "bleu4": 4.09, "rougeL": 0.394, "rouge1": 0.489, "rouge2": 0.2108, "exact_match": 0.0}, "loss": {"X_Y_COS": 0.9809510707855225, "X_Y_MSEloss": 7.485327660106122e-05, "X_Y_test_COS": 0.9562157988548279, "X_Y_test_MSEloss": 0.00016947253607213497, "X_Y_val_COS": 0.9555102586746216, "X_Y_val_MSEloss": 0.00017180919530801475}}