{"train_samples": 10, "test_samples": 200, "source_model": "intfloat/multilingual-e5-base", "source_dim": 768, "target_dim": 512, "test_results": {"bleu": 0.04, "bleu1": 7.93, "bleu2": 0.02, "bleu3": 0.01, "bleu4": 0.0, "rougeL": 0.0464, "rouge1": 0.0512, "rouge2": 0.0006, "exact_match": 0.0}, "loss": {"X_Y_COS": 1.0, "X_Y_MSEloss": 1.8608964450086236e-15, "X_Y_test_COS": 0.8456469774246216, "X_Y_test_MSEloss": 0.0005571779911406338, "X_Y_val_COS": 0.8403868079185486, "X_Y_val_MSEloss": 0.0005751264980062842}}