{"train_samples": 10, "test_samples": 200, "source_model": "google/mt5-base", "source_dim": 768, "target_dim": 512, "test_results": {"bleu": 0.35, "bleu1": 13.51, "bleu2": 0.76, "bleu3": 0.06, "bleu4": 0.03, "rougeL": 0.1075, "rouge1": 0.1353, "rouge2": 0.0089, "exact_match": 0.0}, "loss": {"X_Y_COS": 1.0, "X_Y_MSEloss": 2.8993294039474787e-15, "X_Y_test_COS": 0.8582202196121216, "X_Y_test_MSEloss": 0.0005163660389371216, "X_Y_val_COS": 0.857488214969635, "X_Y_val_MSEloss": 0.0005171135999262333}}