{"train_samples": 1000, "test_samples": 200, "source_model": "sentence-transformers/gtr-t5-base", "source_dim": 768, "target_dim": 512, "test_results": {"bleu": 0.15, "bleu1": 11.79, "bleu2": 0.12, "bleu3": 0.03, "bleu4": 0.02, "rougeL": 0.0151, "rouge1": 0.0154, "rouge2": 0.0, "exact_match": 0.0}, "loss": {"X_Y_COS": 0.9676542282104492, "X_Y_MSEloss": 0.0001251660578418523, "X_Y_test_COS": 0.8891616463661194, "X_Y_test_MSEloss": 0.0004297428240533918, "X_Y_val_COS": 0.8916590809822083, "X_Y_val_MSEloss": 0.0004201260453555733}}