{"train_samples": 5, "test_samples": 200, "source_model": "text-embedding-ada-002", "source_dim": 1536, "target_dim": 512, "test_results": {"bleu": 0.04, "bleu1": 9.01, "bleu2": 0.02, "bleu3": 0.01, "bleu4": 0.01, "rougeL": 0.0364, "rouge1": 0.0391, "rouge2": 0.0003, "exact_match": 0.0}, "loss": {"X_Y_COS": 1.0, "X_Y_MSEloss": 1.4717038639865858e-15, "X_Y_test_COS": 0.8374519944190979, "X_Y_test_MSEloss": 0.0005834724870510399, "X_Y_val_COS": 0.8338032960891724, "X_Y_val_MSEloss": 0.0005954758962616324}}