{"train_samples": 10, "test_samples": 200, "source_model": "sentence-transformers/gtr-t5-base", "source_dim": 768, "target_dim": 512, "test_results": {"bleu": 1.71, "bleu1": 17.67, "bleu2": 1.73, "bleu3": 0.74, "bleu4": 0.38, "rougeL": 0.1247, "rouge1": 0.1664, "rouge2": 0.0202, "exact_match": 0.0}, "loss": {"X_Y_COS": 1.0, "X_Y_MSEloss": 3.9971789183395853e-16, "X_Y_test_COS": 0.8533480167388916, "X_Y_test_MSEloss": 0.000660683203022927, "X_Y_val_COS": 0.8582627773284912, "X_Y_val_MSEloss": 0.0006436578114517033}}