{"train_samples": 10, "test_samples": 200, "source_model": "sentence-transformers/gtr-t5-base", "source_dim": 768, "target_dim": 512, "test_results": {"bleu": 0.16, "bleu1": 12.65, "bleu2": 0.15, "bleu3": 0.03, "bleu4": 0.02, "rougeL": 0.0222, "rouge1": 0.0228, "rouge2": 0.0, "exact_match": 0.0}, "loss": {"X_Y_COS": 1.0, "X_Y_MSEloss": 4.3264036842783867e-16, "X_Y_test_COS": 0.8769233226776123, "X_Y_test_MSEloss": 0.00047202743007801473, "X_Y_val_COS": 0.8760879039764404, "X_Y_val_MSEloss": 0.00047576698125340044}}