{"train_samples": 100, "test_samples": 200, "source_model": "google-t5/t5-base", "source_dim": 768, "target_dim": 512, "test_results": {"bleu": 0.28, "bleu1": 15.65, "bleu2": 0.9, "bleu3": 0.03, "bleu4": 0.02, "rougeL": 0.1189, "rouge1": 0.1447, "rouge2": 0.0086, "exact_match": 0.0}, "loss": {"X_Y_COS": 1.0, "X_Y_MSEloss": 6.126314191189086e-14, "X_Y_test_COS": 0.8937288522720337, "X_Y_test_MSEloss": 0.0006594482692889869, "X_Y_val_COS": 0.8973307609558105, "X_Y_val_MSEloss": 0.0006309901946224272}}