{"train_samples": 100, "test_samples": 200, "source_model": "google-t5/t5-base", "source_dim": 768, "target_dim": 512, "test_results": {"bleu": 0.28, "bleu1": 16.41, "bleu2": 0.96, "bleu3": 0.03, "bleu4": 0.02, "rougeL": 0.1167, "rouge1": 0.1441, "rouge2": 0.0096, "exact_match": 0.0}, "loss": {"X_Y_COS": 1.0, "X_Y_MSEloss": 7.185955996913407e-11, "X_Y_test_COS": 0.8869887590408325, "X_Y_test_MSEloss": 0.00042180821765214205, "X_Y_val_COS": 0.888395369052887, "X_Y_val_MSEloss": 0.00041657453402876854}}