{"train_samples": 40, "test_samples": 200, "source_model": "sentence-transformers/gtr-t5-base", "source_dim": 768, "target_dim": 512, "test_results": {"bleu": 0.35, "bleu1": 20.8, "bleu2": 1.08, "bleu3": 0.06, "bleu4": 0.02, "rougeL": 0.1383, "rouge1": 0.1708, "rouge2": 0.0113, "exact_match": 0.0}, "loss": {"X_Y_COS": 1.0, "X_Y_MSEloss": 2.8335418795935423e-14, "X_Y_test_COS": 0.8748308420181274, "X_Y_test_MSEloss": 0.000461782852653414, "X_Y_val_COS": 0.8784688115119934, "X_Y_val_MSEloss": 0.00044997973600402474}}