{"train_samples": 40, "test_samples": 200, "source_model": "text-embedding-ada-002", "source_dim": 1536, "target_dim": 512, "test_results": {"bleu": 0.19, "bleu1": 14.55, "bleu2": 0.54, "bleu3": 0.02, "bleu4": 0.01, "rougeL": 0.0994, "rouge1": 0.1129, "rouge2": 0.0058, "exact_match": 0.0}, "loss": {"X_Y_COS": 1.0, "X_Y_MSEloss": 2.4515329002938735e-13, "X_Y_test_COS": 0.9052956104278564, "X_Y_test_MSEloss": 0.00035316168214194477, "X_Y_val_COS": 0.9066544771194458, "X_Y_val_MSEloss": 0.0003490427043288946}}