{"train_samples": 50, "test_samples": 200, "source_model": "text-embedding-ada-002", "source_dim": 1536, "target_dim": 512, "test_results": {"bleu": 0.09, "bleu1": 8.13, "bleu2": 0.06, "bleu3": 0.02, "bleu4": 0.01, "rougeL": 0.0747, "rouge1": 0.0857, "rouge2": 0.0026, "exact_match": 0.0}, "loss": {"X_Y_COS": 1.0, "X_Y_MSEloss": 1.6538978303212715e-12, "X_Y_test_COS": 0.9004696607589722, "X_Y_test_MSEloss": 0.00037022173637524247, "X_Y_val_COS": 0.9030099511146545, "X_Y_val_MSEloss": 0.0003607626131270081}}