{"train_samples": 5, "test_samples": 200, "source_model": "text-embedding-3-large", "source_dim": 3072, "target_dim": 512, "test_results": {"bleu": 0.12, "bleu1": 10.78, "bleu2": 0.22, "bleu3": 0.03, "bleu4": 0.02, "rougeL": 0.0833, "rouge1": 0.0928, "rouge2": 0.0031, "exact_match": 0.0}, "loss": {"X_Y_COS": 1.0, "X_Y_MSEloss": 1.433791280147645e-10, "X_Y_test_COS": 0.8977879285812378, "X_Y_test_MSEloss": 0.0012186296517029405, "X_Y_val_COS": 0.8962559103965759, "X_Y_val_MSEloss": 0.0012503284960985184}}