{"train_samples": 100, "test_samples": 200, "source_model": "sentence-transformers/gtr-t5-base", "source_dim": 768, "target_dim": 512, "test_results": {"bleu": 0.1, "bleu1": 8.51, "bleu2": 0.09, "bleu3": 0.02, "bleu4": 0.01, "rougeL": 0.0721, "rouge1": 0.0825, "rouge2": 0.002, "exact_match": 0.0}, "loss": {"X_Y_COS": 0.9999983906745911, "X_Y_MSEloss": 6.38757446935756e-09, "X_Y_test_COS": 0.8470238447189331, "X_Y_test_MSEloss": 0.0005895484937354922, "X_Y_val_COS": 0.852350652217865, "X_Y_val_MSEloss": 0.0005711498088203371}}