{"train_samples": 500, "test_samples": 200, "source_model": "google/flan-t5-base", "source_dim": 768, "target_dim": 512, "test_results": {"bleu": 0.81, "bleu1": 18.86, "bleu2": 1.57, "bleu3": 0.36, "bleu4": 0.12, "rougeL": 0.076, "rouge1": 0.0903, "rouge2": 0.0116, "exact_match": 0.0}, "loss": {"X_Y_COS": 0.9907727241516113, "X_Y_MSEloss": 3.636508699855767e-05, "X_Y_test_COS": 0.8982092142105103, "X_Y_test_MSEloss": 0.00040194191387854517, "X_Y_val_COS": 0.9024651646614075, "X_Y_val_MSEloss": 0.0003830092027783394}}