{"train_samples": 100, "test_samples": 200, "source_model": "sentence-transformers/all-MiniLM-L6-v2", "source_dim": 384, "target_dim": 512, "test_results": {"bleu": 0.19, "bleu1": 13.62, "bleu2": 0.7, "bleu3": 0.02, "bleu4": 0.01, "rougeL": 0.0948, "rouge1": 0.1011, "rouge2": 0.0065, "exact_match": 0.0}, "loss": {"X_Y_COS": 1.0, "X_Y_MSEloss": 6.4604940321066895e-12, "X_Y_test_COS": 0.8328222632408142, "X_Y_test_MSEloss": 0.0006354881916195154, "X_Y_val_COS": 0.8411124348640442, "X_Y_val_MSEloss": 0.0006218592170625925}}