{"train_samples": 3000, "test_samples": 200, "source_model": "sentence-transformers/all-MiniLM-L6-v2", "source_dim": 384, "target_dim": 512, "test_results": {"bleu": 0.2, "bleu1": 16.39, "bleu2": 0.95, "bleu3": 0.02, "bleu4": 0.01, "rougeL": 0.1256, "rouge1": 0.1594, "rouge2": 0.0118, "exact_match": 0.0}, "loss": {"X_Y_COS": 0.9399116039276123, "X_Y_MSEloss": 0.00024063544697128236, "X_Y_test_COS": 0.9200247526168823, "X_Y_test_MSEloss": 0.0003132541896775365, "X_Y_val_COS": 0.9205083250999451, "X_Y_val_MSEloss": 0.0003171710704918951}}