{"train_samples": 1000, "test_samples": 200, "source_model": "text-embedding-ada-002", "source_dim": 1536, "target_dim": 512, "test_results": {"bleu": 0.06, "bleu1": 12.19, "bleu2": 0.03, "bleu3": 0.02, "bleu4": 0.01, "rougeL": 0.024, "rouge1": 0.0244, "rouge2": 0.0003, "exact_match": 0.0}, "loss": {"X_Y_COS": 0.9713743329048157, "X_Y_MSEloss": 0.00030705740209668875, "X_Y_test_COS": 0.8691250681877136, "X_Y_test_MSEloss": 0.0013609804445877671, "X_Y_val_COS": 0.8727869391441345, "X_Y_val_MSEloss": 0.001331013860180974}}