{"epoch": 2, "dev_acc": 54.50000000000001, "test_acc": 50.5, "test_f1": 56.00000000000001, "test_roc": 50.33}