{"train_samples": 10, "test_samples": 200, "source_model": "sentence-transformers/all-MiniLM-L6-v2", "source_dim": 384, "target_dim": 512, "test_results": {"bleu": 0.11, "bleu1": 9.9, "bleu2": 0.16, "bleu3": 0.02, "bleu4": 0.01, "rougeL": 0.0311, "rouge1": 0.0351, "rouge2": 0.0015, "exact_match": 0.0}, "loss": {"X_Y_COS": 1.0, "X_Y_MSEloss": 7.284829041708581e-16, "X_Y_test_COS": 0.8964678049087524, "X_Y_test_MSEloss": 0.0008879383094608784, "X_Y_val_COS": 0.8873323798179626, "X_Y_val_MSEloss": 0.0009793039644137025}}