{"train_samples": 10, "test_samples": 200, "source_model": "sentence-transformers/all-MiniLM-L6-v2", "source_dim": 384, "target_dim": 512, "test_results": {"bleu": 0.14, "bleu1": 10.51, "bleu2": 0.37, "bleu3": 0.02, "bleu4": 0.01, "rougeL": 0.0491, "rouge1": 0.057, "rouge2": 0.0058, "exact_match": 0.0}, "loss": {"X_Y_COS": 1.0, "X_Y_MSEloss": 2.152853084757216e-16, "X_Y_test_COS": 0.9044582843780518, "X_Y_test_MSEloss": 0.0004931528237648308, "X_Y_val_COS": 0.9009620547294617, "X_Y_val_MSEloss": 0.0005011218599975109}}