{"train_samples": 1000, "test_samples": 200, "source_model": "google-bert/bert-base-multilingual-cased", "source_dim": 768, "target_dim": 512, "test_results": {"bleu": 0.69, "bleu1": 8.41, "bleu2": 0.59, "bleu3": 0.34, "bleu4": 0.13, "rougeL": 0.0426, "rouge1": 0.0471, "rouge2": 0.0003, "exact_match": 0.0}, "loss": {"X_Y_COS": 0.9189144372940063, "X_Y_MSEloss": 0.0004005646624136716, "X_Y_test_COS": 0.09419986605644226, "X_Y_test_MSEloss": 0.0072243367321789265, "X_Y_val_COS": 0.08720313012599945, "X_Y_val_MSEloss": 0.007102064322680235}}