{"train_samples": 100, "test_samples": 200, "source_model": "text-embedding-3-large", "source_dim": 3072, "target_dim": 512, "test_results": {"bleu": 0.09, "bleu1": 7.55, "bleu2": 0.06, "bleu3": 0.02, "bleu4": 0.01, "rougeL": 0.0749, "rouge1": 0.0879, "rouge2": 0.0038, "exact_match": 0.0}, "loss": {"X_Y_COS": 1.0, "X_Y_MSEloss": 4.211865909211146e-14, "X_Y_test_COS": 0.8972827196121216, "X_Y_test_MSEloss": 0.00038813031278550625, "X_Y_val_COS": 0.9006165862083435, "X_Y_val_MSEloss": 0.00037806949694640934}}