{"train_samples": 40, "test_samples": 200, "source_model": "sentence-transformers/all-MiniLM-L6-v2", "source_dim": 384, "target_dim": 512, "test_results": {"bleu": 0.09, "bleu1": 8.97, "bleu2": 0.08, "bleu3": 0.01, "bleu4": 0.01, "rougeL": 0.0064, "rouge1": 0.0064, "rouge2": 0.0, "exact_match": 0.0}, "loss": {"X_Y_COS": 1.0, "X_Y_MSEloss": 3.562474750959388e-13, "X_Y_test_COS": 0.8652552366256714, "X_Y_test_MSEloss": 0.0005043474375270307, "X_Y_val_COS": 0.8600296378135681, "X_Y_val_MSEloss": 0.0005091889761388302}}