{"train_samples": 50, "test_samples": 200, "source_model": "text-embedding-3-large", "source_dim": 3072, "target_dim": 512, "test_results": {"bleu": 0.73, "bleu1": 17.29, "bleu2": 1.25, "bleu3": 0.2, "bleu4": 0.06, "rougeL": 0.1195, "rouge1": 0.1567, "rouge2": 0.0136, "exact_match": 0.0}, "loss": {"X_Y_COS": 1.0, "X_Y_MSEloss": 1.6312992708093993e-15, "X_Y_test_COS": 0.9162972569465637, "X_Y_test_MSEloss": 0.0004110124718863517, "X_Y_val_COS": 0.9133773446083069, "X_Y_val_MSEloss": 0.00044690791401080787}}