{"train_samples": 1000, "test_samples": 200, "source_model": "google/mt5-base", "source_dim": 768, "target_dim": 512, "test_results": {"bleu": 0.98, "bleu1": 17.85, "bleu2": 1.88, "bleu3": 0.37, "bleu4": 0.08, "rougeL": 0.1344, "rouge1": 0.1518, "rouge2": 0.0151, "exact_match": 0.0}, "loss": {"X_Y_COS": 0.9191257953643799, "X_Y_MSEloss": 0.0004044193774461746, "X_Y_test_COS": 0.11785300821065903, "X_Y_test_MSEloss": 0.007319154683500528, "X_Y_val_COS": 0.13286273181438446, "X_Y_val_MSEloss": 0.0071638463996350765}}