{"train_samples": 1000, "test_samples": 200, "source_model": "random", "source_dim": 768, "target_dim": 512, "test_results": {"bleu": 0.38, "bleu1": 17.28, "bleu2": 1.3, "bleu3": 0.08, "bleu4": 0.01, "rougeL": 0.1244, "rouge1": 0.1457, "rouge2": 0.0105, "exact_match": 0.0}, "loss": {"X_Y_COS": 0.9151037931442261, "X_Y_MSEloss": 0.0004435805312823504, "X_Y_test_COS": 0.03216063976287842, "X_Y_test_MSEloss": 0.00932561419904232, "X_Y_val_COS": -0.014450816437602043, "X_Y_val_MSEloss": 0.007957196794450283}}