{"train_samples": 20, "test_samples": 200, "source_model": "google-t5/t5-base", "source_dim": 768, "target_dim": 512, "test_results": {"bleu": 0.24, "bleu1": 19.78, "bleu2": 1.09, "bleu3": 0.02, "bleu4": 0.01, "rougeL": 0.1063, "rouge1": 0.1194, "rouge2": 0.0077, "exact_match": 0.0}, "loss": {"X_Y_COS": 1.0, "X_Y_MSEloss": 2.120088569220087e-14, "X_Y_test_COS": 0.9020715951919556, "X_Y_test_MSEloss": 0.0003638633934315294, "X_Y_val_COS": 0.9079101085662842, "X_Y_val_MSEloss": 0.0003437862324062735}}