{"train_samples": 1000, "test_samples": 200, "source_model": "sentence-transformers/all-MiniLM-L6-v2", "source_dim": 384, "target_dim": 512, "test_results": {"bleu": 0.2, "bleu1": 15.13, "bleu2": 0.73, "bleu3": 0.07, "bleu4": 0.02, "rougeL": 0.041, "rouge1": 0.0453, "rouge2": 0.0031, "exact_match": 0.0}, "loss": {"X_Y_COS": 0.941650927066803, "X_Y_MSEloss": 0.0005418985383585095, "X_Y_test_COS": 0.7756811380386353, "X_Y_test_MSEloss": 0.001525405328720808, "X_Y_val_COS": 0.7837200164794922, "X_Y_val_MSEloss": 0.0014368819538503885}}