{"epoch": 5, "dev_acc": 51.0, "test_acc": 53.5, "test_f1": 52.790000000000006, "test_roc": 55.400000000000006}