{"train_samples": 10, "test_samples": 200, "source_model": "text-embedding-3-large", "source_dim": 3072, "target_dim": 512, "test_results": {"bleu": 0.08, "bleu1": 8.88, "bleu2": 0.04, "bleu3": 0.02, "bleu4": 0.01, "rougeL": 0.056, "rouge1": 0.0658, "rouge2": 0.0002, "exact_match": 0.0}, "loss": {"X_Y_COS": 1.0, "X_Y_MSEloss": 1.266281036571779e-16, "X_Y_test_COS": 0.8990782499313354, "X_Y_test_MSEloss": 0.0004502278461586684, "X_Y_val_COS": 0.8966255784034729, "X_Y_val_MSEloss": 0.00045556656550616026}}