{"train_samples": 30, "test_samples": 200, "source_model": "text-embedding-ada-002", "source_dim": 1536, "target_dim": 512, "test_results": {"bleu": 1.83, "bleu1": 22.49, "bleu2": 2.78, "bleu3": 0.78, "bleu4": 0.23, "rougeL": 0.1436, "rouge1": 0.2, "rouge2": 0.0311, "exact_match": 0.0}, "loss": {"X_Y_COS": 1.0, "X_Y_MSEloss": 2.5804399646244848e-14, "X_Y_test_COS": 0.8763604760169983, "X_Y_test_MSEloss": 0.00045233493437990546, "X_Y_val_COS": 0.8684035539627075, "X_Y_val_MSEloss": 0.00047979733790270984}}