{"train_samples": 3, "test_samples": 200, "source_model": "google-bert/bert-base-multilingual-cased", "source_dim": 768, "target_dim": 512, "test_results": {"bleu": 0.12, "bleu1": 14.04, "bleu2": 0.14, "bleu3": 0.02, "bleu4": 0.01, "rougeL": 0.0779, "rouge1": 0.0967, "rouge2": 0.0024, "exact_match": 0.0}, "loss": {"X_Y_COS": 1.0, "X_Y_MSEloss": 4.033724154848872e-16, "X_Y_test_COS": 0.8455283045768738, "X_Y_test_MSEloss": 0.0006249026628211141, "X_Y_val_COS": 0.8469688892364502, "X_Y_val_MSEloss": 0.0006164404330775142}}