{"train_samples": 1000, "test_samples": 200, "source_model": "google/mt5-base", "source_dim": 768, "target_dim": 512, "test_results": {"bleu": 1.51, "bleu1": 24.38, "bleu2": 2.78, "bleu3": 0.45, "bleu4": 0.19, "rougeL": 0.1554, "rouge1": 0.2091, "rouge2": 0.0281, "exact_match": 0.0}, "loss": {"X_Y_COS": 0.9672495722770691, "X_Y_MSEloss": 0.00012643005175050348, "X_Y_test_COS": 0.932500422000885, "X_Y_test_MSEloss": 0.00025741520221345127, "X_Y_val_COS": 0.9311562776565552, "X_Y_val_MSEloss": 0.0002632325340528041}}