{"train_samples": 1, "test_samples": 200, "source_model": "intfloat/multilingual-e5-base", "source_dim": 768, "target_dim": 512, "test_results": {"bleu": 0.04, "bleu1": 16.53, "bleu2": 0.02, "bleu3": 0.01, "bleu4": 0.01, "rougeL": 0.0055, "rouge1": 0.0055, "rouge2": 0.0, "exact_match": 0.0}, "loss": {"X_Y_COS": 1.0000001192092896, "X_Y_MSEloss": 6.926457872054759e-16, "X_Y_test_COS": 0.7994112968444824, "X_Y_test_MSEloss": 0.001006416161544621, "X_Y_val_COS": 0.7981173396110535, "X_Y_val_MSEloss": 0.000978186959400773}}