{"train_samples": 1000, "test_samples": 200, "source_model": "sentence-transformers/gtr-t5-base", "source_dim": 768, "target_dim": 512, "test_results": {"bleu": 0.19, "bleu1": 9.75, "bleu2": 0.29, "bleu3": 0.03, "bleu4": 0.02, "rougeL": 0.0584, "rouge1": 0.0654, "rouge2": 0.002, "exact_match": 0.0}, "loss": {"X_Y_COS": 0.9010780453681946, "X_Y_MSEloss": 0.000452979002147913, "X_Y_test_COS": -0.06273645907640457, "X_Y_test_MSEloss": 0.008709589950740337, "X_Y_val_COS": 0.04882203787565231, "X_Y_val_MSEloss": 0.00891342293471098}}