{"train_samples": 1000, "test_samples": 200, "source_model": "google-bert/bert-base-multilingual-cased", "source_dim": 768, "target_dim": 512, "test_results": {"bleu": 9.16, "bleu1": 29.45, "bleu2": 9.8, "bleu3": 6.32, "bleu4": 3.86, "rougeL": 0.1544, "rouge1": 0.1842, "rouge2": 0.0336, "exact_match": 0.0}, "loss": {"X_Y_COS": 0.9748854637145996, "X_Y_MSEloss": 9.795759251574054e-05, "X_Y_test_COS": 0.8900947570800781, "X_Y_test_MSEloss": 0.0004229895712342113, "X_Y_val_COS": 0.9040409922599792, "X_Y_val_MSEloss": 0.00037196523044258356}}