{"train_samples": 100, "test_samples": 200, "source_model": "sentence-transformers/gtr-t5-base", "source_dim": 768, "target_dim": 512, "test_results": {"bleu": 0.13, "bleu1": 10.4, "bleu2": 0.05, "bleu3": 0.03, "bleu4": 0.02, "rougeL": 0.0056, "rouge1": 0.0056, "rouge2": 0.0, "exact_match": 0.0}, "loss": {"X_Y_COS": 0.982787549495697, "X_Y_MSEloss": 6.506231875391677e-05, "X_Y_test_COS": 0.8448530435562134, "X_Y_test_MSEloss": 0.0005831383750773966, "X_Y_val_COS": 0.8462159633636475, "X_Y_val_MSEloss": 0.0005692063132300973}}