{"train_samples": 20, "test_samples": 200, "source_model": "text-embedding-3-large", "source_dim": 3072, "target_dim": 512, "test_results": {"bleu": 0.5, "bleu1": 14.88, "bleu2": 0.74, "bleu3": 0.17, "bleu4": 0.09, "rougeL": 0.0522, "rouge1": 0.0593, "rouge2": 0.0042, "exact_match": 0.0}, "loss": {"X_Y_COS": 1.0, "X_Y_MSEloss": 2.72568479102415e-16, "X_Y_test_COS": 0.8618500232696533, "X_Y_test_MSEloss": 0.0007824180647730827, "X_Y_val_COS": 0.867470383644104, "X_Y_val_MSEloss": 0.0007759729051031172}}