{"train_samples": 40, "test_samples": 200, "source_model": "sentence-transformers/gtr-t5-base", "source_dim": 768, "target_dim": 512, "test_results": {"bleu": 0.24, "bleu1": 17.18, "bleu2": 1.17, "bleu3": 0.02, "bleu4": 0.01, "rougeL": 0.1357, "rouge1": 0.1553, "rouge2": 0.0115, "exact_match": 0.0}, "loss": {"X_Y_COS": 1.0, "X_Y_MSEloss": 7.219180494285465e-15, "X_Y_test_COS": 0.9310169219970703, "X_Y_test_MSEloss": 0.0002682858321350068, "X_Y_val_COS": 0.9340685606002808, "X_Y_val_MSEloss": 0.00025594353792257607}}