{"train_samples": 1, "test_samples": 200, "source_model": "text-embedding-3-large", "source_dim": 3072, "target_dim": 512, "test_results": {"bleu": 0.12, "bleu1": 11.83, "bleu2": 0.25, "bleu3": 0.02, "bleu4": 0.01, "rougeL": 0.0281, "rouge1": 0.031, "rouge2": 0.0, "exact_match": 0.0}, "loss": {"X_Y_COS": 1.0, "X_Y_MSEloss": 9.526244715057154e-17, "X_Y_test_COS": 0.7564838528633118, "X_Y_test_MSEloss": 0.0015983318444341421, "X_Y_val_COS": 0.7541406154632568, "X_Y_val_MSEloss": 0.0015911057125777006}}