{"train_samples": 10, "test_samples": 200, "source_model": "intfloat/multilingual-e5-base", "source_dim": 768, "target_dim": 512, "test_results": {"bleu": 0.34, "bleu1": 15.79, "bleu2": 0.93, "bleu3": 0.11, "bleu4": 0.03, "rougeL": 0.1142, "rouge1": 0.132, "rouge2": 0.0084, "exact_match": 0.0}, "loss": {"X_Y_COS": 1.0, "X_Y_MSEloss": 1.9366637460382918e-10, "X_Y_test_COS": 0.9389368891716003, "X_Y_test_MSEloss": 0.0005372687010094523, "X_Y_val_COS": 0.9398232102394104, "X_Y_val_MSEloss": 0.0005621977616101503}}