{"train_samples": 100, "test_samples": 200, "source_model": "intfloat/multilingual-e5-base", "source_dim": 768, "target_dim": 512, "test_results": {"bleu": 0.17, "bleu1": 18.92, "bleu2": 0.59, "bleu3": 0.02, "bleu4": 0.01, "rougeL": 0.1037, "rouge1": 0.1426, "rouge2": 0.0076, "exact_match": 0.0}, "loss": {"X_Y_COS": 0.9999998211860657, "X_Y_MSEloss": 4.3399672744470763e-10, "X_Y_test_COS": 0.8800135850906372, "X_Y_test_MSEloss": 0.00044654382509179413, "X_Y_val_COS": 0.8831216096878052, "X_Y_val_MSEloss": 0.00043556385207921267}}