{"train_samples": 20, "test_samples": 200, "source_model": "sentence-transformers/all-MiniLM-L6-v2", "source_dim": 384, "target_dim": 512, "test_results": {"bleu": 0.17, "bleu1": 13.96, "bleu2": 0.65, "bleu3": 0.02, "bleu4": 0.01, "rougeL": 0.0916, "rouge1": 0.1196, "rouge2": 0.0064, "exact_match": 0.0}, "loss": {"X_Y_COS": 1.0, "X_Y_MSEloss": 4.216699153323562e-16, "X_Y_test_COS": 0.8983005285263062, "X_Y_test_MSEloss": 0.0004316568374633789, "X_Y_val_COS": 0.8965020775794983, "X_Y_val_MSEloss": 0.0004302315937820822}}