{"train_samples": 1000, "test_samples": 200, "source_model": "random", "source_dim": 768, "target_dim": 512, "test_results": {"bleu": 0.14, "bleu1": 11.33, "bleu2": 0.41, "bleu3": 0.01, "bleu4": 0.01, "rougeL": 0.0843, "rouge1": 0.0957, "rouge2": 0.004, "exact_match": 0.0}, "loss": {"X_Y_COS": 0.8787749409675598, "X_Y_MSEloss": 0.0005079535767436028, "X_Y_test_COS": 0.02104993350803852, "X_Y_test_MSEloss": 0.007675585802644491, "X_Y_val_COS": -0.09373189508914948, "X_Y_val_MSEloss": 0.008848952129483223}}