{"train_samples": 3, "test_samples": 200, "source_model": "sentence-transformers/gtr-t5-base", "source_dim": 768, "target_dim": 512, "test_results": {"bleu": 0.04, "bleu1": 8.58, "bleu2": 0.01, "bleu3": 0.01, "bleu4": 0.0, "rougeL": 0.0029, "rouge1": 0.0029, "rouge2": 0.0, "exact_match": 0.0}, "loss": {"X_Y_COS": 1.0, "X_Y_MSEloss": 4.427332953899657e-16, "X_Y_test_COS": 0.8710978031158447, "X_Y_test_MSEloss": 0.000569579133298248, "X_Y_val_COS": 0.8733240962028503, "X_Y_val_MSEloss": 0.0005837662611156702}}