{"train_samples": 100, "test_samples": 200, "source_model": "sentence-transformers/all-MiniLM-L6-v2", "source_dim": 384, "target_dim": 512, "test_results": {"bleu": 0.07, "bleu1": 10.93, "bleu2": 0.03, "bleu3": 0.02, "bleu4": 0.01, "rougeL": 0.0181, "rouge1": 0.0187, "rouge2": 0.0, "exact_match": 0.0}, "loss": {"X_Y_COS": 1.0, "X_Y_MSEloss": 7.822407001659148e-13, "X_Y_test_COS": 0.836654782295227, "X_Y_test_MSEloss": 0.0006376661476679146, "X_Y_val_COS": 0.8257369995117188, "X_Y_val_MSEloss": 0.0006611781427636743}}