{"train_samples": 1000, "test_samples": 200, "source_model": "google-t5/t5-base", "source_dim": 768, "target_dim": 512, "test_results": {"bleu": 1.2, "bleu1": 8.89, "bleu2": 1.24, "bleu3": 0.68, "bleu4": 0.31, "rougeL": 0.0429, "rouge1": 0.0491, "rouge2": 0.0019, "exact_match": 0.0}, "loss": {"X_Y_COS": 0.899522602558136, "X_Y_MSEloss": 0.0004606589791364968, "X_Y_test_COS": -0.11352626234292984, "X_Y_test_MSEloss": 0.00922511238604784, "X_Y_val_COS": 0.03520690277218819, "X_Y_val_MSEloss": 0.007227637805044651}}