{"train_samples": 100, "test_samples": 200, "source_model": "sentence-transformers/all-MiniLM-L6-v2", "source_dim": 384, "target_dim": 512, "test_results": {"bleu": 0.04, "bleu1": 8.51, "bleu2": 0.02, "bleu3": 0.01, "bleu4": 0.01, "rougeL": 0.0694, "rouge1": 0.0814, "rouge2": 0.0037, "exact_match": 0.0}, "loss": {"X_Y_COS": 1.0, "X_Y_MSEloss": 3.5150921062765406e-10, "X_Y_test_COS": 0.7303134799003601, "X_Y_test_MSEloss": 0.0010363380424678326, "X_Y_val_COS": 0.7282662987709045, "X_Y_val_MSEloss": 0.001046682707965374}}