{"train_samples": 30, "test_samples": 200, "source_model": "sentence-transformers/gtr-t5-base", "source_dim": 768, "target_dim": 512, "test_results": {"bleu": 0.43, "bleu1": 16.24, "bleu2": 0.88, "bleu3": 0.16, "bleu4": 0.07, "rougeL": 0.0647, "rouge1": 0.074, "rouge2": 0.0062, "exact_match": 0.0}, "loss": {"X_Y_COS": 1.0, "X_Y_MSEloss": 6.701027994076908e-16, "X_Y_test_COS": 0.9021346569061279, "X_Y_test_MSEloss": 0.0003982705529779196, "X_Y_val_COS": 0.9022356867790222, "X_Y_val_MSEloss": 0.00039974245009943843}}