{"train_samples": 1000, "test_samples": 200, "source_model": "text-embedding-3-large", "source_dim": 3072, "target_dim": 512, "test_results": {"bleu": 2.73, "bleu1": 27.51, "bleu2": 5.18, "bleu3": 1.04, "bleu4": 0.38, "rougeL": 0.2238, "rouge1": 0.2731, "rouge2": 0.0533, "exact_match": 0.0}, "loss": {"X_Y_COS": 1.0, "X_Y_MSEloss": 2.968787799688226e-14, "X_Y_test_COS": 0.8715702891349792, "X_Y_test_MSEloss": 0.0005338547052815557, "X_Y_val_COS": 0.8848510384559631, "X_Y_val_MSEloss": 0.0005096957902424037}}