{"train_samples": 50, "test_samples": 200, "source_model": "text-embedding-ada-002", "source_dim": 1536, "target_dim": 512, "test_results": {"bleu": 0.37, "bleu1": 16.89, "bleu2": 0.84, "bleu3": 0.07, "bleu4": 0.02, "rougeL": 0.1002, "rouge1": 0.1238, "rouge2": 0.0077, "exact_match": 0.0}, "loss": {"X_Y_COS": 1.0, "X_Y_MSEloss": 2.5012328319640176e-10, "X_Y_test_COS": 0.7762582302093506, "X_Y_test_MSEloss": 0.0016437211306765676, "X_Y_val_COS": 0.779569149017334, "X_Y_val_MSEloss": 0.0016152324387803674}}