{"train_samples": 30, "test_samples": 200, "source_model": "google-t5/t5-base", "source_dim": 768, "target_dim": 512, "test_results": {"bleu": 0.74, "bleu1": 19.7, "bleu2": 1.76, "bleu3": 0.2, "bleu4": 0.04, "rougeL": 0.1378, "rouge1": 0.1825, "rouge2": 0.0234, "exact_match": 0.0}, "loss": {"X_Y_COS": 1.0, "X_Y_MSEloss": 8.885146070768905e-15, "X_Y_test_COS": 0.9226230382919312, "X_Y_test_MSEloss": 0.00029324725619517267, "X_Y_val_COS": 0.919331431388855, "X_Y_val_MSEloss": 0.000306291418382898}}