{"train_samples": 1000, "test_samples": 200, "source_model": "google-t5/t5-base", "source_dim": 768, "target_dim": 512, "test_results": {"bleu": 0.47, "bleu1": 8.46, "bleu2": 0.48, "bleu3": 0.19, "bleu4": 0.07, "rougeL": 0.0433, "rouge1": 0.0495, "rouge2": 0.002, "exact_match": 0.0}, "loss": {"X_Y_COS": 0.9091318845748901, "X_Y_MSEloss": 0.0004449304542504251, "X_Y_test_COS": 0.008192021399736404, "X_Y_test_MSEloss": 0.0070111132226884365, "X_Y_val_COS": 0.030294818803668022, "X_Y_val_MSEloss": 0.007753182668238878}}