{"train_samples": 10, "test_samples": 200, "source_model": "sentence-transformers/all-MiniLM-L6-v2", "source_dim": 384, "target_dim": 512, "test_results": {"bleu": 0.14, "bleu1": 12.41, "bleu2": 0.33, "bleu3": 0.02, "bleu4": 0.01, "rougeL": 0.0494, "rouge1": 0.0562, "rouge2": 0.0033, "exact_match": 0.0}, "loss": {"X_Y_COS": 1.0, "X_Y_MSEloss": 2.241112329674338e-16, "X_Y_test_COS": 0.863563060760498, "X_Y_test_MSEloss": 0.0006075650453567505, "X_Y_val_COS": 0.8566007614135742, "X_Y_val_MSEloss": 0.0006183448131196201}}