{"train_samples": 1000, "test_samples": 200, "source_model": "random", "source_dim": 768, "target_dim": 512, "test_results": {"bleu": 0.56, "bleu1": 16.68, "bleu2": 1.41, "bleu3": 0.19, "bleu4": 0.03, "rougeL": 0.1187, "rouge1": 0.1358, "rouge2": 0.0115, "exact_match": 0.0}, "loss": {"X_Y_COS": 0.8943260908126831, "X_Y_MSEloss": 0.0004738745919894427, "X_Y_test_COS": -0.01970740221440792, "X_Y_test_MSEloss": 0.009700344875454903, "X_Y_val_COS": -0.06896696239709854, "X_Y_val_MSEloss": 0.008938279934227467}}