{"train_samples": 30, "test_samples": 200, "source_model": "google-bert/bert-base-multilingual-cased", "source_dim": 768, "target_dim": 512, "test_results": {"bleu": 0.14, "bleu1": 10.63, "bleu2": 0.27, "bleu3": 0.02, "bleu4": 0.01, "rougeL": 0.0621, "rouge1": 0.071, "rouge2": 0.0099, "exact_match": 0.0}, "loss": {"X_Y_COS": 1.0, "X_Y_MSEloss": 2.228940816639824e-11, "X_Y_test_COS": 0.8859811425209045, "X_Y_test_MSEloss": 0.0008579330751672387, "X_Y_val_COS": 0.8852338790893555, "X_Y_val_MSEloss": 0.0009045999031513929}}