{"train_samples": 1000, "test_samples": 200, "source_model": "google-bert/bert-base-multilingual-cased", "source_dim": 768, "target_dim": 512, "test_results": {"bleu": 0.26, "bleu1": 10.51, "bleu2": 0.46, "bleu3": 0.06, "bleu4": 0.02, "rougeL": 0.0696, "rouge1": 0.078, "rouge2": 0.0039, "exact_match": 0.0}, "loss": {"X_Y_COS": 0.8847216367721558, "X_Y_MSEloss": 0.000498564331792295, "X_Y_test_COS": -0.019716138020157814, "X_Y_test_MSEloss": 0.008701560087502003, "X_Y_val_COS": -0.029405279085040092, "X_Y_val_MSEloss": 0.00950554944574833}}