{"train_samples": 30, "test_samples": 200, "source_model": "sentence-transformers/all-MiniLM-L6-v2", "source_dim": 384, "target_dim": 512, "test_results": {"bleu": 0.13, "bleu1": 14.29, "bleu2": 0.7, "bleu3": 0.01, "bleu4": 0.01, "rougeL": 0.0935, "rouge1": 0.1169, "rouge2": 0.0066, "exact_match": 0.0}, "loss": {"X_Y_COS": 1.0, "X_Y_MSEloss": 1.5954760082537156e-11, "X_Y_test_COS": 0.5268376469612122, "X_Y_test_MSEloss": 0.0026715616695582867, "X_Y_val_COS": 0.5369464755058289, "X_Y_val_MSEloss": 0.0025439178571105003}}