{"train_samples": 40, "test_samples": 200, "source_model": "intfloat/multilingual-e5-base", "source_dim": 768, "target_dim": 512, "test_results": {"bleu": 0.17, "bleu1": 18.35, "bleu2": 0.49, "bleu3": 0.02, "bleu4": 0.01, "rougeL": 0.107, "rouge1": 0.1467, "rouge2": 0.0064, "exact_match": 0.0}, "loss": {"X_Y_COS": 1.0, "X_Y_MSEloss": 1.4930987219177738e-12, "X_Y_test_COS": 0.8869874477386475, "X_Y_test_MSEloss": 0.00041711507947184145, "X_Y_val_COS": 0.8877390027046204, "X_Y_val_MSEloss": 0.00041496293852105737}}