{"epoch": 0, "dev_acc": 50.5, "test_acc": 53.0, "test_f1": 52.980000000000004, "test_roc": 52.18000000000001}