{"train_samples": 1000, "test_samples": 200, "source_model": "google-t5/t5-base", "source_dim": 768, "target_dim": 512, "test_results": {"bleu": 1.72, "bleu1": 25.35, "bleu2": 3.03, "bleu3": 0.7, "bleu4": 0.28, "rougeL": 0.1304, "rouge1": 0.1586, "rouge2": 0.0232, "exact_match": 0.0}, "loss": {"X_Y_COS": 0.9767656922340393, "X_Y_MSEloss": 9.028886415762827e-05, "X_Y_test_COS": 0.9394274950027466, "X_Y_test_MSEloss": 0.0002339253551326692, "X_Y_val_COS": 0.9392666220664978, "X_Y_val_MSEloss": 0.00023478572256863117}}