{"train_samples": 10, "test_samples": 200, "source_model": "google/mt5-base", "source_dim": 768, "target_dim": 512, "test_results": {"bleu": 0.2, "bleu1": 13.17, "bleu2": 0.65, "bleu3": 0.02, "bleu4": 0.01, "rougeL": 0.1036, "rouge1": 0.1168, "rouge2": 0.0072, "exact_match": 0.0}, "loss": {"X_Y_COS": 1.0, "X_Y_MSEloss": 1.636552675027389e-15, "X_Y_test_COS": 0.8979395627975464, "X_Y_test_MSEloss": 0.0003806930617429316, "X_Y_val_COS": 0.8958975076675415, "X_Y_val_MSEloss": 0.0003839692799374461}}