{"train_samples": 500, "test_samples": 200, "source_model": "google-t5/t5-base", "source_dim": 768, "target_dim": 512, "test_results": {"bleu": 0.13, "bleu1": 8.87, "bleu2": 0.23, "bleu3": 0.02, "bleu4": 0.01, "rougeL": 0.0925, "rouge1": 0.1084, "rouge2": 0.0048, "exact_match": 0.0}, "loss": {"X_Y_COS": 0.9480977654457092, "X_Y_MSEloss": 0.00019799450819846243, "X_Y_test_COS": 0.9159150719642639, "X_Y_test_MSEloss": 0.00031858362490311265, "X_Y_val_COS": 0.9148420691490173, "X_Y_val_MSEloss": 0.00032126271980814636}}