{"train_samples": 500, "test_samples": 200, "source_model": "google-bert/bert-base-multilingual-cased", "source_dim": 768, "target_dim": 512, "test_results": {"bleu": 0.11, "bleu1": 10.52, "bleu2": 0.18, "bleu3": 0.01, "bleu4": 0.01, "rougeL": 0.0137, "rouge1": 0.0137, "rouge2": 0.0007, "exact_match": 0.0}, "loss": {"X_Y_COS": 0.9780897498130798, "X_Y_MSEloss": 8.532912033842877e-05, "X_Y_test_COS": 0.8907266855239868, "X_Y_test_MSEloss": 0.0004259313573129475, "X_Y_val_COS": 0.8954169750213623, "X_Y_val_MSEloss": 0.0004069990827701986}}