{"train_samples": 1000, "test_samples": 200, "source_model": "intfloat/multilingual-e5-base", "source_dim": 768, "target_dim": 512, "test_results": {"bleu": 0.26, "bleu1": 17.78, "bleu2": 0.91, "bleu3": 0.1, "bleu4": 0.02, "rougeL": 0.0626, "rouge1": 0.0681, "rouge2": 0.0059, "exact_match": 0.0}, "loss": {"X_Y_COS": 0.9595392346382141, "X_Y_MSEloss": 0.00028968058177269995, "X_Y_test_COS": 0.892364501953125, "X_Y_test_MSEloss": 0.0007561628590337932, "X_Y_val_COS": 0.8962929844856262, "X_Y_val_MSEloss": 0.0007291613146662712}}