{"train_samples": 1000, "test_samples": 200, "source_model": "text-embedding-3-large", "source_dim": 3072, "target_dim": 512, "test_results": {"bleu": 0.39, "bleu1": 15.85, "bleu2": 1.19, "bleu3": 0.11, "bleu4": 0.01, "rougeL": 0.1172, "rouge1": 0.1334, "rouge2": 0.0092, "exact_match": 0.0}, "loss": {"X_Y_COS": 1.0, "X_Y_MSEloss": 7.83085551156297e-14, "X_Y_test_COS": -0.04799206554889679, "X_Y_test_MSEloss": 0.002920598955824971, "X_Y_val_COS": -0.026875421404838562, "X_Y_val_MSEloss": 0.003161096014082432}}