{"train_samples": 500, "test_samples": 200, "source_model": "sentence-transformers/gtr-t5-base", "source_dim": 768, "target_dim": 512, "test_results": {"bleu": 0.28, "bleu1": 19.86, "bleu2": 0.92, "bleu3": 0.03, "bleu4": 0.02, "rougeL": 0.1218, "rouge1": 0.1452, "rouge2": 0.0078, "exact_match": 0.0}, "loss": {"X_Y_COS": 0.9835226535797119, "X_Y_MSEloss": 6.434041279135272e-05, "X_Y_test_COS": 0.8195830583572388, "X_Y_test_MSEloss": 0.0007385186618193984, "X_Y_val_COS": 0.8194596767425537, "X_Y_val_MSEloss": 0.0007330870721489191}}