{"train_samples": 20, "test_samples": 200, "source_model": "google/flan-t5-base", "source_dim": 768, "target_dim": 512, "test_results": {"bleu": 10.61, "bleu1": 25.74, "bleu2": 9.48, "bleu3": 7.83, "bleu4": 7.2, "rougeL": 0.1958, "rouge1": 0.2305, "rouge2": 0.0939, "exact_match": 0.0}, "loss": {"X_Y_COS": 1.0, "X_Y_MSEloss": 1.743244298912927e-10, "X_Y_test_COS": 0.8946259617805481, "X_Y_test_MSEloss": 0.0009108611848205328, "X_Y_val_COS": 0.8900777101516724, "X_Y_val_MSEloss": 0.0009397587855346501}}