{"train_samples": 1000, "test_samples": 200, "source_model": "text-embedding-ada-002", "source_dim": 1536, "target_dim": 512, "test_results": {"bleu": 0.13, "bleu1": 12.75, "bleu2": 0.4, "bleu3": 0.01, "bleu4": 0.01, "rougeL": 0.0777, "rouge1": 0.0954, "rouge2": 0.0042, "exact_match": 0.0}, "loss": {"X_Y_COS": 0.9651764035224915, "X_Y_MSEloss": 0.00029071251628920436, "X_Y_test_COS": 0.8241004943847656, "X_Y_test_MSEloss": 0.0014573681401088834, "X_Y_val_COS": 0.8272085189819336, "X_Y_val_MSEloss": 0.0014131806092336774}}