{"train_samples": 50, "test_samples": 200, "source_model": "sentence-transformers/gtr-t5-base", "source_dim": 768, "target_dim": 512, "test_results": {"bleu": 0.09, "bleu1": 9.12, "bleu2": 0.03, "bleu3": 0.02, "bleu4": 0.01, "rougeL": 0.0101, "rouge1": 0.0101, "rouge2": 0.0, "exact_match": 0.0}, "loss": {"X_Y_COS": 0.9820626378059387, "X_Y_MSEloss": 6.671725714113563e-05, "X_Y_test_COS": 0.7841401696205139, "X_Y_test_MSEloss": 0.0007915361202321947, "X_Y_val_COS": 0.7909059524536133, "X_Y_val_MSEloss": 0.0007603495614603162}}