{"train_samples": 5, "test_samples": 200, "source_model": "sentence-transformers/all-MiniLM-L6-v2", "source_dim": 384, "target_dim": 512, "test_results": {"bleu": 0.2, "bleu1": 13.45, "bleu2": 0.51, "bleu3": 0.06, "bleu4": 0.02, "rougeL": 0.0512, "rouge1": 0.059, "rouge2": 0.0062, "exact_match": 0.0}, "loss": {"X_Y_COS": 1.0, "X_Y_MSEloss": 1.9358658753322236e-16, "X_Y_test_COS": 0.6237707138061523, "X_Y_test_MSEloss": 0.0013209300814196467, "X_Y_val_COS": 0.5732014179229736, "X_Y_val_MSEloss": 0.0013461349299177527}}