{"train_samples": 1, "test_samples": 200, "source_model": "sentence-transformers/gtr-t5-base", "source_dim": 768, "target_dim": 512, "test_results": {"bleu": 0.04, "bleu1": 9.05, "bleu2": 0.02, "bleu3": 0.01, "bleu4": 0.01, "rougeL": 0.0067, "rouge1": 0.0067, "rouge2": 0.0, "exact_match": 0.0}, "loss": {"X_Y_COS": 1.0, "X_Y_MSEloss": 3.074444717530147e-17, "X_Y_test_COS": 0.8263432383537292, "X_Y_test_MSEloss": 0.0018906159093603492, "X_Y_val_COS": 0.8309969305992126, "X_Y_val_MSEloss": 0.002002744236961007}}