{"train_samples": 1000, "test_samples": 200, "source_model": "google-bert/bert-base-multilingual-cased", "source_dim": 768, "target_dim": 512, "test_results": {"bleu": 1.36, "bleu1": 8.67, "bleu2": 1.28, "bleu3": 0.79, "bleu4": 0.41, "rougeL": 0.0441, "rouge1": 0.0474, "rouge2": 0.0015, "exact_match": 0.0}, "loss": {"X_Y_COS": 0.8885636329650879, "X_Y_MSEloss": 0.0004886217066086829, "X_Y_test_COS": -0.05797773599624634, "X_Y_test_MSEloss": 0.009084967896342278, "X_Y_val_COS": -0.026227645576000214, "X_Y_val_MSEloss": 0.008500478230416775}}