{"train_samples": 30, "test_samples": 200, "source_model": "sentence-transformers/gtr-t5-base", "source_dim": 768, "target_dim": 512, "test_results": {"bleu": 0.05, "bleu1": 9.63, "bleu2": 0.02, "bleu3": 0.01, "bleu4": 0.01, "rougeL": 0.0146, "rouge1": 0.0146, "rouge2": 0.0, "exact_match": 0.0}, "loss": {"X_Y_COS": 1.0, "X_Y_MSEloss": 9.253682482822725e-15, "X_Y_test_COS": 0.8785551190376282, "X_Y_test_MSEloss": 0.0004556018684525043, "X_Y_val_COS": 0.8760678768157959, "X_Y_val_MSEloss": 0.0004626460140570998}}