{"train_samples": 7000, "test_samples": 200, "source_model": "google-t5/t5-base", "source_dim": 768, "target_dim": 512, "test_results": {"bleu": 0.22, "bleu1": 18.71, "bleu2": 1.35, "bleu3": 0.02, "bleu4": 0.01, "rougeL": 0.1428, "rouge1": 0.1808, "rouge2": 0.0156, "exact_match": 0.0}, "loss": {"X_Y_COS": 0.9658764004707336, "X_Y_MSEloss": 0.00013246206799522042, "X_Y_test_COS": 0.9607831835746765, "X_Y_test_MSEloss": 0.0001518346689408645, "X_Y_val_COS": 0.9603718519210815, "X_Y_val_MSEloss": 0.00015297261415980756}}