{"train_samples": 5, "test_samples": 200, "source_model": "google-t5/t5-base", "source_dim": 768, "target_dim": 512, "test_results": {"bleu": 0.19, "bleu1": 18.65, "bleu2": 0.54, "bleu3": 0.02, "bleu4": 0.01, "rougeL": 0.0998, "rouge1": 0.1092, "rouge2": 0.0024, "exact_match": 0.0}, "loss": {"X_Y_COS": 1.0, "X_Y_MSEloss": 4.113124229231102e-16, "X_Y_test_COS": 0.8874898552894592, "X_Y_test_MSEloss": 0.000416618277085945, "X_Y_val_COS": 0.8912533521652222, "X_Y_val_MSEloss": 0.00040438721771351993}}