{"train_samples": 50, "test_samples": 200, "source_model": "sentence-transformers/all-MiniLM-L6-v2", "source_dim": 384, "target_dim": 512, "test_results": {"bleu": 0.17, "bleu1": 17.91, "bleu2": 0.51, "bleu3": 0.02, "bleu4": 0.01, "rougeL": 0.1075, "rouge1": 0.1424, "rouge2": 0.0055, "exact_match": 0.0}, "loss": {"X_Y_COS": 1.0, "X_Y_MSEloss": 7.647450516812607e-15, "X_Y_test_COS": 0.8651328682899475, "X_Y_test_MSEloss": 0.0005182353197596967, "X_Y_val_COS": 0.863733172416687, "X_Y_val_MSEloss": 0.0005213727126829326}}