{"train_samples": 1000, "test_samples": 200, "source_model": "google/mt5-base", "source_dim": 768, "target_dim": 512, "test_results": {"bleu": 0.13, "bleu1": 10.3, "bleu2": 0.18, "bleu3": 0.02, "bleu4": 0.01, "rougeL": 0.0703, "rouge1": 0.0787, "rouge2": 0.002, "exact_match": 0.0}, "loss": {"X_Y_COS": 0.8778581023216248, "X_Y_MSEloss": 0.0005143898888491094, "X_Y_test_COS": 0.018046272918581963, "X_Y_test_MSEloss": 0.009341968223452568, "X_Y_val_COS": 0.07414304465055466, "X_Y_val_MSEloss": 0.007877099327743053}}