{"train_samples": 3, "test_samples": 200, "source_model": "sentence-transformers/all-MiniLM-L6-v2", "source_dim": 384, "target_dim": 512, "test_results": {"bleu": 0.04, "bleu1": 9.64, "bleu2": 0.02, "bleu3": 0.01, "bleu4": 0.0, "rougeL": 0.04, "rouge1": 0.0514, "rouge2": 0.0009, "exact_match": 0.0}, "loss": {"X_Y_COS": 1.0, "X_Y_MSEloss": 1.6221726652915214e-12, "X_Y_test_COS": 0.8221543431282043, "X_Y_test_MSEloss": 0.0015844219597056508, "X_Y_val_COS": 0.8234272003173828, "X_Y_val_MSEloss": 0.001570353051647544}}