{"train_samples": 1000, "test_samples": 200, "source_model": "google/flan-t5-base", "source_dim": 768, "target_dim": 512, "test_results": {"bleu": 6.86, "bleu1": 33.88, "bleu2": 7.78, "bleu3": 3.53, "bleu4": 2.47, "rougeL": 0.2184, "rouge1": 0.2895, "rouge2": 0.0764, "exact_match": 0.0}, "loss": {"X_Y_COS": 0.9645602107048035, "X_Y_MSEloss": 0.00013688152830582112, "X_Y_test_COS": 0.8626288175582886, "X_Y_test_MSEloss": 0.0005324188387021422, "X_Y_val_COS": 0.8655067086219788, "X_Y_val_MSEloss": 0.0005239368765614927}}