{"train_samples": 10, "test_samples": 200, "source_model": "google/flan-t5-base", "source_dim": 768, "target_dim": 512, "test_results": {"bleu": 0.58, "bleu1": 17.74, "bleu2": 1.21, "bleu3": 0.13, "bleu4": 0.04, "rougeL": 0.1315, "rouge1": 0.1687, "rouge2": 0.0215, "exact_match": 0.0}, "loss": {"X_Y_COS": 1.0, "X_Y_MSEloss": 4.3712024627652786e-16, "X_Y_test_COS": 0.9162380695343018, "X_Y_test_MSEloss": 0.0003215836768504232, "X_Y_val_COS": 0.916212260723114, "X_Y_val_MSEloss": 0.0003266484127379954}}