{"train_samples": 1000, "test_samples": 200, "source_model": "google-bert/bert-base-multilingual-cased", "source_dim": 768, "target_dim": 512, "test_results": {"bleu": 0.13, "bleu1": 9.68, "bleu2": 0.21, "bleu3": 0.02, "bleu4": 0.01, "rougeL": 0.0618, "rouge1": 0.0712, "rouge2": 0.0026, "exact_match": 0.0}, "loss": {"X_Y_COS": 0.9019910097122192, "X_Y_MSEloss": 0.0004445337981451303, "X_Y_test_COS": 0.03336556628346443, "X_Y_test_MSEloss": 0.008057506754994392, "X_Y_val_COS": -0.023391537368297577, "X_Y_val_MSEloss": 0.008591077290475368}}