{"train_samples": 1000, "test_samples": 200, "source_model": "google-t5/t5-base", "source_dim": 768, "target_dim": 512, "test_results": {"bleu": 12.85, "bleu1": 35.57, "bleu2": 14.1, "bleu3": 8.98, "bleu4": 6.04, "rougeL": 0.2304, "rouge1": 0.2816, "rouge2": 0.0835, "exact_match": 0.0}, "loss": {"X_Y_COS": 0.980600118637085, "X_Y_MSEloss": 7.585241110064089e-05, "X_Y_test_COS": 0.9218822121620178, "X_Y_test_MSEloss": 0.000302656291751191, "X_Y_val_COS": 0.9388356804847717, "X_Y_val_MSEloss": 0.00023839496134314686}}