{"train_samples": 500, "test_samples": 200, "source_model": "sentence-transformers/gtr-t5-base", "source_dim": 768, "target_dim": 512, "test_results": {"bleu": 2.29, "bleu1": 22.23, "bleu2": 2.92, "bleu3": 1.06, "bleu4": 0.47, "rougeL": 0.1564, "rouge1": 0.2093, "rouge2": 0.0342, "exact_match": 0.0}, "loss": {"X_Y_COS": 0.9929240942001343, "X_Y_MSEloss": 2.820869667630177e-05, "X_Y_test_COS": 0.765626072883606, "X_Y_test_MSEloss": 0.0010904413647949696, "X_Y_val_COS": 0.7708650231361389, "X_Y_val_MSEloss": 0.0010916829342022538}}