{"epoch": 0, "dev_acc": 68.0, "test_acc": 62.0, "test_f1": 61.86000000000001, "test_roc": 65.82000000000001}