{"train_samples": 5, "test_samples": 200, "source_model": "google-bert/bert-base-multilingual-cased", "source_dim": 768, "target_dim": 512, "test_results": {"bleu": 0.1, "bleu1": 10.08, "bleu2": 0.18, "bleu3": 0.03, "bleu4": 0.01, "rougeL": 0.0386, "rouge1": 0.0397, "rouge2": 0.0056, "exact_match": 0.0}, "loss": {"X_Y_COS": 1.0, "X_Y_MSEloss": 3.209453100469663e-16, "X_Y_test_COS": 0.9058853983879089, "X_Y_test_MSEloss": 0.000378814700525254, "X_Y_val_COS": 0.9035683870315552, "X_Y_val_MSEloss": 0.0003796519886236638}}