{"train_samples": 40, "test_samples": 200, "source_model": "sentence-transformers/all-MiniLM-L6-v2", "source_dim": 384, "target_dim": 512, "test_results": {"bleu": 0.16, "bleu1": 12.68, "bleu2": 0.59, "bleu3": 0.02, "bleu4": 0.01, "rougeL": 0.0923, "rouge1": 0.1158, "rouge2": 0.0055, "exact_match": 0.0}, "loss": {"X_Y_COS": 1.0, "X_Y_MSEloss": 2.273814842399728e-15, "X_Y_test_COS": 0.8900967240333557, "X_Y_test_MSEloss": 0.0004422562778927386, "X_Y_val_COS": 0.8846598863601685, "X_Y_val_MSEloss": 0.00045992425293661654}}