{"train_samples": 100, "test_samples": 200, "source_model": "intfloat/multilingual-e5-base", "source_dim": 768, "target_dim": 512, "test_results": {"bleu": 2.98, "bleu1": 23.25, "bleu2": 3.44, "bleu3": 1.3, "bleu4": 0.89, "rougeL": 0.1578, "rouge1": 0.2083, "rouge2": 0.0367, "exact_match": 0.0}, "loss": {"X_Y_COS": 0.9999995231628418, "X_Y_MSEloss": 1.0453934606857729e-08, "X_Y_test_COS": 0.8373899459838867, "X_Y_test_MSEloss": 0.0012114194687455893, "X_Y_val_COS": 0.8371568322181702, "X_Y_val_MSEloss": 0.0011882922844961286}}