{"train_samples": 100, "test_samples": 200, "source_model": "intfloat/multilingual-e5-base", "source_dim": 768, "target_dim": 512, "test_results": {"bleu": 2.58, "bleu1": 22.63, "bleu2": 2.85, "bleu3": 1.04, "bleu4": 0.73, "rougeL": 0.15, "rouge1": 0.2052, "rouge2": 0.0309, "exact_match": 0.0}, "loss": {"X_Y_COS": 1.0, "X_Y_MSEloss": 3.4934385939600077e-10, "X_Y_test_COS": 0.8464522957801819, "X_Y_test_MSEloss": 0.0005626196507364511, "X_Y_val_COS": 0.8424309492111206, "X_Y_val_MSEloss": 0.0005746009992435575}}