{"train_samples": 1000, "test_samples": 200, "source_model": "intfloat/multilingual-e5-base", "source_dim": 768, "target_dim": 512, "test_results": {"bleu": 0.82, "bleu1": 16.97, "bleu2": 1.02, "bleu3": 0.3, "bleu4": 0.16, "rougeL": 0.0894, "rouge1": 0.1072, "rouge2": 0.0107, "exact_match": 0.0}, "loss": {"X_Y_COS": 0.9622511267662048, "X_Y_MSEloss": 0.0002615548437461257, "X_Y_test_COS": 0.8996351361274719, "X_Y_test_MSEloss": 0.0006955850403755903, "X_Y_val_COS": 0.8916046619415283, "X_Y_val_MSEloss": 0.0007668808102607727}}