{"train_samples": 10, "test_samples": 200, "source_model": "google-t5/t5-base", "source_dim": 768, "target_dim": 512, "test_results": {"bleu": 0.21, "bleu1": 21.99, "bleu2": 1.19, "bleu3": 0.02, "bleu4": 0.01, "rougeL": 0.1308, "rouge1": 0.1626, "rouge2": 0.0107, "exact_match": 0.0}, "loss": {"X_Y_COS": 1.0, "X_Y_MSEloss": 1.1988676695332792e-15, "X_Y_test_COS": 0.8735114336013794, "X_Y_test_MSEloss": 0.00046306822332553566, "X_Y_val_COS": 0.8772379159927368, "X_Y_val_MSEloss": 0.00045035703806206584}}