{"train_samples": 3, "test_samples": 200, "source_model": "google-bert/bert-base-multilingual-cased", "source_dim": 768, "target_dim": 512, "test_results": {"bleu": 0.25, "bleu1": 19.17, "bleu2": 0.68, "bleu3": 0.02, "bleu4": 0.01, "rougeL": 0.0952, "rouge1": 0.1185, "rouge2": 0.0048, "exact_match": 0.0}, "loss": {"X_Y_COS": 1.0, "X_Y_MSEloss": 3.4699043497451315e-16, "X_Y_test_COS": 0.8075300455093384, "X_Y_test_MSEloss": 0.0007321485900320113, "X_Y_val_COS": 0.809546172618866, "X_Y_val_MSEloss": 0.0007311534136533737}}