{"train_samples": 1000, "test_samples": 200, "source_model": "google-bert/bert-base-multilingual-cased", "source_dim": 768, "target_dim": 512, "test_results": {"bleu": 7.93, "bleu1": 31.69, "bleu2": 8.92, "bleu3": 5.03, "bleu4": 3.91, "rougeL": 0.2279, "rouge1": 0.2892, "rouge2": 0.0932, "exact_match": 0.0}, "loss": {"X_Y_COS": 0.9574399590492249, "X_Y_MSEloss": 0.00016376074927393347, "X_Y_test_COS": 0.8915188312530518, "X_Y_test_MSEloss": 0.00041396572487428784, "X_Y_val_COS": 0.8932464122772217, "X_Y_val_MSEloss": 0.00040597657789476216}}