{"train_samples": 3, "test_samples": 200, "source_model": "text-embedding-ada-002", "source_dim": 1536, "target_dim": 512, "test_results": {"bleu": 0.27, "bleu1": 8.02, "bleu2": 0.25, "bleu3": 0.12, "bleu4": 0.02, "rougeL": 0.0044, "rouge1": 0.0044, "rouge2": 0.0, "exact_match": 0.0}, "loss": {"X_Y_COS": 1.0, "X_Y_MSEloss": 1.615232008712051e-15, "X_Y_test_COS": 0.8532639741897583, "X_Y_test_MSEloss": 0.0005313684814609587, "X_Y_val_COS": 0.850117027759552, "X_Y_val_MSEloss": 0.0005414225161075592}}