{"train_samples": 500, "test_samples": 200, "source_model": "text-embedding-ada-002", "source_dim": 1536, "target_dim": 512, "test_results": {"bleu": 1.29, "bleu1": 23.92, "bleu2": 2.04, "bleu3": 0.38, "bleu4": 0.17, "rougeL": 0.1469, "rouge1": 0.2028, "rouge2": 0.0253, "exact_match": 0.0}, "loss": {"X_Y_COS": 0.9826406836509705, "X_Y_MSEloss": 6.767855666112155e-05, "X_Y_test_COS": 0.9123677015304565, "X_Y_test_MSEloss": 0.0003321421390864998, "X_Y_val_COS": 0.9111433029174805, "X_Y_val_MSEloss": 0.00033706723479554057}}