{"train_samples": 3, "test_samples": 200, "source_model": "google/mt5-base", "source_dim": 768, "target_dim": 512, "test_results": {"bleu": 0.04, "bleu1": 7.13, "bleu2": 0.02, "bleu3": 0.01, "bleu4": 0.01, "rougeL": 0.0109, "rouge1": 0.0109, "rouge2": 0.0, "exact_match": 0.0}, "loss": {"X_Y_COS": 1.0, "X_Y_MSEloss": 2.2725488157959717e-10, "X_Y_test_COS": 0.821295440196991, "X_Y_test_MSEloss": 0.0014418205246329308, "X_Y_val_COS": 0.8161264657974243, "X_Y_val_MSEloss": 0.0015253137098625302}}