{"train_samples": 50, "test_samples": 200, "source_model": "google-bert/bert-base-multilingual-cased", "source_dim": 768, "target_dim": 512, "test_results": {"bleu": 0.22, "bleu1": 19.24, "bleu2": 0.81, "bleu3": 0.02, "bleu4": 0.01, "rougeL": 0.114, "rouge1": 0.1238, "rouge2": 0.0056, "exact_match": 0.0}, "loss": {"X_Y_COS": 1.0, "X_Y_MSEloss": 1.5619799897947928e-10, "X_Y_test_COS": 0.8955184817314148, "X_Y_test_MSEloss": 0.0009632121073082089, "X_Y_val_COS": 0.9025625586509705, "X_Y_val_MSEloss": 0.0009209075360558927}}