{"train_samples": 20, "test_samples": 200, "source_model": "text-embedding-3-large", "source_dim": 3072, "target_dim": 512, "test_results": {"bleu": 0.6, "bleu1": 14.64, "bleu2": 0.72, "bleu3": 0.3, "bleu4": 0.16, "rougeL": 0.0681, "rouge1": 0.0803, "rouge2": 0.0044, "exact_match": 0.0}, "loss": {"X_Y_COS": 1.0, "X_Y_MSEloss": 2.7001247777473636e-16, "X_Y_test_COS": 0.8577413558959961, "X_Y_test_MSEloss": 0.0006544382777065039, "X_Y_val_COS": 0.847838819026947, "X_Y_val_MSEloss": 0.0006811395287513733}}