{"train_samples": 1000, "test_samples": 200, "source_model": "sentence-transformers/gtr-t5-base", "source_dim": 768, "target_dim": 512, "test_results": {"bleu": 1.0, "bleu1": 23.36, "bleu2": 2.38, "bleu3": 0.3, "bleu4": 0.07, "rougeL": 0.1619, "rouge1": 0.2189, "rouge2": 0.03, "exact_match": 0.0}, "loss": {"X_Y_COS": 0.9761173725128174, "X_Y_MSEloss": 0.00019043449719902128, "X_Y_test_COS": 0.8263217806816101, "X_Y_test_MSEloss": 0.001528121647424996, "X_Y_val_COS": 0.8261314034461975, "X_Y_val_MSEloss": 0.001445154775865376}}