{"train_samples": 500, "test_samples": 200, "source_model": "intfloat/multilingual-e5-base", "source_dim": 768, "target_dim": 512, "test_results": {"bleu": 3.55, "bleu1": 24.81, "bleu2": 3.95, "bleu3": 2.07, "bleu4": 1.7, "rougeL": 0.1697, "rouge1": 0.2057, "rouge2": 0.035, "exact_match": 0.0}, "loss": {"X_Y_COS": 0.9784085750579834, "X_Y_MSEloss": 0.00013555398618336767, "X_Y_test_COS": 0.8974776268005371, "X_Y_test_MSEloss": 0.0006378501420840621, "X_Y_val_COS": 0.902638852596283, "X_Y_val_MSEloss": 0.0006167437531985343}}