{"train_samples": 50, "test_samples": 200, "source_model": "google-t5/t5-base", "source_dim": 768, "target_dim": 512, "test_results": {"bleu": 0.23, "bleu1": 15.0, "bleu2": 1.0, "bleu3": 0.02, "bleu4": 0.01, "rougeL": 0.1211, "rouge1": 0.1309, "rouge2": 0.0089, "exact_match": 0.0}, "loss": {"X_Y_COS": 1.0, "X_Y_MSEloss": 1.15393661292984e-09, "X_Y_test_COS": 0.8957235813140869, "X_Y_test_MSEloss": 0.000712948793079704, "X_Y_val_COS": 0.9011790156364441, "X_Y_val_MSEloss": 0.0006931729731149971}}