{"train_samples": 10, "test_samples": 200, "source_model": "google-bert/bert-base-multilingual-cased", "source_dim": 768, "target_dim": 512, "test_results": {"bleu": 0.59, "bleu1": 17.64, "bleu2": 0.67, "bleu3": 0.21, "bleu4": 0.08, "rougeL": 0.0929, "rouge1": 0.1093, "rouge2": 0.0068, "exact_match": 0.0}, "loss": {"X_Y_COS": 1.0, "X_Y_MSEloss": 4.4268763502015277e-16, "X_Y_test_COS": 0.8951497673988342, "X_Y_test_MSEloss": 0.0003954256244469434, "X_Y_val_COS": 0.8964749574661255, "X_Y_val_MSEloss": 0.0003910292871296406}}