{"train_samples": 40, "test_samples": 200, "source_model": "google/mt5-base", "source_dim": 768, "target_dim": 512, "test_results": {"bleu": 0.13, "bleu1": 8.83, "bleu2": 0.21, "bleu3": 0.02, "bleu4": 0.01, "rougeL": 0.09, "rouge1": 0.1051, "rouge2": 0.001, "exact_match": 0.0}, "loss": {"X_Y_COS": 1.0, "X_Y_MSEloss": 1.8560812609091926e-12, "X_Y_test_COS": 0.9011032581329346, "X_Y_test_MSEloss": 0.00036950610228814185, "X_Y_val_COS": 0.8960906267166138, "X_Y_val_MSEloss": 0.00037905178032815456}}