{"train_samples": 50, "test_samples": 200, "source_model": "google/flan-t5-base", "source_dim": 768, "target_dim": 512, "test_results": {"bleu": 14.74, "bleu1": 30.54, "bleu2": 13.81, "bleu3": 11.7, "bleu4": 10.92, "rougeL": 0.2384, "rouge1": 0.283, "rouge2": 0.1333, "exact_match": 0.0}, "loss": {"X_Y_COS": 1.0, "X_Y_MSEloss": 2.8117620536581567e-13, "X_Y_test_COS": 0.915996253490448, "X_Y_test_MSEloss": 0.00031774997478350997, "X_Y_val_COS": 0.9125427007675171, "X_Y_val_MSEloss": 0.00033195727155543864}}