{"train_samples": 50, "test_samples": 200, "source_model": "intfloat/multilingual-e5-base", "source_dim": 768, "target_dim": 512, "test_results": {"bleu": 2.31, "bleu1": 23.37, "bleu2": 2.74, "bleu3": 0.91, "bleu4": 0.49, "rougeL": 0.1516, "rouge1": 0.2157, "rouge2": 0.0343, "exact_match": 0.0}, "loss": {"X_Y_COS": 1.0, "X_Y_MSEloss": 7.01604876626738e-12, "X_Y_test_COS": 0.8755316138267517, "X_Y_test_MSEloss": 0.00045564956963062286, "X_Y_val_COS": 0.8655291795730591, "X_Y_val_MSEloss": 0.0004907217808067799}}