{"train_samples": 40, "test_samples": 200, "source_model": "text-embedding-3-large", "source_dim": 3072, "target_dim": 512, "test_results": {"bleu": 0.21, "bleu1": 14.4, "bleu2": 0.8, "bleu3": 0.02, "bleu4": 0.01, "rougeL": 0.1252, "rouge1": 0.1407, "rouge2": 0.0082, "exact_match": 0.0}, "loss": {"X_Y_COS": 1.0, "X_Y_MSEloss": 1.6897366032360655e-15, "X_Y_test_COS": 0.8839724063873291, "X_Y_test_MSEloss": 0.0004495976900216192, "X_Y_val_COS": 0.8880525231361389, "X_Y_val_MSEloss": 0.0004325036716181785}}