{"train_samples": 500, "test_samples": 200, "source_model": "text-embedding-3-large", "source_dim": 3072, "target_dim": 512, "test_results": {"bleu": 0.17, "bleu1": 13.81, "bleu2": 0.58, "bleu3": 0.02, "bleu4": 0.01, "rougeL": 0.0989, "rouge1": 0.1218, "rouge2": 0.0081, "exact_match": 0.0}, "loss": {"X_Y_COS": 1.0, "X_Y_MSEloss": 4.2455763904492017e-10, "X_Y_test_COS": 0.860285758972168, "X_Y_test_MSEloss": 0.0005308333202265203, "X_Y_val_COS": 0.863896906375885, "X_Y_val_MSEloss": 0.0005189073854126036}}