{"train_samples": 100, "test_samples": 200, "source_model": "text-embedding-ada-002", "source_dim": 1536, "target_dim": 512, "test_results": {"bleu": 0.55, "bleu1": 18.14, "bleu2": 1.12, "bleu3": 0.1, "bleu4": 0.04, "rougeL": 0.1261, "rouge1": 0.1631, "rouge2": 0.0127, "exact_match": 0.0}, "loss": {"X_Y_COS": 1.0, "X_Y_MSEloss": 2.5253790378321206e-11, "X_Y_test_COS": 0.915850818157196, "X_Y_test_MSEloss": 0.0003163459477946162, "X_Y_val_COS": 0.9115744829177856, "X_Y_val_MSEloss": 0.0003325267171021551}}