{"train_samples": 100, "test_samples": 200, "source_model": "google-t5/t5-base", "source_dim": 768, "target_dim": 512, "test_results": {"bleu": 0.21, "bleu1": 11.63, "bleu2": 0.22, "bleu3": 0.04, "bleu4": 0.02, "rougeL": 0.0137, "rouge1": 0.0146, "rouge2": 0.0012, "exact_match": 0.0}, "loss": {"X_Y_COS": 0.9736821055412292, "X_Y_MSEloss": 9.834145748754963e-05, "X_Y_test_COS": 0.7993722558021545, "X_Y_test_MSEloss": 0.000748752907384187, "X_Y_val_COS": 0.8054394125938416, "X_Y_val_MSEloss": 0.0007303084130398929}}