{"train_samples": 100, "test_samples": 200, "source_model": "google/mt5-base", "source_dim": 768, "target_dim": 512, "test_results": {"bleu": 0.15, "bleu1": 16.03, "bleu2": 0.46, "bleu3": 0.02, "bleu4": 0.01, "rougeL": 0.0986, "rouge1": 0.1191, "rouge2": 0.002, "exact_match": 0.0}, "loss": {"X_Y_COS": 0.9999995231628418, "X_Y_MSEloss": 2.6448251588817584e-08, "X_Y_test_COS": 0.9298616051673889, "X_Y_test_MSEloss": 0.0005413800827227533, "X_Y_val_COS": 0.927954912185669, "X_Y_val_MSEloss": 0.0005451052566058934}}