{"epoch": 0, "dev_acc": 56.99999999999999, "test_acc": 51.5, "test_f1": 51.370000000000005, "test_roc": 71.06}