{"train_samples": 50, "test_samples": 200, "source_model": "text-embedding-ada-002", "source_dim": 1536, "target_dim": 512, "test_results": {"bleu": 0.16, "bleu1": 15.48, "bleu2": 0.69, "bleu3": 0.01, "bleu4": 0.01, "rougeL": 0.0995, "rouge1": 0.1197, "rouge2": 0.0066, "exact_match": 0.0}, "loss": {"X_Y_COS": 1.0, "X_Y_MSEloss": 2.6306171130308087e-10, "X_Y_test_COS": 0.8512595891952515, "X_Y_test_MSEloss": 0.0011285917134955525, "X_Y_val_COS": 0.8544345498085022, "X_Y_val_MSEloss": 0.001102918991819024}}