{"train_samples": 10, "test_samples": 200, "source_model": "google/mt5-base", "source_dim": 768, "target_dim": 512, "test_results": {"bleu": 0.85, "bleu1": 19.28, "bleu2": 1.3, "bleu3": 0.24, "bleu4": 0.09, "rougeL": 0.1221, "rouge1": 0.1575, "rouge2": 0.0157, "exact_match": 0.0}, "loss": {"X_Y_COS": 1.0, "X_Y_MSEloss": 2.2470289077504684e-15, "X_Y_test_COS": 0.8134576082229614, "X_Y_test_MSEloss": 0.0006620261119678617, "X_Y_val_COS": 0.8061140179634094, "X_Y_val_MSEloss": 0.0006858957349322736}}