{"train_samples": 3, "test_samples": 200, "source_model": "sentence-transformers/gtr-t5-base", "source_dim": 768, "target_dim": 512, "test_results": {"bleu": 0.22, "bleu1": 12.88, "bleu2": 0.94, "bleu3": 0.02, "bleu4": 0.01, "rougeL": 0.1205, "rouge1": 0.1392, "rouge2": 0.01, "exact_match": 0.0}, "loss": {"X_Y_COS": 1.0, "X_Y_MSEloss": 1.2981553893027706e-15, "X_Y_test_COS": 0.918306291103363, "X_Y_test_MSEloss": 0.000967174768447876, "X_Y_val_COS": 0.9180733561515808, "X_Y_val_MSEloss": 0.0009534170385450125}}