{"train_samples": 100, "test_samples": 200, "source_model": "text-embedding-ada-002", "source_dim": 1536, "target_dim": 512, "test_results": {"bleu": 13.01, "bleu1": 30.57, "bleu2": 12.52, "bleu3": 10.18, "bleu4": 9.05, "rougeL": 0.2382, "rouge1": 0.2824, "rouge2": 0.1248, "exact_match": 0.0}, "loss": {"X_Y_COS": 0.9999687075614929, "X_Y_MSEloss": 1.2289923745356646e-07, "X_Y_test_COS": 0.9144647121429443, "X_Y_test_MSEloss": 0.0003206401306670159, "X_Y_val_COS": 0.9167873859405518, "X_Y_val_MSEloss": 0.0003127862582914531}}