{"train_samples": 30, "test_samples": 200, "source_model": "sentence-transformers/gtr-t5-base", "source_dim": 768, "target_dim": 512, "test_results": {"bleu": 0.14, "bleu1": 14.06, "bleu2": 0.41, "bleu3": 0.02, "bleu4": 0.01, "rougeL": 0.097, "rouge1": 0.1151, "rouge2": 0.0027, "exact_match": 0.0}, "loss": {"X_Y_COS": 1.0, "X_Y_MSEloss": 7.2190682251505045e-12, "X_Y_test_COS": 0.9281058311462402, "X_Y_test_MSEloss": 0.0005840708035975695, "X_Y_val_COS": 0.9271456003189087, "X_Y_val_MSEloss": 0.0005885483114980161}}